:020000040800F2
:1000000018100024AD02000853700008455C000879
:10001000517000089D0A00081182000800000000CD
:100020000000000000000000000000004D73000808
:10003000AD10000800000000D97000084F730008E0
:10004000C7020008C7020008C7020008C70200086C
:10005000C7020008C7020008C7020008C70200085C
:10006000C7020008C7020008C7020008010C000808
:100070000D0C0008190C0008250C0008C702000828
:10008000310C00083D0C0008C7020008C702000838
:10009000C7020008C7020008C7020008C70200081C
:1000A000C7020008C7020008C7020008C70200080C
:1000B000C5740008D1740008DD740008C702000888
:1000C000C7020008C7020008C7020008C7020008EC
:1000D000C702000805820008C7020008C70200081E
:1000E000C7020008C702000800000000C70200089D
:1000F000C7020008C7020008C7020008C7020008BC
:10010000C7020008C7020008E9740008C702000817
:10011000317B0008C7020008F5740008C702000818
:10012000490C0008550C0008C7020008C702000867
:10013000C7020008C7020008C7020008C70200087B
:1001400000000000000000000000000000000000AF
:10015000C7020008C7020008C7020008C70200085B
:10016000C7020008C7020008C7020008C70200084B
:10017000C7020008C7020008C7020008C70200083B
:10018000C7020008C7020008C7020008C70200082B
:10019000C7020008C7020008C7020008C70200081B
:1001A000C7020008C7020008C7020008C70200080B
:1001B000C7020008C7020008C7020008715C0008F7
:1001C000695C0008C7020008C7020008C7020008EF
:1001D000C7020008C7020008C7020008C7020008DB
:1001E000C7020008C7020008C7020008C7020008CB
:1001F000C7020008C7020008C7020008C7020008BB
:10020000C7020008C7020008C7020008C7020008AA
:10021000C7020008C7020008C7020008C70200089A
:10022000C7020008C7020008C7020008000000005B
:10023000C7020008C702000800000000C70200084B
:10024000C7020008C7020008910A0008C702000898
:10025000C7020008C7020008C7020008C70200085A
:10026000C7020008C7020008C7020008C70200084A
:10027000C7020008C7020008C7020008000000000B
:10028000C7020008C7020008C702000800000000FB
:1002900000000000C7020008DFF80CD000F060FA90
:1002A0000048004761850008181000240648804770
:1002B00006480047FEE7FEE7FEE7FEE7FEE7FEE74B
:1002C000FEE7FEE7FEE7FEE711740008990200086A
:1002D0002DE9F05F0546002092469B46884606467B
:1002E000814640241BE0284641464746224600F00E
:1002F00057F853465A46C01A914110D31146184632
:10030000224600F03EF82D1A67EB01084F462246C0
:100310000120002100F035F817EB00094E41201EA6
:10032000A4F10104DFDC484631462A464346BDE8D5
:10033000F09FD2B201E000F8012B491EFBD27047BA
:100340000022F6E710B513460A4604461946FFF7A1
:10035000F0FF204610BD30B50B460146002020229C
:10036000012409E021FA02F59D4205D303FA02F5C2
:10037000491B04FA02F52844151EA2F10102F1DC22
:1003800030BD202A04DB203A00FA02F10020704739
:100390009140C2F1200320FA03F3194390407047C3
:1003A000202A04DB203A21FA02F00021704721FACA
:1003B00002F3D040C2F12002914008431946704731
:1003C0002DE9FE4F804681EA0300C00F0C460090E5
:1003D00021F0004123F00045B8EB0200A94105D20D
:1003E0004046214690461C460B46024623F00040FC
:1003F000104347D0270DC7F30A00C3F30A510290F8
:10040000401A019040286BDAC3F3130040F4801BBC
:100410000098924620B10023D2EB030A63EB0B0B4A
:1004200001985946C0F140025046FFF7AAFF064620
:100430000D4650465946019A00F0A4F910EB080009
:100440006141002487EA115284EAE7731A4340D0DD
:10045000009A62B3019A012A4FEA075215DC001B89
:1004600061EB02014FF0004202EA0752CDE900427F
:10047000001C41F5801132462B4600F0A4F903B070
:10048000BDE8F08F40462146F9E7001B61EB020111
:10049000001C41F5801300185B412018A2F50017DD
:1004A00047EB030140EAD570B6196D4111E06D08C4
:1004B0004FEA360645EAC0754FEA0752001B61EB6A
:1004C0000201001C41F5801149084FEA3000001973
:1004D000514132462B4603B0BDE8F04F00F064B9FD
:1004E0000098012240000023D0EB020263EBE0738E
:1004F000009821464FEAE074B8EB000061EB04017C
:10050000E9E783F000435BE781F0004158E72DE91C
:10051000FE4F81EA030404F0004421F000410094FE
:100520004FF0000B23F0004350EA01045ED052EA82
:1005300003045BD0C3F30A54C1F30A552C44A4F25C
:10054000F3340194A0FB0254C1F3130141F4801170
:10055000C3F3130343F4801301FB024400FB034E77
:10056000840A970A44EA815447EA8357A4FB076840
:1005700002958D0A05FB07854FEA932C04FB0C546A
:100580002705029D4FEA065847EA1637B5EB0805DE
:100590006EEB070C870E920E47EA811742EA831230
:1005A000A7FB0201B6EB0B0164EB00042B0D43EA41
:1005B0000C335E1844EB1C50DA465146E7FB02014F
:1005C000C5F313044FEA0B3343EA14534FEA0432E2
:1005D000019C43EA0603A4F10C040294009CCDE9BB
:1005E00000B400F0F0F803B0BDE8F08F0020014641
:1005F000F9E72DE9F04D81EA030404F0004B21F006
:10060000004514464FF0000A23F0004150EA05026D
:1006100020D054EA01021DD0C5F30A570246C5F3A3
:100620001303C1F31300C1F30A5640F4801543F4D9
:100630008013A7EB0608101BD64608F2FD3873EBB3
:10064000050002D308F1010801E092185B41B8F1FE
:10065000000F03DA00200146BDE8F08D00204FF4C2
:100660008011064684460EE0171B73EB050705D381
:10067000121B63EB050306434CEA010C49084FEAE1
:10068000300092185B4150EA0107EDD152EA0300B5
:1006900012D082EA040083EA0501084305D0101B4A
:1006A000AB4106D20122002306E000224FF00043B6
:1006B00002E06FF0010253101AEB06004CEB0851F8
:1006C00010EB0A0041EB0B01BDE8F04D00F06CB8F7
:1006D00070B521F0004303430CD0C1F30A55002448
:1006E000D5EB040564EB0403D617AD1AB34102DB66
:1006F0000020014670BD201841EB025170BDC1F3CE
:100700000A52C1F3130140F2FF3341F480119A42BF
:1007100002DA00200146704740F233439A42A2F2C7
:10072000334202DC5242FFF73BBEFFF72ABE000015
:1007300030B5041E71F1000404DB4FF00044404268
:1007400064EB0101141E73F1000405DB1C464FF03D
:100750000043524263EB0403994208BF904230BD0C
:10076000064C074D06E0E06840F0010394E80700FE
:1007700098471034AC42F6D3FFF792FDC0A00008B2
:10078000E0A00008202A06DBCB17203A41FA02F04D
:1007900043EAE07306E041FA02F3D040C2F12002DE
:1007A000914008431946704710B5141E73F10004B8
:1007B00008DA401C41F1000192185B411A4301D153
:1007C00020F0010010BD2DE9F04D92469B4611B17D
:1007D000B1FA81F202E0B0FA80F220329046FFF7DF
:1007E000D0FD04460F4640EA0A0041EA0B01534699
:1007F0005A46084313D0114653EA010019D0C8F1F4
:1008000040025046FFF7CCFD05460E46504659467D
:100810004246FFF7B6FD084305D0012004E020461C
:100820003946BDE8F08D0020054346EAE0762C43CA
:1008300037430A986305E40AA0EB08000022FD0A8A
:1008400044EA47540A3002D500200146E9E7010591
:1008500010196941DDE9084500196941BDE8F04D0D
:10086000A2E70000B0B504462068394940F4807022
:10087000884214BF38483748006810F4403F10D011
:1008800003F0D8FD05466068B0F5803F05D0B0F5AF
:10089000403F22D0B0F5003F20D1000CB5FBF0F571
:1008A0001CE04FF40020002102F0F4FE05466068D1
:1008B000A0F580214FEAB1410A290FD8DFE801F005
:1008C0000606060606063D3F4143450047F6FE7113
:1008D00001EA5040B5FBF0F500E0AD0802F082F906
:1008E000216841F20302904209D888681E4B20F427
:1008F00080729D4288BF40F480728A60B0BD174804
:10090000854204D851F8080F20F4407013E01448D1
:10091000854205D851F8080F012262F309200AE048
:1009200051F8082F0223104663F309200D4B9D4216
:1009300028BF42F440700860B0BD2D09CEE76D09B4
:10094000CCE7AD09CAE7ED09C8E72D0AC6E700BF45
:1009500000210240082302400863025821BCBE0067
:1009600041787D0182F0FA02002D3101B0B50446D4
:10097000002021688B688A6813F0020F2DD112F0D5
:10098000010208BFB0BD886800F00D0001281BD12E
:1009900088683C4A104040F00200886003200860EC
:1009A00002F026F905462068806810F0010F04BFA8
:1009B0000020B0BD02F01CF9401B0328F3D32068CF
:1009C000806810F0010FEED0606D40F0100060659F
:1009D000A06D40F00100A0650120B0BDF8B504464F
:1009E0002068816811F0010F49D18168254E06F118
:1009F0007F02114209D0606D40F010006065A06D6B
:100A000040F00100A06501203AE08168314041F0EA
:100A10000101816002F0ECF8054620681A491B4F7D
:100A200001F5807201F54073904208BF1F4688426D
:100A3000014608BF1F469042BB6804BF42F2000156
:100A4000C4F2020113F01F0F18BF814217D10168D1
:100A500011F0010F13D1816811F0010F01BF8168FE
:100A6000314041F00101816002F0C2F8411B206871
:100A70000329ECD3016811F0010FE8D1BBE7002096
:100A800001B0F0BDC0FFFF7F0020024000630258AC
:100A9000014801F003BB00BF6C060024FEE7000024
:100AA0004B4840F6FF729FED1E1B9FED1F2B9FEDE5
:100AB000203B00684749B1FBF0F1474801604749D6
:100AC0000A804749474A91ED000AB8EEC00B20EE74
:100AD000010B00EE023BBCEEC30B10EE101A1180AE
:100AE0004149424A09881288511A414A11804149B4
:100AF00002220A70C72240490A600268132A9EBF78
:100B000044F61F620A60026808683C4B0130B3FB80
:100B1000F0F0B0FBF2F001384860704700BF00BF52
:100B200000000000000020BF000000000000B040F6
:100B30000000000000FEAF40254840F6FF729FED28
:100B40001E1B9FED1F2B9FED203B00682149B1FB31
:100B5000F0F12148016021490A802149214A91EDA3
:100B6000000AB8EEC00B20EE010B00EE023BBCEE1B
:100B7000C30B10EE101A11801B491C4A09881288F9
:100B8000511A1B4A11801B4902220A70C7221A49B6
:100B90000A600268132A9EBF44F61F620A60026858
:100BA0000868164B0130B3FBF0F0B0FBF2F00138EF
:100BB0004860704700BF00BF00000000000020BF79
:100BC000000000000000B0400000000000FEAF4048
:100BD0002000002440420F00780500247E000024FD
:100BE00018000024800000247800002476000024EF
:100BF00074000024A80400242810004000C2EB0B5D
:100C0000014801F04BBA00BF30040024014801F054
:100C100045BA00BF30010024014801F03FBA00BFCF
:100C2000B0000024014801F039BA00BFB00200242E
:100C3000014801F033BA00BF30020024014801F03E
:100C40002DBA00BF30030024014801F027BA00BFCD
:100C5000B0010024014801F021BA00BFB003002414
:100C60000168254A91422CD0244A91421CBF244A53
:100C7000914226D0234A91421CBF234A914220D060
:100C8000224A91421CBF224A91421AD0214A9142E3
:100C90001CBF214A914214D0204A91421CBF204AD5
:100CA00091420ED01F4A91421CBF1F4A914208D068
:100CB0001E4A91421CBF1E4A914202D01D4A9142D7
:100CC00017D16FF00F02182352FA81F2B2FBF3F33F
:100CD0005F2A03F0070C18A313F80C30C36540F229
:100CE000FF3321EA030188BF41F004018165084612
:100CF000704721F0FF01F9E7100002402800024090
:100D0000400002405800024070000240880002404B
:100D1000A0000240B8000240100402402804024033
:100D2000400402405804024070040240880402401B
:100D3000B8040240A0040240000610160006101677
:100D400010B502681E4C414B9A421CBF404B9A4260
:100D50000ED0404B9A421CBF3F4B9A4208D03F4BAB
:100D60009A421CBF3F4B9A4202D03D4B9A4211D14E
:100D7000D3B2A3F108011422B1FBF2F304EB830117
:100D800004F1800203F01F030124603004FA03F32E
:100D90000EC010BDA4F55B71D3B28A42E9D0094CF4
:100DA000A3F110011823B1FBF3F10B46A24204F1A9
:100DB000AA0488BF0833A24228BF0B46024CDDE7D5
:100DC000005802580F04024000080240017901391E
:100DD000072988BF7047B0B502681A4D1A4C1B4BE3
:100DE0004FF0010C9A421CBF194B9A4216D0194B76
:100DF0009A421CBF184B9A4210D0184B9A421CBF03
:100E0000174B9A420AD0174B9A424FF001031FBF6B
:100E1000154B1A44B2FA82F2530900E00123002B69
:100E200004F1400218BF2C46002B04EB810418BFCC
:100E300005F140020CFA01F1C0E91B424167BDE82F
:100E4000B040704700590258000902400854025847
:100E50001C540258305402584454025858540258F2
:100E60006C540258805402586CABFDA7B0B500F02A
:100E70004DF88D4C002504E050B1012007F044FAF4
:100E800001352046802101F0A3FEE9B2C729F3D93C
:100E9000C72901D9012011E0002504E050B9012043
:100EA00007F032FA01352046802101F091FEE9B2C7
:100EB000EF29F3D90020EF2988BF0220C0B2B0BDCE
:100EC00010B500F0B7F800F083F8FFF7CFFFCC20A3
:100ED00000F0BEF8BE2000F0BBF800F067F8044652
:100EE00000F064F8712802D3E443002001E000061A
:100EF000001450FA84F04FF6FF71084200B208BFA8
:100F0000404200EE100AB8EEC00A10BDFEB58020C7
:100F100001A9019000200290634801F091FD06B004
:100F200080BD00BFFEB5802001A901900120029084
:100F3000022004905C4801F083FD06B080BD00BF34
:100F4000FEB5802001A901900120CDE90200022018
:100F50000490554801F074FD00F03AF8FFF786FF61
:100F600006B080BDB0B5FFF7DDFF4F4C80210022F9
:100F7000204601F032FE0C4D0220A8472046802179
:100F8000012201F02AFEFFF7C1FF0C20A8472046EE
:100F9000802101F01DFE04463220A847002C18BF16
:100FA00001242046B0BD00BF09830008B0B5002071
:100FB0000124E1B2082984BFC0B2B0BD00F0FE0533
:100FC000FFF7D0FFC001013440EA5500F1E700000F
:100FD00010B5FFF7A7FF344C80210022204601F016
:100FE000FCFD40F28A2007F08FF920468021012283
:100FF00001F0F3FD0F20BDE8104007F085B900BFF8
:1010000010B5FFF7E5FF0A4CCC20A0474E20A047C3
:101010007F20A0478020A0471F20A047FFF7D8FFD0
:10102000CC20A04748202146BDE81040084700BF1B
:101030005110000880B5FFF7CBFFFFF717FFCC205A
:1010400000F006F84420BDE8804000F001B8000040
:10105000F8B50446FFF766FF0126F0B2082888BFFE
:10106000F8BD114D80210022284601F0B6FDC4F3E1
:10107000460714F0010F09D13C2007F045F9284636
:101080008021012201F0A9FD022008E0022007F0E2
:101090003BF928468021012201F09FFD3C2007F00A
:1010A00033F901363C46D8E7000002587047EFF3A9
:1010B000108072B6FEE700007CB50446002016469C
:1010C0000D46019094F85000012801D1022039E02A
:1010D000012084F850002046FFF748FC616D10B1F4
:1010E00041F010012AE041F2021021EA000005F46B
:1010F000803140F00200606506F0804001432068C6
:101100008268114B1A40114341F0004181608168AF
:10111000B1F1FF3F0DDC0199013101910B49019AB9
:101120008A42F4D3606D20F0120040F010010120DB
:1011300004E0616D012060F3010100206165002180
:1011400084F8501002B070BDC0FFFE3F00F8C32508
:1011500090F85020012A01D1022132E07CB5012211
:1011600080F850200022019200920368E44A9342E2
:101170001DD1D2F80851946825436D0717D4D1F8D2
:1011800000C0D2F80853224E25F44044BCF1000FB1
:1011900019D04D6843F480732543C2F80853DA4CE4
:1011A000A3421CD19368D2F80861334318E0416D23
:1011B00041F0200141650121002280F85020BDE866
:1011C0007C40C8B27047C2F8084343F48071CE4BEC
:1011D000994211D19168D2F8083119430DE0336872
:1011E000DB0713D1D2F80833896840F61F76B34382
:1011F00043EA0C03194307E03168C90706D1D2F866
:10120000081340F61F739943C2F808130021D3E76F
:10121000086002582DE9FC41044600200D4601906B
:1012200094F85000012801D1022331E1012084F813
:1012300050002068816811F0040F40F02181296876
:10124000AA4BB1F1FF3F11DD91FAA1F21942984684
:101250004FF00103B2FA82F208BF8A0E02F01F02B9
:1012600003FA02F2C3691A43C26100E098466A6851
:10127000890E1F2601F01F0102F01F03C2F3012295
:1012800000EB82029E409940176BB74339431163CC
:1012900081688268D20842EA9101C9076FD1296842
:1012A000AA6805F0A9FA9248036820686969C268CB
:1012B00003F07043B3F1805F02D102F01C0306E03B
:1012C000D2064FF0100258BF1C22C36813402A698F
:1012D000042A27D1026E2B6802F0F8429906B2EB7D
:1012E000836F02BF026E22F000420266426E02F07D
:1012F000F8428A4202BF426E22F000424266826E8B
:1013000002F0F8428A4202BF826E22F000428266F8
:10131000C26E02F0F8428A4202BFC16E21F0004163
:10132000C1662CE0734E06EA530399402B6803F024
:10133000F843194300F1600353F8227007F00047A7
:10134000394343F822102A69697E53F82270012933
:1013500027F0004708BF47F0004743F822700022FB
:10136000297E012908BF4FF40062296901F01F019D
:1013700002FA01F1026922F4F0421143016181682D
:1013800011F0010F41D1D5F800C0EB685A4ED0F8EA
:10139000C01003F0180746EA0C060CEA080228FA07
:1013A00007F786EA0806174031403943C0F8C010F5
:1013B00052498B4226D19CFAACF1002A4FF080674B
:1013C000B1FA81F108BF4FEA9C614A1C07EB8161C9
:1013D000012702F01E0301F0F84102F01F020A2B60
:1013E00007FA02F728BF41F000710A2B28BF0A3A1A
:1013F000394302EB420241EA0251AA6805F0FCF9C6
:10140000D5F800C0BCF1FF3F01DD00233DE02268BC
:10141000D54D3C4805F5807105F540738A42194663
:1014200018BF00F54071AA4208BF19468B68B44E38
:1014300042F48071B14205D1A968D5F8087147EA34
:10144000010600E08668F1071AD103F0E076190280
:1014500029D42E498C4526D18242D6D1D0F8081302
:1014600021F0E071314341F40001C0F80813A148B4
:101470000068A149B0FBF1F0022101EB40000DE052
:10148000606D012340F020006065002084F850006A
:10149000D8B202B0BDE8F0810198013801900198FE
:1014A0000028F9D1B1E7D9010CD419498C4509D1EB
:1014B0008242AAD1D0F8081321F0E071314341F003
:1014C00080710FE059024FF00003DED411498C45C2
:1014D00008BF8242D9D1D0F8081321F0E07131431E
:1014E00041F48001C0F808138FE700BFFFFF0F0031
:1014F0000010005CFEFFFF7F0000F0FF0000FF47D0
:10150000002002400060025800210240000084CB0D
:10151000000052C70000B8CF0068006C70470000A0
:10152000F8B504460020002C009037D0606D30B92B
:10153000204600F0EFF80020A06584F850002068F5
:1015400082686B4912F0005F1EBF82680A408260A9
:10155000826812F0805F13D1826801F180511140DE
:1015600041F08051816063490968634AB1FBF2F13F
:10157000013101E000990139009100990029F9D168
:10158000816811F0805F0BD1616D012541F0100180
:101590006165A16D41F00101A16502E00125A3E0B3
:1015A00000258168C1F38001626D02F010021143D1
:1015B000616D03D041F01000012594E021F48171A8
:1015C00041F002016165816811F0010F20D1EA4903
:1015D0004A4A4B4E40F48073B34204D18B68D1F831
:1015E0000861334300E01368DB0711D101F5807314
:1015F00001F540769842334618BF02F53E738842A3
:1016000008BF33466068996821F47C1108439860EC
:1016100001F0E8FAA168226B637D41F203060A43F8
:10162000102942EA4332237F42EA0342114608BFAF
:1016300041F00C01B04298BF1146012B01BF206A56
:10164000304A02EB40400143606A20B100F47870F8
:101650000843A16A01432068C2682B4B1A4011431A
:10166000C16081688268D20842EA9101C9072CD121
:10167000217DE26A44F2030342EA8131C2689A435F
:101680001143C16094F838200169012A10D104F196
:101690003C0C9CE84C101D4F07EB02421C4F39409C
:1016A00019431143314341EA0C0141F0010101E0CA
:1016B00021F0010101610169626B21F07041114368
:1016C00001612046FFF7CEF82068E268016B21F047
:1016D0000F01012A02BFA269013A114301630121EE
:1016E000606D61F301006065284601B0F0BD00BF88
:1016F000C0FFFF5F90000024400D03000860025807
:10170000002102400000FEFF03C0F0FF0000FFFFC9
:101710001EF800FC10B586B0044601A81421FEF79F
:101720000FFE2068944988421CD11048016841F09E
:1017300020010160016801F0200100910099816899
:1017400041F00101816001A9806800F00100009072
:10175000009801200190032002900020039004488B
:1017600001F06EF906B010BD00200240D8440258C6
:10177000000002582DE9F84F04460D4620687E4EC1
:101780007E4906F5807906F54072484508BF114646
:10179000B04208BF11468A6802F01F082269082A71
:1017A00002D1B34608270FE0B8F1090F62D8012231
:1017B00040F2212302FA08F21A425BD0C06810F00E
:1017C000010F5BD1B346042701F012FA82466E1C6A
:1017D00020680168394215D1002EF9D001F008FACD
:1017E0001DB1A0EB0A00A842F2D920680068384277
:1017F000EED1606D40F004006065002084F8500078
:10180000032040E0616D41F400716165C16811F42D
:10181000406F11D1617D79B9016811F0080F0BD0CB
:10182000616D21F480716165616D11F4805F02BFAB
:10183000616D41F001016165484518BF83468345EC
:1018400018BFDB46B8F1000F08BF8346B8F1050F9B
:1018500008BF8346B8F1090F08BF8346082FDBF89D
:101860000C1001D1082102E0490401D40C210160CF
:10187000002008E0886810F4404FA3D0606D40F06D
:10188000200060650120C0B201B0BDE8F08F00BF4C
:10189000F8B504462068384D384A05F5807605F5D8
:1018A0004071B04208BF0A46A84208BF0A4697687E
:1018B000806810F0040F03D194F85000012802D181
:1018C000022001B0F0BD012084F850002046FFF74F
:1018D00085F818B1002184F85010F2E7606D40F6E9
:1018E000017207F01F01904340F48070606520682A
:1018F000B04218BF054609B1854203D1626D22F49A
:1019000080126265636D002213F4805F4FF0000364
:101910001CBFA36D23F006038542A3654FF01C0393
:10192000036084F8502008D0092917D8012202FA50
:1019300001F140F22122114210D0C16811F0007F64
:101940001FBF616D012262F30D31616581680C4A30
:10195000114041F0040181600020B2E7606D40F465
:1019600080106065E86810F0007FF5D0606D01219F
:1019700061F30D306065EFE700200240006302581C
:10198000C0FFFF7F704700002DE9F04104460D467F
:1019900090460121002C00F09980002D00F09680E7
:1019A00060790221012800F091800120607121718D
:1019B000286804282AD101F01BF90746B8F1000F66
:1019C0000FD02168486BB0F1FF3F22DC01F010F925
:1019D000C01B0228F5D32068406BB0F1FF3FF0DC5C
:1019E0000DE02168486B3B4E304215D001F000F904
:1019F000C01B0228F5D32068406B3042F1D020692B
:101A0000032140F00800206121715FE008F0100020
:101A100019E0A869486401E0A86908648B6C08F0C3
:101A2000100040F2FF32824023EA0202EB69834059
:101A30001A438A64FF22CB6C824023EA02022B6A9B
:101A400083401A43CA6429692268012908D1936B2B
:101A50001F21814023EA01016B698340194391638F
:101A6000D36BEF680721814023EA010C0021012F8D
:101A700003D0022F03D1012705E0002703E0AF6860
:101A8000B7FA87F77F092E68AB6837433B4383403B
:101A900043EA0C03D3634FF480431768834027EA7B
:101AA0000303136040F6FE731768834027EA0303BD
:101AB0006F6887403B431360C02303FA00F013684C
:101AC00023EA00001060012020716171C8B2BDE8F6
:101AD000F08100BF008000207047B0B50446206848
:101AE0000168426B01EA0205A9040FD504212171A6
:101AF000216941F0010121614FF400514163016806
:101B000021F4805101602046FFF7E6FFA80058BF8E
:101B1000B0BD04204FF000512071206940F0020058
:101B2000206120684163016821F0805101602046F6
:101B3000BDE8B040FFF726BF10B504466CB1207970
:101B400020B900206071204600F00AF8022001212F
:101B5000207100202061217110BD012010BD000006
:101B600010B586B0044601A81421FEF7E9FB2068F1
:101B70001449884224D11448816841F000518160A1
:101B8000816801F0005100910099016841F0010164
:101B9000016001A9006800F0010000900098302069
:101BA00001900320029000200390084800F048FFB5
:101BB00036200221002201F0F7FA362001F0E6FA81
:101BC00006B010BD00740040E04402580000025806
:101BD000F8B5044601F00CF80546002C00F0A08092
:101BE00094F83500022840F09D802768A34EA44851
:101BF00087421CBFA348874227D0A34887421CBF07
:101C0000A248874221D0A24887421CBFA1488742F0
:101C10001BD0A14887421CBFA048874215D0A048CE
:101C200087421CBF9F4887420FD09F4887421CBFF6
:101C30009E48874209D09E4887421CBF9D488742E4
:101C400003D09D48874240F00481386820F01E0090
:101C50003946386051F8140F20F080000860F548CC
:101C6000874244D0F44887421CBFF44887423ED0A4
:101C7000F34887421CBFF348874238D0F248874276
:101C80001CBFF248874232D0F14887421CBFF1485E
:101C900087422CD0F04887421CBFF048874226D0AC
:101CA000EF4887421CBFEF48874220D0EE4887426A
:101CB0001CBFEF4887421AD0EC4887421CBFED4852
:101CC000874214D0EC4887421CBFEC4887420ED0B4
:101CD000EB4887421CBFEB48874208D0EA4887425E
:101CE0001CBFEA48874202D0E948874204D1206EEF
:101CF000016821F480710160386820F001003860CB
:101D0000386810F0010F11D000F072FF401B062858
:101D1000F6D320206065032084F83500012093E08D
:101D2000012094E08020606501208DE02068C14999
:101D300088421CBFC049884226D0C04988421CBF87
:101D4000BF49884220D0BF4988421CBFBE49884253
:101D50001AD0BE4988421CBFBD49884214D0BD4933
:101D600088421CBFBC4988420ED0BC4988421CBF77
:101D7000BB49884208D0BB4988421CBFBC49884245
:101D800002D0B94988426CD1D4E9161202F01F0280
:101D90003F2303FA02F28A60A649884244D0A6494A
:101DA00088421CBFA54988423ED0A54988421CBF35
:101DB000A449884238D0A44988421CBFA34988421C
:101DC00032D0A34988421CBFA24988422CD0A249E4
:101DD00088421CBFA149884226D0A14988421CBF25
:101DE000A049884220D0A04988421CBFA04988420F
:101DF0001AD09E4988421CBF9E49884214D09E49F1
:101E000088421CBF9D4988420ED09D4988421CBF14
:101E10009C49884208D09C4988421CBF9B49884203
:101E200002D09B4988420BD1D4E919014160E06E90
:101E300030B1016821F480710160D4E91C01416076
:101E4000012084F835000020002184F8341001B00E
:101E5000F0BD3868B7423FF4F9AE20F00E003946C5
:101E6000FCE6D4E91612B04202F01F023FF490AF34
:101E7000012303FA02F24A608EE700BFB804024071
:101E8000100002402800024040000240580002407A
:101E90007000024088000240A0000240B8000240EA
:101EA000100402402804024040040240580402404A
:101EB00070040240A00402408804024000286ED052
:101EC00090F83510022968D101685A4A91422CD005
:101ED000594A91421CBF594A914226D0584A9142D0
:101EE0001CBF584A914220D0574A91421CBF574AC2
:101EF00091421AD0564A91421CBF564A914214D080
:101F0000554A91421CBF554A91420ED0544A9142C3
:101F10001CBF544A914208D0534A91421CBF534AB5
:101F2000914202D0524A91423CD1042280F835209D
:101F3000404881421CBF4048814228D03F488142EE
:101F40001CBF3F48814222D03E4881421CBF3E48D0
:101F500081421CD03D4881421CBF3D48814216D081
:101F60003C4881421CBF3C48814210D03B488142E2
:101F70001CBF3B4881420AD03A4881421CBF3A48C4
:101F8000814204D0394881421CBF394881420868E7
:101F900020F001000860002102E08021416501215C
:101FA000084670470A6822F00E020A600A6822F0AA
:101FB00001020A602F4A914214D02F4A91421CBF5D
:101FC0002E4A91420ED02E4A91421CBF2D4A914278
:101FD00008D02D4A91421CBF2C4A914202D02C4A73
:101FE000914218D1016E01230A6822F480720A60BE
:101FF000D0E9161202F01F0203FA02F24A60D0E999
:1020000019124A60C16E31B10A6822F480720A6006
:10201000D0E91C124A60012180F83510002180F8B7
:102020003410026D002ABBD080B590470021BDE876
:102030008040B5E710000240280002404000024006
:10204000580002407000024088000240A000024098
:10205000B80002401004024028040240400402403C
:10206000580402407004024088040240B804024050
:10207000A0040240085402581C540258305402581C
:1020800044540258585402586C54025894540258FC
:102090008054025890F83500704700002DE9FC414B
:1020A000044600200190DFF83005A56DD0F80080CF
:1020B0002F6829682068D44A904249D0D34A904278
:1020C0001CBFD34A904243D0D24A90421CBFD24A4E
:1020D00090423DD0D14A90421CBFD14A904237D065
:1020E000D04A90421CBFD04A904231D0CF4A904251
:1020F0001CBFCF4A90422BD0CE4A90421CBFCE4A42
:10210000904225D0CD4A90421CBFCD4A90421FD06C
:10211000CC4A90421CBFCC4A904200F02581CB4A69
:1021200090421CBFCA4A904200F01E81C94A9042A8
:102130001CBFC94A904200F01781C84A90421CBF98
:10214000C74A904200F01081C649884240F033826D
:10215000E16D082201F01F018A403A423DD0AA4BAE
:1021600098422DD0A94B98421CBFA94B984227D02A
:10217000A84B98421CBFA84B984221D0A74B98422D
:102180001CBFA74B98421BD0A64B98421CBFA64B26
:10219000984215D0A54B98421CBFA54B98420FD032
:1021A000A44B98421CBFA44B984209D0A34B984221
:1021B0001CBFAC4B984203D0A14B984240F0FD812C
:1021C000042306681E4208D0036823F0040303605A
:1021D000AA60626D42F00102626501228A403A42C1
:1021E0003BD0894B98422DD0884B98421CBF884BDE
:1021F000984227D0874B98421CBF874B984221D0EA
:10220000864B98421CBF864B98421BD0854B984208
:102210001CBF854B984215D0844B98421CBF844B01
:1022200098420FD0834B98421CBF834B984209D0F1
:10223000824B98421CBF8B4B984203D0804B9842F4
:1022400040F0BD8100F11406802336681E421FBF96
:10225000AA60626D42F00202626504228A403A423C
:1022600039D0694B98422DD0684B98421CBF684BBF
:10227000984227D0DC4B98421CBFDC4B984221D0BF
:10228000DB4B98421CBFDB4B98421BD0DA4B984289
:102290001CBFDA4B984215D0D94B98421CBFD94B82
:1022A00098420FD0D84B98421CBFD84B984209D0C7
:1022B000D74B98421CBFD84B984203D0D54B98427D
:1022C00040F08081022306681E421FBFAA60626D33
:1022D00042F004026265102202FA01F1394200F074
:1022E000C780BE4A90422DD0BD4A90421CBFBD4A15
:1022F000904227D0BC4A90421CBFBC4A904221D099
:10230000BB4A90421CBFBB4A90421BD0BA4A904283
:102310001CBFBA4A904215D0B94A90421CBFB94A74
:1023200090420FD0B84A90421CBFB84A904209D0A0
:10233000B74A90421CBFB84A904203D0B54A904277
:1023400040F0428108220368134200F09180A960A6
:102350000268016812F4802F3BD1C9055EBF016895
:1023600021F00801016036E00268E36D03F01F030D
:1023700012F0040F1EBF04279F4017EA010609D080
:1023800011046F601FD491065EBF016821F0040143
:1023900001601CE0970720D502279F4017EA01063D
:1023A0001BD011046F6000F11181910600F11281C0
:1023B000016821F00A010160012084F83500002045
:1023C00084F8340006E1D00301D4A16CEDE0216C67
:1023D000EBE0080348D4216C47E0120740F1EB80A2
:1023E00008229A40114000F0E680016821F00E01B9
:1023F00001600121E06D00F01F0001FA00F068604B
:10240000616584F83510CCE01000024028000240DD
:102410004000024058000240700002408800024024
:10242000A0000240B800024010040240280402400C
:1024300040040240580402407004024088040240F4
:10244000A004024094540258085402581C540258E4
:102450003054025844540258585402586C5402588C
:1024600080540258B8040240A16C09B12046884744
:10247000E06D00F01F01202000FA01F23A426DD019
:102480002068564E1023B0422DD0554EB0421CBF8E
:10249000544EB04227D0544EB0421CBF534EB042AF
:1024A00021D0534EB0421CBF524EB0421BD0524EB0
:1024B000B0421CBF514EB04215D0514EB0421CBF6D
:1024C000504EB0420FD0504EB0421CBF4F4EB042A3
:1024D00009D04F4EB0421CBF4E4EB04203D04E4EBC
:1024E000B04218BF022307681F4237D0AA6094F891
:1024F00035300268042B19D122F0160202604269BD
:1025000022F080024261226C0AB9A26C1AB1026800
:1025100022F0080202603F208840A860012084F871
:102520003500002084F83400216D3EE0016852033C
:102530000CD4C9050ED4016821F0100101600120FE
:1025400084F83500002084F8340003E0080301D447
:10255000616C00E0E16B09B120468847606D50B3C3
:10256000606D10F0010F1FD04FF41650B8FBF0F162
:10257000042084F835002068026822F0010202601D
:10258000019A01328A42019203D8026812F0010FC7
:10259000F6D10068012100F0010041EA400084F812
:1025A0003500002084F83400E16C002908BFBDE844
:1025B000FC8120468847BDE8FC81082301E6002312
:1025C000064642E600237EE60422BCE6D00301D4A0
:1025D000616CEAE7E16BE8E790000024100002403C
:1025E00028000240400002405800024070000240B3
:1025F00088000240A0000240B800024010040240DF
:102600002804024040040240580402407004024082
:1026100088040240A0040240B80402402DE9F041C1
:10262000044600F0E5FA0546002C00F0068120681B
:10263000DD49884248D0DD4988421CBFDC498842D8
:1026400042D0DC4988421CBFDB4988423CD0DB4990
:1026500088421CBFDA49884236D0DA4988421CBF1A
:10266000D949884230D0D94988421CBFD8498842CC
:102670002AD0D84988421CBFD749884224D0D7499C
:1026800088421CBFD64988421ED0D64988421CBF0A
:10269000D549884200F09280D44988421CBFD44971
:1026A000884200F08B80D34988421CBFD2498842BF
:1026B00000F08480D14988421CBFD14988427DD036
:1026C000D049884240F0B480022184F835100021BE
:1026D00084F83410B44988421CBFB449884228D0D9
:1026E000B34988421CBFB349884222D0B2498842CC
:1026F0001CBFB24988421CD0B14988421CBFB149B5
:10270000884216D0B04988421CBFB049884210D0D8
:10271000AF4988421CBFAF4988420AD0AE498842BF
:102720001CBFAE49884204D0B64988421CBFAC49A0
:102730008842016821F00101016005E000F058FACB
:10274000401B052872D82068016811F0010FF5D1EF
:102750000168AE4A04F1100C01EA0208D4E902252E
:102760009CE84810D4E90771D4F824E042EA080252
:10277000BEF1040F42EA050242EA030242EA0602FF
:1027800042EA0C0242EA070241EA020102BFD4E92E
:102790000B23114319439E4A1268B2F1005F55D3CF
:1027A0006568A5F13F02132A4AD8012303FA02F211
:1027B000984B1A4244D041F4801147E0022184F83A
:1027C0003510002184F834100268D4E90237D4E9C6
:1027D0000465D4E906CED4F82080802B6FF3101264
:1027E00008BF4FF48041402B42EAD70208BF1021B6
:1027F000114341EAD60141EAD50141EADC0141EA4F
:10280000DE0141EA181101607F4908441421B0FB40
:10281000F1F08000E0652046FEF722FAE16D01222A
:1028200001F01F0102FA01F141604CE0202000E0BC
:1028300040206065032084F835000120BDE8F08168
:10284000A5F12902062A38BF41F480110160BEF1CA
:10285000040F416921F0070141EA0E0128D1D4E9B2
:102860000A53294323B3BCF5005F08D0BCF1000F25
:1028700011D1022D12D0012D07D07DB118E0032D0A
:1028800016D8DFE805F00E0B0E02A3F1C072B2FA03
:1028900082F2520904E0032D03D309D1C3F300628D
:1028A00032B140206065012084F83500BDE8F08138
:1028B00041612046FEF7D4F9E16D3F2201F01F018E
:1028C00002FA01F1816020683749884244D03749D3
:1028D00088421CBF364988423ED0364988421CBFD8
:1028E0003549884238D0354988421CBF344988422E
:1028F00032D0344988421CBF334988422CD03349F6
:1029000088421CBF3249884226D0324988421CBFC7
:102910003149884220D0314988421CBF3049884221
:102920001AD0384988421CBF2F49884214D02F49F9
:1029300088421CBF2E4988420ED02E4988421CBFB7
:102940002D49884208D02D4988421CBF254988421C
:1029500002D02B4988421FD12046FEF7F1F9A0682A
:10296000802806BF002060606068216EC2B2013816
:102970000A600728D4E919124A6009D82046FEF7F0
:1029800025FAE06E00210160D4E91C01416003E0FA
:102990000020C4E91B00606700200121606584F805
:1029A0003510BDE8F08100BF100002402800024051
:1029B000400002405800024070000240880002407F
:1029C000A0000240B8000240100402402804024067
:1029D000400402405804024070040240880402404F
:1029E000A004024094540258085402581C5402583F
:1029F0003054025844540258585402586C540258E7
:102A000080540258B8040240F8ABFDA73F8010FE86
:102A10000010005C0F030F0070B505466E1C00F03F
:102A2000E7F804461EB174480078054401E04FF011
:102A3000FF3500F0DDF8001BA842FAD370BD00BFDF
:102A40002DE9FC4F5D4A0A274FF0000B4FF0010EB5
:102A50004FF0030A4FF00F094FF0000C904208BFEF
:102A60000927574A02444FEAB223092B38BF4FEADD
:102A7000B227009700270A6832FA07F308BFBDE8BB
:102A8000FC8F0EFA07F312EA030400F090804D6801
:102A900005F00302A2F10108B8F1010F18D8D0F82F
:102AA0000890CE680AFA0CF829EA080806FA0CF62B
:102AB0004FF00F0946EA08068660C5F3001606FACD
:102AC00007F8466826EA030343EA0803436001E087
:102AD000032A1DD0C6680AFA0CF3022A26EA030369
:102AE0008E6806FA0CF643EA0603C36010D1354D32
:102AF0000BF01C0209FA02F305EA570505442E6A99
:102B000026EA03030E6906FA02F21A432A624D68A6
:102B1000066805F003020AFA0CF315F4403F02FAC6
:102B20000CF226EA030342EA030202603FD0614A44
:102B30000BF00C0609FA06F5136843F00203136064
:102B4000126802F002020192019A1F4B27F0030261
:102B500052F8038028EA0508009D05FA06F648EABF
:102B60000605D5504FF0B0452A684B68A24313F4D0
:102B7000801F18BF224313F4001F2A60134A1568F0
:102B800025EA040518BF254313F4003F1560D2F869
:102B9000805025EA040518BF254313F4803FC2F88E
:102BA0008050D56F25EA040518BF2543D5670BF182
:102BB000040B0CF1020C01375DE700BF0024025842
:102BC0000000FEA7FCFFFF7F080400580400005827
:102BD0000069084018BF01207047002A08BF090497
:102BE0008161704701480068000C70470010005C6C
:102BF00001488068704700BF8400002490F841209D
:102C0000202A03D190F84020012A01D1022118E0A6
:102C1000242280F841200268136823F00103136026
:102C2000136823F48053136013681943116011680B
:102C300041F001011160202180F84110002180F84D
:102C40004010C8B2704790F84120202A03D190F874
:102C50004020012A01D1022117E0242280F84120DE
:102C60000268136823F001031360136823F4706390
:102C700043EA01211160116841F001011160202136
:102C800080F84110002180F84010C8B27047000061
:102C900081B008490A6842F002020A60096801F03E
:102CA00002010091009904490A681043086001B0CC
:102CB000704700BFF444025804040058704770473E
:102CC00001688B690A6802F0800C13F4807F0AD0D7
:102CD000BCF1000F1FBF426C42F0010242644FF48E
:102CE000807218BFCA615A050AD5BCF1000F1FBF18
:102CF000426C42F0080242644FF4806218BFCA611D
:102D00009A050AD5BCF1000F1FBF426C42F00202C7
:102D100042644FF4007218BFCA61416C11F00B0F8E
:102D200018BF03F045B87047026891691268436B99
:102D30001BB180B59847BDE88040704770470000E0
:102D400010B50446002C4BD094F8410028B900205F
:102D500084F84000204600F005F924204FF4044395
:102D600084F841002068016821F001010160616878
:102D700021F070610161816821F400418160D4E932
:102D80000212012A08BF4FF40043022A41EA03015C
:102D90008160416821F4006308BF41F4006343602F
:102DA00004F1100341680F4A11434160C16821F4E6
:102DB0000041C1600ECB114341EA0321C160D4E957
:102DC000071211430160016841F001010160002018
:102DD0002021606484F84110206384F8420010BD13
:102DE000012010BD00800002704700002DE9F84F5F
:102DF00004461D461746884694F84100202803D112
:102E000094F84000012804D10226F0B201B0BDE8D8
:102E1000F08F012684F84060FFF7EAFE83462046E3
:102E20004FF4004101221923CDF800B003F019FB43
:102E30000028EAD1212084F84100102084F84200C3
:102E400000206064676265856063608D424EB0F506
:102E5000807F06D3FF2025464FF0807325F8280F8A
:102E600007E0608D04F12805002820855ED04FF032
:102E70000073216817F8012B8A626762C2B2618D04
:102E800001396185411E204621850096414603F0A7
:102E9000B9FA0A9F3046C146FF266FF39F2900F119
:102EA0007C2A38E0204639465A4603F042FBD8BB1C
:102EB000616A206811F8012B82626162608D0138BD
:102EC0006085288801382880618D21B3000422D1D3
:102ED0002046802100223B46CDF800B003F0C1FA25
:102EE00010BB608DB0F5807F0AD32E8020684168CA
:102EF0001A4A01EA0A0141EA0901114341600AE064
:102F0000608D00214FF0007328800091C2B22046EE
:102F1000414603F077FA608D0028C3D12046394638
:102F20005A4603F0DCFA40B101266EE720464146DE
:102F300000224FF000730096A9E7206820210026A8
:102F4000C1614268064B1A40426084F8411084F81F
:102F5000426084F8406058E7002000800000FF01D4
:102F600000E800FEF0B5B7B0044632A81421FDF722
:102F7000E7F902A8C021FDF7E3F92068434D444E6C
:102F8000444988422DD0444988427CD100240820FD
:102F90000394029002A8239400F0A2FC08B1FEF76B
:102FA00086F8306832A940F002003060306800F0E6
:102FB000020001900198C02032901220339001202D
:102FC000CDE93404042036902846FFF739FDB06877
:102FD00040F40010B060B06800F400100190019857
:102FE00051E0002710200397029002A8289700F0D4
:102FF00077FC08B1FEF75BF8306832A940F00200B8
:103000003060306800F00200019001984FF4407089
:103010003290122033900120CDE9340706203690FB
:103020002846FFF70DFD70691C4D40F0800070616F
:10303000706900F0800001900198194828600E2006
:1030400068604020C5E902074FF480602F62C5E93F
:103050000677C5E904072846FFF7E0FA08B1FEF74E
:1030600026F85F2000210022A563AC6300F09CF8E5
:103070005F2000F08BF860200021002200F094F81F
:10308000602000F083F837B0F0BD00BF00040258A4
:10309000E0440258001C0058005400406C06002414
:1030A0001C540258704770472748017882681144C1
:1030B0008160704780B5032000F0A2F801F0FAF9B2
:1030C0000F49724B0A68C2F3032209689A5C01F047
:1030D0000F01595C02F01F02D0400A4A01F01F01A3
:1030E00020FA01F1116019490860072000F00CF87E
:1030F00008B1012080BD00F02BF8002080BD00BF8A
:10310000184402589400002470B50F4E04463078DD
:10311000B0B14FF47A71B1FBF0F00C490968B1FB22
:10312000F0F001F00FFD01250F2C0AD848B94FF03F
:10313000FF3021460022002500F036F8746000E0E0
:103140000125284670BD00BF8400002490000024A3
:10315000E0B50D48016841F002010160016801F02D
:10316000020101910199016841F400410160006888
:1031700000F400400090009801F0D4FC0220BDE86B
:103180008C4001F0D5BC00BFF4440258002808DB95
:1031900000F01F010122400902FA01F1014A42F840
:1031A0002010704700E100E0B0B5144C1A4D00F05B
:1031B0000F03B0F1FF3FA3F104032B4403F10C0311
:1031C000C8BF03192868C0F30220051DC41E80F083
:1031D0000700072D4FF0010538BF0024042828BF41
:1031E000042005FA00F00138084005FA04F10F3117
:1031F000A0401140084300011870B0BD00E400E099
:1032000005494FF6FF030A681A4060F30A22034893
:1032100010430860704700BF0CED00E00000FA05A5
:10322000B0B5114D2A68296812F0040F05D101F0DC
:103230000701081A18BF0120B0BD21F0070108439B
:103240002860FFF7D5FC044655F8080C10F4005F21
:103250001CBF0020B0BDFFF7CBFC001BB0F57A7F90
:1032600084BF0120B0BDEFE70C48025880B501F0E3
:10327000E1F80549054A0968C1F30211515C01F002
:103280001F01C84080BD00BF20440258809F000835
:1032900010B5504CD4F828C0A26AE36A616B03F001
:1032A0000103C2F305125B42002A03EAD1016FF366
:1032B0005F3100EE101AB8EE400A20D00CF0030384
:1032C000022B20D0012B22D02BBB02EE102A9FED27
:1032D000431AB8EE422A216820EE010A11F0200FAD
:1032E00061D1216B9FED401A6FF35F2181EE022ABD
:1032F00003EE101AB8EE433A30EE031A1EE0002136
:10330000C0E900114DE0216B9FED332A06E0216BEF
:103310009FED332A02E0216B9FED332A01EE102A44
:103320006FF35F219FED2D3AB8EE414A01EE101A7E
:10333000B8EE411A82EE042A00EE031A216BB7EEB2
:10334000000A31EE001A22EE011AC1F3462103EE03
:10335000101AB8EE433A33EE002A81EE022ABCEE90
:10336000C22A80ED002A216BC1F3064102EE101A39
:10337000B8EE422A32EE002A81EE022ABCEEC22AC0
:1033800080ED012A216BC1F3066102EE101AB8EE3E
:10339000422A32EE000A81EE000ABCEEC00A10EEAC
:1033A000101A816010BD2168C1F3C1010D4A22FAD3
:1033B00001F1226B03EE101A6FF35F2201EE102A67
:1033C000B8EE411AB8EE433A30EE011A83EE022A03
:1033D000B4E700BF0044025820BCBE4B00000039D7
:1033E0000024744A0090D0030024744C10B54E4C55
:1033F000D4F828C0A26AE36AE16BC3F30013C2F3F6
:1034000005325B42002A03EAD1016FF35F3100EE1F
:10341000101AB8EE400A20D00CF00303022B24D07F
:10342000012B1ED0EBB902EE102A9FED411AB8EE27
:10343000422A216820EE010A11F0200F5DD1A16B14
:103440009FED3E1A6FF35F2181EE022A03EE101A00
:10345000B8EE433A30EE031A1AE00021C0E9001139
:1034600049E0A16B9FED332A02E0A16B9FED2F2A6B
:1034700001EE102A6FF35F219FED2D3AB8EE414A1D
:1034800001EE101AB8EE411A82EE042A00EE031A79
:10349000A16BB7EE000A31EE001A22EE011AC1F359
:1034A000462103EE101AB8EE433A33EE002A81EEBD
:1034B000022ABCEEC22A80ED002AA16BC1F30641AC
:1034C00002EE101AB8EE422A32EE002A81EE022AEB
:1034D000BCEEC22A80ED012AA16BC1F3066102EEA7
:1034E000101AB8EE422A32EE000A81EE000ABCEE53
:1034F000C00A10EE101A816010BD2168C1F3C1012D
:103500000D4A22FA01F1A26B03EE101A6FF35F224B
:1035100001EE102AB8EE411AB8EE433A30EE011A25
:1035200083EE022AB4E700BF0044025820BCBE4B21
:10353000000000390024744A0090D0030024744C29
:1035400010B54E4CD4F828C0A26AE36A616CC3F38C
:103550000023C2F305525B42002A03EAD1016FF354
:103560005F3100EE101AB8EE400A20D00CF00303D1
:10357000022B24D0012B1ED0EBB902EE102A9FEDB6
:10358000411AB8EE422A216820EE010A11F0200FFC
:103590005DD1216C9FED3E1A6FF35F2181EE022A0F
:1035A00003EE101AB8EE433A30EE031A1AE0002187
:1035B000C0E9001149E0216C9FED332A02E0216C43
:1035C0009FED2F2A01EE102A6FF35F219FED2D3A18
:1035D000B8EE414A01EE101AB8EE411A82EE042A02
:1035E00000EE031A216CB7EE000A31EE001A22EE4B
:1035F000011AC1F3462103EE101AB8EE433A33EE36
:10360000002A81EE022ABCEEC22A80ED002A216C3B
:10361000C1F3064102EE101AB8EE422A32EE002A39
:1036200081EE022ABCEEC22A80ED012A216CC1F390
:10363000066102EE101AB8EE422A32EE000A81EE5E
:10364000000ABCEEC00A10EE101A816010BD21689D
:10365000C1F3C1010D4A22FA01F1226C03EE101AE6
:103660006FF35F2201EE102AB8EE411AB8EE433A2A
:1036700030EE011A83EE022AB4E700BF004402587C
:1036800020BCBE4B000000390024744A0090D003D7
:103690000024744CF0B589B002468C4D82F40020B1
:1036A00008438B488B4F8C4E8C4B00F0728082F419
:1036B00000740C4330D082F480640C4300F07580B9
:1036C00082F400640C4334D082F480540C4300F044
:1036D000778082F400540C4300F0A98082F4804487
:1036E0000C4331D082F400440C433BD082F480344C
:1036F0000C4345D082F48072114340F0DF80196D95
:1037000001F00701042900F2D980DFE811F064001C
:103710006D009D00D8007600196DC1F38211042957
:1037200000F2CC80DFE811F0570060009000CB0081
:103730006900996DC1F30261042900F2BF80DFE8DE
:1037400001F04A5383BE5C00986DC0F302700528F7
:1037500000F2B480DFE800F00381969FA98AFFF7AA
:1037600085FDACE0186D00F04050B0F1005F00F056
:103770007480B0F1805F2ED0002800F077809DE04B
:10378000D96C186811F4803F40F07580800126D410
:1037900094E0986D00F44030B0F5003F2DD0B0F5C6
:1037A000803F00F08780F8B188E0996DC1F3425105
:1037B000042900F28380DFE801F00E174782200021
:1037C000196DC1F30231042900F27880DFE801F0BD
:1037D000030C3C771500186810F0007F6ED006A827
:1037E000FFF756FD07986AE0186810F0006F65D083
:1037F00003A8FFF7FBFD039861E0D96C1A6818680D
:1038000011F0405102D112F0040249D1B1F1805FB0
:1038100003D110F48070284651D1186810F400309C
:1038200018BF3846B1F1005F18BF002047E0186D9F
:10383000C0F30240052841D8DFE800F0030F242D33
:10384000371800F017FE3AE0186810F0005F35D026
:103850006846FFF775FE009831E0186810F0006FB9
:103860002CD003A8FFF7C2FD049828E01868800355
:1038700007EAE07023E0000120D503A8FFF7B6FDBA
:1038800005981CE0186810F0005F17D06846FFF735
:1038900057FE019813E0186810F0040F0ED0186856
:1038A000C0F3C10026FA00F009E01868C00505EA77
:1038B000E07004E0186810F0005F02D1002009B049
:1038C000F0BD6846FFF73CFE0298F8E700093D00AE
:1038D0000080BB0040787D010090D0030044025876
:1038E0002DE9F0470446E078A84F000722D5A06EE6
:1038F0004FEA3051032908D8DFE801F002090F1719
:10390000F96941F40031F9610FE0012613E004F197
:103910000800022103F00EFC04E004F1280002215B
:1039200003F08EFC064636B9A06E396C21F44011C6
:103930000843386400266078BA46C00701D135468E
:1039400028E0A06D04280BD83546DFE800F0030C12
:1039500012181800F869354640F40030F8610EE09E
:103960000125012717E004F10800002103F0E2FB24
:1039700004E004F12800002103F062FC0546002D5C
:103980002F4608D152460025106CA16D20F007008B
:103990000843106437466078800729D5E06D4FEA08
:1039A000B01004280AD8DFE800F0030C1218180041
:1039B0005146C86940F40030C8610EE00125012677
:1039C00017E004F10800002103F0B4FB04E004F167
:1039D0002800002103F034FC0546002D2E4608D1B6
:1039E00052460025106CE16D20F4E070084310642D
:1039F0003E466078400702D4B04657462CE0D4F8E3
:103A0000A80057464FEA7050042809D8DFE800F0B4
:103A1000030C12181800F86940F40030F8610FE048
:103A200001254FF0010817E004F10800002103F020
:103A300081FB04E004F12800002103F001FC0546AD
:103A4000002DA84608D1B86CD4F8A8100025B046BF
:103A500020F460000843B864607800072AD5D4F8E1
:103A6000AC004FEA3060042809D8DFE800F0030B0F
:103A700011171700F86940F40030F8610EE00125D5
:103A8000012718E004F10800002103F053FB04E0D3
:103A900004F12800002103F0D3FB0546002D2F463A
:103AA00009D152460025906CD4F8AC1020F0E060AB
:103AB000084390644746E078800722D5E06C4FEADF
:103AC0003010032809D8DFE800F011020B1151462D
:103AD000C86940F40030C86108E00125012611E002
:103AE00004F10800022103F025FB0546002D2E46B7
:103AF00008D152460025D06BE16C20F0300008431D
:103B0000D0633E466078C00629D5206E4FEA30303B
:103B100004280AD8DFE800F0030C121818005146F8
:103B2000C86940F40030C8610EE00125012717E0A4
:103B300004F10800002103F0FDFA04E004F128007C
:103B4000002103F07DFB0546002D2F4608D152468B
:103B50000025106C216E20F4E040084310643746C5
:103B60006078800625D5606E4FEA304005280AD877
:103B7000DFE800F014030E14141404F1080001210E
:103B800003F0D8FA09E00125012613E01044025899
:103B900004F12800012103F053FB0546002D2E46B9
:103BA00008D152460025106C616E20F4E0200843D5
:103BB00010643E466078400625D5D4F8B0004FEA40
:103BC000307005280AD8DFE800F012030C12121238
:103BD00004F10800012103F0ADFA07E001250127F7
:103BE00012E004F12800012103F02AFB0546002D14
:103BF0002F4609D152460025906CD4F8B01020F021
:103C0000E040084390643746607800061ED5206F78
:103C100088B1B0F1005F08D0B0F1805F2AD1514681
:103C2000C86940F40030C86105E004F108000121D2
:103C300003F080FA0546002D2E4608D15246002595
:103C4000106C216F20F04050084310643E46E0782D
:103C5000C00702D1B046574624E0A06C574603285F
:103C60000BD8DFE800F014020E14F86940F40030BD
:103C7000F8610CE001250126E9E701254FF0010874
:103C800010E004F10800022103F054FA0546002D6B
:103C9000A84607D1F86BA16C0025B04620F00300C0
:103CA0000843F863A078400601D4474618E0D7F8E7
:103CB000F00340F48070C7F8F003FEF799FF064662
:103CC000D7F8F00310F4807F07D1FEF791FF801B37
:103CD0006428F5D90325032702E0002D2F4612D0D2
:103CE0002078C0074ED0E06F4FEAF000052835D8A5
:103CF000DFE800F03D03373D3D3D04F108000121C0
:103D000003F018FA32E05346196ED4F8B40041407B
:103D100011F4407F0BD0196E1A6E42F4803221F4F8
:103D200040711A661A6E22F480321A661966B0F56E
:103D3000807F40F05A82FEF75BFF064641F28839E9
:103D4000032503275346186E10F0020F40F04B82F4
:103D5000FEF74EFF801B4845F4D9C1E70125012637
:103D600011E004F12800012103F06AFA0546002D54
:103D70002E4608D152460025506CE16F20F03800E5
:103D8000084350643E462078800721D5A06F05285F
:103D90000AD8DFE800F012030C12121204F1080036
:103DA000012103F0C7F907E00125012711E004F123
:103DB0002800012103F044FA0546002D2F4608D1C2
:103DC00052460025506CA16F20F007000843506454
:103DD00037462078400723D5D4F8940005280AD820
:103DE000DFE800F012030C12121204F108000121A6
:103DF00003F0A0F907E00125012612E004F12800F4
:103E0000012103F01DFA0546002D2E4609D1524628
:103E10000025906CD4F8941020F0070008439064BB
:103E20003E462078800625D5D4F890004FEA3070C1
:103E300005280AD8DFE800F012030C12121204F170
:103E40000800002103F076F907E00125012712E0C0
:103E500004F12800022103F0F3F90546002D2F4656
:103E600009D152460025506CD4F8901020F0E04063
:103E70000843506437462078400625D5D4F89C0086
:103E80004FEAB02005280AD8DFE800F012030C1230
:103E9000121204F10800002103F04CF907E001259B
:103EA000012612E004F12800022103F0C9F90546B9
:103EB000002D2E4609D152460025906CD4F89C1056
:103EC00020F4E050084390643E462078000625D553
:103ED000D4F8A0004FEA703005280AD8DFE800F0D7
:103EE00012030C12121204F10800002103F022F94F
:103EF00007E00125012712E004F12800022103F068
:103F00009FF90546002D2F4609D152460025906C99
:103F1000D4F8A01020F4604008439064374620682D
:103F200010F0080F15D0D4F88410B1F5805F0AD1D5
:103F300004F12800022103F083F9002818BF0127AB
:103F40002068D4F8841053465A6C22F4405211432E
:103F50005964C10615D5D4F89810B1F5807F0AD1FF
:103F600004F12800022103F06BF9002818BF012793
:103F70002068D4F8981053469A6C22F4407211438A
:103F80009964000320D5D4F8A400B0F5003F0FD009
:103F9000B0F5803F06D068BB04F10800002103F0B3
:103FA000C9F804E004F12800022103F049F90546AC
:103FB000002D2E4609D152460025906CD4F8A4104D
:103FC00020F44030084390643E46A078400726D550
:103FD000D4F88800B0F5401F15D0B0F5001F0CD004
:103FE000B0F5801F40F0FA805146C86940F40030B7
:103FF000C86108E001250126E7E704F12800012156
:1040000003F01EF90546002D2F4609D15246002522
:10401000506CD4F8881020F44010084350643746A0
:10402000A078C00701D13E461EE0206DB0F5803F6C
:1040300006D0B8B95146C86940F40030C86105E0FF
:1040400004F10800022103F075F80546002D2E4604
:104050000AD152460025D06B216D20F480300843F0
:10406000D063E0E701250126216811F0005F01D14E
:10407000606809E004F12800022103F0E1F800285B
:1040800018BF0126D4E900108A031BD5D4F880207C
:104090006FF0010303EB3223022B0BD34FEA3223E1
:1040A00043B1012B40F09D80DAF81C3043F400331B
:1040B000CAF81C303DB9DAF8443023F440731A438F
:1040C000CAF844203546CA0207D5DAF84020636FA3
:1040D00022F000421A43CAF84020CA0008D5DAF894
:1040E0000020D4F8B83022F480421A43CAF80020E5
:1040F0008A0207D5DAF84020E36E22F080721A4374
:10410000CAF840204A000CD5DAF8002022F4004218
:10411000CAF80020D4F8BC20DAF800301A43CAF8F4
:104120000020B1F1FF3F07DCDAF83C20636D22F09C
:1041300040521A43CAF83C20090208D5DAF8441064
:10414000D4F88C2021F440011143CAF84410C1076F
:1041500008D004F10800002102F0ECFF002818BF8D
:1041600005466068810708D504F10800012102F0C6
:10417000E1FF002818BF05466068410708D504F133
:104180000800022102F0D6FF002818BF054660682B
:10419000010708D504F12800002103F051F8002898
:1041A00018BF05466068C10608D504F12800012142
:1041B00003F046F8002818BF05466068800607D55A
:1041C00004F12800022103F03BF8002818BF05463F
:1041D000002D18BF01252846BDE8F08701250127DD
:1041E0001EE701256FE7D4F8B400196800F44072A7
:1041F0000025B2F5407F21F47C5102BF054A02EA56
:10420000101211436FF31F301960196E08431866BE
:104210004BE500BFCFFFFF002DE9F8430446884679
:10422000002C00F0FE80814B186800F00F00404524
:104230000BD2186820F00F0040EA080018601868D8
:1042400000F00F00404540F0EC802068E44F10F093
:10425000040F0AD02169BA6902F07002914281BF4D
:10426000BA6922F070021143B96101070AD5616988
:10427000FA6902F07002914281BFFA6922F070027D
:104280001143F961C1060AD5A169FA6902F4E06235
:10429000914281BFFA6922F4E0621143F96181061B
:1042A0000AD5E1693A6A02F07002914281BF3A6A26
:1042B00022F070021143396281070AD5E168BA69B8
:1042C00002F00F02914281BFBA6922F00F0211433E
:1042D000B961C10738D0B869A16820F4706008439B
:1042E000B8616068032806D0022809D1396811F442
:1042F000003F0ED195E0396811F0007F09D190E0C0
:104300003968012802D1C90503D48AE0490740F180
:1043100088803969994621F0070108433861FEF722
:1043200067FC064641F288353869616800F038005C
:10433000B0EBC10F06D0FEF75BFC801BA842F3D99F
:1043400003206FE020684B4681070AD5E168BA690F
:1043500002F00F0291423FBFBA6922F00F021143EF
:10436000B961196801F00F0141450AD9196821F0B6
:104370000F0141EA08011960196801F00F01414578
:104380004FD141070AD52169BA6902F07002914202
:104390003FBFBA6922F070021143B96101070AD523
:1043A0006169FA6902F0700291423FBFFA6922F036
:1043B00070021143F961C1060AD5A169FA6902F4D4
:1043C000E06291423FBFFA6922F4E0621143F96171
:1043D00080060AD5E069396A01F0700188423FBF62
:1043E000396A21F070010843386200F063F8B96956
:1043F0002F4AC1F30321515C01F01F01C840B96984
:1044000001F00F01515C194A01F01F0120FA01F17E
:1044100011601749086006480068BDE8F443FEF7DC
:1044200073BE0120C0B201B0BDE8F083002000528D
:104430008800002480B500F03DF80B491C4B0A6849
:10444000C2F303229A5C02F01F0220FA02F208680B
:10445000064900F00F00185C00F01F0022FA00F07F
:10446000086003490A6080BD184402589400002483
:104470009000002480B5FFF7DDFF0C490C4A096865
:10448000C1F30211515C01F01F01C84080BD00BFA3
:1044900080B5FFF7CFFF0549054A0968C1F302213E
:1044A000515C01F01F01C84080BD00BF1C44025890
:1044B000809F00084A490869C0F3C20349484A4A34
:1044C000032B10D0022B04BF4848704753B908682B
:1044D00010F0200F10461FBF0868C0F3C10022FA79
:1044E00000F07047704780B5D1F828C0D1F828E0B7
:1044F000CB6A486B03F001035B4203EAD003CEF3BF
:1045000005106FF35F33002800EE103AB8EE400A52
:10451000BDE8804004BF002070470CF00303022B6D
:1045200020D0012B1AD0CBB902EE100A9FED311A20
:10453000B8EE422A086820EE010A10F0200F39D1A7
:10454000086B9FED2E1A6FF35F2081EE022A03EEB7
:10455000100AB8EE433A30EE031A16E00A6B9FEDEC
:10456000262A02E00A6B9FED222A01EE100A6FF361
:104570005F229FED203AB8EE414A01EE102AB8EED4
:10458000411A82EE042A00EE031A086BB7EE000A05
:1045900031EE000A22EE000AC0F34620013001EE9F
:1045A000100AB8EE411A80EE010ABCEEC00A10EE05
:1045B000100A70470868C0F3C10022FA00F00A6BC5
:1045C00003EE100A6FF35F2201EE102AB8EE411AD3
:1045D000B8EE433A30EE011A83EE022AD5E700BF67
:1045E0000044025800093D000090D00340787D014E
:1045F00020BCBE4B000000390024744A0024744CD7
:10460000F8B50446002C00F09D812078CE4EC007FE
:104610004CD03169B06A01F03801102915D0182941
:1046200004BF00F0030002280FD06068A0B1B0F50D
:10463000803F06D03168B0F5A02F23D141F480200F
:104640003060306840F4803022E0306810F4003F81
:104650002CD0606850BB75E1306820F48030306049
:10466000306820F480203060FEF7C2FA05463068DA
:1046700010F4003F1AD0FEF7BBFA411B0320642957
:10468000F5D94BE221F480303060306820F480208E
:104690003060FEF7ADFA0546306810F4003F05D1F2
:1046A000FEF7A6FA401B6428F6D962E1207880075D
:1046B00060D53169B06A11F0380118D0182908BFE7
:1046C0005FEA807013D0E0683168E0B321F019012F
:1046D00008433060FEF78CFA0546306810F0040F8E
:1046E00020D1FEF785FA401B0228F6D941E1316856
:1046F000E06811F0040F02D0002800F02381316837
:1047000021F0190108433060FEF772FA054630685F
:1047100010F0040F06D1FEF76BFA411B03200229AB
:10472000F5D9FBE1FEF75EFA216941F203029042FE
:104730001AD80803402908BF4FF40030716821F4EB
:104740007C31084315E021F001003060FEF750FA9B
:104750000546306810F0040F0CD0FEF749FA411BF3
:1047600003200229F5D9D9E1706820F0FE4040EA23
:10477000016070602078C00644D53169B06A01F0EC
:10478000380108291BD0182904BF00F003000128B4
:1047900015D0E1693068002900F01C8140F08000EC
:1047A0003060FEF725FA0546306810F4807F0ED1A0
:1047B000FEF71EFA411B03200229F5D9AEE130684D
:1047C00010F4807F1CBFE069802840F0BB80FEF7BA
:1047D00009FA216A41F2030290420BD88A06202985
:1047E000304608BF4FF0804250F8041F21F0F841D6
:1047F000114306E0304650F80C2F22F07C5242EA7A
:10480000016101602078000723D56169706F79B17B
:1048100040F001007067FEF7EBF90546706F10F08D
:10482000020F16D1FEF7E4F9401B0228F6D9A0E0EA
:1048300020F001007067FEF7DBF90546706F10F09D
:10484000020F06D0FEF7D4F9411B03200229F5D947
:1048500064E12078800623D5A169306879B140F4FD
:1048600080503060FEF7C4F90546306810F4005FF0
:1048700016D1FEF7BDF9401B0228F6D979E020F4E5
:1048800080503060FEF7B4F90546306810F4005FE0
:1048900006D0FEF7ADF9411B03200229F5D93DE111
:1048A0002078400752D4676A002F00F01E813069DB
:1048B00000F0380018286DD1B16A306B012F41D05B
:1048C000A26A01F0030393423CD1E26AC1F30511ED
:1048D000914237D1226B01466FF35F21013A914239
:1048E00030D1C0F34621626B013A91422AD1C0F324
:1048F0000641A26B013A914224D1C0F30660E16BFC
:10490000013988421ED1706BA16CC0F3CC0081428A
:1049100000F0EB80F06A20F00100F062FEF768F929
:104920000546FEF765F9A842FBD0706B4FF6F871AB
:104930008843A16C40EAC1007063F06A40F0010056
:10494000F062D2E00120E9E000440258D6F8000409
:1049500040F48070C6F80004FEF74AF90546D6F820
:10496000000410F4807F06D1FEF742F9401B642852
:10497000F5D90320D2E0A068F0B3012806D0316F4A
:10498000052840F0B48041F004003067306F40F0FB
:104990000100B2E0306820F080703060FEF728F946
:1049A0000546022F0AD1306810F0007F3DD0FEF797
:1049B0001FF9411B03200229F5D9AFE0306810F040
:1049C000007F00F09280FEF713F9411B03200229BB
:1049D000F4D9A3E020F080003060FEF709F9054625
:1049E000306810F4807F3FF40DAFFEF701F9411BF2
:1049F00003200229F4D991E0306F20F001003067E4
:104A0000306F20F004003067FEF7F2F8054641F2FF
:104A10008837306F10F0020F3FF445AFFEF7E8F82B
:104A2000411B0320B942F4D978E0B06A40F2F33177
:104A300004F130034FF47E478843D4E90A12084357
:104A400040EA0210B0620FCB07EB412100F2FF10E9
:104A500089B26FF35F2008434FF4FE0101EB02417E
:104A600001F4FE0108434FF0FE4101EB036101F048
:104A7000FE4108434FF6F8713063F06A20F0010000
:104A8000F062706B8843A16C40EAC1007063F06A09
:104A9000216C20F00C000843F062F06A616C20F099
:104AA00002000843F062F06A40F48030F062F06A7D
:104AB00040F40030F062F06A40F48020F062F06A66
:104AC00040F00100F062306840F080703060FEF726
:104AD0008FF80446306810F0007F06D1FEF788F8A2
:104AE000011B03200229F5D918E0002016E021F06F
:104AF00001003067306F20F004003067FEF778F86F
:104B0000054641F28837306F10F0020F7FF4CBAECC
:104B1000FEF76EF8411B0320B942F4D9C0B201B0D0
:104B2000F0BD00000648016821F0010101607047F6
:104B300003490A6822F0020210430860704700BF70
:104B4000003C0058411E0020B0EB116F1CBF01203B
:104B50007047044AF023516003490B7007219060AD
:104B60001160704710E000E023ED00E070477047EF
:104B70007047000090F83C20012A01D102213BE05F
:104B800070B5012280F83C20D1E900C3D1E902E2EE
:104B90001A4C234022F47C522EF4705422431A43C0
:104BA0002CF477231A430B6923F476231A434B69B9
:104BB0001A438B6A22F4742223F470231A438B69FC
:104BC00042EA03430268E04D42F48064AC420DD1F6
:104BD000D1E90754496A0A4E23F07C7306EA015171
:104BE000194325F00073194341EA0403002153647B
:104BF00080F83C10BDE87040C8B27047FF87F0FFF6
:104C00000000F0FC90F83C300222012B3DD010B5A2
:104C1000012380F83C3080F83D2002685368D2F8C8
:104C200008C0F14C42F4806EA64502BF4C6823F4E4
:104C300070032343B2F1804F0C6823F0700343EA02
:104C400004035360BDE8104014D0E14B9A421CBFEE
:104C5000E04B9A420ED0E04B9A421CBFDF4B9A4287
:104C600008D0DF4B9A421CBFDE4B9A4202D0DE4B8B
:104C70009A4204D189682CF0800319439160012184
:104C8000002280F83D1080F83C20D0B2704700BF71
:104C900010B5044654B394F83D0028B9002084F8B8
:104CA0003C00204600F024F80220211D84F83D003D
:104CB000206802F02DFC012084F8480084F83E00B2
:104CC00084F83F0084F8400084F8410084F84200F2
:104CD00084F8430084F8440084F8450084F84600D2
:104CE00084F8470084F83D00002010BD012010BD6D
:104CF0002DE9F84F04462168914E9248BA4A9142F4
:104D000000F0AA80B24A914200F0CE80B14A9142AE
:104D100000F0DD80B04A914200F0EC808B4A914275
:104D200000F0FB80B1F1804F18BFBDE8F88F01683B
:104D3000884D00274FF480624FF400694FF4005A09
:104D40004FF0040B4FF0030841F001010160122104
:104D5000006800F001000090009806F1300085E83E
:104D600083004FF44030C5E90372C5E9059AEF614D
:104D7000C5E9080B2846C5E90A872F63FDF74EFCF5
:104D800008B1FCF794F96562AC63734D06F5806079
:104D9000132185E883004FF4806005F11001EF6076
:104DA00081E801064FF40030EF61C5E9080B2846A1
:104DB000C5E90A872F63FDF731FC08B1FCF777F9E5
:104DC000A562AC63654D06F14800142100274FF43D
:104DD00080624FF400694FF4005A4FF0040B4FF01B
:104DE000030885E883004FF48030C5E90372C5E904
:104DF000059AEF61C5E9080B2846C5E90A872F63C4
:104E0000FDF70CFC08B1FCF752F9E562AC63544DB8
:104E100006F58360152185E883004FF4806005F175
:104E20001001EF6081E801062846C5E90777C5E96A
:104E300009B8C5E90B77FDF7F1FB08B1FCF737F9C5
:104E40001C20022100222563AC63FEF7ADF91C2073
:104E5000BDE8F84FFEF79AB981683D4D4FF4806286
:104E60004FF400634FF4005741F0020181600021CC
:104E7000806800F00200009000982F20C5E90060D3
:104E800005F11000C5E902118CC0E9614FF4403012
:104E9000C5E908012846FDF7C1FB08B1FCF707F991
:104EA0006562AC63BDE8F88F0168002241F0020141
:104EB00001600321006800F00200009000981D20AE
:104EC000FEF772F91D20BDE8F84FFEF75FB90168E3
:104ED000002241F0040101600321006800F0040099
:104EE000009000981E20FEF75FF91E20BDE8F84FE5
:104EF000FEF74CB90168002241F00801016002216F
:104F0000006800F00800009000983220FEF74CF98D
:104F10003220BDE8F84FFEF739B90168002241F0B0
:104F2000100101600221006800F01000009000985C
:104F30003620FEF739F93620BDE8F84FFEF726B9DE
:104F400010000240E84402580004014000100040F4
:104F500030040024B0000024B0010024B00200247A
:104F6000B003002490F83D1001291CBF01207047B8
:104F7000022180F83D100168C868B1F1804F40F00F
:104F80000100C86014D0124881421CBF1148814200
:104F90000ED0114881421CBF1048814208D01048F1
:104FA00081421CBF0F48814202D0BC48814208D1D7
:104FB00088680E4A02400020062A18BFB2F5803FDA
:104FC00004D0086840F0010008600020704700BF6E
:104FD0000004004000080040000C004000180040A1
:104FE00000000140004001400004014007000100B2
:104FF000B0B50446022094F83C20012A4BD001228F
:1050000084F83C2084F83D00206882683C4B1A40BC
:1050100082600A683B4D8AB3102A2FD0202A18BF1D
:10502000302A2BD0402A3AD0502A43D0602A4CD084
:10503000354B9A4222D0B2F5805F25D0B2F5005FA1
:105040004ED0B2F5801F18BFB2F1101F16D02F4BF3
:105050009A421CBF2E4B9A4210D0702A1DD1D1E922
:105060000123C9681A4342EA0121826822F47F427F
:1050700011438160816841F0770104E08168294033
:10508000114341F0070181600020012184F83D10A7
:10509000002184F83C10C0B2B0BD0120F5E74B6898
:1050A000CA68194602F09AFC20688168294041F0DC
:1050B0004701E8E74B68CA68194602F08FFC206890
:1050C0008168294041F05701DDE74B68CA681946FD
:1050D00002F095FC20688168294041F06701D2E721
:1050E000D1E90123C9681A4342EA0121826822F406
:1050F0007F4211438160816841F48041C3E700BF72
:105100008800CEFF88FFCFFF400010002000100075
:105110003000100070470000F8B504462068C768EA
:10512000066907EA0605A90714D56FF002010161B7
:1051300001212177806910F0030F03D02046FFF78B
:10514000E9FF05E0204600F0AFF8204600F03DF909
:1051500000202077680715D520686FF004010161F1
:1051600002212177806910F4407F03D02046FFF7A9
:10517000D1FF05E0204600F097F8204600F025F921
:1051800000202077280715D520686FF008010161FD
:1051900004212177C06910F0030F03D02046FFF7E8
:1051A000B9FF05E0204600F07FF8204600F00DF939
:1051B00000202077E80615D520686FF01001016106
:1051C00008212177C06910F4407F03D02046FFF703
:1051D000A1FF05E0204600F067F8204600F0F5F852
:1051E00000202077E80706D020686FF001010161F8
:1051F000204600F0EDF817F0800718BF16F40250B3
:1052000005D02068114901612046FFF7B0FC47B185
:1052100016F4807005D020680D4901612046FFF723
:10522000A5FC680606D520686FF0400101612046A4
:1052300000F0C2F9A80658BFF8BD20686FF0200141
:1052400001612046BDE8F840FFF792BC7FDFFFFF19
:10525000FFFEFFFF10B586B0044601A81421FBF73E
:105260006FF820680D49884216D10D48016841F059
:105270000401016001A9006800F00400009000989A
:10528000C020019002200290002003900320CDE96D
:1052900004000448FDF7D4FB06B010BD0004014033
:1052A000E04402580008025870470000B0B50446B8
:1052B0000D4694F83C00012801D1022052E04FEA4B
:1052C000B2010120052984F83C0048D8DFE801F04C
:1052D000030B131B23332068294602F07BF9206857
:1052E00050F8181F1EE02068294602F0BBF920681C
:1052F00050F8181F26E02068294602F0F5F92068CA
:1053000050F81C1F0EE02068294602F031FA206890
:1053100050F81C1F16E02068294602F05DFA20684C
:1053200050F8541F41F008010160016821F00401A8
:10533000016029690FE02068294602F083FA20689D
:1053400050F8541F41F400610160016821F480614C
:1053500001602969090202681143016000200021EF
:1053600084F83C10C0B2B0BD10B5044654B394F8F4
:105370003D0028B9002084F83C00204600F024F8C5
:105380000220211D84F83D00206802F0C1F80120B0
:1053900084F8480084F83E0084F83F0084F8400018
:1053A00084F8410084F8420084F8430084F8440003
:1053B00084F8450084F8460084F8470084F83D00EE
:1053C000002010BD012010BD704770470000000094
:1053D00070B5454904462068096888421DD1434894
:1053E0000078434D98B103F013FB42480188013126
:1053F0008AB2632A88BF0021018088B23E490978B9
:10540000884204D228464FF40051012203E0284686
:105410004FF400510022FDF7E0FB3849206809688D
:10542000884208D103F006F93548017819B1002106
:10543000017002F0F9FA334920680968884218BF00
:1054400070BD01F0BDF8304C2168481C092920606E
:10545000606800F10100606004DB0020206002F061
:1054600067FF6068142836DB00206060FBF764FB90
:10547000FBF726FD9FED251A254C264D264E27A02D
:1054800020EE010A84ED000A95ED000AB7EEC00A8D
:1054900053EC102BB047284895ED000A9FED0E2BDA
:1054A0009FED0F3B90ED001AB7EEC00A23A0B8EEB7
:1054B000C11B00EE021B81EE030B53EC102BB04717
:1054C00094ED000A23A03146B7EEC00A53EC102B2E
:1054D000BDE87040084770BD33333333333326C0E3
:1054E0000000000000408F40240800241500002424
:1054F000000402587C0A002498000024BC08002400
:105500007000002470080024A00000240000803DEA
:105510009C00002428000024798B000863757272B7
:10552000656E74312E7478743D22252E32666D417D
:1055300022FFFFFF0000000018000024766F6C5F60
:105540006C6564312E7478743D22252E34665622A3
:10555000FFFFFF0074656D705F6E6F775F312E74B3
:1055600078743D22252E3166A1E622FFFFFF000060
:10557000B0B50446022094F83C20012A1AD0012537
:1055800084F83C5084F83D00204602F099F9002848
:105590004FF0010009D12068C16821F04001C160CD
:1055A000C16821F48041C1600020002184F83D5091
:1055B00084F83C10C0B2B0BD704790F88410012947
:1055C00001D1022112E02421C0F88810026813687A
:1055D000116821F0010123F00053116000214166A0
:1055E00013602022C0F8882080F88410C8B2704769
:1055F00070477047B0B5044694F88400012801D183
:1056000002201BE0012084F884002420C4F88800D4
:1056100020680568026822F001020260826822F0B8
:10562000606211438160204602F088FA20680560BC
:105630002020C4F88800002084F88400C0B2B0BDE7
:10564000B0B5044694F88400012801D102201BE083
:10565000012084F884002420C4F8880020680568AC
:10566000026822F001020260826822F06042114367
:105670008160204602F062FA206805602020C4F8AC
:105680008800002084F88400C0B2B0BD7047704725
:1056900070470000B0B5044640F62F012068C2698B
:1056A00002EA01030168D0F808E0202B0DD101F0D7
:1056B00020030EF080552B4307D0616F002900F0C6
:1056C000AA812046BDE8B040084740F60F031340CA
:1056D0001FBFD14B0B40D14D0EEA050C18BF53EA4A
:1056E0000C0344D0D3070BD011F480731FBF0123E8
:1056F0000362D4F8903043F0010318BFC4F890302F
:105700000EF00105930708D53DB102230362D4F8DA
:10571000903043F00403C4F89030530708D53DB1EE
:1057200004230362D4F8903043F00203C4F89030AD
:1057300013070DD501F0200353EA0C031FBF082304
:105740000362D4F8903043F0080318BFC4F89030D7
:1057500013054ED511F080634BD04FF400632546FE
:10576000036255F8903F43F020032B6043E002EAC8
:105770000105EB06E36E7CD5012B7AD11021016285
:10578000816811F0400F40F08680B4F85C10B4F8E6
:105790005E20B4F85E30002B00F03D81891A89B29A
:1057A00009B938E1206850E8000F226820F49070B1
:1057B00042E80003002BF5D1206850E8020FA84A08
:1057C0001040226842E80203002BF5D12020C4F8E3
:1057D0008C000020E0666067206850E8000F2268B7
:1057E00020F0100042E80003002BF5D102202067D2
:1057F000E2E004F190052B68002B00F00C8112F020
:1058000020020BD001F020010EF0805211431CBF8A
:10581000616F002902D02046884720682968806887
:1058200001F0280100F04000084374D0204602F047
:1058300083FA2068816811F0400F01D126E02068CA
:1058400050E8020F216820F0400041E80202002ADF
:10585000F5D1D4F88000C8B171490165FCF72EFB81
:10586000002800F0D880D4F88000016DBDE8B04079
:105870000847D30244D51EF4800341D04FF4801171
:1058800001622046BDE8B040FFF701BF2046BDE8F9
:10589000B040FFF7FDBED4F880100A68614B9A4211
:1058A00040D0DF4B9A421CBF5F4B9A423AD05F4BCD
:1058B0009A421CBF5E4B9A4234D05E4B9A421CBF48
:1058C0005D4B9A422ED05D4B9A421CBF5C4B9A4274
:1058D00028D05C4B9A421CBF5B4B9A4222D05B4B58
:1058E0009A421CBF5A4B9A421CD05A4B9A421CBF38
:1058F000594B9A4216D0594B9A4208BF0A6812E097
:1059000013065ED501F0800C0EF4000353EA0C037D
:1059100057D0A16FD2E62046FFF7BAFE0020C4F8A8
:10592000900078E00A68043213689DB2002D72D0AE
:10593000B4F85C2095426ED2A4F85E30C969B1F526
:10594000807F01D132E0206850E8000F216820F408
:10595000807041E80002002AF5D1206850E8020F6B
:10596000216820F0010041E80202002AF5D12068F8
:1059700050E8020F216820F0400041E80202002AAE
:10598000F5D12020C4F88C000020E066206850E8A3
:10599000000F216820F0100041E80002002AF5D134
:1059A000D4F88000FCF714F9B4F85C2002202067DA
:1059B000B4F85E00101A81B22046BDE8B040FFF78F
:1059C00017BE6B060AD410021BD511F0804018D008
:1059D0002046BDE8B040FFF759BE206850E8000FF0
:1059E000216820F0400041E80002002AF5D1202083
:1059F000C4F888000020A0672046BDE8B04000F051
:105A00001FB9D00107D5B1F1FF3F04DC2046BDE846
:105A1000B040FFF7EEBDB0BD200100040100001052
:105A2000297D00081000024040000240580002405A
:105A30007000024088000240A0000240B80002400E
:105A4000100402402804024040040240580402406E
:105A50007004024088040240B8040240A0040240DE
:105A6000FEFFFFEF10B50446D4B1D4F8880028B982
:105A7000002084F88400204600F026F82420C4F892
:105A800088002068016821F001010160A06A10B15E
:105A9000204602F081F8204602F078F9012801D171
:105AA000012010BD2068416821F490414160816867
:105AB00021F02A018160016841F001010160204666
:105AC000BDE8104002F0D2B82DE9F04F87B004468F
:105AD00002A81421FAF734FC2268514E5148524969
:105AE000524B9A4241D0524B9A4240F095808A687C
:105AF000002742F400228A608A6802F400220192A0
:105B0000019A0A6842F001020A60096801F0010185
:105B1000019101994FF4C051029102210391062194
:105B2000CDE90477069102A9FCF78AFF434D402096
:105B30004FF48061C5E90060C5E902074FF44030C9
:105B4000C5E90417C5E90677C5E908072846FCF743
:105B500065FD08B1FBF7ABFA342000210022E567B0
:105B6000AC63FDF721FB342054E00A69002742F0C2
:105B700010020A610A6902F010020192019A0A6891
:105B800042F001020A60096801F0010101910199E6
:105B90004FF4C0610291022103910721CDE90477FE
:105BA000069102A9FCF74CFF224D06F16000292165
:105BB0004FF480684FF400694FF4005A4FF4403BB3
:105BC00085E8830005F10C0080E880072846EF6136
:105BD000C5E908B7FCF722FD08B1FBF768FAC4F87D
:105BE0008050AC63144D06F178002A21402285E8EC
:105BF00087072846EF61C5E908B7FCF70FFD08B134
:105C0000FBF755FA252000210022E567AC63FDF77C
:105C1000CBFA2520FDF7BAFA07B0BDE8F08F00BF38
:105C20002800024000000258E044025800100140E1
:105C3000004C0040300200243003002430010024D6
:105C400070470000BFF34F8F05480168054A01F413
:105C5000E06111430160BFF34F8F00BFFDE700BF5C
:105C60000CED00E00400FA050348FDF729B800BF79
:105C70000148FDF759B800BF38070024806B816BDD
:105C800009B100220A65C16B09B100220A6500F062
:105C9000D5BB11F0010F01D1002207E090F841209F
:105CA00002F02803F222282B08BF42228B0709D5D5
:105CB00090F8413003F0280CF423BCF1280F08BF02
:105CC00044231A430B0448BF42F0B802102908BF0E
:105CD00042F09002202908BF42F02002402908BF6C
:105CE00042F040020068016891430160704700681B
:105CF000816911F0020F1CBF00218162816911F0DE
:105D0000010F02BF816941F001018161704770B5E7
:105D1000044694F84110206801F0280128291FD179
:105D20008169C1F3004581690E0C8168C268E3682E
:105D3000022B1BD186EAD11313F0060F21D0204687
:105D40004FF4004102F0FE06FFF7A3FF00202946B2
:105D5000324684F840002046BDE87040FCF7AFBFF3
:105D60000821C161002084F8400070BD20464FF436
:105D70000041FFF78EFF002006F0FE0284F840008D
:105D80000FE0A26C0132A264A26C022A18BF70BD9F
:105D900000226FF39F210823A264C36184F840208E
:105DA0008AB220462946BDE87040FCF788BF000053
:105DB00010B50446002294F8410084F84220ED4BCF
:105DC0002838E3626285C0B2626C022841EA0201AF
:105DD000616408D820460321FFF75BFF282084F880
:105DE0004100354820E0204648F20301FFF751FF0B
:105DF0002046FFF77CFF94F84100602813D0202054
:105E000084F841002068816911F0200F0BD081696E
:105E100011F0100F05D01021C161616C41F0040137
:105E200061642021C16100206063216BA06BD8B147
:105E3000212918BF112917D121680A6812F4804F4F
:105E40001EBF0A6822F480420A60FCF723F9012889
:105E50001DD0A06B19490165002184F84010FCF7A2
:105E60002DF838B3A06B21E0E06B80B1222918BF78
:105E700012290CD121680A6812F4004F1EBF0A686B
:105E800022F400420A60FCF705F9012804D12046FB
:105E9000BDE8104000F0D2BAE06B0849016500216E
:105EA00084F84010FCF70AF820B1E06B016DBDE802
:105EB0001040084710BD00BF056300087D5C000866
:105EC000B0B50446AB480025E0622020256384F885
:105ED0004100480784F84250656311D52068406A44
:105EE000616A0870606A01306062208D40B10138DB
:105EF0002085608D01386085606C40F0040060642E
:105F0000204648F20301FFF7C4FE20681021C1615A
:105F100084F840502046BDE8B040FCF765BF00BFA4
:105F2000F8B504460D46202220680768E66A94F812
:105F30004110C261A1F12102092A1ED848F20101D3
:105F4000DFE802F0050C1B1B1B1B1B13050C204676
:105F500048F20101FFF79DFE21200CE0481C81B2B0
:105F60002046FFF796FE222005E0881C81B22046DD
:105F7000FFF78FFE002020632068416841F4004154
:105F800041604168DE4A114041602046FFF7AFFEA4
:105F9000780408D4380443D52068016821F400410E
:105FA0000160E06B05E02068016821F48041016038
:105FB000A06BA8B301685F4A91422DD05E4A91421E
:105FC0001CBF5E4A914227D05D4A91421CBF5D4A88
:105FD000914221D05C4A91421CBF5C4A91421BD045
:105FE0005B4A91421CBF5B4A914215D05A4A91428A
:105FF0001CBF5A4A91420FD0594A91421CBF594A7C
:10600000914209D0584A91421CBF584A914203D04C
:10601000574A914240F08C800068043000686085E7
:1060200068070FD5206825F00405406A616A08708A
:10603000606A01306062208D20B101382085608D5A
:1060400001386085608D18B1606C40F004006064B8
:1060500007EA0500EA4FC0062DD5608D80B12068A3
:106060001021C161606C40F00400606446F08070F3
:10607000B0F1807F1FD1616C2046FFF799FE1AE0D6
:1060800094F84100B6F1007F08BF282804D12046CB
:106090002946FFF715FF0EE094F841002168102211
:1060A000BE42CA6107D0292805D12046FFF71FFE4E
:1060B000204600F061F8002084F842006063606CC4
:1060C00070B1616C2046FFF773FE94F841002828F8
:1060D00018BFF8BD20462946BDE8F840FFF7F0BEDE
:1060E000E06AB8420FD194F84100202184F84110B1
:1060F0000021216384F84010222814D12046BDE8F5
:10610000F840FCF7CFBF204600F036F82020E762C9
:1061100084F841000020206384F840002046BDE858
:10612000F840FCF761BE2046BDE8F840FCF7BBBF75
:10613000081D73E7100002402800024040000240A2
:10614000580002407000024088000240A000024057
:10615000B8000240100402402804024040040240FB
:10616000580402407004024088040240B80402400F
:10617000A00402400000FFFF10B504460021206883
:10618000026884F842101A4912F4804F02D11104B7
:10619000184902D502681140016094F8410029288D
:1061A00010D12820012184F84100212020632046BD
:1061B000FFF76FFD002084F840002046BDE8104046
:1061C000FCF771BF94F841002A2818BF10BD2820A1
:1061D000022184F84100222020632046FFF759FD68
:1061E000002084F840002046BDE81040FCF75ABF6C
:1061F000FFBFFFFFFF7FFFFF2DE9F04704460D467D
:1062000092462068816911F0100F02D1002500210B
:1062100043E010214FF001094FF000086F1CC161ED
:1062200089F001062068816946EA5111C9072CD11D
:10623000002FF7D0FCF7DCFC1DB1A0EB0A00A84250
:10624000F0D92068426894F842308169202B0CD044
:1062500012F4804209D111F4004106D0416841F4A2
:1062600080414160FCF7C4FC82462068806910F0E0
:10627000200FD7D1FCF7BCFCA0EB0A001A28F4D3FE
:1062800048F020084FF00009CAE75FEAC97148F0FA
:1062900004051CBF2021C1610121826912F4807FA5
:1062A0001FBF4FF48071C16145F001050121530505
:1062B00041BF4FF48061C16145F00805012192059D
:1062C00003D439B90020BDE8F0874FF4007145F0E0
:1062D0000205C1612046FFF70AFD20684168084AAF
:1062E00011404160606C28436064202084F84100C4
:1062F000002084F8420084F840000120BDE8F087C7
:1063000000E800FE10B50446E06A94F84030012B26
:1063100001D102200CE0012384F8403001EA02039D
:106320009A0607D52046FFF7FBFD002084F84000C1
:10633000C0B210BDDA06324A12D5638D33B321687C
:10634000102240F08070B0F1807FCA61616C41F032
:1063500004016164E9D1616C2046FFF729FDE4E79F
:1063600059071ED5618D61B12168496A636A197048
:10637000616A01316162218D01392185618D0139A7
:106380006185618D9042D0D0F1B1CEE794F8413073
:10639000B0F1007F08BF282B09D12046FFF790FD00
:1063A000C3E7190714D52046FFF7B1FCBDE794F801
:1063B00041C0236810219042D961B6D0BCF1290FA9
:1063C000B3D12046FFF793FC2046FFF7D5FEACE79C
:1063D0009907AAD5618D61B1616A206811F8012B16
:1063E00082626162608D01386085208D0138208570
:1063F0009BE740F08070B0F1807F7FF496AFE3E7D9
:106400000000FFFF10B5DDF808C00B4C00684FF42A
:10641000806E6FF39F21194341EA02410EEA5C5EF0
:1064200041EA0C018EEA040E446821F0004104EABE
:106430000E042143416010BD009C00FC90F8411007
:10644000602908D1202180F841100021016380F8E3
:106450004010FCF733BC0021016380F84010FCF7CA
:106460006DBC2DE9F843DDF820801D4616460F4629
:10647000044605F10109206880693840C01BB0FA64
:1064800080F04009B04226D1204629464246FFF717
:10649000B3FEF0B9B9F1000FEDD0FCF7A9FB1DB1C7
:1064A000A0EB0800A842E6D9206880693840C01BEC
:1064B000B0FA80F04009B042DDD1606C40F02000BD
:1064C0006064202084F84100002084F8420084F8B1
:1064D0004000012000E0002001B0BDE8F08370B56D
:1064E00015460E4604462068806910F0200F1CBF38
:1064F000002070BD204631462A46FFF77DFEB0B928
:10650000FCF776FB16B1401BB042ECD920688069DD
:1065100010F0200FE7D1606C40F020006064202074
:1065200084F84100002084F8420084F840000120F3
:1065300070BDF8B50E4615460446771C2068806984
:1065400010F0020F20D1204631462A46FFF754FEB4
:10655000C0B9002FF2D0FCF74BFB16B1401BB04284
:10656000ECD92068806910F0020FE7D1606C40F030
:1065700020006064202084F84100002084F842005C
:1065800084F84000012000E0002001B0F0BD0000D0
:1065900080B50848C721016042F20F71416006488A
:1065A000FEF7E0FC0548FEF7DDFCBDE8804002F0A8
:1065B0006FB800BF280C004070080024BC080024FD
:1065C00070B58A4E30788A4C022837D0012871D0B5
:1065D000002840F00981A4F540654FF40061284689
:1065E000FCF7F6FA18B328464FF48061FCF7F0FA8E
:1065F000E8B120464FF40041FCF7EAFAB8B1204672
:106600004FF48041FCF7E4FA88B120464FF4005182
:10661000FCF7DEFA58B120464FF48051FCF7D8FA67
:1066200028B120464FF48071FCF7D2FA08B9012056
:106630003070704800214160017070BDA4F5406564
:106640004FF400612846FCF7C3FA002800F0CC8024
:1066500028464FF48061FCF7BBFA002800F0C480A4
:1066600020464FF40041FCF7B3FA002800F0BC804C
:1066700020464FF48041FCF7ABFA002800F0B480CC
:1066800020464FF40051FCF7A3FA002800F0AC803C
:1066900020464FF48051FCF79BFA002800F0A480BC
:1066A00020464FF48071FCF793FA002800F09C809C
:1066B000002034E0A4F540654FF400612846FCF763
:1066C00087FA70B328464FF48061FCF781FA40B333
:1066D00020464FF40041FCF77BFA10B320464FF4FC
:1066E0008041FCF775FAE0B120464FF40051FCF709
:1066F0006FFAB0B120464FF48051FCF769FA80B1CF
:1067000020464FF48071FCF763FA50B139490020FC
:10671000B0800978012902BF0120B07002203070DA
:1067200062E028464FF40061FCF752FA28B328468D
:106730004FF48061FCF74CFA08B320464FF4004157
:10674000FCF746FAE8B120464FF48041FCF740FAE6
:10675000C8B120464FF40051FCF73AFAA8B12046E0
:106760004FF48051FCF734FA88B120464FF4807121
:10677000FCF72EFA68B907200AE0012008E00220A1
:1067800006E0032004E0042002E0052000E00620EB
:1067900070701848017809B90121017041684A1CDC
:1067A000012142604170B188212A08D339B9022100
:1067B000B1700021416001700120B08070BD4B1E9E
:1067C0009BB2082B06D90A2928BF052A0CD302211F
:1067D000B1702FE7112A07D30222B2700022426063
:1067E0000270481CB08070BD70BD00BFA8000024BE
:1067F00000100258A8010024C1F3045CC1F34061F9
:10680000072300EB810003FA0CF302FA0CF2416952
:106810009943114341617047B0B58AB0002568467D
:106820001C210995CDE90755F9F78AFD1B4C1C4839
:106830000421C4E900050120C4E902552161257540
:1068400065751521A06104F124002577F9F778FD1D
:106850002046FAF765FE08B1FAF729FC0F4807A9A8
:106860000795FAF775FC08B1FAF721FC0D4869465F
:106870000090062001900720029040F2FF700390E4
:1068800004200490002005908DF819000348FAF7C1
:10689000C1FC08B1FAF70BFC0AB0B0BD7C050024BE
:1068A0000020024000002143E0B5AC484FF4806274
:1068B000016841F400110160006800F400100190CB
:1068C00001980F490D480160012141600021C0E994
:1068D00002110162C0E90611C0E90421FBF79EFE26
:1068E00008B1FAF7E4FB822000210022FCF75CFCEF
:1068F0008220BDE88C40FCF749BC00BFF4050024B1
:106900000854025880B58AB001A82421F9F718FD6F
:10691000104811490160FBF70FF908B1FAF7C7FBFE
:10692000002001210022CDE901000390CDE90410EF
:10693000084801A9FBF728F808B1FAF7B8FB0548A1
:1069400001A91022FBF720F808B1FAF7B0FB0AB052
:1069500080BD00BFE005002400740040BCB52448A1
:10696000244C0022016841F001010160016801F03E
:10697000010101910199016841F0020101600021CA
:10698000006800F00200009000980B20A0471A4D0C
:106990000B20A8470C2000210022A0470C20A8476C
:1069A0000D2000210022A0470D20A8470E20002125
:1069B0000022A0470E20A847102000210022A04757
:1069C0001020A847112000210022A0471120A8472D
:1069D000382000210022A0473820A8473920002174
:1069E0000022A04739202946BDE8BC40084700BF27
:1069F000D8440258A93100088D3100082DE9F04F24
:106A000087B04FF00009574E00223825CDF8189076
:106A10005248016841F010010160016801F0100165
:106A200001910199016841F004010160016801F0E0
:106A3000040101910199016841F080010160016840
:106A400001F0800101910199016841F001010160AB
:106A5000016801F0010101910199016841F0020111
:106A60000160016801F0020101910199016841F0A2
:106A7000080101603821006800F0080001900198C9
:106A8000374C04F580584046B04704F5006B4FF48E
:106A9000784100225846B04720460E210022B047D8
:106AA0002046802101224FF0010AB04704F580679B
:106AB0004FF4405100223846B047CDE9025A2A4DE2
:106AC00002AE4046CDE904993146A8474FF47840DC
:106AD0003146CDE9020A5846CDE90499A8470E206F
:106AE0003146CDE9020A2046CDE90499A847802025
:106AF0003146CDE9020A2046CDE904A9A8474FF462
:106B0000714002A981E8010640463146A8474FF48A
:106B1000406002A981E8010638463146A8474FF493
:106B200040503146CDE9020A3846CDE90499A847DC
:106B30004FF6777004F540643146CDE90209022032
:106B400004902046A847882002A981E80106204633
:106B50003146A84707B0BDE8F08F00BFE0440258B7
:106B600000000258DB2B0008412A000810B5134C26
:106B7000134814212060294860600020A060012093
:106B8000E06004F11000F9F7DBFB2046FCF7D8F8D1
:106B900008B1FAF78CFA09480021FCF72FF808B180
:106BA000FAF785FA05480021FCF74DF808B1FAF725
:106BB0007EFA0120BDE81040FCF76AB8E406002424
:106BC0000054004010B5134C1348142120601348A2
:106BD00060600020A0600120E06004F11000F9F77F
:106BE000AFFB2046FCF7ACF808B1FAF760FA0948A9
:106BF0000021FCF703F808B1FAF759FA054800211B
:106C0000FCF721F808B1FAF752FA0820BDE8104065
:106C1000FCF73EB838070024001C00584212400020
:106C200010B594B0002406A81C211394CDE911449A
:106C3000CDE90F44CDE90D44F9F782FB31484FF01F
:106C400080410722C0E900148021C0E902420461AA
:106C50008161FEF71DF808B1FAF729FA4FF4805068
:106C600010A910902748FEF7C3F908B1FAF71FFAE8
:106C70002448FEF779FB08B1FAF719FA21480024F5
:106C80000DA90D940F94FDF7BDFF08B1FAF70FFAA7
:106C9000602006A9002206900120CDE907041948CA
:106CA0000A94FEF703FB08B1FAF701FA032006A9DC
:106CB000042207901348FEF7F9FA08B1FAF7F7F93A
:106CC000052006A9082207900E48FEF7EFFA08B142
:106CD000FAF7EDF9072006A90C2207900948FEF7FC
:106CE000E5FA08B1FAF7E3F9002001A90590CDE92A
:106CF000030006200190102002900248FEF738FCA5
:106D000014B010BD8C07002480B588B0002117484E
:106D100044F61F6340F2CF7C0791CDE90511CDE920
:106D20000311CDE90111124AC0E90023C0E9021C98
:106D300001618161FDF7ACFF08B1FAF7B8F94FF4D2
:106D4000805004A904900948FEF752F908B1FAF7F7
:106D5000AEF9002001A9019003900448FDF752FF0D
:106D600008B1FAF7A4F908B080BD00BFD807002425
:106D70000004004080B588B00021174844F61F6326
:106D80004FF0630C0791CDE90511CDE90311CDE971
:106D90000111124AC0E90023C0E9021C01618161AE
:106DA000FDF776FF08B1FAF782F94FF4805004A995
:106DB00004900948FEF71CF908B1FAF778F90020A9
:106DC00001A9019003900448FDF71CFF08B1FAF7F0
:106DD0006EF908B080BD00BF240800240008004000
:106DE00080B588B0002116484FF0FF330791CDE9F8
:106DF0000511CDE90311CDE90111124AC0E90021C5
:106E0000C0E9021301618161FDF742FF08B1FAF7A1
:106E10004EF94FF4805004A904900948FEF7E8F8B1
:106E200008B1FAF744F9002001A901900390044841
:106E3000FDF7E8FE08B1FAF73AF908B080BD00BFE7
:106E400070080024000C00401FB500240D48C72224
:106E50004FF6FF730394CDE901440B4980E8160017
:106E6000C3608461FDF714FF08B1FAF720F9054803
:106E700001A901940394FDF7C5FE08B1FAF717F9CB
:106E80001FBD00BFBC08002400100040B0B59AB080
:106E90000CAC00251C2120461995CDE91755CDE9EC
:106EA0001555CDE91355F9F74BFA01A82C21F9F73F
:106EB00047FA334833494FF6FF728023C0E9001583
:106EC000C0E90252C0E904558361FDF7E1FE08B153
:106ED000FAF7EDF84FF4805016A916902848FEF7FF
:106EE00087F808B1FAF7E3F82548FEF73DFA08B14C
:106EF000FAF7DDF8202013A913904FF40010149036
:106F0000802015901E48FDF77DFE08B1FAF7CFF8F6
:106F1000602014210C9001200D9004F10800F9F775
:106F20000FFA174821460022FEF7C0F908B1FAF718
:106F3000BEF813480CA90422FEF7B8F908B1FAF715
:106F4000B6F801AC14212046F9F7FAF94FF40050D5
:106F50004FF0007106900020CDE90700CDE909103F
:106F60004FF4804021460B900548FDF703FE08B121
:106F7000FAF79DF80248FEF76DF91AB0B0BD00BFF0
:106F8000080900240004014010B5164C16484FF4BF
:106F9000612100220C2384E8070004F11800142169
:106FA000C4E903226361F9F7CBF92046FEF75AFDE5
:106FB00008B1FAF77CF80B480021FEF741FB08B155
:106FC000FAF775F807480021FEF714FB08B1FAF745
:106FD0006EF80448FEF7F1FA18B1BDE81040FAF770
:106FE00066B810BDE8090024004C004010B5164CEE
:106FF00016484FF4E13100220C2384E8070004F125
:1070000018001421C4E903226361F9F799F92046B5
:10701000FEF728FD08B1FAF74AF80B480021FEF701
:107020000FFB08B1FAF743F807480021FEF7E2FA30
:1070300008B1FAF73CF80448FEF7BFFA18B1BDE80A
:107040001040FAF734B810BD540900240010014074
:10705000FEE7FEE71C489FED1E6A90ED001A1B48F4
:10706000B8EEC11A31EE400A80ED031A80ED040A31
:1070700090ED061A30EE011A80ED061A90ED052A01
:1070800030EE422A80ED072A80ED050A90ED014A94
:1070900090ED003A90ED025A24EE011A9FED0D4A50
:1070A00000EE031A05EE021AB4EEC61AF1EE10FA5B
:1070B00036FE010AB5EEC00AF1EE10FAB8BFB0EE26
:1070C000440A80ED080A70471C0000244000002498
:1070D0000000C842000000007047000010B5B0B0CA
:1070E0006C46982104F12800F9F72AF90020019054
:1070F0000F49009104210291092103910221CDE958
:1071000004110691C0210791202108914FF440619C
:10711000099101211E9108211F9129902046FCF719
:10712000DFFB18B1EFF3108072B6FEE730B010BD90
:1071300003000800F8B5DC4F05460C46B86A00F0BD
:107140000300032801D1012076E0386820F0806038
:107150003860FBF74DFD0646386810F0006F05D02B
:10716000FBF746FD801B0228F6D962E0B86A296861
:107170002B1D4FF47E46002C20F47C3040EA013079
:10718000B8620FCB06EB412100F2FF1089B26FF31A
:107190005F2040EA01004FF4FE0101EB024101F4DF
:1071A000FE0140EA01004FF0FE4101EB036101F0F6
:1071B000FE4140EA0100B863F86A696920F0C00046
:1071C00040EA0100F862F86AA96920F0200040EA6C
:1071D00001004FF6F871F862F86A20F01000F862CA
:1071E000F86B20EA0100E96940EAC100F863F86A37
:1071F00040F01000F86208D04FF40010012C08BFD6
:107200004FF48010F96A084302E0F86A40F4002065
:10721000F862386840F080603860FBF7E9FC0446AB
:10722000386810F0006F06D1FBF7E2FC001B032862
:10723000F6D3032000E00020C0B201B0F0BD00BFD3
:10724000F8B5994F05460C46B86A00F003000328CC
:1072500001D1012076E0386820F080503860FBF7DB
:10726000C7FC0646386810F0005F05D0FBF7C0FC8D
:10727000801B0228F6D962E0B86A29682B1D4FF4FA
:107280007E46002C20F07C7040EA0150B8620FCBA3
:1072900006EB412100F2FF1089B26FF35F2040EA54
:1072A00001004FF4FE0101EB024101F4FE0140EA4E
:1072B00001004FF0FE4101EB036101F0FE4140EAA5
:1072C00001003864F86A696920F4406040EA01000E
:1072D000F862F86AA96920F4007040EA01004FF6EC
:1072E000F871F862F86A20F48070F862786C20EA2D
:1072F0000100E96940EAC1007864F86A40F48070EE
:10730000F86208D04FF08070012C08BF4FF40000E5
:10731000F96A084302E0F86A40F48000F8623868CD
:1073200040F080503860FBF763FC0446386810F08A
:10733000005F06D1FBF75CFC001B0328F6D303209B
:1073400000E00020C0B201B0F0BD00BF7047FBF705
:10735000ABBE0000B0B59CB009A84C21F8F7F0FF17
:1073600001A82021F8F7ECFF0220FBF759FF0020CD
:1073700000902548016821F001010160006800F0DB
:10738000010000902148016841F44041016001681A
:1073900001F4404100910099016811F4005FFBD0B5
:1073A000022001214024002509900C9104210D9414
:1073B0001290139514913221CDE91510CDE91700E3
:1073C0000C20CDE9190509A81B95FDF719F918B18D
:1073D000EFF3108072B6FEE73F20022101900320F8
:1073E000CDE902050820CDE904044FF4806006943D
:1073F000CDE9070401A8FCF70FFF18B1EFF31080E7
:1074000072B6FEE71CB0B0BD2C04005818480258F4
:107410002348016841F4700101602248016801F0CD
:107420000F0106299FBF0168072262F30301016073
:1074300010B51D490A6842F001020A6000220A6183
:107440000B681A4C23400B60036813F0080F1FBF32
:107450000368072464F3030303608A61CA610A6254
:10746000134B8B62134BCB62134B0B634A638B63DF
:10747000CA630B644A640B6823F480230B600A66BA
:107480000E490968B2EB517FBDE8104002BF0C49BC
:1074900001220A604FF4005143F2D2024250704779
:1074A00088ED00E000200052004402587FEDF6EA2B
:1074B000000202020000FF01800201010010005CD6
:1074C000088100510148FDF727BE00BF8C0700244A
:1074D0000148FDF721BE00BFD80700240148FDF791
:1074E0001BBE00BF240800240148FDF715BE00BFE5
:1074F0007008002480B50448FAF7EFFA0348BDE8A5
:107500008040FDF709BE00BFE0050024BC08002450
:107510000268B0F1804F0ED02B4B98421CBF2B4B12
:10752000984208D02A4B98421CBFC54B984202D0C3
:10753000DE4B984203D14B6822F070021A43B0F13F
:10754000804F1CBF204B984214D0204B98421CBF48
:107550001F4B98420ED0D54B98421CBFD44B98423B
:1075600008D0D44B98421CBFD34B984202D0D34B87
:10757000984203D1CB6822F440721A434B6922F03F
:1075800080021A4302608A68C2620A688262C74A3D
:1075900090421CBFC64A904208D0C64A90421CBFC7
:1075A000C54A904202D0C54A904201D1096901639F
:1075B00001214161016911F0010F1EBF016921F034
:1075C00001010161704700BF000400400008004055
:1075D000000C0040B0B5D0F820C0026A22F00102D1
:1075E00002622CF00202D0F804E085698C680B6816
:1075F00014435E4A2A4042EA030CAC4A90421CBF44
:10760000AB4A904208D0AB4A90421CBFAA4A904273
:1076100002D0AA4A904206D1CB6824F00C0223F093
:10762000040343EA0204A14A90421CBFA04A9042CC
:1076300008D0A04A90421CBF9F4A904202D09F4A65
:10764000904206D1D1E905232EF440752A4342EA3F
:10765000030EC0F804E0C0F818C049684163046232
:10766000B0BD00BFB0B5D0F820C0036A23F010034E
:107670002CF020020362D0F804E083698C680D6866
:1076800042EA0414534A1A40894B42EA052C40F45A
:1076900080629A4201BFCA686FF04F0303EA021288
:1076A00024F0C00308BF42EA0304804A90421CBF92
:1076B0007F4A904208D07F4A90421CBF7E4A904247
:1076C00002D07E4A904207D1D1E905232EF44065CD
:1076D00045EA820242EA830EC0F804E0C0F818C00E
:1076E000496881630462B0BDB0B5D0F820C0036AB8
:1076F00023F480732CF400720362D0F804E0C369B1
:107700008C680D6842EA0424184A1A40684B42EA21
:10771000050C40F480629A4208D1CA6840F2FF43E7
:1077200012029A4324F4406342EA03045F4A9042FF
:107730001CBF5F4A904208D05E4A90421CBF5E4A1E
:10774000904202D05D4A904207D1D1E905232EF440
:10775000405545EA021242EA031EC0F804E0C0F8B0
:107760001CC04968C1630462B0BD00BF8CFFFEFF4E
:10777000B0B5D0F820C0036A23F4805303622CF420
:107780000053D0F804E0C5698A680C6843EA023CFB
:10779000104A464B984202EA05021CBF444B9842ED
:1077A00042EA042208D0434B98421CBF424B984205
:1077B00002D0424B984204D14B692EF4804545EAF1
:1077C000831EC0F804E0C26149680164C0F820C0AB
:1077D000B0BD00BFFF8CFFFEB0B5D0F820C0036A7B
:1077E00023F4803303622CF40033D0F804E0456DB9
:1077F0008A680C6843EA024C104A2C4B984202EA11
:1078000005021CBF2A4B984242EA040208D0294BC9
:1078100098421CBF284B984202D0284B984204D172
:107820004B692EF4803545EA032EC0F804E042652A
:1078300049688165C0F820C0B0BD00BF8FFFFEFF62
:1078400000040140B0B5D0F820C0036A23F48013CF
:1078500003622CF40013D0F804E0456D8A680C68CC
:1078600043EA025C104A114B984202EA05021CBF2F
:107870000F4B984242EA042208D00E4B98421CBF9C
:107880000D4B984202D00D4B984204D14B692EF417
:10789000802545EA832EC0F804E042654968C16549
:1078A000C0F820C0B0BD00BFFF8FFFFE0000014048
:1078B00000040140004001400048014000440140F4
:1078C00010B5D0F800E0DEF808003B4A1040D1E9DE
:1078D00000323A4C1440002A40EA040040EA030017
:1078E000CEF808004FF0000008BF10BD102A3BD0B2
:1078F000202A18BF302A37D0402A32D0502A34D01C
:10790000602A3BD02E4B9A4218BFB2F5801F2BD075
:10791000B2F1101F1CBF2B4B9A4225D02A4B9A4222
:107920001CBF2A4B9A421FD0294B9A421CBF294B9D
:107930009A4219D0284B9A4218BFB2F5001F13D0B3
:10794000702A10D1D1E902020969104340EA0120EE
:10795000DEF8081021F47F410843CEF8080000202B
:1079600010BD052B13D1012010BDD1F808C00A6944
:107970007046614600F032F8002010BDD1F808C012
:107980000A697046614600F03AF8002010BDDEF842
:107990002000DEF8202022F00102CEF82020DEF8C0
:1079A0001820096922F0F00242EA0111CEF81810FD
:1079B000CEF82000002010BD88FFCEFFF8FFFEFFAC
:1079C00010002000200010003000100040001000C7
:1079D000500010006000100070001000D0F820C0AF
:1079E000036A23F001030362836923F0F00343EA8F
:1079F000021282612CF00A02114301627047D0F832
:107A000020C0036A23F010030362836923F47043E8
:107A100043EA023282612CF0A00242EA01110162C3
:107A2000704700000000000010B5142000F06CFC4E
:107A3000354C2046F9F72CFF20464FF47A71F9F7C0
:107A400099FE28B131A002F00BFA3448006804E036
:107A50002D48F9F761FD31490860314A3149136811
:107A600041F82300581C312808BF00201060084648
:107A7000322100F0D1FB9FED181B9FED192BBCEEBE
:107A8000C00B9FED293A2948B8EE400B20EE010BC0
:107A90009FED151B20EE020B9FED152BB7EEC00BD3
:107AA000B7EEC00A80EE010B9FED131B20EE020B18
:107AB0009FED132BB7EEC00BB7EEC00A30EE011BE3
:107AC000B4EEC20BB7EEC11BF1EE10FA31FE030AA1
:107AD00080ED000A10BD00BF000000000000F03E75
:107AE0006666666666660A409A99999999991540FC
:107AF0000000000000408F400AD7A3703D0AB7BFC6
:107B00000AD7A3703D0AB73F7C05002441444320B7
:107B100074696D656F75742100000000100C0024FD
:107B2000AC040024B004002400000000280000245D
:107B30000148FDF7AFBD00BFE8090024416ED9B18F
:107B400080B502680FF2400C0FF2440E9168C1F349
:107B5000426192681CF801301EF80110520F0901B1
:107B6000B1FBF3F11CF802301EF802201201B2FB47
:107B7000F3F2BDE8804001E001220121A0F86A2073
:107B8000A0F86810704700BF080402040801010152
:107B90000101010307010000816A11F0080F08D0FC
:107BA00002685368D0F838C023F4004343EA0C035A
:107BB0005360CA0708D002685368D0F82CC023F479
:107BC000003343EA0C0353608A0708D50268536800
:107BD000D0F830C023F4803343EA0C0353604A07E3
:107BE00008D502685368D0F834C023F4802343EAF0
:107BF0000C035360CA0608D502689368D0F83CC0ED
:107C000023F4805343EA0C0393608A0608D5026884
:107C10009368D0F840C023F4005343EA0C03936008
:107C200080B54A0615D5D0F800E0DEF804C0436CF4
:107C30002CF48012B3F5801F42EA0302CEF8042030
:107C400007D1DEF80420836C22F4C0021A43CEF878
:107C500004200906BDE8804058BF704701684A68A3
:107C6000C06C22F40022104348607047BCB5044643
:107C70000020C4F89000FAF7BBFF054620680168B1
:107C800011F0080F18D027484FF4001100222B469E
:107C90000090204600F066FA68B1206850E8000FB6
:107CA000216820F0800041E80002002AF5D1202060
:107CB000C4F8880025E02068006810F0040F22D086
:107CC00018484FF4800100222B460090204600F017
:107CD00049FAC0B1206850E8000F216820F4907084
:107CE00041E80002002AF5D1206850E8020F21681F
:107CF00020F0010041E80202002AF5D12020C4F85A
:107D00008C00032007E02020C4F88800C4F88C0011
:107D10000020E06620670021C0B284F8841002B021
:107D2000B0BD00BFFFFFFF01806B0021A0F85E1017
:107D3000A0F85610FDF7ACBC016851E8001F0268BE
:107D400021F4907142E80013002BF5D1016851E84D
:107D5000021F0D4A1140026842E80213002BF5D1C0
:107D6000C16E012909D1016851E8001F026821F0A4
:107D7000100142E80013002BF5D12021C0F88C102F
:107D80000021C16641677047FEFFFFEF2DE9F0411A
:107D900086B004462168A068D4E90423E56910434D
:107DA0000A681843A14B28431A40104308604868EA
:107DB000E26820F44050104348609D48A0F50E361C
:107DC0008646A0699B4FB1421CBF226A10438A6855
:107DD000994B1A4010438860C86AD4F824C020F038
:107DE0000F0040EA0C00C862944880469448954BC6
:107DF000994228D0944B994231D0944B99423AD031
:107E0000934B994243D0934B994200F04B80924B55
:107E1000994200F05280914B994200F05980904B6A
:107E2000994200F060808F4B994240F069803B6836
:107E3000C3F3C203052B00F263800127DFE803F0E0
:107E4000695E626466683A6802F00703052B00F217
:107E500057800027DFE803F05D5256585A5C3A68B5
:107E600002F00703052B00F24B800027DFE803F048
:107E700051464A4C4E503A6802F00703052B00F277
:107E80003F800027DFE803F0453A3E4042443A682D
:107E900002F00703052B33D80027DFE803F03A2F61
:107EA000333537393A6802F00703052B28D8002705
:107EB000DFE803F02F24282A2C2E3A6802F007036B
:107EC000052B1DD80027DFE803F024191D1F2123EF
:107ED0007A6802F00703052B12D80227DFE803F0C7
:107EE000190E121416183A68C2F3C203052B07D8EC
:107EF0000127DFE803F00E0307090B0D042708E054
:107F0000802706E0082704E0102702E0202700E091
:107F10004027B14213D00121B5F5004F20D1082FE1
:107F20002AD8DFE817F009005800000100015B00C3
:107F30000001000100016000FCF79CFA57E0402FAF
:107F400030D0042F31D0082F34D0102F3CD0202F28
:107F500000F0C180022F40F0E580FBF787F92DE0AB
:107F6000082F14D8DFE807F00580DFDF83DFDFDFCD
:107F70008800FCF77FFA83E0102F00F09880202F14
:107F80003AD0402F40F0CF804FF4004034E0102F23
:107F900000F09480202F77D0402F40F0C4804FF421
:107FA000004071E04FF4004095E003A8FBF71EFA93
:107FB000049803E06846FBF7C3FA0198002800F034
:107FC000AF80D4F824C086E0DEF8000010F0200F67
:107FD0007BD140467FE0FCF75BFA08E003A8FBF7A3
:107FE00005FA049803E06846FBF7AAFA019800280E
:107FF00000F09680D4F824C0584931F81C10B0FB2A
:10800000F1F061684A0802EB40004FF6EF72B0FBF6
:10801000F1F0A0F11001914200F284804FF6F0716E
:108020000140C0F34200084378E000BFF369FFCF8E
:108030000044025854440258FFF4FF110090D0034A
:1080400000093D000044004000480040004C004052
:108050000050004000780040007C0040000C0058B8
:108060000014014000100140FCF712FA08E003A8D8
:10807000FBF7BCF9049803E06846FBF761FA019846
:1080800000284DD0D4F824C034494FF6EF7231F8AF
:108090001C10B0FBF1F0616800EB5100B0FBF1F097
:1080A000A0F1100191423DD8216880B237E0DEF89E
:1080B000000010F0200F42D140469DE7DEF800009E
:1080C00010F0200F42D14046DEE7DEF80000C0F39A
:1080D000C10028FA00F02149656831F81C2005EB41
:1080E00045070121B0FBF2F3BB421CD32F03BB4277
:1080F00019D800210023F8F7EBF809022A460023DB
:1081000041EA1061000210EB550041F10001F8F75F
:10811000DFF8134AA0F54071914203D82168C86086
:10812000002100E001210120A4F86A00A4F8680001
:108130000020C4E91D00084606B0BDE8F081DEF865
:108140000000C0F3C10028FA00F055E7DEF8000097
:10815000C0F3C10028FA00F096E700BF909F000826
:10816000FFFC0F002DE9F8430446DDF82090984607
:1081700016460F46206809F10105C1693940C91B3F
:10818000B1FA81F14909B1422AD1002DF5D0FAF7AF
:108190002FFD0321B9F1000F23D0A0EB08004845C3
:1081A0001FD82068016811F0040FE6D0402F18BFD7
:1081B000802FE2D0C16911F0080F16D1C16911F406
:1081C000006FDAD04FF4006101622046FFF7B4FD82
:1081D00020200321C4F89000002084F8840000E0EF
:1081E0000021C8B201B0BDE8F08308250562204631
:1081F000FFF7A2FD0020C4F89050012184F884000C
:10820000EFE700000148FDF745BA00BF540900241C
:10821000FEE700000000000090ED000A9FED121B39
:108220000022B8EEC00BB0EE402B0CE000EB820356
:10823000013293ED003AB8EEC33B82FE432B80FE41
:10824000030B31EE031B8A42F0DB31EE421B881E2A
:1082500031EE400B01EE100AB8EEC11B80EE010BAF
:10826000704700BF00BF00BF00000000000000001A
:10827000BA48017863291DD1417863291CBF4FF4A6
:10828000C6410180817863291FBF6321817001216C
:108290000170C17863291FBF6321C1700221017081
:1082A0008179002908BF70476321C17003210170E3
:1082B00000218171704700BFA8480178032914D8B4
:1082C000DFE801F002050A0F6321018014E0632159
:1082D00001700021817008E0632101700021C170EC
:1082E00003E063210170012181714178032902BFFC
:1082F000417981F001014171C178042902BF0179FE
:1083000081F00101017170474FF4C8714143074882
:1083100041600021816005210160016811F4803F06
:10832000FBD0016821F001010160704710E000E01E
:1083300070B5344D68780138052862D8DFE800F060
:1083400003190B21112AA878022818BF012858D137
:1083500000F094FB50E0A87802282DD001283AD0F4
:108360004FE0A878022818BF01284AD1FFF7A4FFE0
:1083700042E0A878022818BF012842D100F04AF84C
:108380003AE0A878022829D0012818BF70BD00F073
:10839000D5FA31E04FF448761BA403E0204600F004
:1083A000EBFB013E002EF9D1A878012818BF022866
:1083B00027D1FFF75DFF1FE0A8880A280BD31448D8
:1083C0000078052807D80A2402E000F0ABF8013C49
:1083D000002CFAD110E000F0A5F80DE0A8880A28DA
:1083E000D5D30B4800780528D1D80A2402E000F044
:1083F000A5FA013C002CFAD100F04AF90020A5F8BA
:10840000010070BDA800002401FFFFFF0000000074
:108410001000002410B5314C2078632805D00130BD
:10842000C1B2042908BF0020207094F9010002287D
:1084300006D82BA151F82000E1680844E06000E074
:10844000E068B0F1FF3FDCBF0020E060A078632867
:1084500017D0C0F10600B2EE040B01EE100AB8EE20
:10846000C11B00F0B1FB94ED041AB8EE411B31EED4
:10847000400BBCEEC00B10EE100A322898BF322021
:108480002061E078042818BF632817D0C0F10300EA
:10849000B2EE040B01EE100AB8EEC11B00F094FB23
:1084A00094ED051AB8EEC11B31EE400BBDEEC00BCA
:1084B00010EE100A0228D8BF02206061A07958B1DE
:1084C0000A480A2100880A2838BF0221A068401AF9
:1084D0000028D8BF0020A06010BD00BF10000024FD
:1084E0009CFFFFFFF6FFFFFFFFFFFFFFAC00002434
:1084F0000349C2B2CA600A6812F0400FFBD070474D
:108500001C4C004080B505484FF400510022FAF79A
:1085100064FB0348BDE88040FCF724BD000402581A
:1085200024080024D6484178632904D00322002976
:1085300018BF4A1E42708178632904D006220029A0
:1085400018BF4A1E8270C178632908BF7047042291
:10855000002918BF4A1EC270704700BF10000024D7
:1085600070B5FAF7A7FD3048002143F6E07C0167BB
:10857000BFF34F8F016821F480310160BFF34F8F4B
:10858000C16E2A4A62EAD10EC1F34E32C9088B0786
:108590000CEA42111C46754644EA010604F14044C7
:1085A0000135C0F86062F7D1511E002A0A46EFD1AA
:1085B000BFF34F8FBFF36F8FFEF7CCFEFEF78EFD3C
:1085C0004FF47A70FAF728FAFEF718FAFEF7C6F9B0
:1085D000FEF76AF9FEF798FBFEF708FDFEF792F941
:1085E000FEF7D2FCFEF7C2FAFEF7ECFAFEF714F93A
:1085F000FEF7F6FBFEF74AFCFEF712FBFEF7BAFBAE
:10860000FEF722FCFDF7C4FFFFF77CFFF8F748FAFE
:10861000F8F796FCF8F7F4FC0548002140F2FF72E9
:10862000F8F74AFDFEE700BF14ED00E000FCFFFF95
:108630007C050024E0B513480078022805D0012805
:1086400006D038B900F096F904E000F0B9F901E07D
:1086500000F0F0F90C490DF1060202230888B0F58C
:10866000805F24BF40F6FF700880C0F303218DF8BF
:1086700006108DF807000120C02100900348FAF78A
:10868000B5FB8CBDA80400247C000024380700241E
:108690002DE9F8432DED028BDFF8E481002579A464
:1086A00006E008EB8500C169204600F065FA013557
:1086B000042DF6D198F80000632805D008EB80005F
:1086C000C16974A000F058FA012476A504E0284698
:1086D000214600F051FA0134052CF8D198F8010038
:1086E000632803D0411C74A000F046FA012477A54A
:1086F00004E02846214600F03FFA0134082CF8D166
:1087000098F80200632803D0411C76A000F034FAE8
:1087100001247AA504E02846214600F02DFA013410
:10872000062CF8D198F80300632803D0411C784840
:1087300000F022FA774800F01FFA98F8060010B10E
:10874000754800F019FA754D02270124B2EE048B2A
:108750004FF00A091BE0D8F80C6000EE107AB8EE72
:10876000C01BB0EE480B00F02FFABDEEC00B10EEB0
:10877000100A96FBF0F090FBF9F101EB8101A0EB00
:1087800041022846214600F0F7F90134013F781CE8
:10879000E1D1634D06270124B2EE048B4FF00A09A4
:1087A0001BE0D8F8106000EE107AB8EEC01BB0EEF7
:1087B000480B00F009FABDEEC00B10EE100AB6FB34
:1087C000F0F0B0FBF9F101EB8101A0EB410228468A
:1087D000214600F0D1F90134013F781CE1D1514D1F
:1087E00003270124B2EE048B4FF00A091BE0D8F8EE
:1087F000146000EE107AB8EEC01BB0EE480B00F02B
:10880000E3F9BDEEC00B10EE100A96FBF0F090FB02
:10881000F9F101EB8101A0EB41022846214600F06D
:10882000ABF90134013F781CE1D1D8F808009FED85
:10883000120B01EE100A3C48B8EEC11B81EE000B92
:1088400053EC102B00F098F998F8050000280CBFA5
:108850003748364800F090F998F80400002814BF13
:1088600034483548BDEC028B01B0BDE8F04300F060
:1088700083B900BF00BF00BF0000000000408F4070
:108880001000002425732E62636F3D353037373971
:10889000FFFFFF0025732E62636F3D36313237379D
:1088A000FFFFFF0074656D7025642E62636F3D35B8
:1088B00030373739FFFFFF0074656D7025642E6215
:1088C000636F3D3631323737FFFFFF0070756C73D1
:1088D0006525642E62636F3D3530373739FFFFFF02
:1088E0000000000070756C736525642E62636F3D37
:1088F0003631323737FFFFFF0000000064757479AE
:1089000025642E62636F3D3530373739FFFFFF0036
:1089100096A00008AAA0000880A00008F29F000806
:10892000DE9F000805A00008C69F00084CA00008B4
:1089300034A0000818A0000864A000088748417807
:10894000632904D00022032938BF4A1C4270817871
:10895000632904D00022062938BF4A1C8270C178DE
:10896000632908BF70470022042938BF4A1CC2701F
:10897000704700BF40484178012904D0E1B900F1B7
:10898000080C821D03E000F1100C00F10E0280B50E
:1089900043890A49128831F813E0BCF800101144E9
:1089A0005A1C0EEB510181814188B2FBF1F303FBAC
:1089B00011214181BDE88040704700BF7E0A00243C
:1089C00080B51149DFF8B0E00968BEF81220BEF8A2
:1089D00010C0BEF80E30481E904202F10100D8BF10
:1089E0006346AEF80C30AEF8120080B28142DFBFB1
:1089F0000020AEF8120001208EF800000348007835
:108A000008B1AEF80CC080BD24000024140000247E
:108A100080B5064890ED000AFEF71CFB0449BCEE49
:108A2000C00A10EE100A087080BD00BF9C00002430
:108A3000980000241048417801291CBF0029704784
:108A40004288B0F812C081884FEA5203BCEB520F43
:108A5000B1FBF3F128BF49428389194481810CF1AC
:108A600001018BB29A1AB2FA82F25209002A18BF97
:108A700000214182704700BF7000002410B5374CC0
:108A80002078632804D00321002818BF411E2170DC
:108A90006078022806D832A151F82000E168084425
:108AA000E06000E0E0686528A4BF6420E060A07892
:108AB000632818D0C0F10600B2EE040B01EE100AD4
:108AC000B8EEC11B00F080F894ED041AB8EE411B1B
:108AD00030EE010BBCEEC00B244910EE100A8842A8
:108AE00038BF01462161E078042818BF632819D0F7
:108AF000C0F10300B2EE040B01EE100AB8EEC11B88
:108B000000F062F894ED051AB8EEC11B30EE010BCF
:108B1000BDEEC00B10EE100AB0F57A7FA8BF4FF47F
:108B20007A706061A079012817D194ED060A9FED53
:108B3000101AB4EEC10AF1EE10FAC8BF10BD0D480C
:108B40000A2100880A2838BF0221A0680844B0F52D
:108B5000005FA8BF4FF40050A06010BD10000024BB
:108B6000640000000A0000000100000040420F0005
:108B70000000AF43AC0000240FB4054B10B503A9AF
:108B8000044A029800F0C8FD10BC5DF814FB000018
:108B9000F18400080000002403B40198410000980B
:108BA00050EAC12018BF04204A0D18BF40F0010050
:108BB00040F2FF72B2EB515F08BF40F002000128A3
:108BC00008BF052002B070472DE9F04D2DED040BD4
:108BD0002DED0A8B9AB0DDE92550279CDDF890A099
:108BE00025F0004624F00048BAF1000F14BF01211F
:108BF000002101EB4502F84953184A10934228D34B
:108C0000002814BF0123002303EB44030B44F34962
:108C10008B421ED358EA000172D0DFF8C4B35D4521
:108C200003D1BAF1000F05D186E0BAF1000F08BFF9
:108C3000002100D0012101EB450111F5001F08D8EA
:108C4000002814BF0121002101EB440111F5001F90
:108C50000BD99DED261B9DED240B1AB0BDEC0A8BA4
:108C600004B0BDE8F04D00F057BC0027002DBCBF9C
:108C7000DC49884521DADC498845A8BF02271CDA8F
:108C8000C3451ADCD94901EB2851142908DDC1F18B
:108C9000340220FA02F101FA02F282420DD108E018
:108CA00058B9C1F1140228FA02F101FA02F2424560
:108CB00003D101F00101C1F1020756EA0A0120D1F6
:108CC000002C1EDA002D18BF022F01D0012F0AD070
:108CD000022000F059FC1AB0BDEC0A8B04B0BDE8CC
:108CE000F04D00F00DBC022000F04EFC00F008FC3E
:108CF000B1EE400B1AB0BDEC0A8B04B0BDE8F08DAC
:108D00001AE09FEDBB9B9FEDBC8BB7EE00AB00283C
:108D10007DD1B44880451CD105F1804010F580100C
:108D200008BFBAF1000F07D0B34508DC002CA8BF7C
:108D30009DED260BDEDA07E0B7EE000BDAE7002C3C
:108D4000B8BF9DED260BD3DBAD48784490ED000B0A
:108D5000D0E7D84548D1002C43DA2EB186423AD12B
:108D6000BAF1000F3DD126E0BAF1000F13D0022076
:108D700000F00AFC00F0E0FB8DED020B9DED240BF2
:108D80008DED000B10EE900A039961F31E00039025
:108D90009DED020BAEE78DED029B9DED240B19EED0
:108DA000901A10EE900A8DED000B61F31E000390F7
:108DB0009DED020B9EE78DED028B9DED240B18EED1
:108DC000901A10EE900A8DED000B61F31E000390D7
:108DD0009DED020B8EE704DA9DED241B8AEE010B5C
:108DE00088E79DED240B85E786421ADAB4F1804FBF
:108DF00004BF9DED240B20EE000B3FF47BAFA4F1EC
:108E00000050B0F1FF500CD1002D0ADB00E008E06B
:108E10009DED240B51EC100B01F034F841EC100BDC
:108E200068E79DED240B51EC100B01F00CF8BAF142
:108E3000000FCDE90E0140D19FED730B46B3A6F1B3
:108E4000E040B0F17F600ED05E4536D1002D00DAF3
:108E500097B3022F0CBF01204FF0FF3000EE100A35
:108E6000B8EEC00B46E7002D01DD002C0DDA002D19
:108E700001DD002C1DDB002D14DA002C12DB012F8C
:108E800008BF9FED630B3FF435AFB0EE490B31E700
:108E9000022F18BF002D0CD0012F0AD1002DFFF694
:108EA00029AF06E0002DB8BF002C06DA012F3FF4F1
:108EB00021AFB0EE480B1DE719E0012000EBE57093
:108EC00050EA070113D0B0EE4A8B791E084308BF61
:108ED000BFEE008B5048002580457ADD4F49504851
:108EE000884514DDB0420DDB002C19DB2CE001209D
:108EF00000F04AFB1AB0BDEC0A8B04B0BDE8F04D9F
:108F000000F00EBBB34502DC002C09DC1CE08642FD
:108F100002DA002C18DA03E05E4528DD002C13DDB0
:108F2000022000F031FB00F007FB8DED020B28EE74
:108F3000090B8DED000B10EE900A039961F31E00F2
:108F400003909DED020BD5E6022000F01DFB00F022
:108F5000FFFA10EE901A18EE900A8DED020B8DEDCF
:108F6000008B61F31E0003909DED020BC2E69DEDA8
:108F70000E0B30EE4A0B8DED040B20EE002B9DED19
:108F8000041B9FED290BB5EE003B01EE430B9DED5D
:108F9000043BB6EE001B03EE401B22EE012B9DEDC1
:108FA000040B9FED231B20EE011B9FED233B20EEC6
:108FB000030B9FED233B02EE430B31EE002B8DEDB7
:108FC000022B02959DED022B32EE411B30EE411B30
:108FD00011E139E000000000FFFF1F00FFFF0F005C
:108FE0000000F03F0000F07F0000404301FCFFFF65
:108FF000000000000000F07F000000000000000002
:109000002A120000000000000000000000000080A4
:10901000000000000000F0FF0000E0410000F0430D
:10902000FFFFEF3F00000000555555555555D53F02
:10903000000000604715F73F44DF5DF80BAE543E7B
:10904000FE822B654715F73F0020B6F5801F0BDA2F
:109050009DED0E0B9FEDEC1B20EE010B10EE906AC8
:109060008DED0E0B6FF0340000EB2650C6F31301AC
:10907000A0F2FF37E64A41F07F6040F04050914255
:10908000D8BF002408DDE34A8A42C8BF012403DCBC
:109090000024A0F580107F1CDF49794401EBC40156
:1090A0000F9091ED001B9DED0E0B30EE410B9DEDF1
:1090B0000E2B31EE023B8AEE032B20EE029BD749AA
:1090C0008DED029B7944029591ED003B4FF00051EC
:1090D00041EA600000EB84408DED043B00F5002088
:1090E00005909DED043B33EE411B9DED0E3B33EEB1
:1090F000411B9DED023B9DED044B03EE440B03EE43
:10910000410B20EE02BB29EE09CBB0EE4C0BC4485C
:109110000621784400F0BAF92CEE0C1B20EE010B6E
:109120009DED021B31EE091B0BEE010B9DED021BA9
:1091300021EE011BB0EE082B31EE023B33EE003B7B
:109140008DED043B04959DED043B33EE422B32EE56
:10915000411B30EE412B9DED020B9DED041B20EEDB
:10916000011B9DED040B2BEE000B02EE090B31EE03
:10917000002B8DED022B02959DED022B32EE411B53
:1091800030EE411B9DED020B9FEDA72B20EE020B55
:109190009DED022B9FEDA63B22EE032B9FEDA63B00
:1091A00001EE032BA648784400EBC40090ED001BB1
:1091B00032EE011B02EE107AB8EEC22B8DED042BBD
:1091C00030EE013B9F48784400EBC40090ED002B4B
:1091D00033EE023B9DED044B33EE043B8DED023B41
:1091E00002959DED023B33EE443B33EE422B32EED3
:1091F000400B31EE401B9DED260B8DED000B0095D5
:109200009DED260B9DED002B30EE420B9DED022BCC
:1092100020EE020B9DED262B02EE010B9DED001BB7
:109220009DED022B21EE021B8DED021B30EE011B8A
:1092300011EE900A11EE101A834A8DED001B904238
:1092400024DB821A11430ED19FED811B30EE011BEE
:109250009DED002B9DED023B32EE432BB4EEC21B85
:10926000F1EE10FA26DD022000F08EF900F064F92C
:1092700010EE901A18EE900A8DED020B8DED008B1A
:1092800061F31E0003909DED020B33E5724B20F05D
:1092900000429A420ED3714A024411437FF454AE05
:1092A0009DED022B31EE421BB4EEC01BF1EE10FA25
:1092B000BFF64AAE20F00041694A6A4B002402EB37
:1092C00021529942D8BF9DED021B27DD511C4FF45E
:1092D000801222FA01F10144634BC1F30A527B442C
:1092E000A2F2FF3293ED001B604B8DED041BD340C7
:1092F00021EA0303C1F3130141F48011C2F1140206
:1093000021FA02F405930028B8BF64429DED021BC8
:109310009DED042B31EE421B8DED021B30EE011B47
:109320008DED041B04959DED041B9FED512B21EE4B
:10933000021B9DED042B9DED023B32EE432B30EEE4
:10934000420B9FED4D2B20EE020B9DED042B9FED6C
:109350004C3B02EE030B31EE002B8DED002B32EE79
:10936000411B30EE419B9DED000B20EE000B46486B
:109370008DED040B0521784400F088F89DED001B6D
:109380009DED042B02EE401B8DED021B9DED000BAD
:1093900020EE010BB0EE002B31EE422B80EE021BD3
:1093A0009DED002BB0EE490B02EE090B31EE400BA8
:1093B0009DED001B30EE410B3AEE400B10EE900A93
:1093C0008DED000B00EB045001150029C8BF019082
:1093D00013DC224651EC100BF7F77AF9FFF7DCFBB0
:1093E000042808BF00F0B4F822469DED000B51ECB4
:1093F000100BF7F76DF9CDE900019DED000B28EE9C
:10940000000B77E400000000000000000000404373
:109410008E9803007AB60B00520E0000B00E0000CA
:109420000A0E000000000000000000E009C7EE3F47
:10943000F5015B14E02F3EBEFD033ADC09C7EE3FA9
:10944000660D0000360D0000000090400000000096
:10945000FE822B654715973C00CC904000346F3F4F
:1094600001FCFFFF0000E03F960C0000FFFF0F0033
:1094700000000000432EE63FEF39FAFE422EE63FA1
:10948000396CA80C615C20BED60B0000B0EE401B0E
:10949000491E00EBC10292ED000B31F006020DD027
:1094A000491E00EBC10292ED002BB0EE403BB0EE46
:1094B000420B03EE010B31F00602F1D1022914D068
:1094C00004290AD0062918BF704790ED0A2B00EE38
:1094D000012B90ED080B02EE010B90ED062B00EE38
:1094E000012B90ED040B02EE010B90ED022B00EE30
:1094F000012B90ED000B02EE010B70470000000005
:109500009FED031BB7EE002B82EE010B70470000AE
:10951000000000000000000030EE010B704700006A
:109520009FED031B81EE010B70470000000000005F
:1095300000000000000000009FED030B20EE000B78
:1095400070470000000000000000000000000070F4
:109550009FED030B20EE000B7047000000000000A1
:10956000000000000000001002E008C8121F08C13F
:10957000002AFAD170477047002001E001C1121F94
:10958000002AFBD1704700000149086070470000C5
:10959000040000242DE9FF5F82B00021DDE90430E2
:1095A000020DDDF840B0034318D044F61050A2F28B
:1095B000FF3242431514119801281FD0A5EB0B0070
:1095C000401C5FEA000A4FF000064E4FDFF838916A
:1095D000B046504615D5CAF1000413E01198012495
:1095E0004AA3012801D16FEA0B010298119AC0E940
:1095F0000031C0E9024206B0BDE8F09FCBF10000A7
:10960000DFE704460021404A491842EB0450CDE907
:10961000001012E0E00707D032463B46404649467C
:10962000F6F775FF8046894632463B461046194696
:10963000F6F76DFF06460F466410002CEAD1DDE90F
:109640000401DDE90023BAF1000F06DAF6F75FFF47
:1096500042464B46F6F75BFF05E0F6F7CAFF424687
:109660004B46F6F7C6FF04460E460022284BF7F796
:109670005FF803D84FF0FF30014607E00022254B8A
:1096800020463146F6F79CFEF7F739F8102409E03A
:10969000002C0ADB0A220023F6F71AFE039B303265
:1096A0001A55641E50EA0102F2D1641C039AC4F1F7
:1096B00011031444119A012A03D0012208430DD149
:1096C0000AE0084304D000204FF0110B119072E71C
:1096D000A3EB0B056D1E0DE05B4504DD4FF00002B2
:1096E00005F1010504E003DA4FF00002A5F10105E0
:1096F000002AECD002981199C0E90231C0E9004576
:1097000079E70000000014400000F03F3000000046
:109710000000F0430000E03F2DE9FF4F95B09B466D
:109720008946064600250FE2252877D100242746E2
:10973000F84A0121059400E0044316F8013F203B5C
:1097400001FA03F01042F7D130782A2811D06FF0D7
:109750002F033078A0F13002092A16D8059A44F078
:10976000020402EB820203EB42021044761C0590D5
:10977000EFE759F8042B0592002A03DA504244F42B
:109780000054059044F00204761C30782E2816D13F
:1097900016F8010F44F004042A280DD06FF02F02B0
:1097A0003078A0F13003092B09D807EB870302EBCF
:1097B0004303C718761CF3E759F8047B761C30780E
:1097C0006C280FD006DC4C2817D068280DD06A28EA
:1097D00014D104E0742810D07A280FD10DE044F49D
:1097E00000140AE044F4801401E044F44014727858
:1097F000824202D104F58014761C761C30786628EB
:109800000BD013DC582877D009DC002875D0452808
:10981000F6D04628F4D047281AD19DE118E06328F5
:1098200035D0642879D0652812D195E1702873D09D
:1098300008DC6728F1D069286FD06E280DD06F281A
:1098400006D1B5E073282CD0752875D0782874D04F
:109850005A46179990476D1C75E1C4F302500228CF
:1098600009D003280DD0D9F8001004280DD00D60C0
:1098700009F1040967E1D9F80010EA17C1E90052BB
:10988000F6E7D9F800100D80F2E70D70F0E719F84F
:10989000041B8DF8001000208DF80100EA4601201D
:1098A00003E059F804AB4FF0FF3061074FF00001BF
:1098B00002D40DE008F101018846B9420FDA804573
:1098C000F8DB1AF808100029F4D108E008F10101CA
:1098D00088468142FADB1AF808100029F6D105986B
:1098E0005B46A0EB080721463846179A00F094FA29
:1098F000284400EB080507E04DE029E10DE01AF8E7
:10990000010B5A4617999047B8F10108F7D25B4608
:1099100021463846179A13E142E00A220092C4F326
:1099200002524FF0000A022A08D059F804CB032A49
:109930004FEAEC710AD00DE029E02AE009F10701B5
:1099400021F00702F2E802C1914609E00FFA8CFC0F
:109950004FEAEC71042A03D14FFA8CFC4FEAEC7108
:10996000002907DA0A460021DCF1000C61EB020154
:109970002D2202E0220504D52B228DF8042001229D
:1099800003E0E20701D02022F7E7904659E00A21E0
:1099900002E010220DE010214FF0000A00910BE0D0
:1099A00010224FF0000A44F004040827009203E05C
:1099B00008224FF0000A0092C4F30252022A05D096
:1099C00059F804CB0021032A08D009E009F1070166
:1099D00021F00702F2E802C1914605E01FFA8CFC73
:1099E000042A01D10CF0FF0C4FF00008220728D503
:1099F000702806D0009B83F0100353EA0A0305D0B9
:109A00000EE040228DF80420012208E05CEA010209
:109A100006D030228DF804208DF8050002229046F1
:109A2000009B83F0080353EA0A030AD15CEA0102AF
:109A300001D1620705D530228DF804204FF00108CE
:109A40007F1E582804D034A003900EA802900DE089
:109A500036A0F9E753466046009AF6F739FC84468B
:109A60000398825C0298401E029002705CEA01003A
:109A7000F0D1029806A9081A00F1200A600702D561
:109A800024F4803400E00127574502DDA7EB0A00EB
:109A900000E0002000EB0A01009005984144401AC4
:109AA0000590E00306D45B462146179A059800F01E
:109AB000B3F90544002706E001A85A46C05D17998E
:109AC00090476D1C7F1C4745F6DBE0030CD55B46D9
:109AD0002146179A059800F09FF9054404E03020CC
:109AE0005A46179990476D1C0099481E009000290E
:109AF000F5DC08E0029802995A460078491C029168
:109B0000179990476D1CBAF10001AAF1010AF1DC26
:109B100065E1000009280100303132333435363731
:109B200038396162636465660000000030313233A9
:109B30003435363738394142434445460000000049
:109B400000F058F90544761C307800287FF4ECAD1D
:109B500019B02846BDE8F08F620700D4062709F146
:109B6000070222F0070CFCE80223E14603F000485C
:109B70005FEA080C02D00FF2702C0DE05FEA045C83
:109B800002D50FF2682C07E05FEAC47C02D00FF226
:109B9000602C01E0AFF2700C4FF0FF3823F000436F
:109BA000CDF850C065280CD006DC452809D04628E1
:109BB0001DD047283DD13DE0662818D067287ED1CA
:109BC00038E00021112F01DB112000E0781CCDE9E5
:109BD000000106A90EA8FFF7DDFCDDE90F010E9AD2
:109BE00003910021009207F1010A04914DE04FF02A
:109BF00000400097CDE9011006A90EA8FFF7CAFCA6
:109C0000DDE90F0203920E9B11990022DDF80CA0F2
:109C10000093049211B9791C00EB010AB7EB0A001A
:109C200004D4C0F1FF3007F1010A0490AAEB070049
:109C3000019044E0012F00DA01270021112F01DDFE
:109C4000112000E03846CDE9000106A90EA8FFF773
:109C5000A1FCDDE90F010E9A03910021049100920D
:109C6000BA4621070CD40399514500DA8A46BAF165
:109C7000010F05DD009AAAF10101515C302908D0DD
:109C8000B84202DA10F1040F06DA0121CDE9011021
:109C900015E0AAF10101E9E7002805DC0499014477
:109CA0000491AAEB000102E0411C514500DD8A4607
:109CB0000499401A401C01904FF000400290200788
:109CC00004D40198504501DBCDF8048000208DF8C4
:109CD0004F0002980DF14F07B0F1004F25D02B2017
:109CE0000E9002984FF0020800280CDA40420290D1
:109CF0002D200E9007E00A210298F6F72CFB303158
:109D0000029007F8011DB8F10001A8F10108F2DC8A
:109D100002980028EFD1791E0E980870307800F074
:109D2000200040F0450007F8020D12A8C01B00F10A
:109D300007081498007800B1012000EB0A0101988F
:109D400001EBE07105984144401A401E0590E00384
:109D500006D45B462146179A059800F05DF8054445
:109D60001498007818B15A46179990476D1CE00373
:109D700024D55B462146179A059800F04DF8054416
:109D80001CE00498002807DBDDE90301884203DDBD
:109D90000098405C179901E0179930205A46904787
:109DA000049805F10105401C04900198401E0190A3
:109DB00004D12E205A46179990476D1CBAF1000124
:109DC000AAF1010ADDDC05E017F8010B5A461799E4
:109DD00090476D1CB8F10001A8F10108F4DC5B4666
:109DE0002146179A0598ABE62D0000002B000000D5
:109DF000200000002DE9F041044600251E461746CC
:109E0000880404D405E039462020B0476D1C641E48
:109E1000F9D52846BDE8F0812DE9F041044600253A
:109E20001E469046C80301D5302700E0202788044D
:109E300004D505E041463846B0476D1C641EF9D58F
:109E40002846BDE8F08182B0CDE9000121F0004054
:109E500001909DED000B02B051EC100B704700001B
:109E600010B5044601E0FEF743FB14F8010B04496A
:109E70000028F8D1BDE810400A20FEF739BB0000E9
:109E80000000002400B541EC100B2DED028B83B0D7
:109E9000B1EEC08B18EE100A18EE901A8DED008B03
:109EA000002818BF0120084320F00040C0F17F6067
:109EB00000F1E040C00F14D010EE101A10EE900A1E
:109EC0008DED000B002918BF0121084320F0004050
:109ED000C0F17F6000F1E040C00F04BF0120FFF738
:109EE00053FB51EC180B03B0BDEC028B00BD00001E
:109EF000000000000000F03F000000000000F83FFC
:109F000000000000000000000000004003B8E23F35
:109F1000000000000000000006D0CF43EBFD4C3EE7
:109F2000033333333333E33FFFAB6FDBB66DDB3FDC
:109F30004D268F515555D53F01411DA96074D13F24
:109F400065DBC9934A86CD3FEF4E454A287ECA3F1E
:109F50003E5555555555C53F93BDBE166CC166BFA0
:109F60002CDE25AF6A56113FF16BD2C541BDBBBE99
:109F7000D0A4BE726937663E0000000000000000F9
:109F8000000000000102030401020304060708099F
:109F9000010002000400060008000A000C00100086
:109FA000200040008000000170756C73655F776968
:109FB00064746800766F6C5F73756D0074656D70A6
:109FC000006475747900766F6C5F73756D312E74F3
:109FD00078743D22252E33665622FFFFFF007075F0
:109FE0006C736525642E7478743D22256422FFFF0E
:109FF000FF0074656D7025642E7478743D222564AD
:10A0000022FFFFFF006475747925642E7478743D17
:10A0100022256422FFFFFF0064757479352E747861
:10A02000743D22D6B1C1F7CAE4B3F6A3BABFAA22DF
:10A03000FFFFFF0074656D70342E7478743D22BF8D
:10A04000AACABCBFD8CEC222FFFFFF0074656D70E4
:10A05000342E7478743D22BDE1CAF8BFD8CEC22236
:10A06000FFFFFF0064757479352E7478743D22D635
:10A07000B1C1F7CAE4B3F6A3BAB9D822FFFFFF0013
:10A08000766F6C5F73756D312E62636F3D36313262
:10A090003737FFFFFF006475747925642E62636FA4
:10A0A0003D3631323737FFFFFF00766F6C5F7375D7
:10A0B0006D312E62636F3D3530373739FFFFFF005A
:10A0C000E0A0000800000024A0000000689500083F
:10A0D00080A10008A0000024780F000078950008F7
:10A0E0000000000000000000000000000000000070
:10A0F0000063636300000000000000001400000023
:10A1000032000000E803000000000000BC9F0008CF
:10A11000A89F0008C19F0008B49F0008000000002D
:10A120000000484317B7D1380000803F0000D041FD
:10A13000000000000000000000000000000000001F
:10A14000000000000000000000000000000000000F
:10A150000000E80300000000000000000000000014
:10A1600000000000010000001000000000000000DE
:10A170000090D0030090D0035000000085EB9F4179
:040000050800029954
:00000001FF
