:020000040802F0
:10000000581301206D03020885850208F97602085D
:10001000818502083D1C020853A30208000000006D
:10002000000000000000000000000000219B02080A
:10003000112202080000000043880208239B0208E6
:100040008703020887030208870302088703020860
:1000500087030208870302081322020887030208A5
:100060008703020887030208870302088703020840
:100070008703020887030208870302088703020830
:100080008703020887030208870302088703020820
:100090008703020887030208870302088703020810
:1000A0008703020887030208870302088703020800
:1000B0008703020887030208199D020887030208C4
:1000C00087030208870302088703020887030208E0
:1000D00087030208870302088703020887030208D0
:1000E0001D2202088703020800000000870302089F
:1000F000659D02084D9D02088703020887030208D8
:10010000870302088703020887030208870302089F
:10011000870302088703020887030208359D020847
:10012000B51C020887030208870302088703020838
:10013000870302088703020887030208870302086F
:1001400000000000000000000000000000000000AF
:10015000870302088703020887030208870302084F
:10016000870302088703020887030208870302083F
:10017000870302088703020887030208870302082F
:10018000870302088703020887030208870302081F
:10019000870302088703020887030208870302080F
:1001A0009D79020887030208870302088703020873
:1001B00087030208870302088703020887030208EF
:1001C00087030208870302088703020887030208DF
:1001D0008703020841880208870302088703020890
:1001E00087030208870302088703020887030208BF
:1001F00087030208870302088703020887030208AF
:10020000870302088703020887030208870302089E
:1002100087030208E99C0208019D0208870302087F
:100220008703020887030208870302080000000012
:100230008703020887030208000000008703020802
:10024000870302088703020887030208870302085E
:10025000870302088703020887030208870302084E
:10026000870302088703020887030208870302083E
:1002700087030208870302088703020800000000C2
:1002800087030208870302088703020800000000B2
:1002900000000000870302084B1C012B98BF704729
:1002A0002DE9F003911C9B08B1F80480B1F802908D
:1002B0000A8831F802CC8044814402448444D9F84D
:1002C0000070D8F800601568DCF80040C9F80060DC
:1002D000C8F80070CCF800501460D9F80470D8F851
:1002E00004605568DCF80440C9F80460C8F804707C
:1002F000CCF80450546008315B1ED5D1BDE8F00342
:1003000070474B1C012B98BF70472DE9F003911CDF
:100310009B08B1F80480B1F802900A8831F802CC49
:1003200000EB580800EB590900EB520200EB5C0CA3
:10033000D9F80070D8F800601568DCF80040C9F8FA
:100340000060C8F80070CCF80050146008315B1EE3
:10035000DFD1BDE8F0037047DFF80CD001F04CFBB3
:100360000048004729170308581301200648804712
:1003700006480047FEE7FEE7FEE7FEE7FEE7FEE78A
:10038000FEE7FEE7FEE7FEE7419C0208590302088C
:100390009FED3E0A5FEA920C59D000BFD0ED000AF3
:1003A00090ED011A0B1D60EEA00A083041EE010A23
:1003B000F5EEC00AF1EE10FAA6BFB1EEE01A81ED3B
:1003C000001A81ED000AD0ED000A90ED011A00F14B
:1003D000080160EEA00A181D41EE010AF5EEC00A00
:1003E000F1EE10FAA6BFB1EEE01A83ED001A83ED2C
:1003F000000AD1ED000A91ED011A031D60EEA00A7A
:10040000083141EE010AF5EEC00AF1EE10FAA6BF7E
:10041000B1EEE01A80ED001A80ED000AD1ED000A7D
:1004200091ED011A081D60EEA00A191D001D41EE94
:10043000010AF5EEC00AF1EE10FAA6BFB1EEE01A1D
:1004400083ED001A83ED000ABCF1010CA6D112F075
:10045000030208BF704700BFD0ED000A90ED011AFB
:1004600008300B4660EEA00A091D41EE010AF5EEC8
:10047000C00AF1EE10FAA6BFB1EEE01A83ED001A41
:1004800083ED000A521EE7D1704700000000000013
:1004900091ED001AD1ED010AB6EE000A31EE011A13
:1004A00070EEA00A0388D0F814C001F108005B1EAA
:1004B00071EE201A71EE600A01EBC3010CF1080C19
:1004C00021EE801A60EE800A82ED001AC2ED010A68
:1004D000083200BFD1ED002A90ED003A9CED001AE1
:1004E000D1ED010A72EEC33AD0ED011A9CED012A5A
:1004F00033EE223A30EEA14A61EE234A62EE232A1D
:1005000071EEE00A22EE042A73EE241A21EE041A98
:1005100070EEA20A083071EE821A083970EEC10A34
:100520005B1E21EE801A0CF1080C60EE800AA2EC32
:10053000011AE2EC010ACDD17047D1ED000A91ED2C
:10054000011AB6EE000A038870EE811A70EEC10A35
:10055000D0F814C05B1E01F1080021EE801A60EE95
:10056000800A01EBC30182ED001AC2ED010A02F11B
:1005700008020CF1080C08BF704700BFD1ED002A3B
:1005800090ED003ADCED003AD1ED010A73EE621A0B
:1005900090ED011A9CED014A73EE222A31EE202AD9
:1005A00023EEA15A71EE600A64EE211A64EE024A4B
:1005B00032EEC51A23EE822A70EEA10A083031EE1F
:1005C000641A083970EEC20A5B1E21EE001A0CF1A3
:1005D000080C60EE800AA2EC011AE2EC010ACDD10F
:1005E00070472DE9F0410446008A1D0016460F466B
:1005F0004FEA500020800AD02046FFF79EFF2A468F
:1006000031462046BDE8F041012300F07FBC0123C4
:100610002A46204600F07AFC324639462046BDE89C
:10062000F04135E70022018249080180B1F5807F61
:1006300031D008DC10294FD0202945D040293BD0AB
:10064000802931D008E0B1F5007F1BD0B1F5806F73
:100650000FD0B1F5006F03D04FF0FF321046704756
:100660004FF46E638381214B8360214B21494360AA
:1006700039E04FF4E16383811F4B83601F4B2049B6
:10068000436030E04FF4E07383811E4B83601E4B68
:100690001E49436027E04FF4DC7383811C4B836069
:1006A0001C4B1D4943601EE0D02383811B4B83609C
:1006B0001B4B1C49436016E0382383811A4B83602F
:1006C0001A4B1B4943600EE030238381194B836032
:1006D000194B1A49436006E014238381184B836049
:1006E000184B194943604161B8E700001C9F04089A
:1006F000844704085CFC04080C910408842704085F
:100700005CDC04088C8D0408841704085CCC0408A5
:100710001C8A0408840F04085CC404087C8804084C
:10072000840B04085CC004080C88040884090408CD
:100730005CBE0408AC870408840804085CBD040897
:100740008487040804080408DCBC0408F0B44F1EC5
:10075000002490ED000ABE08254600F1040C2ED0BE
:10076000DCED000A9CED011A0CF10800B4EEE00A81
:10077000F1EE10FA3CBF651CB0EE600AB4EEC10A9F
:10078000F1EE10FA3CBFA51CB0EE410AD0ED000A14
:1007900090ED011A00F1080CB4EEE00AF1EE10FA47
:1007A0003CBFE51CB0EE600AB4EEC10AF1EE10FAEF
:1007B0003CBF251DB0EE410A241D761ED0D117F096
:1007C000030018D0B0F1004F044619D20028C8BF6A
:1007D000002610DDDCED000AF4EEC00AF1EE10FA9E
:1007E00003DD8D192D1AB0EE600A641E06F10106B4
:1007F0000CF1040CEED182ED000A1D60F0BC7047D4
:10080000FCEC010AB4EEE00AF1EE10FA3CBF0D1A5E
:10081000B0EE600A401EF3D1EDE700009FED3A1AFA
:100820008B084DF8044DB0EE410A1DD0B3F1004FD6
:100830004DD2002BC4BF84461C4615DDDCED002ADA
:100840009CED012ADCED021A02EEA20ADCED030A9D
:10085000641E0CF1100C02EE020A01EEA10A00EE79
:10086000A00AEBD100EB031011F003031BD0B3F18E
:10087000004F42D2002B16DD13F0010FA0F104004F
:1008800004D0D0ED010A001D00EEA00A5B080AD0DA
:10089000D0ED011AD0ED020A083001EEA10A5B1E6C
:1008A00000EEA00AF4D100EE901AF8EE601AC0EE45
:1008B000210AF5EEC00AF1EE10FAA6BFB1EEE00A89
:1008C00082ED000A82ED001A5DF8044B7047D0ED0E
:1008D000000A00EEA00AD0ED010A08305B1E00EE0F
:1008E000A00AD0ED000A00EEA00AD0ED010A00F146
:1008F000080000EEA00AEAD1B6E7F0EC010A5B1EA0
:1009000000EEA00AF9D1CEE7000000002DE9F04783
:10091000064688462DED088B0088D6F804C04508A9
:1009200001EB8004AB08274601EB850004EB850250
:100930007ED000BF91ED001AD4ED001AD1ED013A3E
:10094000D4ED01BAD1ED025A94ED022A91ED030AD9
:10095000D4ED032AD0ED034AD2ED030A71EE217AD9
:10096000D0ED006A90ED013A90ED025A92ED007AD6
:1009700092ED016A92ED024A33EEAB8A75EE828AFD
:1009800030EE229AC1ED007A76EE879A81ED018AE7
:1009900033EE06AAC1ED028A75EE04AA81ED039A30
:1009A00034EEA0BAC0ED009A80ED01AAC0ED02AA13
:1009B00070EE622A80ED03BA71EE611A9CED000AB6
:1009C00073EEEB3A70EEE44ADCED010A34EE454A90
:1009D00035EEC22A21EE805A63EE805A63EEA03AC9
:1009E00037EE661A36EE433A61EEA01A35EE236A08
:1009F00061EE203A23EE005A63EE200A21EE000A4F
:100A000075EEE11A84ED006A33EEC51AC4ED011AE1
:100A100030EE800A82ED001A0CF1080A82ED010A1C
:100A20005B1E9AED000A04F1080402F1080900E0D7
:100A30002DE0DAED010A22EE001A62EE801A62EE73
:100A4000A02A22EE202A0AF1080C00F1100031EE53
:100A5000223A24EE201A64EE802A64EEA00A24EEE4
:100A6000000A71EEC21A84ED003A31EE621AC4ED4A
:100A7000011A30EE800A89ED001A04F1080489EDAC
:100A8000010A01F1100109F108027FF453AF726805
:100A900002232946404600F0E1FA726829463846AA
:100AA0000223BDEC088BBDE8F04700F0D7BA2DE972
:100AB000F34F04244FF0060B2DED0A8B87B01198ED
:100AC000DDF844C0D1ED003A0088DCF804C04608E7
:100AD0000CF1080901EB860202EB8600D2ED000A58
:100AE00090ED002A00EB86031D1F93ED000A019490
:100AF00005EB860473EE821A0492760805910CF1D8
:100B00001008D1ED014A30EEA11A90ED014A93EDA3
:100B1000013A33EEC22A71EE002A92ED011A74EE08
:100B2000C43AC1ED002A74EE842A009601F1040152
:100B300092ED015A71EE024A31EEE06A72EEC11A8C
:100B400032EE412A35EE225A93ED014A74EEC32A61
:100B500071EEC31A32EE032A73EEE05A35EE043A10
:100B60000CF1180703900293A6F1020C70EEA33A61
:100B700081ED003A161F35EE801AC2ED002A02F10F
:100B8000040E76EE400A8EED001A01F10402C0ED6B
:100B9000000A00F104015FEA5C0AA0F1040CC1ED57
:100BA000001A0EF1040033EEC00A83ED002A03F1AF
:100BB000040E01F104038EED000A0EF1040100F0B1
:100BC000078100BFD2ED007AD3ED006AD0ED002A94
:100BD00091ED002A37EEA61AD2ED010A90ED016AD6
:100BE000D1ED015A32EE810A31EE629A77EEE66A71
:100BF00070EE021A93ED010A76EE267AC2ED001A23
:100C000030EE805AD0ED011A91ED013A71EE851A5D
:100C100075EE469A71EE831AC2ED011AD6ED003ACE
:100C2000D5ED004ADCED001A94ED001A33EEA47AFB
:100C300016ED01AA55ED018A14ED014A31EE873A0D
:100C40003AEE285A33EE018A1CED013A86ED008A0D
:100C50005CED01AA37EEE58A7AEE857A54ED01AAB9
:100C600077EEAABA70EEC07A71EEC1AA46ED01BA6B
:100C7000D9ED010A37EEE20A72EEA77A7AEE682A17
:100C800030EE02BA99ED000A7AEEA28A68EE00BA56
:100C90002BEE20CA2BEE00BA28EE208A28EE80AA7E
:100CA0007BEE8CBA3BEE488AC0ED00BA80ED018A3B
:100CB00033EEE48A38EE438A38EE048A28EE20BA0E
:100CC00068EEA00A28EE000A39EE428A3BEE4AAAF4
:100CD00079EEE58A30EE800A8CED00AA0CED010A6F
:100CE00037EE610A30EE417A98ED000A28EE009A5C
:100CF000D8ED010A35EE435AB1EE47AA68EEA09A44
:100D000068EE808A28EE208A35EE445A79EE299AD8
:100D10002AEE009A38EEC88AC3ED009A25EE000A42
:100D200083ED018A25EE208A67EE200A37EEC22A7B
:100D300034EE433A39EE488A30EEC00A31EEC11A39
:100D400085ED008A05ED010A36EEC60AD7ED010AE7
:100D500031EE621A083030EE255A97ED000A22EE85
:100D6000206A083265EE005A22EE002A25EE205A4B
:100D700061EE001A75EE865A083332EE452AC1ED4F
:100D8000005A083D81ED012A33EEE42A0831083E7D
:100D900009F1080933EE422AACF1080C07EB8B0786
:100DA00022EE203A61EE200A22EE000A73EE611A6A
:100DB00030EE800AC4ED001A04ED010ADDF804E00B
:100DC000083CBAF1010A08EB8E087FF4FBAE00BFC5
:100DD00092ED001A93ED000A92ED013A71EE000ACD
:100DE00071EE402A90ED000A30EE201A70EEC01A23
:100DF000D1ED000A71EE203A31EEE01AD3ED011A7E
:100E000033EE212A73EE611A31EEC03A30EE210A38
:100E100073EE201A30EE603A90ED010A70EE220A6D
:100E200032EEC04AD1ED012AC2ED003AD0ED013ACE
:100E300032EE400A70EEE20A33EE822AD1ED013A38
:100E400030EE620A74EE222A32EE232A82ED012A63
:100E500099ED002AD9ED013A20EE824A60EEA30A0C
:100E600061EEA33A61EE821A34EE232A71EEE00AB3
:100E700080ED002AC0ED010AD8ED010AD8ED001A74
:100E800020EE202A61EE213A20EE210A61EE200AAE
:100E900033EE821A30EE600A83ED001A83ED010A08
:100EA00097ED000AD7ED010A042362EE801A23EEC3
:100EB000201A23EE000A62EEA00A31EE811A30EE0B
:100EC000600A81ED001A81ED010A119800994268CB
:100ED000059800F0C3F8119804230099426804981B
:100EE00000F0BCF81198042300994268039800F0C0
:100EF000B5F81198042300994268029807B0BDEC38
:100F00000A8B02B0BDE8F04F00F0A8B82DE9F0411F
:100F10000488012A984617460D46064621D1281D09
:100F2000FCB114F0010FA0F1080106D091ED020A06
:100F3000B1EE400A81ED020A08315FEA540C10D08C
:100F400091ED020AD1ED040ABCF1010CB1EE400AA8
:100F5000F1EE600A81ED020AC1ED040A01F110010F
:100F6000EED1B4F5807F1BD008DC102C13D0202CE0
:100F700016D0402C19D0802C0DD01CE0B4F5007F89
:100F800013D0B4F5806F06D0B4F5006F08D0B4F577
:100F9000805F0AD00FE029463046FFF7B7FC0AE031
:100FA00029463046FFF783FD05E07268012321469C
:100FB000284600F053F8B8F1000F04D0B189284654
:100FC000B268FFF769F9012F18BFBDE8F08100EEA4
:100FD000104AF7EE000A002CB8EE401A80EE810AA3
:100FE00008BFBDE8F08114F0010FA5F108000ED094
:100FF000D0ED030A90ED021AF1EE600A21EE001A1C
:1010000060EE800A80ED021AC0ED030A0830610824
:1010100008BFBDE8F08100BF90ED031AD0ED021AC1
:10102000D0ED050A90ED042AB1EE411A61EE801A66
:10103000F1EE600A22EE002A21EE001A60EE800A2C
:10104000C0ED021A80ED042A80ED031AC0ED050AF6
:10105000491E00F11000DFD1BDE8F0812DE9FF4FFE
:101060002DED108B82B09FEDFE0A0B464FF0000C69
:101070009E46DB080CEB0304E51800EBC408EC18F3
:1010800004EB030600EBC50906EB030500EBCC07F8
:1010900000EBC60605EB030AD6ED000AD7ED002AE1
:1010A0000AEB030B00EBC50532EEA01A00EBCA0AEF
:1010B00072EEE00A95ED002ADAED004AD8ED002A3A
:1010C00099ED005A00EBCB0B00EBC404DBED001AEA
:1010D00094ED003A32EE824A75EE243A72EEC22A5C
:1010E00033EE212A33EE613A71EE631A71EE233A40
:1010F00034EE421A34EE022A32EEC38A72EE832AAA
:1011000035EE645A33EE823A33EEC22A62EE806ADA
:1011100087ED003A86ED002AD8ED017A95ED014A77
:1011200097ED017A96ED013AD9ED013A9AED012A4F
:10113000D4ED018ADBED014A77EE845A37EEC44ADA
:1011400037EE036A78EEA42A73EE827A73EEC23A1F
:1011500035EE662A37EE433A75EE266A36EE677A42
:1011600036EE275A78EEE44A35EEE26A75EEA25A78
:10117000F44474EE648A74EE242A75EE257A35EE12
:10118000655A71EE865A62EE802A28EE004A68EEB1
:10119000804A31EEC66A8C4537EE418A37EE017AD5
:1011A00030EEC41A70EE841A73EE640A33EE244AE9
:1011B00033EEE23A73EEA22AC7ED017A86ED015AC8
:1011C000C9ED005A71EEA23A71EEE21A8AED006A98
:1011D00089ED018A71EE032A8AED017A31EE431A14
:1011E000C8ED003A34EE663ACBED001A34EE264AEA
:1011F000C5ED002A70EEC24A84ED001A70EE820A34
:1012000088ED013A8BED014AC5ED014AC4ED010AB2
:10121000FFF430AF082B3FBF02B0BDEC108B04B021
:10122000BDE8F08F4FF0000CCDF804C04FF0010C7A
:10123000CDF800C0DDF804C0159C64440194DDF8CD
:1012400000C065002E1902EBC40702EBC508351972
:1012500097ED00FA97ED019A98ED00CAD8ED018A52
:1012600002EBC60702EBC5082E1935192C4402EB18
:10127000C60602EBC50502EBC404D7ED00BA97ED34
:10128000018A98ED00BAD8ED017AD6ED00AA96ED64
:10129000017A95ED00AAD5ED016AD4ED009A94ED9E
:1012A000016A00BF0CEB0304E51800EBC409EC185D
:1012B00004EB030808EB030700EBCC0A00EBC506C0
:1012C00000EBC80807EB030598ED001ADAED000AF9
:1012D00000EBC70705EB030B30EE814A30EEC11A75
:1012E000D7ED002AD9ED000A00EBCB0B00EBC505CA
:1012F00030EEA23A00EBC40470EEE20A9BED002A45
:10130000D5ED001AD6ED002A94ED005AF44472EEA1
:10131000A14A75EE023A35EE422A72EEE11A74EEF7
:10132000642A33EE635A34EE244A33EE233A70EEE5
:10133000823A70EEC2EA8C4534EE032A74EE430A18
:1013400023EE804A8AED002A9AED013A98ED012AAF
:101350006BEE20FA27EEA0DA73EE020A33EE423A81
:1013600031EEC42A71EE841AD9ED013A97ED014AA3
:10137000D6ED015AD4ED01DA73EE84CA73EEC43AA5
:1013800095ED014A75EE844A35EEC44A30EEE4EA42
:1013900070EEA45ADBED014A7DEEA40A7DEEE44A2C
:1013A0007CEEE0DA7CEEA0CA72EEAD0A72EEED2AB7
:1013B00075EEACDA75EEEC5ACAED01DA67EEA5DA35
:1013C0006BEE25CA7EEE455A3EEE055A7FEEADDA4B
:1013D0007CEECDCA28EEA5EAC8ED00DA6CEE20DA84
:1013E000C8ED01CA6CEE255A68EEA00A73EEE4CA95
:1013F00073EEA43A7DEE8EDA75EEE04A6CEE80CAAA
:101400002AEE22EA66EEA25A63EE803AC6ED00DAD0
:1014100073EE6C2A2EEE80DA33EE2C3AC6ED014ADA
:1014200066EE85FA74EE634A74EE233A2AEE055AA4
:1014300071EE4D0A33EE614A31EE0D1A3EEE2FEA9F
:1014400073EE211A32EEC23A75EE655A72EE822AB6
:1014500085ED00EA31EE232A29EE045A02E000006D
:10146000F304353F31EE631A70EEA43A70EEE40AED
:101470006FEE024AC5ED015A66EE215A2FEE044A7C
:1014800034EE855A69EE814A29EE022A69EEA11AE4
:1014900026EE011A74EEA55A34EE422A67EE034A8C
:1014A00071EEC11A2AEE831A27EE233A2AEEA34AD6
:1014B00089ED005A89ED012A6BEEA03A28EE222A26
:1014C00031EE433A2BEEA21A68EE200A34EE244A9B
:1014D000CBED005ACBED011A73EE821A71EE600A61
:1014E00087ED004A87ED013AC4ED001AC4ED010A08
:1014F000FFF4D8AEDDF800C00CF1010CCDF800C04F
:1015000063453FF697AE159C4FF6FF7C072B0CEA20
:10151000C40CCDF854C03FF6A9AD02B0BDEC108BA1
:1015200004B0BDE8F08F2DE9F05F0546002092463B
:101530009B4688460646814640241BE02846414695
:101540004746224600F08FF853465A46C01A91414A
:1015500010D311461846224600F076F82D1A67EB94
:1015600001084F4622460120002100F06DF817EBDC
:1015700000094E41201EA4F10104DFDC484631463B
:101580002A464346BDE8F09F40EA01039B0703D08B
:1015900009E008C9121F08C0042AFAD203E011F8B2
:1015A000013B00F8013B521EF9D27047D2B201E074
:1015B00000F8012B491EFBD270470022F6E710B558
:1015C00013460A4604461946FFF7F0FF204610BDB1
:1015D00030B505462A460B4612F8010B13F8014BAD
:1015E00008B1A042F8D01CB1002802D06D1CF1E770
:1015F000284630BD421C10F8011B0029FBD1801A7F
:10160000704730B504460020034600E05B1C93425F
:1016100003D2E05CCD5C401BF8D030BD30B50B464A
:10162000014600202022012409E021FA02F59D4212
:1016300005D303FA02F5491B04FA02F52844151EE6
:10164000A2F10102F1DC30BD202A04DB203A00FACD
:1016500002F1002070479140C2F1200320FA03F309
:10166000194390407047202A04DB203A21FA02F007
:101670000021704721FA02F3D040C2F120029140CC
:101680000843194670472DE9FE4F804681EA030062
:10169000C00F0C46009021F0004123F00045B8EB4C
:1016A0000200A94105D24046214690461C460B4601
:1016B000024623F00040104347D0270DC7F30A002D
:1016C000C3F30A510290401A019040286BDAC3F329
:1016D000130040F4801B0098924620B10023D2EB07
:1016E000030A63EB0B0B01985946C0F140025046C8
:1016F000FFF7AAFF06460D4650465946019A00F0EC
:101700008DF910EB08006141002487EA115284EA48
:10171000E7731A4340D0009A62B3019A012A4FEA54
:10172000075215DC001B61EB02014FF0004202EA98
:101730000752CDE90042001C41F5801132462B468C
:1017400000F08DF903B0BDE8F08F40462146F9E77F
:10175000001B61EB0201001C41F5801300185B4186
:101760002018A2F5001747EB030140EAD570B6191F
:101770006D4111E06D084FEA360645EAC0754FEA43
:101780000752001B61EB0201001C41F58011490862
:101790004FEA30000019514132462B4603B0BDE8F4
:1017A000F04F00F04DB90098012240000023D0EB2B
:1017B000020263EBE073009821464FEAE074B8EB55
:1017C000000061EB0401E9E783F000435BE781F08F
:1017D000004158E72DE9FE4F81EA030404F000447C
:1017E00021F0004100944FF0000B23F0004350EA39
:1017F00001045ED052EA03045BD0C3F30A54C1F380
:101800000A552C44A4F2F3340194A0FB0254C1F312
:10181000130141F48011C3F3130343F4801301FB5C
:10182000024400FB034E840A970A44EA815447EAC3
:101830008357A4FB076802958D0A05FB07854FEACD
:10184000932C04FB0C542705029D4FEA065847EAE7
:101850001637B5EB08056EEB070C870E920E47EABC
:10186000811742EA8312A7FB0201B6EB0B0164EB7E
:1018700000042B0D43EA0C335E1844EB1C50DA468F
:101880005146E7FB0201C5F313044FEA0B3343EA69
:1018900014534FEA0432019C43EA0603A4F10C04FA
:1018A0000294009CCDE900B400F0D9F803B0BDE883
:1018B000F08F00200146F9E72DE9F04D81EA03049D
:1018C00004F0004B21F0004514464FF0000A23F0CD
:1018D000004150EA050220D054EA01021DD0C5F3B0
:1018E0000A570246C5F31303C1F31300C1F30A56A6
:1018F00040F4801543F48013A7EB0608101BD6466E
:1019000008F2FD3873EB050002D308F1010801E08D
:1019100092185B41B8F1000F03DA00200146BDE8E0
:10192000F08D00204FF48011064684460EE0171B10
:1019300073EB050705D3121B63EB050306434CEA63
:10194000010C49084FEA300092185B4150EA010748
:10195000EDD152EA030012D082EA040083EA0501C5
:10196000084305D0101BAB4106D20122002306E03C
:1019700000224FF0004302E06FF0010253101AEB17
:1019800006004CEB085110EB0A0041EB0B01BDE8DF
:10199000F04D00F055B8C1F30A52C1F3130140F203
:1019A000FF3341F480119A4202DA00200146704769
:1019B00040F233439A42A2F2334202DC5242FFF732
:1019C00052BEFFF741BE000030B5041E71F10004A5
:1019D00004DB4FF00044404264EB0101141E73F13C
:1019E000000405DB1C464FF00043524263EB040346
:1019F000994208BF904230BD064C074D06E0E068B2
:101A000040F0010394E8070098471034AC42F6D345
:101A1000FEF7A6FCDC420508FC420508202A06DB8E
:101A2000CB17203A41FA02F043EAE07306E041FAAC
:101A300002F3D040C2F1200291400843194670479A
:101A400010B5141E73F1000408DA401C41F10001C6
:101A500092185B411A4301D120F0010010BD2DE91D
:101A6000F04D92469B4611B1B1FA81F202E0B0FA14
:101A700080F220329046FFF7E7FD04460F4640EA29
:101A80000A0041EA0B0153465A46084313D0114657
:101A900053EA010019D0C8F140025046FFF7E3FDB8
:101AA00005460E46504659464246FFF7CDFD0843CF
:101AB00005D0012004E020463946BDE8F08D002025
:101AC000054346EAE0762C4337430A986305E40A67
:101AD000A0EB08000022FD0A44EA47540A3002D570
:101AE00000200146E9E7010510196941DDE90845D3
:101AF00000196941BDE8F04DA2E770B58C1810F8E7
:101B0000015B15F0070301D110F8013B2A1106D142
:101B100010F8012B03E010F8016B01F8016B5B1E5C
:101B2000F9D12B0705D40023521E0DD401F8013B37
:101B3000FAE710F8013BCB1A921C03E013F8015BA3
:101B400001F8015B521EF9D5A142D8D3002070BD27
:101B500010B50124A103034801F08AFF00B100245D
:101B6000204610BD0008025810B504462146024820
:101B700004F0E8FC10BD0000C010002010B50448BF
:101B800004F0F3FC042801D0012010BD0020FCE784
:101B9000C010002010B5002400F014F8012801D076
:101BA000022010BD064804F051FD044634B94FF43C
:101BB0008041034804F07AFB00B101242046F0E79D
:101BC000C010002008B501200090FFF7C1FF08B940
:101BD000002000909DF8000008BD00002DE9F843AA
:101BE00004460D4616461F464FF0000833462A4667
:101BF00021460548009704F05DFE08B14FF001084A
:101C00004046BDE8F8830000C01000202DE9F843ED
:101C100004460D4616461F464FF0000833462A4636
:101C200021460548009704F073FF08B14FF0010802
:101C30004046BDE8F8830000C010002000BFFEE76A
:101C400070B50446A56B284601F0ACF80120287158
:101C500070BD70B50446A56B284600F0D5FF012085
:101C6000287170BD70B50546AC6B206940F004006A
:101C70002061204601F098F80120207170BD70B5F8
:101C80000546AC6B206940F004002061204600F05E
:101C9000BDFF0120207170BD70B50446A56B2846BC
:101CA00001F081F870BD70B50446A56B284600F0C0
:101CB000ACFF70BD10B53448006800F02000B0B132
:101CC00020203149083108602F481030006800F4A6
:101CD000002060B906F06AFC06F062FC2B48007830
:101CE00010B9002016F0C4F90020294908602648E0
:101CF000006800F01000002845D01020224908316B
:101D0000086021481030006800F40020B8BB1F486C
:101D1000007830B9012016F0ABF902201C490860A8
:101D200031E01A48007801282DD1194800680328AD
:101D300026D006F03BFC1748006920F00100154949
:101D400008610846806A20F0010088620E48103061
:101D5000006820F001000C49103108600A48283062
:101D6000006820F00100084928310860002012F0C6
:101D700037F9012016F07CF901200549086002E0DE
:101D800002200349086010BD0004024074090020CD
:101D900070090020000002400146374A086890425E
:101DA00049D0354A18320868904244D0324A30321D
:101DB000086890423FD0304A4832086890423AD092
:101DC0002D4A60320868904235D02B4A7832086834
:101DD000904230D0284A9032086890422BD0264A50
:101DE000A8320868904226D0244A0868904222D03F
:101DF000224A1832086890421DD0204A30320868C2
:101E0000904218D01D4A48320868904213D01B4AAD
:101E10006032086890420ED0184A783208689042C2
:101E200009D0164A90320868904204D0134AA8326A
:101E30000868904201D1012000E00020B0B10A788A
:101E4000103A1823B2FBF3F000F007020C4B9A5C37
:101E5000CA65032805D90A686FF30902121D8A654D
:101E600003E00A686FF309028A6503E0086820F05E
:101E7000FF008865886D7047100002401004024022
:101E800050A9030810B502682B4C0368A34222D066
:101E9000294C14340368A3421DD0274C283403680E
:101EA000A34218D0244C3C340368A34213D0224CE4
:101EB00050340368A3420ED01F4C64340368A3421D
:101EC00009D01D4C78340368A34204D01A4C8C34DA
:101ED0000368A34201D1012300E000238BB1037802
:101EE000083B1424B3FBF4F1144B03EB81030366AA
:101EF000124B8033436601F01F040123A340836625
:101F000018E00378103B1824B3FBF4F10C4B9A4211
:101F100004D80B4BA83B9A4200D30831094B03EB82
:101F200081030366074B8033436601F01F040123DE
:101F3000A340836610BD00000854025800580258A0
:101F4000B8040240000802400179A9B3082940D82A
:101F5000204B02689A4222D01E4B143302689A42E8
:101F60001DD01C4B283302689A4218D0194B3C33C1
:101F700002689A4213D0174B503302689A420ED02F
:101F8000144B643302689A4209D0124B78330268CA
:101F90009A4204D00F4B8C3302689A4201D101223D
:101FA00000E000224AB14A1E0B4B03EB8202C266DC
:101FB000094A4032026708E00BE04A1E074B03EB78
:101FC0008202C266054A403202674A1E01239340DC
:101FD00043677047085402580059025800090240EC
:101FE000014600208A69D2B98A6A32B1012A0DD02D
:101FF000022A03D0032A10D10EE000BFCA6A02F001
:102000008072B2F1807F00D1012007E0CA6AB2F18C
:10201000C07F00D1012001E000E000BF36E08A6906
:10202000B2F5005F1BD18A6A32B1012A07D0022AB9
:1020300003D0032A11D10AE000BF01200EE0CA6AD2
:1020400002F08072B2F1807F00D1012006E0CA6AFE
:10205000B2F1C07F00D1012000E000BF16E08A6A23
:1020600032B1012A05D0022A04D0032A0CD103E0A0
:1020700000BF00BF012008E0CA6A02F08072B2F11E
:10208000807F00D1012000E000BF00BF704700004A
:10209000F0B5846D856DD0E919767E60C66E16B197
:1020A000D0E91C767E60574F0668BE4249D0554F36
:1020B00018370668BE4244D0524F30370668BE42D9
:1020C0003FD0504F48370668BE423AD04D4F603738
:1020D0000668BE4235D04B4F78370668BE4230D0D6
:1020E000484F90370668BE422BD0464FA837066847
:1020F000BE4226D0444F0668BE4222D0424F183717
:102100000668BE421DD0404F30370668BE4218D028
:102110003D4F48370668BE4213D03B4F60370668D4
:10212000BE420ED0384F78370668BE4209D0364FCF
:1021300090370668BE4204D0334FA8370668BE42C7
:1021400001D1012600E00026DEB190F85C6006F0C7
:102150001F073F26BE40A6600668366826F4802624
:1021600007683E60066873608668402E04D1066882
:10217000B2600668F16044E00668B1600668F2602B
:102180003FE0224F0668BE4222D0204F1437066837
:10219000BE421DD01D4F28370668BE4218D01B4FC7
:1021A0003C370668BE4213D0184F50370668BE420F
:1021B0000ED0164F64370668BE4209D0134F7837E9
:1021C0000668BE4204D0114F8C370668BE4201D16A
:1021D000012600E00026A6B190F85C6006F01F071B
:1021E0000126BE406E60066873608668402E04D18A
:1021F0000668B2600668F16003E00668B1600668D0
:10220000F260F0BD10000240100402400854025871
:10221000704710B5012001F019FB10BD10B54FF447
:10222000004001F013FB10BD704730B504460D4669
:1022300000222946204600F001F830BDF0B50346E3
:10224000012500241148807B02281CDA00200F4E53
:10225000B67B0E4FB8553846867B001D40F82630B9
:10226000001F867B0C3082553E46B07B461CBE73F9
:10227000044604F1300008703A2048702F2088701E
:102280000020C87000252846F0BD0000480B012042
:1022900010B501F0010393B1174BDB6823F4E6633B
:1022A000154CE36042F0040343EA0023E46823434F
:1022B000114CE3602346DB6843F08003E36001F0E8
:1022C0000203022B17D10D4B1B6823F4E6630A4C63
:1022D000C4F80C3142F0040343EA0023D4F80C4163
:1022E0002343054CC4F80C312346D3F80C3143F09A
:1022F0008003C4F80C3110BD002000520C210052A4
:102300002DE9F04107460E4601F0D0FB8046012E34
:1023100001D1042400E0344C0BE0781C48B101F0FA
:10232000C5FBA0EB0800B84200D817B90320BDE8F0
:10233000F0812E482040A04208D12D48006920405D
:10234000A04201D101200DE000200BE029480068E7
:1023500024F00041084024F00041884201D10120CE
:1023600000E000200028D8D1012E05D120480069C6
:10237000214900EA010505E01E4800681F490840A0
:1023800040F0004525F0004090B11D488069284389
:102390001B49886115482840A84202D1144845616C
:1023A00004E025F000401349091D08600120BEE744
:1023B000012E0AD10E48006900F48030B0F5803F4C
:1023C0000FD130040A4948610BE00A48006800F464
:1023D0008030B0F5803F04D14FF480300549091DAD
:1023E00008600020A3E70000040000800F00EF1F3A
:1023F00000200052102100520000EE170000EE975E
:10240000501000202DE9F04106460F46154605F014
:102410003DFA702005F0FCF905F08CFAF0B205F0F9
:10242000F7F905F087FA05F031FA712005F0F0F9B7
:1024300005F080FA00240AE0691EA14201D00121C2
:1024400000E00021084605F0ADF93855641CAC42A7
:10245000F2DB05F045FABDE8F08100002DE9FC4112
:102460000746002000900EF057FE012801D1BDE87C
:10247000FC8101200EF056FEFC480068401CFB4920
:102480000860084600680521B0FBF1F201FB12006C
:1024900020B1F6480068B0F57A7F7DD2F448007824
:1024A00028B9012269460220FFF7ACFF06E00123AC
:1024B0006A4648F24E11282000F0D6FA00200EF0AD
:1024C00031FEEB480078D0B99DF8000000F00F0015
:1024D00090B19DF8000000F00F0006280CDA9DF87E
:1024E000000000F00F01FF208840C6B2F043C0B2E8
:1024F00040F0C000009026E00020009023E09DF80E
:10250000000000F08000E0B19DF8000000F00F0036
:1025100048B19DF8000000F00F01FF208840C04343
:10252000C0B200900FE0D248007801280BD1002003
:10253000009001236A4648F24E11282000F014FB57
:1025400001E0002000909DF80000002879D00025CF
:102550004CE10120A8409DF800100840002871D0EF
:10256000C348007838B9C34931F81500042201A9DD
:10257000FFF748FF07E0C04830F81510042301AA10
:10258000282000F071FABA48007801280AD100200A
:10259000009001236A4600E0A9E148F24E1128208C
:1025A00000F0E2FA00200EF0BDFDB44800780528E6
:1025B00016D19DF805009DF8041001F00F0100EB05
:1025C0000120AF4921F815009DF807009DF806107D
:1025D00001F00F0100EB0120AA4921F8150039E0B4
:1025E000A648007807282ED1A1480078B0B99DF8F8
:1025F00007009DF8061001F00F0100EB0120A04933
:1026000021F815009DF805009DF8041001F00F0158
:1026100000EB01209B4921F815001BE09DF8040008
:102620009DF8051000EB0120954921F815009DF853
:1026300006009DF8071000EB0120924921F81500D3
:1026400008E0D7E0D1E000208D4921F815008D4940
:1026500021F815008A4830F81500B0F5487F05DCF0
:10266000884830F81500B0F5F07F0DDD804800781F
:10267000012808D10020009001236A4648F24E113B
:10268000282000F071FAF2E67F480068401C7E497D
:10269000086000207D4908607D48007802280CD041
:1026A0007B480078032809D1774800680A2804D9B4
:1026B000744931F8150018F03FF890E0754800882B
:1026C0004FF6FF71884271D16D4800887249734A94
:1026D000128821F812006B48008871496F4A1288ED
:1026E00021F812006D480088401C6C49088008469B
:1026F0000088142801DB002008806A48006818B9A7
:102700000EF01EFD674908605E4A11885C4A108819
:1027100017F06CFB0446601C00285ED00A2C10DB0E
:102720000D2C0EDCA4F10A0101EB810202EBC101C8
:102730005D4A02EB8100012116F079F955490C80C0
:102740004BE00E2C0ADB132C08DCA4F10E01C8B2FE
:10275000012116F0E9FA4F490C803EE0142C0EDB03
:102760001A2C0CDC162C38D0192C36D0A4F11401FC
:10277000C8B2012116F0EEFA46490C802DE014BBD8
:1027800044490C80454802884549434817F07AFE81
:10279000464908600846006848B9404802884049F0
:1027A0003D4817F0BDFE4149086016E016E03F487D
:1027B0000068012808D1394802883949364817F09D
:1027C0005FFF3A49086008E03448028834493248DB
:1027D00017F0A6FE3549086000BF00E000BF0120E9
:1027E000334908700020214908606D1C012DFFF657
:1027F000B0AE7CE01E480078012809D1234800686B
:10280000401C2249086008460068022800D22EE6D3
:1028100000200EF087FC26480078012855D116F0DC
:10282000A7FB16F085FB16F0C3FB17F0D5FC194883
:1028300000884FF6FF7188423CD01648008830B1BE
:10284000144908780022114617F0CEFC09E00E4822
:102850000068012805D90C480068102801D216F03C
:102860002BF94FF6FF700B4908802EE098080020E6
:102870005D08002068AB030872AB03085C08002009
:102880007C13002086130020740800208408002098
:102890006A0800207C0800209013002068080020AF
:1028A000B813002078080020183B00208008002082
:1028B0006608002013F018F910B113F00BF804E0CB
:1028C00013F034FB08B113F0F1FD00200A49087041
:1028D0000A4908800A4908700A4908700A490860CC
:1028E0000A4908600A480068401C0949086000203D
:1028F0000EF018FC00BFBAE566080020680800204A
:102900006A0800205E080020740800207808002073
:10291000840800202DE9F04105460E4617464FF089
:10292000000804F0B3FF702004F072FF05F002F815
:10293000E8B204F06DFF04F0FDFF00240AE0305D12
:1029400004F066FF04F0F6FF8046B8F1000F00D0F7
:1029500002E0641CBC42F2DB00BF04F0C1FF404651
:10296000BDE8F08100B58BB000BF3C48006840F086
:1029700001003A4908600846006800F00100019033
:1029800000BF00BF00BF0846006840F002000860BA
:102990000846006800F00200019000BF00BF00BFC1
:1029A0000846006840F0040008600846006800F02F
:1029B0000400019000BF00BF00200A90142105A868
:1029C000FEF7FBFD01220421254801F062F80420F6
:1029D00005900120069007900020089005A9204846
:1029E00000F042FF2020059005A91E4800F03CFFA2
:1029F000002220211B4801F04CF841F2883009F0F8
:102A0000F9FC01222021174801F043F80B2302AA08
:102A100048F24011282000F027F801230AAA48F2C2
:102A20004701282000F020F89DF82800602802DAED
:102A3000012000F06FF80420059000200690079018
:102A4000089005A9064800F00FFF9DF808003928F6
:102A500002D101200BB000BD0020FBE7E04402588A
:102A600000040258000802582DE9F04706460F46B8
:102A700090469946142400BF04F008FF06F0FE00BB
:102A800004F0C6FE04F056FF21490870084600789D
:102A900008B1641E27E0381204F0BAFE04F04AFFC1
:102AA0001B4908700846007808B1641E1BE0F8B2A4
:102AB00004F0AEFE04F03EFF1549087008460078A9
:102AC00008B1641E0FE004F0E1FE46F0010004F0DE
:102AD0009FFE04F02FFF0E4908700846007808B1E9
:102AE000641E00E000BF0A48007808B1002CC3D182
:102AF000002506E0012004F055FE08F80500681CDA
:102B0000C5B24D45F6DB04F0EBFEBDE8F0870000F2
:102B10005609002070B505460020124981F8B8001A
:102B200000240AE00F4890F8B8000E49095D0844F7
:102B30000C4981F8B800601CC4B2B82CF2DB09481B
:102B400090F8B800C043401C064981F8B800084618
:102B500080F8B950BA23024648F24701282000F015
:102B600003F870BD9C0800202DE9F04707460D468C
:102B700090469946142400BF04F088FE07F0FE003A
:102B800004F046FE04F0D6FE1E49087008460078A0
:102B900008B1641E2CE0281204F03AFE04F0CAFECC
:102BA000184908700846007808B1641E20E0E8B2B1
:102BB00004F02EFE04F0BEFE1249087008460078AC
:102BC00008B1641E14E000260DE018F8060004F0B9
:102BD0001FFE04F0AFFE0B4908700846007800B1F4
:102BE00003E0701CC6B24E45EFDB00BF641E00BFA1
:102BF0000448007808B1002CBED104F071FEBDE895
:102C0000F0870000560900207047704770470000A9
:102C10002DE9F04704460D4616464FF00009286995
:102C2000012800D100BF2868042800D100BF00BFE0
:102C30006079012802D10220BDE8F087012060718F
:102C400000BF022020712868042855D1EEB900F099
:102C50002DFF81460CE000F029FFA0EB09000128C0
:102C600006D9206940F00800206103202071E3E7C5
:102C70002068406B4A4908400028ECD1012000F050
:102C8000CFFCA8692168086419E00CE000F00EFF91
:102C9000A0EB0900012806D9206940F00800206156
:102CA00003202071C8E72068406B00F00040002836
:102CB000ECD1012000F0B4FCA869216848642068C8
:102CC000806C06F0100240F2FF319140884306F01C
:102CD0001002E96991400843216888642068C06C4B
:102CE00006F01002FF219140884306F01002296A85
:102CF000914008432168C864286901280FD12068E1
:102D0000876B06F010011F2088408743D5F8148098
:102D100006F0100008FA00F0074320688763206877
:102D2000C76B06F01001072088408743A968286810
:102D30000843E96840EA010806F0100108FA01F0CA
:102D400007432068C7632068006806F010024FF44C
:102D5000804191408843216808602068076806F038
:102D6000100140F6FE7088408743D5F8048006F0D5
:102D7000100108FA01F00743206807602068006826
:102D800006F01002C02191408843216808600120AC
:102D9000207100BF0020607100BF00BF4CE7000041
:102DA0000080002070477047704710B504460CB98A
:102DB000012010BD207920B900206071204600F06C
:102DC00008F80220207100202061012020710020DD
:102DD000EFE7704738B50446002000902068009067
:102DE00029B902F10800009D2844009004E002F196
:102DF0001400009D2844009000980360002038BD16
:102E000010B5024600BF5079012801D1022010BD43
:102E10000120507100BF022010711068006801F09D
:102E200010040123A34018431368186061B91068A7
:102E3000006800F03E00022813D11068406840F09E
:102E40000100136858600CE01068006800F4781006
:102E5000B0F5003F05D11068406840F002001368EB
:102E600058600120107100BF0020507100BF00BFEA
:102E7000CDE700002DE9F04704460D461746994678
:102E8000DDF820804FF0000A00BF6079012802D1F0
:102E90000220BDE8F0870120607100BF0220207190
:102EA00035BB3F48A168C8633E48A16808643E48F6
:102EB000A168C8642068006840F4805021680860F8
:102EC000B8F1000F06D0B8F1040F07D0B8F1080F21
:102ED0000CD107E0206800F1080A08E0206800F142
:102EE0000C0A04E0206800F1100A00E000BF26E0B0
:102EF0002E48E168C8632E48E16808642D48E168FF
:102F0000C8642068006840F0805021680860B8F10B
:102F1000000F06D0B8F1040F07D0B8F1080F0CD19C
:102F200007E0206800F1140A08E0206800F1180AA0
:102F300004E0206800F11C0A00E000BF00BF6DB98A
:102F40002068006840F40050216808604B465246F3
:102F50003946A06800F0EEF906460CE020680068EB
:102F600040F00050216808604B4652463946E06800
:102F700000F0E0F9064600BF0020607100BF4EB9C6
:102F80002068006805F01002012191400843216883
:102F9000086003E0206940F004002061304678E7D3
:102FA000411C0208991C0208651C0208531C0208F7
:102FB000A71C02087F1C02082DE9F041044600F01E
:102FC00075FD804614B90120BDE8F081D449206820
:102FD000884249D0D24918312068884244D0D0492B
:102FE0003031206888423FD0CD494831206888423E
:102FF0003AD0CB4960312068884235D0C849783111
:103000002068884230D0C6499031206888422BD051
:10301000C349A8312068884226D0C2492068884226
:1030200022D0C0491831206888421DD0BD493031B6
:103030002068884218D0BB4948312068884213D0A4
:10304000B8496031206888420ED0B649783120688E
:10305000884209D0B34990312068884204D0B149F0
:10306000A8312068884201D1012000E0002000281A
:1030700073D0606A00B100BF00BF002084F8340044
:1030800000BF022084F83500A5492068884249D055
:10309000A34918312068884244D0A14930312068C2
:1030A00088423FD09E494831206888423AD09C49A6
:1030B00060312068884235D099497831206888424B
:1030C00030D097499031206888422BD09449A8315C
:1030D0002068884226D093492068884222D09149AE
:1030E0001831206888421DD08E49303120688842CE
:1030F00018D08C4948312068884213D08949603102
:10310000206888420ED0874978312068884209D0EB
:10311000844990312068884204D08249A8312068CF
:10312000884206D12068006820F00100216808600C
:1031300005E02068006820F00100216808600DE0CB
:1031400000F0B4FCA0EB0800052807D9202060653A
:10315000032084F83500012036E745E02068006848
:1031600000F001000028EBD1206805686E4805409A
:10317000D4E9020108432169084361690843A16950
:103180000843E1690843216A08430543606A04284B
:1031900003D1D4E90B01084305432068056020688A
:1031A000456925F00705606A0543606A04280DD16A
:1031B000A06A0543E06A48B12046FEF711FF28B136
:1031C00040206065012084F83500FDE620684561F7
:1031D0002046FEF7E1FD064694F85C0000F01F0172
:1031E0003F208840B06073E050492068884222D078
:1031F0004E491431206888421DD04C49283120683E
:10320000884218D049493C312068884213D0474948
:103210005031206888420ED0444964312068884289
:1032200009D0424978312068884204D03F498C3126
:103230002068884201D1012000E00020F0B300BFE7
:10324000002084F8340000BF022084F83500206894
:10325000056837480540A068402801D1102105E0E5
:10326000A068802801D1C10100E00021E06841EAA6
:10327000D001206941EAD001606941EAD001A0692A
:1032800041EAD001E06941EAD001206A41EA101028
:1032900005432068056025492068401A1421B0FBC9
:1032A000F1F08000E0652046FEF776FD074694F8D1
:1032B0005C0000F01F010120884000E001E0786020
:1032C00006E040206065032084F8350001207BE69D
:1032D0002046FEF7D7FDA068802801D1002060605D
:1032E0002079216E0860D4E919104860606860B1E7
:1032F0006068082809D82046FEF726FE0020E16E07
:103300000860D4E91C10486003E00020E0662067F4
:10331000606700206065012084F83500002053E6D6
:1033200010000240100402403F8010FE0854025872
:103330000F00FEFF2DE9F04104460D4616461F46DC
:103340004FF0000814B90120BDE8F08100BF94F8E7
:103350003400012801D10220F6E7012084F834006E
:1033600000BF94F8350001287ED1022084F8350092
:1033700000206065A8492068884249D0A6491831D4
:103380002068884244D0A4493031206888423FD028
:10339000A1494831206888423AD09F49603120686D
:1033A000884235D09C4978312068884230D09A498B
:1033B0009031206888422BD09749A83120688842F4
:1033C00026D096492068884222D094491831206836
:1033D00088421DD0914930312068884218D08F49E9
:1033E00048312068884213D08C4960312068884277
:1033F0000ED08A4978312068884209D087499031B7
:103400002068884204D08549A8312068884206D1C6
:103410002068006820F001002168086005E020684D
:10342000006820F00100216808603B4632462946CA
:103430002046FEF72DFE7849206888424BD0764919
:1034400018312068884246D073493031206888425C
:1034500041D071494831206888423CD06E49603182
:103460002068884237D000E0C9E06B497831206895
:10347000884230D068499031206888422BD0664914
:10348000A8312068884226D064492068884222D02A
:1034900062491831206888421DD060493031206867
:1034A000884218D05D4948312068884213D05B4972
:1034B0006031206888420ED05849783120688842AF
:1034C00009D0564990312068884204D05349A83128
:1034D0002068884201D1012000E0002080B12068EE
:1034E000006820F01E0040F0160021680860206C83
:1034F000B0B12068006840F00800216808600FE063
:103500002068006820F00E0040F00A002168086082
:10351000206C28B12068006840F004002168086031
:10352000206E006800F4803028B1206E006840F4FE
:103530008070216E0860E06E28B1E06E006840F493
:103540008070E16E086034492068884249D0324971
:1035500018312068884244D02F4930312068884291
:103560003FD02D494831206888423AD02A496031FD
:103570002068884235D0284978312068884230D088
:1035800025499031206888422BD02349A8312068F2
:10359000884226D021492068884222D01F4918310C
:1035A000206888421DD01D4930312068884218D0DB
:1035B0001A4948312068884213D018496031206880
:1035C00088420ED0154978312068884209D01349C5
:1035D00090312068884204D01049A8312068884280
:1035E00006D12068006840F001002168086010E002
:1035F0002068006840F001002168086009E000BF11
:10360000002084F8340000BF4FF4006060654FF084
:103610000108404698E600001000024010040240F5
:1036200070B5044600F042FA06462546681C10B103
:1036300004480078054400BF00F038FA801BA84217
:10364000FAD370BD140000202DE9F05F83460D46CB
:103650001746A846B9464FF0080A00BF3D48007D0E
:10366000012802D10220BDE8F09F012039490875E8
:1036700000BFB5F1006F04D3B5F1016F01D2012491
:1036800000E0022400203349886121464CF250308A
:10369000FEF736FE0646002E55D1012C06D12E48E7
:1036A000C06840F002002C49C86006E02B48006862
:1036B00040F002002849C1F80C0100BF00BF00BF64
:1036C000BFF36F8F00BF00BF00BF00BF00BF00BFD0
:1036D000BFF34F8F00BF00BF00BF00BFD9F800008D
:1036E000C8F8000008F1040809F10409AAF1010072
:1036F00000F0FF0ABAF1000FF0D100BF00BF00BF19
:10370000BFF36F8F00BF00BF00BF00BF00BF00BF8F
:10371000BFF34F8F00BF00BF00BF21464CF25030B7
:10372000FEF7EEFD0646012C06D10B48C06820F0DE
:1037300002000949C86006E00848006820F002005D
:103740000549C1F80C0100BF00200249087500BFFF
:10375000304688E750100020002000520C21005213
:103760001348C06800F0010058B112481049486081
:10377000114848600846C06800F0010008B1012007
:1037800070470E48006800F0010070B109480B490D
:103790000839086008480649C1F80401074800686C
:1037A00000F0010008B10120EAE70020E8E700008E
:1037B0000020005223016745AB89EFCD0C21005258
:1037C00010B50446012C03D0B4F5004F2DD100BF35
:1037D0000DF0B6FC164908600846006815490968EE
:1037E000401A1549086012480068124908601348D9
:1037F000006801280CD1032010490860002014F053
:1038000037FC0F480068C0F5F8400E49088006E014
:103810000A480068022802D10120084908604FF4D4
:103820004051094800F02CF900E000BF00BF10BD76
:103830002800002020000020240000207009002023
:10384000140402401C0000200004025810B5044675
:1038500004480068204020B1024804602046FFF779
:10386000AFFF10BD88000058F8B502460023734D25
:10387000DEE001279F400E6806EA0704002C71D0A5
:103880004E68022E02D04E68122E13D1DF0802F1CC
:10389000200656F827005E07F70E0F26BE40B043FD
:1038A0005F07FF0E0E69BE403043DF0802F12006BD
:1038B00046F8270010685F000326BE40B0430E792B
:1038C00006F003065F00BE40304310604E68012ED4
:1038D00008D04E68022E05D04E68112E02D04E68D8
:1038E000122E13D190685F000326BE40B0435F00E4
:1038F000CE68BE4030439060506801269E40B04381
:103900000E79C6F300169E4030435060D0685F00C9
:103910000326BE40B0435F008E68BE403043D06097
:103920004E6806F08056B6F1805F1BD100BF444E52
:10393000366846F00206424F3E603E46366806F064
:103940000206009600BF00BF3E4E9F0856F82700B3
:103950009E07370F0F26BE40B0433B4EB24202D106
:1039600000262EE063E0394EB24201D1012628E064
:10397000374EB24201D1022623E0364EB24201D187
:1039800003261EE0344EB24201D1042619E0334E24
:10399000B24201D1052614E0314EB24201D10626D1
:1039A0000FE0304EB24201D107260AE02E4EB2425D
:1039B00001D1082605E02D4EB24201D1092600E0D2
:1039C0000A269F073F0FBE4030431E4E9F0846F811
:1039D00027002868A0434E6806F48036B6F5803F7D
:1039E00000D1204328606868A0434E6806F4003682
:1039F000B6F5003F00D1204368604FF0B046306814
:103A0000A0434E6806F48016B6F5801F00D120430F
:103A10004FF0B04630607068A0434E6806F4001660
:103A2000B6F5001F00D120434FF0B04670605B1C1C
:103A30000E68DE40002E7FF41CAFF8BD80000058F9
:103A4000F4440258080400580000025800040258C8
:103A500000080258000C02580010025800140258C6
:103A600000180258001C0258002002580024025876
:103A7000024613690B400BB1012000E000207047A3
:103A800042690A408A4202D10A04826100E08161EF
:103A900070470AB1816101E00B0483617047000047
:103AA00001480068000C70470010005C0148006885
:103AB000704700000C00002001464AF6AA200A6860
:103AC000106000207047000003480068034909782F
:103AD00008440149086070470C00002014000020D1
:103AE00010B5032000F0DAFA01F026FF104909684A
:103AF000C1F303210F4A515C01F01F01C8400E4978
:103B000008600B48006800F00F001146085C00F0E8
:103B10001F0109480068C84008490860002000F0FB
:103B20000FF808B1012010BD00F036FA0020FAE7C6
:103B30001844025832A903080000002004000020A5
:103B400070B504461148007808B9012070BD0F48CF
:103B500000784FF47A71B1FBF0F00D490968B1FBC0
:103B6000F0F5284603F006F908B10120EEE7102C25
:103B700007D200222146501E00F052FA0548046088
:103B800001E00120E2E70020E0E70000140000204F
:103B90000000002010000020F0B504460D46164637
:103BA000294600BF94F8A000012801D10220F0BDF1
:103BB000012084F8A00000BF022084F8A1000022A8
:103BC00036E003EB830000EBC30C04F1380000EB9C
:103BD0008C000069062813D108784FF0100C0CFBFC
:103BE000022C40EA0C60B1F800C00CF47F4C40EAB3
:103BF0000C00D1F800C00CF47F0C40EA0C070EE07A
:103C0000087840EA0260B1F800C00CF47F4C40EA4A
:103C10000C00D1F800C00CF47F0C40EA0C07091D21
:103C2000206884304FF0800C0CFB03000764521CAA
:103C3000B242C6D3012084F8A10000BF002084F85E
:103C4000A00000BF00BFB2E770B504460E4615469F
:103C500000BF94F8A000012801D1022070BD01200E
:103C600084F8A00000BF022084F8A10005EB8501C4
:103C700001EBC50204F1380101EB82003422314628
:103C8000FDF782FC2A463146204604F0B1F80120B7
:103C90002168486284F8A10000BF002084F8A000D9
:103CA00000BF00BFDAE710B5024600BF92F8A000DF
:103CB000012801D1022010BD012082F8A00000BF20
:103CC000022082F8A10010688430CB01C05840F077
:103CD000100310688430CC0103510120136858622E
:103CE00082F8A10000BF002082F8A00000BF00BF42
:103CF000E1E7000070B504460CB9012070BD94F8EE
:103D0000A10028B9002084F8A000204600F07EF829
:103D1000022084F8A1002068806920F070402168AA
:103D20008861D4E901010843E16808432169084337
:103D30002168896908432168886120688068324960
:103D4000084021688860A08A050420688068A1690D
:103D500029430843216888602068C0682A490840D0
:103D60002168C860A08B05042068C068216A2943C7
:103D700008432168C8602068006923490840216819
:103D80000861A08C050420680069A16A29430843E2
:103D900021680861206840691B4908402168486122
:103DA000A08D050420684069216B294308432168E0
:103DB000486194F83500050294F83600060420683E
:103DC000C06A00F07F402168C86246EA050094F8A6
:103DD000341008432168C96A08432168C862206812
:103DE000406B40F00600216848632068806940F01D
:103DF0000100216888610020C4F8A400012084F833
:103E0000A10000207AE7000000F800F070470000F1
:103E1000024600BF92F8A000012801D1022070479D
:103E2000012082F8A00000BF022082F8A1001068E3
:103E3000406B20F001001368586309480164106862
:103E4000406B40F0010013685863012082F8A10024
:103E500000BF002082F8A00000BF00BFDFE7000025
:103E6000001000502DE9F04104460E46174600BFF1
:103E700094F8A000012802D10220BDE8F0810120C1
:103E800084F8A00000BF022084F8A10007EB87009F
:103E900000EBC70104F1380000EB81056E613A4682
:103EA0002946204603F0A4FF01202168486284F8D7
:103EB000A10000BF002084F8A00000BF00BFDCE725
:103EC0002DE9F04104460E461746984600BF94F887
:103ED000A000012802D10220BDE8F081012084F871
:103EE000A00000BF022084F8A10008EB880000EBCE
:103EF000C80104F1380000EB81052E60A86A304447
:103F00006860AF60E86A3844E86042462946204667
:103F100003F06EFF01202168486284F8A10000BF11
:103F2000002084F8A00000BF00BFD5E72DE9F041D4
:103F300004460E461746984600BF94F8A000012894
:103F400002D10220BDE8F081012084F8A00000BF6A
:103F5000022084F8A10008EB880000EBC80104F1FE
:103F6000380000EB8105286830446860A868384450
:103F7000E860AE62EF6242462946204603F038FF11
:103F800001202168486284F8A10000BF002084F865
:103F9000A00000BF00BFD5E708B500BF0648006815
:103FA00040F00200044908600846006800F0020082
:103FB000009000BF00BF08BDF444025810B5014690
:103FC0000846002817DB00F01F0301229A400B4B24
:103FD000440943F8242000BF00BF00BFBFF34F8F48
:103FE00000BF00BF00BF00BF00BF00BFBFF36F8FA7
:103FF00000BF00BF00BF00BF10BD000080E100E0B7
:1040000001460846002809DB00F01F0301229A4000
:1040100043099B0003F1E023C3F8002100BF704770
:104020002DE9F05F80460D46164606F0C1F90746B9
:1040300039462A46334601F00700C0F1070ABAF1B3
:10404000040F02D94FF0040A01E0C0F1070AD1467B
:1040500000F1040ABAF1070F02D24FF0000A01E0A2
:10406000A0F1030AD4464FF0010A0AFA09FAAAF1AC
:10407000010A0AEA020A0AFA0CFA4FF0010B0BFADB
:104080000CFBABF1010B0BEA030B4AEA0B042146D4
:10409000404606F095F9BDE8F09F000000BF00F033
:1040A0000702064B19684FF6FF031940044B0B43F8
:1040B00043EA0221014B196000BF70470CED00E09C
:1040C0000000FA0570B504461548006800F00400C9
:1040D000042807D01248006800F00700A04201D071
:1040E000012070BD0E48006820F0070020430C49F5
:1040F0000860FFF7DBFC054607E0FFF7D7FC401B35
:10410000B0F57A7F01D90320EBE70548083800684D
:1041100000F40050B0F5005FEFD10020E1E70000AF
:104120000C4802580348006840F08070014908605C
:10413000704700000C48025870B50146844D2D6848
:1041400005F00303824D2D68C5F30510804D2D1D2C
:104150002D6805F001047E4D0C352D68C5F3CC05A6
:1041600015FB04F501EE105AB8EE411AF0EE410AC3
:1041700000286FD023B1012B4ED0022B6BD16BE006
:10418000734D283D2D68C5F340153DB3704D283D56
:104190002D68C5F3C1066F4D25FA06F201EE102A0F
:1041A000F8EE411A01EE100AB8EE411A81EE812AAA
:1041B0009FED691AC0EE811A654D08352D68C5F36B
:1041C000080501EE105AB8EE411A31EE811AF7EEE9
:1041D000001A31EE211A22EE010A1CE001EE100A4B
:1041E000B8EE411ADFED5D1A81EE812A9FED5A1A71
:1041F000C0EE811A564D08352D68C5F3080501EE4D
:10420000105AB8EE411A31EE811AF7EE001A31EE6B
:10421000211A22EE010A5BE001EE100AB8EE411A03
:10422000DFED4F1A81EE812A9FED4B1AC0EE811A05
:10423000474D08352D68C5F3080501EE105AB8EE54
:10424000411A31EE811AF7EE001A31EE211A22EEF0
:10425000010A3DE077E01DE001EE100AB8EE411AD8
:104260009FED402AC2EE011A9FED3B1A80EE812A93
:10427000374D08352D68C5F3080501EE105AB8EE24
:10428000411A32EE011AB7EE002A31EE021A21EE7F
:10429000810A1DE001EE100AB8EE411ADFED301A76
:1042A00081EE812A9FED2C1AC0EE811A284D083527
:1042B0002D68C5F3080501EE105AB8EE411A31EE2B
:1042C000811AF7EE001A31EE211A22EE010A00BF20
:1042D00000BF1F4D08352D68C5F3462501EE105A65
:1042E000B8EE411AF7EE001A31EE211AC0EE011AAB
:1042F000BCEEE11A81ED001A154D08352D68C5F3A5
:10430000064501EE105AB8EE411AF7EE001A31EEEA
:10431000211AC0EE011ABCEEE11A81ED011A0C4D12
:1043200008352D68C5F3066501EE105AB8EE411A3E
:10433000F7EE001A31EE211AC0EE011ABCEEE11AB6
:1043400081ED021A03E000250D604D608D6070BDA7
:10435000284402580090D003000000460024744C0A
:104360000024744A20BCBE4B70B50146844D2D68B4
:1043700005F00303824D2D68C5F30530804D2D1DDA
:104380002D6805F010047E4D14352D68C5F3CC055D
:1043900015FB04F501EE105AB8EE411AF0EE410A91
:1043A00000286FD023B1012B4ED0022B6BD16BE0D4
:1043B000734D283D2D68C5F340153DB3704D283D24
:1043C0002D68C5F3C1066F4D25FA06F201EE102ADD
:1043D000F8EE411A01EE100AB8EE411A81EE812A78
:1043E0009FED691AC0EE811A654D10352D68C5F331
:1043F000080501EE105AB8EE411A31EE811AF7EEB7
:10440000001A31EE211A22EE010A1CE001EE100A18
:10441000B8EE411ADFED5D1A81EE812A9FED5A1A3E
:10442000C0EE811A564D10352D68C5F3080501EE12
:10443000105AB8EE411A31EE811AF7EE001A31EE39
:10444000211A22EE010A5BE001EE100AB8EE411AD1
:10445000DFED4F1A81EE812A9FED4B1AC0EE811AD3
:10446000474D10352D68C5F3080501EE105AB8EE1A
:10447000411A31EE811AF7EE001A31EE211A22EEBE
:10448000010A3DE077E01DE001EE100AB8EE411AA6
:104490009FED402AC2EE011A9FED3B1A80EE812A61
:1044A000374D10352D68C5F3080501EE105AB8EEEA
:1044B000411A32EE011AB7EE002A31EE021A21EE4D
:1044C000810A1DE001EE100AB8EE411ADFED301A44
:1044D00081EE812A9FED2C1AC0EE811A284D1035ED
:1044E0002D68C5F3080501EE105AB8EE411A31EEF9
:1044F000811AF7EE001A31EE211A22EE010A00BFEE
:1045000000BF1F4D10352D68C5F3462501EE105A2A
:10451000B8EE411AF7EE001A31EE211AC0EE011A78
:10452000BCEEE11A81ED001A154D10352D68C5F36A
:10453000064501EE105AB8EE411AF7EE001A31EEB8
:10454000211AC0EE011ABCEEE11A81ED011A0C4DE0
:1045500010352D68C5F3066501EE105AB8EE411A04
:10456000F7EE001A31EE211AC0EE011ABCEEE11A84
:1045700081ED021A03E000250D604D608D6070BD75
:10458000284402580090D003000000460024744CD8
:104590000024744A20BCBE4B70B50146844D2D6882
:1045A00005F00303824D2D68C5F30550804D2D1D88
:1045B0002D6805F480747E4D1C352D68C5F3CC053F
:1045C00015FB04F501EE105AB8EE411AF0EE410A5F
:1045D00000286FD023B1012B4ED0022B6BD16BE0A2
:1045E000734D283D2D68C5F340153DB3704D283DF2
:1045F0002D68C5F3C1066F4D25FA06F201EE102AAB
:10460000F8EE411A01EE100AB8EE411A81EE812A45
:104610009FED691AC0EE811A654D18352D68C5F3F6
:10462000080501EE105AB8EE411A31EE811AF7EE84
:10463000001A31EE211A22EE010A1CE001EE100AE6
:10464000B8EE411ADFED5D1A81EE812A9FED5A1A0C
:10465000C0EE811A564D18352D68C5F3080501EED8
:10466000105AB8EE411A31EE811AF7EE001A31EE07
:10467000211A22EE010A5BE001EE100AB8EE411A9F
:10468000DFED4F1A81EE812A9FED4B1AC0EE811AA1
:10469000474D18352D68C5F3080501EE105AB8EEE0
:1046A000411A31EE811AF7EE001A31EE211A22EE8C
:1046B000010A3DE077E01DE001EE100AB8EE411A74
:1046C0009FED402AC2EE011A9FED3B1A80EE812A2F
:1046D000374D18352D68C5F3080501EE105AB8EEB0
:1046E000411A32EE011AB7EE002A31EE021A21EE1B
:1046F000810A1DE001EE100AB8EE411ADFED301A12
:1047000081EE812A9FED2C1AC0EE811A284D1835B2
:104710002D68C5F3080501EE105AB8EE411A31EEC6
:10472000811AF7EE001A31EE211A22EE010A00BFBB
:1047300000BF1F4D18352D68C5F3462501EE105AF0
:10474000B8EE411AF7EE001A31EE211AC0EE011A46
:10475000BCEEE11A81ED001A154D18352D68C5F330
:10476000064501EE105AB8EE411AF7EE001A31EE86
:10477000211AC0EE011ABCEEE11A81ED011A0C4DAE
:1047800018352D68C5F3066501EE105AB8EE411ACA
:10479000F7EE001A31EE211AC0EE011ABCEEE11A52
:1047A00081ED021A03E000250D604D608D6070BD43
:1047B000284402580090D003000000460024744CA6
:1047C0000024744A20BCBE4B2DE9F04189B0074655
:1047D000B7F5807F32D1C248006800F00706052E89
:1047E00029D2DFE806F003080D26120006A8FFF71D
:1047F000A3FC079C21E003A8FFF7B6FD039C1CE087
:104800006846FFF7C9FE009C17E0B548001F006826
:1048100000F040550DB9B34C0AE0B5F1805F01D10D
:10482000B14C05E0B5F1005F01D1B04C00E00024CF
:1048300003E0AF4C01E0002400BF4CE1B7F5007F7E
:1048400038D1A748006800F4E076802E14D003DC4D
:1048500046B1402E2BD10AE0C02E26D0B6F5807F7F
:1048600025D10EE006A8FFF767FC079C21E003A80E
:10487000FFF77AFD039C1CE06846FFF78DFE009C65
:1048800017E09748001F006800F040550DB9954C9F
:104890000AE0B5F1805F01D1934C05E0B5F1005F0E
:1048A00001D1924C00E0002403E0914C01E000248F
:1048B00000BF10E1B7F5806F3CD18948083000682F
:1048C00000F46006B6F5800F16D004DC56B1B6F5DC
:1048D000001F2CD10BE0B6F5C00F26D0B6F5000FA7
:1048E00025D10EE006A8FFF727FC079C21E003A8CE
:1048F000FFF73AFD039C1CE06846FFF74DFE009C65
:1049000017E07748001F006800F040550DB9754C5E
:104910000AE0B5F1805F01D1734C05E0B5F1005FAD
:1049200001D1724C00E0002403E0714C01E000244E
:1049300000BFD0E0B7F5006F3CD16948083000688F
:1049400000F0E066B6F1007F16D004DC56B1B6F197
:10495000807F2CD10BE0B6F1407F26D0B6F1806F7E
:1049600025D10EE006A8FFF7E7FB079C21E003A88E
:10497000FFF7FAFC039C1CE06846FFF70DFE009C65
:1049800017E05748001F006800F040550DB9554C1E
:104990000AE0B5F1805F01D1534C05E0B5F1005F4D
:1049A00001D1524C00E0002403E0514C01E000240E
:1049B00000BF90E0B7F5805F3DD14948006800F442
:1049C000E048B8F5005F18D006DCB8F1000F0AD057
:1049D000B8F5805F2CD10BE0B8F5405F26D0B8F574
:1049E000804F25D10EE006A8FFF7A6FB079C21E02B
:1049F00003A8FFF7B9FC039C1CE06846FFF7CCFD59
:104A0000009C17E03648001F006800F040550DB9C3
:104A1000344C0AE0B5F1805F01D1334C05E0B5F1CB
:104A2000005F01D1314C00E0002403E0304C01E094
:104A3000002400BF4FE0B7F5002F2FD128480830E1
:104A4000006800F44038B8F1000F06D0B8F5803F98
:104A500008D0B8F5003F1ED109E003A8FFF784FC99
:104A6000039C1AE06846FFF797FD029C15E01C487E
:104A7000001F006800F040550DB91A4C0AE0B5F16E
:104A8000805F01D1184C05E0B5F1005F01D1174CF2
:104A900000E0002401E0002400BF1CE0B7F5803FE7
:104AA00018D10F48001F006800F48038B8F1000FDB
:104AB00003D0B8F5803F0AD104E006A8FFF73CFB1D
:104AC000079C06E003A8FFF74FFC059C01E00024CB
:104AD00000BF00E00024204609B0BDE8F0810000DE
:104AE000504402580090D00300093D0040787D01F9
:104AF0000080BB002DE9F04104460025A84620684F
:104B000000F00060B0F1006F30D1606E48B1B0F5D8
:104B1000801F0DD0B0F5001F10D0B0F5401F15D18B
:104B200013E0F948006840F40030F74908600FE0EE
:104B30000221201D03F086FE054609E0022104F152
:104B4000240003F031FF054602E001E0012500BF2B
:104B500000BF55B9EC482430006820F44010616E65
:104B60000843E9492431086000E0A846208800F4A1
:104B70008070B0F5807F2DD1606D05281AD2DFE8F6
:104B800000F0030A10171800DF48006840F40030F6
:104B9000DD49086010E00021201D03F053FE0546AA
:104BA0000AE0002104F1240003F0FEFE054603E0C4
:104BB00002E001E0012500BF00BF55B9D248243012
:104BC000006820F00700616D0843CF492431086078
:104BD00000E0A846208800F40070B0F5007F33D1D3
:104BE000A06D802817D003DC40B140281CD10CE018
:104BF000C02817D0B0F5807F16D114E0C2480068F5
:104C000040F40030C049086010E00021201D03F08E
:104C100019FE05460AE0002104F1240003F0C4FE59
:104C2000054603E002E001E0012500BF00BF55B9E1
:104C3000B5482430006820F4E070A16D0843B24903
:104C40002431086000E0A846208800F48060B0F5B8
:104C5000806F38D1D4F8A400B0F5800F19D004DCEF
:104C600050B1B0F5001F1DD10DE0B0F5C00F17D049
:104C7000B0F5000F16D114E0A348006840F40030EE
:104C8000A149086010E00021201D03F0DBFD05466E
:104C90000AE0002104F1240003F086FE054603E04B
:104CA00002E001E0012500BF00BF5DB996482C304D
:104CB000006820F46000D4F8A410084392492C3115
:104CC000086000E0A846208800F40060B0F5006F9E
:104CD00038D1D4F8A800B0F1007F19D004DC50B16D
:104CE000B0F1807F1DD10DE0B0F1407F17D0B0F161
:104CF000806F16D114E08448006840F40030824987
:104D0000086010E00021201D03F09CFD05460AE02C
:104D1000002104F1240003F047FE054603E002E011
:104D200001E0012500BF00BF5DB977482C30006865
:104D300020F0E060D4F8A810084373492C310860D3
:104D400000E0A846206800F00070B0F1007F27D195
:104D5000A06CA0B1102804D0202809D030280FD191
:104D60000CE06948006840F400306749086009E0D9
:104D70000221201D03F066FD054603E002E001E08C
:104D8000012500BF00BF55B95F482030006820F002
:104D90003000A16C08435C492031086000E0A8465F
:104DA000208800F48050B0F5805F36D1E06DB0F51A
:104DB000005F19D004DC50B1B0F5805F1DD10DE06B
:104DC000B0F5405F17D0B0F5804F16D114E04E48D3
:104DD000006840F400304C49086010E00021201DBC
:104DE00003F030FD05460AE0002104F1240003F041
:104DF000DBFD054603E002E001E0012500BF00BF46
:104E000055B941482430006820F4E040E16D084382
:104E10003D492431086000E0A846208800F4005095
:104E2000B0F5005F34D1206EB0F5403F1DD007DCF7
:104E300068B1B0F5803F0BD0B0F5003F18D10DE060
:104E4000B0F5802F12D0B0F5A02F11D10FE011E0F6
:104E50000121201D03F0F6FC05460BE0012104F1C1
:104E6000240003F0A1FD054604E003E002E001E0B8
:104E7000012500BF00BF55B923482430006820F445
:104E8000E020216E084320492431086000E0A84654
:104E9000208800F48040B0F5804F38D1D4F8AC00C1
:104EA000B0F1405F1DD007DC68B1B0F1805F0BD07E
:104EB000B0F1005F18D10DE0B0F1804F12D0B0F129
:104EC000A04F11D10FE011E00121201D03F0BAFC29
:104ED00005460BE0012104F1240003F065FD0546C1
:104EE00004E003E002E001E0012500BF00BF6DB96E
:104EF00005482C30006820F0E040D4F8AC1008439E
:104F000001492C31086002E02C440258A846208850
:104F100000F40040B0F5004F26D1E06E98B1B0F13A
:104F2000805F03D0B0F1005F0ED106E0F948006861
:104F300040F40030F749086008E00121201D03F02B
:104F400081FC054602E001E0012500BF00BF55B924
:104F5000F0482430006820F04050E16E0843ED49ED
:104F60002431086000E0A846206800F08070B0F1AD
:104F7000807F27D1606CA0B1012804D0022809D01D
:104F800003280FD10CE0E348006840F40030E14909
:104F9000086009E00221201D03F054FC054603E0EF
:104FA00002E001E0012500BF00BF55B9D94820301B
:104FB000006820F00300616C0843D6492031086086
:104FC00000E0A846206800F48000B0F5800F7DD195
:104FD000D148006840F48070CF490860FEF766FD54
:104FE000064606E0FEF762FD801B642801D9032512
:104FF00005E0C948006800F480700028F2D000BFC6
:1050000085BBC4484430006800F44070B4F8B01068
:1050100001F44071884213D0BE484430006820F447
:105020004077BC484430006840F48030B94944318E
:1050300008600846006820F4803008600846076071
:10504000D4F8B000B0F5807F15D1FEF72FFD0646ED
:1050500009E0FEF72BFD801B41F28831884202D91E
:10506000032507E038E0AB4844300068C0F3400057
:105070000028EED000BF55BB00BFB4F8B00000F46C
:105080004070B0F5407F0ED1A2481C38006820F473
:105090007C51A24AD4F8B000104041EA10109D495A
:1050A0001C39086007E09B481C38006820F47C50DD
:1050B00098491C390860974844300068B4F8B0102B
:1050C000C1F30B0108439349443101E005E001E0DD
:1050D000086002E0A84600E0A846207800F0010041
:1050E00068B3A06F182819D005DC48B1082808D08B
:1050F000102816D10BE0202811D0282811D10FE05C
:1051000011E00121201D03F09DFB05460BE001216C
:1051100004F1240003F048FC054604E003E002E04B
:1051200001E0012500BF00BF55B97A48283000686A
:1051300020F03800A16F084376492831086000E06C
:10514000A846207800F00200022828D1606F0628C7
:1051500015D2DFE800F003040A11121311E0012157
:10516000201D03F06FFB05460BE0012104F1240034
:1051700003F01AFC054604E003E002E001E001252B
:1051800000BF00BF55B963482830006820F0070011
:10519000616F08435F492831086000E0A846207825
:1051A00000F0040004282AD1D4F89000062815D273
:1051B000DFE800F003040A11121311E00121201DA1
:1051C00003F040FB05460BE0012104F1240003F04D
:1051D000EBFB054604E003E002E001E0012500BF2F
:1051E00000BF5DB94B482C30006820F00700D4F8B0
:1051F0009010084347492C31086000E0A846207809
:1052000000F02000202836D1D4F88C00B0F1405FA7
:105210001DD007DC68B1B0F1805F0BD0B0F1005F4A
:1052200018D10DE0B0F1804F12D0B0F1A04F11D1E4
:105230000FE011E00021201D03F004FB05460BE008
:10524000022104F1240003F0AFFB054604E003E073
:1052500002E001E0012500BF00BF5DB92D48283004
:10526000006820F0E040D4F88C1008432949283128
:10527000086000E0A846207800F04000402836D1C1
:10528000D4F89800B0F5406F1DD007DC68B1B0F5D8
:10529000806F0BD0B0F5006F18D10DE0B0F5805FD6
:1052A00012D0B0F5A05F11D10FE011E00021201D58
:1052B00003F0C8FA05460BE0022104F1240003F0D4
:1052C00073FB054604E003E002E001E0012500BFB6
:1052D00000BF5DB90F482C30006820F4E050D4F8CE
:1052E000981008430B492C31086000E0A84620784C
:1052F00000F0800080283AD1D4F89C00B0F5C04F6F
:1053000023D00DDC98B1B0F5005F11D0B0F5804F1F
:105310001ED113E02C44025800480258FFFCFF0F36
:10532000B0F5004F12D0B0F5204F11D10FE011E0D1
:105330000021201D03F086FA05460BE0022104F14E
:10534000240003F031FB054604E003E002E001E045
:10535000012500BF00BF4DB9B648006820F4604089
:10536000D4F89C100843B349086000E0A8462078B0
:1053700000F00800082818D1D4F88000B0F5805F4C
:1053800008D1022104F1240003F00EFB68B14FF0B4
:1053900001080AE0A748001F006820F44050D4F834
:1053A00080100843A349091F0860207800F010000E
:1053B000102816D1D4F89400B0F5807F08D10221CE
:1053C00004F1240003F0F0FA58B14FF0010808E0AE
:1053D0009848006820F44070D4F894100843954928
:1053E0000860206800F40020B0F5002F26D1D4F822
:1053F000A00030B1B0F5803F09D0B0F5003F0ED12C
:105400000CE00021201D03F01DFA054609E00221F1
:1054100004F1240003F0C8FA054602E001E001258A
:1054200000BF00BF4DB98348006820F44030D4F875
:10543000A01008437F49086000E0A846206800F4F7
:105440008020B0F5802F2DD1D4F88400B0F5801FD6
:1054500006D0B0F5001F0CD0B0F5401F11D10FE001
:1054600074482C38006840F4003072492C390860C8
:1054700009E0012104F1240003F096FA054602E058
:1054800001E0012500BF00BF5DB96A48001F006848
:1054900020F44010D4F8841008436649091F0860BE
:1054A00000E0A846206800F48030B0F5803F24D1A9
:1054B000E06C18B1B0F5803F0FD108E05D482C38A2
:1054C000006840F400305B492C39086007E0022195
:1054D000201D03F0B7F9054601E0012500BF00BF1C
:1054E00055B954480C38006820F48030E16C08430A
:1054F00050490C39086000E0A846206800F00050D0
:10550000B0F1005F07D1022104F1240003F04CFA4E
:1055100008B14FF00108206800F40030B0F5003FFA
:1055200027D1E06FA0B1B0F5807F06D0B0F5007F45
:105530000CD0B0F5407F0CD109E03E482C38006813
:1055400040F400303B492C39086004E003E002E0FD
:1055500001E0012500BF00BF55B93648001F0068B3
:1055600020F44070E16F08433249091F086000E0F1
:10557000A846206800F48010B0F5801F09D12D489E
:105580000838006820F00040216F08432949083995
:105590000860206800F08050B0F1805F0AD1254893
:1055A0004838006820F48040D4F8B41008432149FA
:1055B00048390860206800F40010B0F5001F09D1D8
:1055C0001C480838006820F08070A16E0843194913
:1055D00008390860206800F08040B0F1804F11D198
:1055E00000BF14484838006820F400401149483989
:1055F000086008460068D4F8B81008430D494839D7
:10560000086000BF206800F00040B0F1004F09D1F1
:1056100008480C38006820F04050216D08430549C7
:105620000C390860B8F1000F02D10020BDE8F0810C
:105630000120FBE7584402582DE9F04104460D468D
:1056400014B90120BDE8F081B648006800F00F00F1
:10565000A8420ED2B348006820F00F002843B14999
:1056600008600846006800F00F00A84201D0012041
:10567000E8E7207800F0040004280ED1AA49206948
:10568000096801F07001884207D9A748006820F036
:10569000700021690843A4490860207800F00800E0
:1056A000082811D1A049091D6069096801F070013D
:1056B000884209D99C48001D006820F0700061698B
:1056C00008439949091D0860207800F0100010284F
:1056D00011D19549091DA069096801F4E06188426A
:1056E00009D99148001D006820F4E060A1690843D1
:1056F0008D49091D0860207800F02000202811D174
:1057000089490831E069096801F07001884209D9C6
:1057100085480830006820F07000E169084382493C
:1057200008310860207800F0020002280ED17E497E
:10573000E068096801F00F01884207D97A480068DB
:1057400020F00F00E168084377490860207800F0F6
:105750000100002850D07448006820F47060A168EF
:105760000843714908606068022807D16E481838FC
:105770000068C0F34040F8B9012063E7606803287F
:1057800007D1694818380068C0F34060A0B901200B
:1057900058E76068012807D1634818380068C0F3EB
:1057A000002048B901204DE75F4818380068C0F371
:1057B000800008B9012045E75B480838006820F000
:1057C000070061680843584908390860FEF76EF918
:1057D000064608E0FEF76AF9801B41F288318842EC
:1057E00001D903202EE750480838006800F038003F
:1057F0006168B0EBC10FEDD1207800F00200022803
:105800000ED14949E068096801F00F01884207D2CA
:105810004548006820F00F00E168084342490860ED
:105820004048006800F00F00A8420ED93D480068CB
:1058300020F00F0028433B4908600846006800F04C
:105840000F00A84201D00120FCE6207800F00400FF
:1058500004280ED134492069096801F0700188429A
:1058600007D23148006820F07000216908432E49B2
:105870000860207800F00800082811D12A49091D85
:105880006069096801F07001884209D22648001D4C
:10589000006820F07000616908432349091D086011
:1058A000207800F01000102811D11F49091DA069AF
:1058B000096801F4E061884209D21B48001D0068B4
:1058C00020F4E060A16908431749091D08602078A9
:1058D00000F02000202811D113490831E06909683F
:1058E00001F07001884209D20F480830006820F0AA
:1058F0007000E16908430C490831086000F01CF8A9
:1059000009490968C1F30321084A515C01F01F01EC
:10591000C8400749086007480068FEF711F90746C4
:1059200038468FE6002000521844025832A9030876
:105930000000002010000020F0B5824E366806F00E
:10594000380636B1082E15D0102E15D0182E7DD160
:1059500014E07C4E103E3668C6F3401646B1794ED0
:10596000103E3668C6F3C107774E26FA07F000E00E
:105970007548E5E07548E3E07548E1E0714E18369A
:10598000366806F003046F4E18363668C6F3051104
:105990006C4E1C36366806F001056A4E24363668B1
:1059A000C6F3CC0616FB05F601EE106AB8EE410A06
:1059B000002971D024B1012C50D0022C6DD16DE0A2
:1059C000604E103E3668C6F340163EB35D4E103E44
:1059D0003668C6F3C1075C4E26FA07F301EE103AAB
:1059E000F8EE411A01EE101AB8EE411A81EE812A42
:1059F0009FED581AC0EE011A524E20363668C6F393
:105A0000080601EE106AB8EE411A31EE811AF7EE7F
:105A1000001A31EE211A62EE010A1EE001EE101AA0
:105A2000B8EE411ADFED4C1A81EE812A9FED491A3A
:105A3000C0EE011A434E20363668C6F3080601EE62
:105A4000106AB8EE411A31EE811A00E076E0F7EE06
:105A5000001A31EE211A62EE010A5BE001EE101A23
:105A6000B8EE411A9FED3D2AC2EE011A9FED391A98
:105A700080EE012A334E20363668C6F3080601EE62
:105A8000106AB8EE411A32EE011AB7EE002A31EE72
:105A9000021A61EE810A3DE04EE01DE001EE101AAF
:105AA000B8EE411ADFED2E1A81EE812A9FED291AF8
:105AB000C0EE011A234E20363668C6F3080601EE02
:105AC000106AB8EE411A31EE811AF7EE001A31EE83
:105AD000211A62EE010A1DE001EE101AB8EE411A19
:105AE0009FED1E2AC2EE011A9FED1A1A80EE012ABE
:105AF000144E20363668C6F3080601EE106AB8EE7A
:105B0000411A32EE011AB7EE002A31EE021A61EEA6
:105B1000810A00BF00BF0B4E20363668C6F346260A
:105B2000721C01EE102AB8EE411AC0EE811ABCEECA
:105B3000E11A11EE100A00E0002001E0034800BF66
:105B400000BFF0BD104402580090D00300093D0092
:105B500040787D01000000460024744C0024744A03
:105B600020BCBE4B2DE9F041044614B90120BDE82C
:105B7000F081207800F00100002871D0F84800681A
:105B800000F03806F64818300768102E05D0182E99
:105B90000FD107F0030002280BD1F148103800683C
:105BA000C0F3404000286AD06068002867D1012017
:105BB000DDE700BF6068B0F5803F08D1E8481038E5
:105BC000006840F48030E649103908602EE06068D3
:105BD00068B9E3481038006820F48030E049103993
:105BE00008600846006820F4802008601EE06068B5
:105BF000B0F5A02F0DD1DA481038006840F48020AD
:105C0000D749103908600846006840F480300860C1
:105C10000CE0D3481038006820F48030D0491039A7
:105C200008600846006820F48020086000BF6068B3
:105C300090B1FDF73BFF054606E0FDF737FF401B3F
:105C4000642801D9032092E7C54810380068C0F3E2
:105C500040400028F1D012E0FDF728FF054607E09C
:105C60000EE0FDF723FF401B642801D903207EE7E7
:105C7000BB4810380068C0F340400028F1D100BF95
:105C8000207800F0020002287ED1B548006800F0BC
:105C90003806B3481830076826B1182E48D107F0E7
:105CA0000300C0BBAE4810380068C0F3800018B1D4
:105CB000E06808B901205AE7A9481038006820F0C8
:105CC0001900E1680843A64910390860FDF7EEFEA7
:105CD000054606E0FDF7EAFE401B022801D9032035
:105CE00045E79F4810380068C0F380000028F1D0D5
:105CF00000BFFDF7D5FE41F2030188420CD8984859
:105D00000C38006820F47C30216940EA0130944965
:105D10000C3908600BE00BE091480C38006820F06B
:105D2000FE40217C40EA01608D490C39086059E051
:105D3000E06850B38A481038006820F01900E16824
:105D40000843874910390860FDF7B0FE054606E0B4
:105D5000FDF7ACFE401B022801D9032007E780486D
:105D600010380068C0F380000028F1D000BFFDF7B4
:105D700097FE41F2030188420ED879480C3800683A
:105D800020F47C30216901E02DE011E040EA01308F
:105D900073490C3908600AE071480C38006820F03B
:105DA000FE40217C40EA01606D490C39086019E031
:105DB0006B481038006820F001006949103908600C
:105DC000FDF774FE054606E0FDF770FE401B022855
:105DD00001D90320CBE6624810380068C0F3800088
:105DE0000028F1D100BF207800F01000102878D1F1
:105DF0005B48006800F03806594818300768082EDC
:105E000005D0182E2FD107F0030001282BD15448BC
:105E100010380068C0F3002020B1E069802801D06C
:105E20000120A4E600BFFDF73BFE41F203018842DA
:105E30000CD84B480C38006820F0F84094F820103B
:105E400040EA816046490C3908600BE04448001F75
:105E5000006820F07C5094F8201040EA016040492E
:105E6000091F086058E0E069D0B33D481038006869
:105E700040F080003A4910390860FDF717FE0546EA
:105E800006E0FDF713FE401B022801D903206EE651
:105E9000334810380068C0F300200028F1D000BF5C
:105EA000FDF7FEFD41F2030188420CD82C480C3866
:105EB000006820F0F84094F8201040EA81602849FA
:105EC0000C3908600BE02648001F006820F07C5069
:105ED00094F8201040EA01602149091F08601BE086
:105EE00000E01AE01E481038006820F080001C49CD
:105EF00010390860FDF7DAFD054606E0FDF7D6FD2E
:105F0000401B022801D9032031E6154810380068EB
:105F1000C0F300200028F1D100BF207800F0080075
:105F2000082836D16069E8B10D486430006840F057
:105F300001000B4964310860FDF7B8FD054606E035
:105F4000FDF7B4FD401B022801D903200FE60448E9
:105F500064300068C0F340000028F1D019E0000070
:105F600010440258CF48006820F00100CD49086075
:105F7000FDF79CFD054606E0FDF798FD401B022855
:105F800001D90320F3E5C7480068C0F340000028AA
:105F9000F2D1207800F02000202836D1A069D0B1BD
:105FA000C0487438006840F48050BE4974390860B5
:105FB000FDF77CFD054606E0FDF778FD401B022855
:105FC00001D90320D3E5B74874380068C0F34030E6
:105FD0000028F1D019E0B3487438006820F48050EC
:105FE000B04974390860FDF761FD054606E0FDF72C
:105FF0005DFD401B022801D90320B8E5A94874388B
:106000000068C0F340300028F1D1207800F004008F
:1060100004287DD1A448006840F48070A24908603B
:10602000FDF744FD054606E0FDF740FD401B6428F2
:1060300001D903209BE59C48006800F4807000288B
:10604000F2D000BFA068012808D19648001F006860
:1060500040F001009349091F08602DE0A06868B96D
:106060009048001F006820F001008E49091F086059
:106070000846006820F0040008601DE0A0680528BC
:106080000DD18848001F006840F004008549091FB1
:1060900008600846006840F0010008600CE0814894
:1060A000001F006820F001007E49091F08600846B3
:1060B000006820F00400086000BFA068A0B1FDF7F0
:1060C000F5FC054608E0FDF7F1FC401B41F2883184
:1060D000884201D903204AE57248001F0068C0F3D6
:1060E00040000028EFD013E0FDF7E0FC054608E093
:1060F000FDF7DCFC401B41F28831884201D90320C6
:1061000035E56848001F0068C0F340000028EFD163
:10611000606A00287ED063486438006800F0380068
:10612000182878D0606A022876D15E4874380068F2
:1061300020F080705B4974390860FDF7B7FC0546B4
:1061400006E0FDF7B3FC401B022801D903200EE551
:10615000544874380068C0F340600028F1D100BF93
:10616000D4E90A1041EA00104E494C39096840F25E
:10617000F332914308434B494C390860208E401E4E
:10618000C0F30800616B491E4FF47E4202EA4121D0
:106190000843218F491ED20102EA014108433C21F4
:1061A000095D491E120202EA016108433D49443972
:1061B000086000BF081F006820F00100091F086088
:1061C0003848403800684FF6F8718843A16C40EABF
:1061D000C10034494039086032484838006820F02E
:1061E0000C00216C08432F494839086008460068B4
:1061F00020F00200616C08432A49483908600846CB
:10620000006840F4803008600846006840F40030C0
:10621000086002E043E040E024E00846006840F403
:10622000802008600846006840F0010008601D48B2
:106230007438006840F080701A4974390860FDF7BE
:1062400035FC054606E0FDF731FC401B022801D96C
:1062500003208CE4134874380068C0F340600028C1
:10626000F1D01CE00F487438006820F080700D49B0
:1062700074390860FDF71AFC054606E0FDF716FCC8
:10628000401B022801D9032071E4064874380068D5
:10629000C0F340600028F1D101E0012067E4002054
:1062A00065E40000744402580048025870B58AB092
:1062B00004460D46032084F83400E06B032820D008
:1062C000B5F5004F04D1A06B40F08050A0631CE0F6
:1062D000B5F5804F07D1204603F072FB0646A06B50
:1062E0003043A06311E03DB9204603F035FB06467C
:1062F000A06B3043A06308E0A06B40F00060A06397
:1063000003E0A06B40F08050A063A06B38B1194847
:1063100021688863012084F834000AB070BD606889
:106320000490A0680590069520690790606904288C
:1063300002D3606908900FE0E06DB0F5007F02D1F4
:106340006069089008E0E06DB0F5807F02D102201E
:10635000089001E00420089007A807C88DE807000E
:10636000206804A90EC903F009F8012084F834005C
:106370000020D2E7FF0FE01F7047000010B5024673
:10638000106E800F0870106EC0F383604870106E3E
:10639000C0F301608870106E000CC870B2F8600025
:1063A000000A087192F860004871506E000DC880B4
:1063B000506EC0F3034008726420805AC0F3C030AE
:1063C00048726420805AC0F3803088726420805AFA
:1063D000C0F34030C8726420805AC0F300300873A4
:1063E00000204873D06B002836D16420805A800585
:1063F000030D906E43EA90700861906EC0F3C26026
:106400000875906EC0F302604875906EC0F34250FC
:106410008875906EC0F38240C875906EC0F3C2302C
:1064200008760869401CD0640B7ED06C03F007032B
:106430009B1C01249C406043D064087A00F00F0349
:10644000012098401065D2E913035B0A5843506558
:106450004FF40073936521E0D06B012813D16420C1
:10646000805C8006830A906E43EA104008610869E8
:10647000401C8302D364D36C53654FF400731365DF
:10648000136D93650AE02E4813689863906B40F093
:1064900080509063012082F8340010BD6820805A3B
:1064A000C0F3803001F8190F6820805AC0F3C6107D
:1064B00048706820805C00F07F008870D06EC00F4C
:1064C000C870D06EC0F341700871D06EC0F38260A6
:1064D0004871D06EC0F383508871D06EC0F34050C5
:1064E000C87100200872D06EC0F3004048726C2062
:1064F000805AC0F3C03088726C20805AC0F380305C
:10650000C8726C20805AC0F3403008736C20805AE7
:10651000C0F3003048736C20805AC0F38120887328
:106520006C20805AC0F30120C8736C20805CC0F3DB
:10653000460008740120487419390020ADE70000B6
:10654000FF0FE01F0246D06B0860106C4860506C73
:106550008860906CC860D06C0861106D4861506DA7
:106560008861906DC86100207047F8B5044600202E
:1065700000906946204603F0D7F9054615B1A06B97
:106580002843A0630098C0F343263046F8BD0000BE
:1065900070B590B005460C466946284603F02AF9C6
:1065A000064656B1284829688863A86B3043A8631B
:1065B000012085F8340010B070BD0098C0F3811040
:1065C00020700098C0F340106070009800F47F00C5
:1065D000000A009940EA1160608001980006019964
:1065E00001F47F4140EA0120019901F47F0140EA72
:1065F0001120019940EA11606060029820720298AF
:10660000000A60720298C0F30350A0720398C0B2EF
:10661000029901F07F4140EA1140A0810398C0F344
:106620008520A0730398C0F30120E0730398C0F3A2
:1066300003102074039800F00F0060740498000E9B
:10664000A0740020B7E70000FF0FE01FF0B585B091
:10665000044614B9012005B0F0BD94F8340040B9E7
:1066600000202077A06908B90221A161204600F02E
:10667000A9F8032084F83400204600F045F808B15A
:106680000120E8E769462046FFF782FF08B10120B4
:10669000E1E79DF810609DF81170E06B012805D1CD
:1066A00006B91FB14FF40071E16507E0E06B012806
:1066B00002D10102E16501E00021E1652046E168C7
:1066C000FFF7F4FD08B10120C5E7FDF7EFF9054636
:1066D0000CE0FDF7EBF9401B401C38B94FF00040CF
:1066E000A063012084F834000320B4E72046FFF7BC
:1066F0003CFF0428EDD10020A0632063012084F832
:1067000034000020A7E700002DE9F0418AB00446DC
:1067100000200490059006900790FA200890A06948
:10672000022805D12068006840F010002168086048
:1067300007A807C88DE80700206804A90EC902F061
:106740001DFE06461EB101200AB0BDE8F08120689A
:1067500002F02EFE06460EB10120F5E74FF4803020
:10676000FEF732F84FF4FA71B0FBF1F747B1144875
:10677000B0FBF7F000F101084046FCF751FF02E0E2
:106780000220FCF74DFF204602F064FF05463DB1B4
:10679000012084F83400A06B2843A0630120D3E7D4
:1067A000204602F0E1FE05463DB1012084F83400A8
:1067B000A06B2843A0630120C6E70020C4E70000C7
:1067C0001021010010B586B00446142101A8FAF783
:1067D000F4FE3349206888425FD100BF3148006829
:1067E00040F400702F4908600846006800F400700B
:1067F000009000BF00BF00BF081D006840F004000B
:10680000091D08600846006800F00400009000BF01
:1068100000BF00BF0846006840F00100086008465D
:10682000006800F00100009000BF00BF00BF0846F4
:10683000006840F0020008600846006800F00200AE
:10684000009000BF00BF0220019002900020039042
:10685000032004900920059001A91348FDF704F8CE
:106860000120019002200290002003900320049058
:106870000920059001A90D48FCF7F6FF4CF218001D
:106880000190022002900020039003200490092030
:10689000059001A90648FCF7E7FF06B010BD00000F
:1068A00000240248DC440258000802580000025844
:1068B000000402582DE9FF4F89B0044689469846E6
:1068C000FDF7F4F80290DDF82CB04D46B9F1000F59
:1068D00007D1A06B40F00060A06301200DB0BDE8BF
:1068E000F08F94F8340001287ED10020A0630BEBD8
:1068F0000801606D814205D9A06B40F00070A06373
:106900000120EBE7032084F8340000202168C862EE
:10691000E06B012801D04FEA4B2B4FF40071206847
:1069200002F02BF906464EB1774821688863A06BC8
:106930003043A063012084F83400CFE74FF0FF30EC
:1069400003904FEA48200490902005900220069082
:1069500000200790089003A9206802F0F8FA206848
:10696000C06840F040002168C860B8F1010F07D945
:10697000022020635946206802F068F9064606E0C6
:10698000012020635946206802F07DF9064666B171
:106990005D4821688863A06B3043A063012084F8C0
:1069A000340000202063012098E7DDF810A03AE0D1
:1069B0002068406B00F40040F0B1BAF1200F1BD307
:1069C0000020019013E0206802F0F9FC07462F70C8
:1069D0006D1C380A28706D1C380C28706D1C380E20
:1069E00028706D1C019800E087E0401C0190019820
:1069F0000828E8D3AAF1200AFDF758F80299411AAD
:106A00001698814201D2169868B93F482168886378
:106A1000A06B40F00040A063012084F83400002007
:106A2000206303205AE72068406B00F4957000282B
:106A3000BED02068C06820F040002168C86020688F
:106A4000406B00F48070B8B1B8F1010F14D9E06B5D
:106A5000032811D0206802F0F9F9064666B12A48E9
:106A600021688863A06B3043A063012084F8340060
:106A700000202063012031E72068406B00F008000F
:106A800068B1214821688863A06B40F00800A063CA
:106A9000012084F834000020206301201EE72068D4
:106AA000406B00F0020068B1174821688863A06B52
:106AB00040F00200A063012084F83400002020632D
:106AC00001200BE72068406B00F0200068B10E4801
:106AD00021688863A06B40F02000A063012084F847
:106AE0003400002020630120F8E60848216888630C
:106AF000012084F834000020F0E6A06B40F0005044
:106B0000A0630120EAE60000FF0FE01F3A0F001823
:106B10002DE9F04F89B00446884693461F46FCF79E
:106B2000C5FF0290DA464646B8F1000F07D1A06BC8
:106B300040F00060A063012009B0BDE8F08F94F838
:106B4000340001287ED10020A0630AEB0701606DAC
:106B5000814205D9A06B40F00070A0630120EBE7F3
:106B6000032084F8340000202168C862E06B01280B
:106B700001D04FEA4A2A4FF40071206801F0FDFF6E
:106B800005464DB1794821688863A06B2843A0630E
:106B9000012084F83400CFE74FF0FF3003907802F3
:106BA000049090200590002006900790089003A97B
:106BB000206802F0CCF92068C06840F040002168ED
:106BC000C860012F07D9202020635146206802F0B9
:106BD00084F9054606E0102020635146206802F043
:106BE00099F9054665B1614821688863A06B28431F
:106BF000A063012084F834000020206301209BE77B
:106C0000DDF8109043E02068406B00F4804040B312
:106C1000B9F1200F25D3002001901DE030780090BD
:106C2000761C3078009941EA00200090761C30787C
:106C3000009941EA00400090761C3078009941EAC2
:106C4000006000E08CE00090761C6946206802F04D
:106C5000D1FB0198401C019001980828DED3A9F1CE
:106C60002009FCF723FF0299411A1298814201D2B0
:106C7000129860B93D4821688863A06B2843A063DF
:106C8000012084F8340000202063032054E72068AA
:106C9000406B00F48D700028B5D02068C06820F0EB
:106CA00040002168C8602068406B00F48070B0B17B
:106CB000012F14D9E06B032811D0206802F0C6F828
:106CC000054665B1294821688863A06B2843A06305
:106CD000012084F834000020206301202CE7206884
:106CE000406B00F0080068B1204821688863A06B01
:106CF00040F00800A063012084F8340000202063E5
:106D0000012019E72068406B00F0020068B11748C5
:106D100021688863A06B40F00200A063012084F822
:106D2000340000202063012006E72068406B00F05B
:106D3000100068B10D4821688863A06B40F0100016
:106D4000A063012084F83400002020630120F3E6D2
:106D5000074821688863012084F834000020EBE6AE
:106D6000A06B40F00050A0630120E5E6FF0FE01F9C
:106D70003A0F001870B504462546681EB0F1807FB2
:106D800001D301200FE0681E4FF0E02148610F2180
:106D90004FF0FF3003F014FB00204FF0E02188613A
:106DA00007200861002070BD10B586B0044614218C
:106DB00001A8FAF702FC10492068884219D100BFE7
:106DC0000E48006840F001000C4908600846006861
:106DD00000F00100009000BF00BF0220019002906F
:106DE0000020039004900420059001A90448FCF7BA
:106DF0003BFD06B010BD000000400140E0440258D9
:106E000000000258704770477047000010B50346F5
:106E1000002200BF93F83C00012801D1022010BDE0
:106E2000012083F83C0000BF22F0FF00CC6840EA5C
:106E3000040222F440708C6840EA040222F480606C
:106E40004C6840EA040222F400600C6840EA040244
:106E500022F480500C6940EA040222F400504C698C
:106E600040EA040222F480408C6A40EA040222F4E0
:106E700070200C8B40EA04420F4C1868A04203D0EB
:106E80000E4C1868A0420ED122F470008C8C40EA9F
:106E9000045222F08070CC6940EA040222F00070B3
:106EA0000C6A40EA04021868426400BF002083F8BC
:106EB0003C0000BF00BFB2E70000014000040140F9
:106EC00030B502460B4600BF92F83C00012801D1C4
:106ED000022030BD012082F83C0000BF022082F871
:106EE0003D001068416810688468114D1068A84220
:106EF00003D0104D1068A84203D121F470015868E6
:106F0000014321F070011868014324F0800498685F
:106F100004431068416010688460012082F83D00DD
:106F200000BF002082F83C0000BF00BFD1E7000096
:106F3000000001400004014070B504460E460422E2
:106F40003146206802F091FF2068406C40F4004018
:106F50002168486420688068074900EA0105062D19
:106F600008D0B5F5803F05D02068006840F00100EA
:106F700021680860002070BD0700010010B50446BC
:106F80000CB9012010BD94F83D0028B9002084F808
:106F90003C00204600F00CF8022084F83D00211D42
:106FA000206802F0EBFE012084F83D000020E9E7B4
:106FB00038B5044649492068884213D100BF484883
:106FC000006840F02000464908600846006800F06C
:106FD0002000009000BF00BF012211463720FDF7BE
:106FE0001FF87AE03F492068884213D100BF3C482F
:106FF000006840F080003A4908600846006800F0E8
:107000008000009000BF00BF012202212C20FDF76C
:1070100007F862E034492068884213D100BF304845
:10702000006840F480702E4908600846006800F44B
:107030008070009000BF00BF012203212D20FCF7CB
:10704000EFFF4AE029492068884215D100BF244853
:107050000830006840F400302149083108600846D3
:10706000006800F40030009000BF00BF012204213E
:107070007520FCF7D5FF30E01D492068884215D106
:1070800000BF17480830006840F4802014490831D8
:1070900008600846006800F48020009000BF00BF30
:1070A000012205217620FCF7BBFF16E0114920687C
:1070B000884212D100BF0A48006840F00400084925
:1070C00008600846006800F00400009000BF00BFA0
:1070D000012206211E20FCF7A3FF38BD001400404A
:1070E000E8440258001C00400020004000440140D9
:1070F00000480140000800400146022081F83D00A0
:1071000008688068094B00EA0302062A08D0B2F535
:10711000803F05D00868006840F001000B681860E7
:10712000012081F83D0000207047000007000100A9
:1071300001460868C06840F001000B68D860086824
:107140008068084B00EA0302062A08D0B2F5803FA7
:1071500005D00868006840F001000B681860002046
:1071600070470000070001002DE9F04104460D467C
:1071700000BF94F83C00012802D10220BDE8F08154
:10718000012084F83C0000BF022084F83D00206804
:1071900086684048064026F47F4620688660286856
:1071A000702826D00CDC00F00F01002966D10011F8
:1071B000072863D2DFE800F0555657584B37410097
:1071C000B0F1101F52D009DCB0F5805F10D0B0F5DF
:1071D000005F1BD0B0F5801F50D146E0A0F58010B5
:1071E0002038002843D0102842D0202846D140E043
:1071F00045E0D5E902136A68206802F047FE20687E
:10720000866846F077062068866038E0D5E9021384
:107210006A68206802F03AFE2068806840F4804086
:10722000216888602BE0EA686968206803F06AF8E2
:107230005021206802F036FE21E0EA686968206883
:1072400003F073F86021206802F02CFE17E0EA6872
:107250006968206803F056F84021206802F022FE99
:107260000DE000BF00BF00BF00BF00BF00BF00BFF8
:1072700000BF2968206802F015FE00E000BF00BFD3
:10728000012084F83D0000BF002084F83C0000BFCE
:1072900000BF73E788FFCEFF704710B50446206833
:1072A0000069C0F34000D8B12068C068C0F3400056
:1072B000B0B16FF0020021680861012020772068DA
:1072C000806900F0030018B12046FFF7E5FF05E0F4
:1072D000204600F0BEF8204600F091F9002020770B
:1072E00020680069C0F38000D8B12068C068C0F38E
:1072F0008000B0B16FF0040021680861022020779F
:107300002068806900F4407018B12046FFF7C4FF80
:1073100005E0204600F09DF8204600F070F90020BE
:10732000207720680069C0F3C000D8B12068C06829
:10733000C0F3C000B0B16FF00800216808610420FC
:1073400020772068C06900F0030018B12046FFF7DD
:10735000A3FF05E0204600F07CF8204600F04FF93E
:107360000020207720680069C0F30010D8B12068A1
:10737000C068C0F30010B0B16FF010002168086160
:10738000082020772068C06900F4407018B12046BA
:10739000FFF782FF05E0204600F05BF8204600F092
:1073A0002EF9002020772068006900F0010058B114
:1073B0002068C06800F0010030B16FF00100216862
:1073C0000861204600F060F920680069C0F3C01031
:1073D00058B12068C068C0F3C01030B16FF08000B1
:1073E000216808612046FFF70EFD20680069C0F3A0
:1073F000002058B12068C068C0F3C01030B16FF4ED
:107400008070216808612046FFF7FCFC2068006955
:10741000C0F3801058B12068C068C0F3801030B14C
:107420006FF0400021680861204600F064F9206890
:107430000069C0F3401058B12068C068C0F3401024
:1074400030B16FF02000216808612046FFF7DCFCB6
:1074500010BD704770B504460D46164600BF94F83F
:107460003C00012801D1022070BD012084F83C00BD
:1074700000BF022084F83D000C2E51D005DC4EB137
:10748000042E1ED0082E7AD133E0102E60D0142E98
:10749000F9D175E02946206802F010FD2068806966
:1074A00040F00800216888612068806920F00400AD
:1074B000216888612068806929690843216888619A
:1074C00077E02946206802F04FFD2068806940F48B
:1074D0000060216888612068806920F480602168EC
:1074E000886120688069296940EA012021688861F3
:1074F0005FE02946206802F091FD2068C06940F0F5
:1075000008002168C8612068C06920F00400216873
:10751000C8612068C069296908432168C86148E0DA
:107520002946206802F0D2FD2068C06940F400605E
:107530002168C8612068C06920F480602168C86142
:107540002068C069296940EA01202168C86130E0EB
:107550002946206802F0F2FD2068406D40F00800E6
:10756000216848652068406D20F004002168486566
:107570002068406D296908432168486519E017E0D3
:107580002946206802F010FE2068406D40F400603B
:10759000216848652068406D20F480602168486556
:1075A0002068406D296940EA01202168486500E0B3
:1075B00000BF00BF012084F83D0000BF002084F818
:1075C0003C0000BF00BF4FE710B504460CB90120D6
:1075D00010BD94F83D0028B9002084F83C002046F6
:1075E00000F00CF8022084F83D00211D206802F014
:1075F000C5FB012084F83D000020E9E77047704793
:1076000070B504460E4601223146206802F01CFC8B
:107610001749206888420FD01649206888420BD04D
:1076200015492068884207D014492068884203D051
:1076300013492068884201D1012000E0002028B1D0
:107640002068406C40F400402168486420688068ED
:107650000C4900EA0105062D08D0B5F5803F05D09C
:107660002068006840F0010021680860002070BDBB
:10767000000001400004014000400140004401407E
:107680000048014007000100704770B504460D46F0
:1076900000BF94F83C00012801D1022070BD0120F8
:1076A00084F83C0000BF022084F83D0029462046B3
:1076B00002F0B0FD48B1012084F83D0000BF002079
:1076C00084F83C0000BF0120E8E72068C06820F093
:1076D00040002168C8602068C06820F480402168AC
:1076E000C860012084F83D0000BF002084F83C0001
:1076F00000BF00BFD2E7704700BFFEE710B5002211
:1077000040211248FCF7C5F91048006820F44040B9
:107710000E4908600846006840F480400860002276
:1077200080210A48FCF7B5F9022004F06BFE012223
:1077300040210648FCF7ADF9022004F063FE002268
:1077400040210248FCF7A5F910BD000000040258D2
:1077500010B5002240211248FCF79BF91048006840
:1077600020F440400E4908600846006840F480401C
:107770000860012280210A48FCF78BF9022004F0FE
:1077800041FE012240210648FCF783F9022004F063
:1077900039FE002240210248FCF77BF910BD0000B1
:1077A0000004025870B5054600241848006820F40B
:1077B00040401649086008460068086000261AE044
:1077C000002240211148FCF764F9022004F01AFE5F
:1077D000012240210D48FCF75CF96006040E80216F
:1077E0000A48FCF745F908B1601CC4B2012004F056
:1077F00009FE701CC6B2082EE2DB15B9FFF7A8FF20
:1078000001E0FFF77BFF204670BD00000004025836
:1078100070B504461C48006820F440401A490860CE
:107820000846006840F48040086000224021164865
:10783000FCF72FF9002523E0E00928B1012280217F
:107840001148FCF726F904E0002280210E48FCF7DD
:1078500020F96006040E022004F0D4FD012240212C
:107860000948FCF716F9022004F0CCFD0022402163
:107870000548FCF70EF9022004F0C4FD681CC5B2EF
:10788000082DD9DB70BD00000004025810B5134864
:10789000006820F44040114908600846006840F440
:1078A00080400860012280210C48FCF7F2F8012298
:1078B00040210A48FCF7EDF8042004F0A3FD002263
:1078C00080210648FCF7E5F8042004F09BFD002227
:1078D00040210248FCF7DDF810BD0000000402580A
:1078E00010B51348006820F440401149086008466C
:1078F000006840F480400860002240210C48FCF7FA
:10790000C8F8002280210A48FCF7C3F8042004F0DC
:1079100079FD012240210648FCF7BBF8042004F061
:1079200071FD012280210248FCF7B3F810BD000070
:107930000004025810B500241748006820F44040A5
:107940001549086008460068086001228021124835
:10795000FCF79FF8012004F055FD012240210E485C
:10796000FCF797F8012004F04DFD07E0601CC4B25D
:10797000FA2C03DDFFF7B4FF012010BD802106487B
:10798000FCF776F80028F1D1002240210248FCF7EC
:1079900080F80020F1E700000004025810B5012033
:1079A00002490968C8630EF051FB10BDC8120020DF
:1079B0002DE9F047CAB00446BC211BA8F9F7FDFD2C
:1079C00034210EA8F9F7F9FD342101A8F9F7F5FDE6
:1079D0004FF000501B90192024909C4800780728F5
:1079E00008D1208C41001BA881620221C162016381
:1079F000416307E0208C41001BA881620221C16223
:107A00000163416300211BA88163C1630164FDF729
:107A100071F808B1FAF708FC00F024F98C488D4998
:107A200008600020486000218A488160C1600161CF
:107A3000A089401E87494861E089401E8861A0896D
:107A4000218A0844401E8349C861E089618A08444C
:107A5000401E80490862A089218A0844A188084400
:107A6000401E7C494862E089618A08446189084473
:107A7000401E78498862A089218A0844A188084468
:107A8000A18A0844401E7349C862E089618A08449B
:107A900061890844E18A0844401E6E490863002158
:107AA0006C4880F8341080F8351080F836100020CB
:107AB00048E0694951F82010C1F30747664931F899
:107AC0002010C1F30728644911F8209007F0FE0543
:107AD00008F0FE0609F0FE0A46EAD61605F0100187
:107AE00009B1022100E000210D43290441EA0621E9
:107AF00041EA0A01584A42F82010584951F820102A
:107B0000C1F30747554931F82010C1F307285349FD
:107B100011F8209007F0FE0508F0FE0609F0FE0AB5
:107B200046EAD61605F0100109B1022100E0002155
:107B30000D43290441EA062141EA0A01474A42F875
:107B40002010401CFF28B4DD00234FF4807242490E
:107B50004048FCF721F800213E48FCF7A4F83D48D6
:107B6000FCF7C8F808B1FAF75FFB00200E90A08878
:107B70000F9000201090E088119005201290FF20B7
:107B80001390002014904FF4C060159007201690B9
:107B9000334800681790A0881890E088199000205A
:107BA0008DF8680000218DF869108DF86A100022A8
:107BB0000EA92848FCF748F808B1FAF735FB002071
:107BC000019064200290002003906420049005201E
:107BD00005900020069007904FF4C06008900720A1
:107BE0000990A088E1881E4A126800FB01200A90D3
:107BF00064200B900C9000208DF8340000218DF84B
:107C000035108DF83610012201A91248FCF71CF836
:107C100008B1FAF709FB01231A0210490D48FBF7D6
:107C2000BBFF01210B48FCF73EF8E088E28A81188F
:107C30000848FCF7EDF8012204215820FCF7F0F980
:107C40005820FCF7DDF94AB0BDE8F0875C08002059
:107C500000100050C81200204400002044040020FE
:107C60004000002000B587B0142102A8F9F7A5FC58
:107C700000BF5948006840F00800574908600846AE
:107C8000006800F00800019000BF00BF00BF081F9F
:107C9000006840F00100091F08600846006800F015
:107CA0000100019000BF00BF00BF0846006840F01F
:107CB000020008600846006800F00200019000BF62
:107CC00000BF00BF0846006840F004000860084696
:107CD000006800F00400019000BF00BF00BF08462C
:107CE000006840F0080008600846006800F00800DE
:107CF000019000BF00BF00BF0846006840F01000C0
:107D000008600846006800F01000019000BF00BF46
:107D10004C20029031480078062803D1029840F0A8
:107D20001000029002200390002004900320059090
:107D30000E20069002A92A48FBF796FD4FF48070AA
:107D400002900D20069002A92548FBF78DFD032027
:107D50000290022003900020049003200590092047
:107D6000069002A91F48FBF77FFD4FF47060029058
:107D70000220039000200490032005900E2006901E
:107D800002A91848FBF770FD40F281600290134889
:107D90000078062803D1029840F0400002900220AB
:107DA000039000200490032005900E20069002A965
:107DB0000D48FBF759FD4FF670000290022003902A
:107DC00000200490032005900E20069002A9074889
:107DD000FBF74AFD07B000BDE44402585C080020F0
:107DE000000002580004025800080258001002580F
:107DF000F0B58E880768FF68C7F30B473E4433042D
:107E000006688436802707FB0266766806F47047AA
:107E1000066884364FF0800C0CFB026677600E68B3
:107E20000768FF68C7F30B473E44761C1E4307688C
:107E300084370CFB02777E608E890768FF68C7F382
:107E40000A073E44330406688436802707FB02662F
:107E5000B66806F47047066884360CFB0266B760A5
:107E60008E680768FF68C7F30A073E44761C46EA37
:107E70000307066884360CFB0266B7600668843622
:107E8000802707FB0266366926F0070706688436F6
:107E90000CFB026637610F69066884360CFB0266CC
:107EA00037613126765C33023226765C34040E7EEE
:107EB000350606688436802707FB0266B669002708
:107EC000066884360CFB0266B76191F830601E4389
:107ED000264346EA0507066884360CFB0266B7614E
:107EE00006688436802707FB0266766926F0FF075E
:107EF000066884360CFB026677614F690668843633
:107F00000CFB0266776106688436802707FB0266F1
:107F1000F66940F20777BE43076884370CFB0277A7
:107F2000FE61D1E907763743066884360CFB0266AA
:107F3000F76106688436802707FB0266B66A002769
:107F4000066884360CFB0266B7624F6A06688436A0
:107F50000CFB0266B7620E690EB9042313E00E69CA
:107F6000012E01D103230EE00E69042E08D00E6904
:107F7000022E05D00E69032E02D00E69072E01D104
:107F8000022300E0012306688436802707FB02668F
:107F9000F66A06F0E027066884364FF0800C0CFB8A
:107FA0000266F762D1E90076F61B5E43F61D0F8D7F
:107FB0005F4346EA0747066884360CFB0266F762B1
:107FC00006688436802707FB0266366BF70AFF02D5
:107FD000066884360CFB02663763CF6A066884360F
:107FE0000CFB0266376306688436D701F65946F003
:107FF0000107066884364FEAC21C46F80C70F0BDD3
:1080000000B58BB0242102A8F9F7D7FA00BF2E489B
:10801000006840F000502C4908600846006800F0F5
:108020000050019000BF00BF00BF27481038006813
:1080300040F002002449103908600846006800F04A
:108040000200019000BF00BF204821490860084697
:10805000FAF7ABFE08B1FAF7E7F800200290162015
:1080600003900020049005900690002202A9184871
:10807000FAF7CEFD08B1FAF7D7F8164816490860A6
:10808000432048604021144881600021C1604FF4C2
:108090008061016149004161890081614911C161CB
:1080A0000902016200214162FAF786FF08B1FAF77E
:1080B000BBF800BF0848064988600846064988633F
:1080C00000BF0BB000BD0000E8440258007400403F
:1080D000DCE2002040040240F0E2002038B5044613
:1080E00000BF1448006840F00100124908600846CB
:1080F000006800F00100009000BF00BF00BF08460C
:10810000006840F0020008600846006800F00200C5
:10811000009000BF00BF1CB93820FBF74FFF07E0FD
:10812000002211463820FBF77BFF3820FBF768FF61
:1081300038BD0000D844025810B503490348FAF787
:1081400074F80349087010BD5F0D002058AA030899
:108150005E0D002008B500BF0D48006840F08000AB
:108160000B4908600846006800F08000009000BFDE
:1081700000BF00BF0846006840F0010008600846E4
:10818000006800F00100009000BF00BF08BD0000C3
:10819000E04402582DE9F0419EB004460D46904659
:1081A0001E462846FFF79AFF78216846F9F705FA38
:1081B000364800901A2001900021029103914FF45B
:1081C00080610491CDF814800901069107964FF45F
:1081D000403108910021099103210A9100210B915E
:1081E0000C910CB90B2001906846FAF7E5FE4FF4AC
:1081F000F8477CB97B002648264902686846FBF7A9
:1082000099F82248006840F00800204908601EB034
:10821000BDE8F0813B4620481E4902686846FBF7EE
:1082200089F81A48006840F00800184908601748A3
:1082300018300090182001906846FAF7BDFE3B46C2
:108240001648144902686846FBF774F81448009011
:10825000192001906846FAF7AFFE3B4611480D49D8
:1082600002686846FBF766F80D4818300090172042
:1082700001906846FAF7A0FE3B46054805490268AA
:108280006846FBF757F800BFC1E700001004024042
:1082900058090020100C0258640900205C090020D5
:1082A00010000240600900200748084908600020CB
:1082B00048600021054881604FF48041C160C900D9
:1082C000016100214161704700240248C010002074
:1082D00000B5ABB040211BA8F9F76FF900BF3C48CF
:1082E000006840F480303A4908600846006800F4AD
:1082F0008030019000BF00BF0020179018901990A7
:108300001A901490159016901C210DA8F9F755F9A4
:108310002C2102A8F9F751F92E481B9009201C9036
:1083200000211D9140F2E7311E9100211F911BA8F1
:10833000416180218161FEF721FE08B1F9F774FFE8
:108340004FF48050179017A91BA8FEF70DFF08B136
:10835000F9F76AFF1BA8FFF737F908B1F9F764FFCF
:1083600000201490169014A91BA8FEF7A9FD08B1CF
:10837000F9F75AFF60200D9000200E900F9010909A
:1083800011901290139000220DA91BA8FFF762F81C
:1083900008B1F9F749FF002002900390049005907E
:1083A00006904FF400500790002008900C9002A90E
:1083B0001BA8FEF72BFD08B1F9F736FF1BA8FEF747
:1083C000F3FC00211BA8FEF7B7FD2BB000BD000099
:1083D000F04402580040014000B5AFB040211FA852
:1083E000F9F7EBF800201B901C901D901E90189040
:1083F00019901A901C2111A8F9F7DFF82C2106A872
:10840000F9F7DBF800BF5A48006840F0020058490D
:1084100008600846006800F00200009000BF00BF3E
:1084200054481F900020209000211FA8816042F234
:108430000F71C1600021016141618161FEF79EFD04
:1084400008B1F9F7F1FE4FF480501B901BA91FA84B
:10845000FEF78AFE08B1F9F7E7FE1FA8FFF7B4F8A8
:1084600008B1F9F7E1FE0020189019901A9018A9A8
:108470001FA8FEF725FD08B1F9F7D6FE6020119080
:1084800041F2EC3012900020139014901590169049
:108490001790002211A91FA8FEF7DCFF08B1F9F719
:1084A000C3FE082211A91FA8FEF7D4FF08B1F9F7EF
:1084B000BBFE002006900790089009900A904FF4A8
:1084C00000500B9000200C900D904FF000700E901B
:1084D00000200F90109006A91FA8FEF797FC08B186
:1084E000F9F7A2FE142101A8F9F767F800BF2048A8
:1084F0001038006840F001001D4910390860084636
:10850000006800F00100009000BF00BF00BF0846F7
:10851000006840F0040008600846006800F00400AD
:10852000009000BF00BF8020019002200290002038
:10853000039004900320059001A90F48FBF794F9DC
:108540004FF480700190022002900020039004906C
:108550000320059001A90948FBF786F900211FA80F
:10856000FEF7EAFC08211FA8FFF74AF82FB000BD6C
:10857000F04402580004014000000258000802586C
:1085800000BFFEE770470000014800787047000018
:108590006C09002000200149086070476C09002028
:1085A00001200149086070476C09002008480068F4
:1085B00020F00100064908600648006820F001002C
:1085C000044908600020486201492431086070476E
:1085D000000400400000014010B590B0044600BF08
:1085E0004848006840F002004649086008460068B4
:1085F00000F00200009000BF00BF142104A8F8F7AB
:10860000DCFF00200190029003901C2109A8F8F7DC
:10861000D4FF142104A8F8F7D0FF002001900290A5
:108620000390394839490860002138480161816068
:108630000721C160C720354948600846FEF7C4FFDE
:108640006020099002200B9001200A90002209A9C5
:108650002E48FEF7FFFE03200A90042209A92B48AA
:10866000FEF7F8FE05200A90082209A92748FEF720
:10867000F1FE07200A900C2209A92448FEF7EAFE21
:10868000062004900020059004A92048FEF7FDFF75
:1086900008B1F9F7C9FD00200190039001A91B481A
:1086A000FEF70EFC08B1F9F7BFFD18480068C06876
:1086B00040F4007015490968C86014480068C06833
:1086C00040F4806011490968C86010480068C068BB
:1086D00040F400600D490968C8600C480068C06833
:1086E00040F4805009490968C86000234FF40062D3
:1086F00001212046FFF74EFD204600F009F800203A
:1087000010B010BDE8440258000400407816002064
:1087100010B590B0044600BF4448006840F0010026
:10872000424908600846006800F00100009000BF60
:1087300000BF00BF0846006840F01000086008460F
:10874000006800F01000009000BF00BF00BF374875
:108750001030006840F001003449103108600846CC
:10876000006800F00100009000BF00BF00200190F1
:10877000029003901C2104A8F8F71FFF002001902D
:10878000029003904FF400700B9002200C90002098
:108790000D9003200E9001200F900BA92448FBF7A9
:1087A00063F80BA92348FBF75FF8234823490860C7
:1087B00000212248016181600121C160C7201F4959
:1087C00048600846FEF700FF102001900004029068
:1087D0008020039001A91948FEF772FB08B1F9F750
:1087E00023FD6020049002200690012005900022C5
:1087F00004A91248FEF72EFE042204A90F48FEF732
:1088000029FE3CB90D480068C06840F400700B496F
:108810000968C86000210948FEF7F2FE04210748F4
:10882000FEF7EEFE002010B010BD0000E04402583C
:108830000010025800000258000001407816002085
:10884000704770472DE9F04104460E460027554811
:10885000006800F00300032802D10120BDE8F08188
:1088600050482838006820F080604E492839086058
:10887000FBF71CF9054606E0FBF718F9401B022838
:1088800001D90320EAE7474828380068C0F3C060F0
:108890000028F1D100BF4348006820F47C302168F3
:1088A00040EA01303F490860A088401EC0F308003C
:1088B000A168491E4FF47E4202EA41210843A18982
:1088C000491ED20102EA01410843217C491E1202DD
:1088D00002EA0161084333491031086000BF3148A2
:1088E000001D006820F0C000616908432D49091D82
:1088F00008600846006820F02000A1690843294963
:10890000091D08600846006820F01000086025482E
:10891000143000684FF6F8718843E16940EAC100FD
:108920002049143108601F48001D006840F0100005
:108930001C49091D08602EB90846006840F4002053
:10894000086012E0012E08D11648001D006840F4AE
:1089500080101449091D086007E01248001D0068D6
:1089600040F400100F49091D08600E4828380068BF
:1089700040F080600B4928390860FBF797F80546FE
:1089800006E0FBF793F8401B022801D9032065E7B6
:10899000044828380068C0F3C0600028F1D0384689
:1089A0005CE70000284402582DE9F04104460E46D9
:1089B00000275548006800F00300032802D1012079
:1089C000BDE8F08150482838006820F080504E49BA
:1089D00028390860FBF76AF8054606E0FBF766F8F9
:1089E000401B022801D90320EAE7474828380068DD
:1089F000C0F340700028F1D100BF4348006820F068
:108A00007C70218840EA01503F490860A088401EE0
:108A1000C0F30800A168491E4FF47E4202EA4121DA
:108A20000843A189491ED20102EA01410843217C81
:108A3000491E120202EA01610843334918310860F5
:108A400000BF3148001D006820F4406061690843A0
:108A50002D49091D08600846006820F40070A169CE
:108A600008432949091D08600846006820F4807001
:108A7000086025481C3000684FF6F8718843E169AA
:108A800040EAC10020491C3108601F48001D0068F1
:108A900040F480701C49091D08602EB90846006822
:108AA00040F48000086012E0012E08D11648001D35
:108AB000006840F400001449091D086007E01248EE
:108AC000001D006840F080700F49091D08600E48C5
:108AD0002838006840F080500B4928390860FAF7C0
:108AE000E5FF054606E0FAF7E1FF401B022801D941
:108AF000032065E7044828380068C0F34070002868
:108B0000F1D038465CE700002844025870B586B0C2
:108B100005460C460194372002904FF48070039074
:108B2000002004904FF48050059001A9284600F0E1
:108B30004BFC41F288323721284600F041FA0646C4
:108B4000304606B070BD70B586B005460C4601943F
:108B5000292002904FF480700390002004904FF47D
:108B60008050059001A9284600F02EFC284600F010
:108B700033FB0646304606B070BD70B586B005467C
:108B80000C460194102002900001039000200490F4
:108B90004FF48050059001A9284600F015FC41F2E1
:108BA00088321021284600F00BFA0646304606B0FF
:108BB00070BD70B586B005460C4601940620029043
:108BC0004FF480700390002004904FF48050059083
:108BD00001A9284600F0F8FB41F288320621284618
:108BE00000F0EEF90646304606B070BD30B585B0EF
:108BF0000446002000900190029003904FF48050B2
:108C000004906946204600F0DFFB204600F0B6F9EC
:108C10000546284605B030BD30B585B004464FF452
:108C2000D570009008200190400102900020039030
:108C30004FF4805004906946204600F0C5FB204662
:108C400000F056FB0546284605B030BD70B586B02D
:108C500005460C460194122002904FF48070039058
:108C6000002004904FF48050059001A9284600F0A0
:108C7000ABFB41F288321221284600F0A1F90646EA
:108C8000304606B070BD70B586B005460C460194FE
:108C9000112002904FF480700390002004904FF454
:108CA0008050059001A9284600F08EFB41F28832E1
:108CB0001121284600F084F90646304606B070BD02
:108CC000F0B585B0064614461D4600940720019075
:108CD0004FF480700290002003904FF48050049075
:108CE0006946304600F070FB41F288320721304679
:108CF00000F066F90746384605B0F0BD30B585B0DE
:108D0000044600200090022001904FF44070029031
:108D1000002003904FF4805004906946204600F0F4
:108D200053FB204600F024FA0546284605B030BD26
:108D300070B586B005460C460194092002904FF4A8
:108D400040700390002004904FF48050059001A9DA
:108D5000284600F039FB284600F00AFA064630465D
:108D600006B070BD30B585B00446002000903320B9
:108D700001904FF480700290002003904FF48050D7
:108D800004906946204600F01FFB41F288323321EF
:108D9000204600F015F90546284605B030BD70B5EF
:108DA00086B005460C4601940D2002904FF4807069
:108DB0000390002004904FF48050059001A92846AC
:108DC00000F002FB41F288320D21284600F0F8F84D
:108DD0000646304606B070BD70B586B005460C46F6
:108DE00000200190032002904FF480700390002037
:108DF00004904FF48050059001A9284600F0E4FA51
:108E000022460321284600F015FA0646304606B0F1
:108E100070BD30B585B00446002000900D20019053
:108E20004FF480700290002003904FF48050049023
:108E30006946204600F0C8FA41F288320D212046EA
:108E400000F0BEF80546284605B030BD30B585B007
:108E50000446002000900C2001904FF48070029096
:108E6000002003904FF480500490E06840F08000B0
:108E7000E060E06820F04000E0606946204600F0D5
:108E8000A3FA064A0C21204600F09AF80546E0684D
:108E900020F08000E060284605B030BD00E1F50517
:108EA00030B585B00446002000900B2001904FF4AF
:108EB00080700290002003904FF480500490694627
:108EC000204600F081FA41F288320B21204600F062
:108ED00077F80546284605B030BD70B586B0054622
:108EE0000C460194192002904FF4807003900020EA
:108EF00004904FF48050059001A9284600F064FAD0
:108F000041F288321921284600F05AF806463046C8
:108F100006B070BD70B586B005460C4601941820A9
:108F200002904FF480700390002004904FF4805022
:108F3000059001A9284600F047FA41F2883218212D
:108F4000284600F03DF80646304606B070BD10B524
:108F5000024600230868506248689062D1E9020422
:108F600020430C6920434C6920430343D06A20F01E
:108F7000FF001843D062002010BD000001460E48DB
:108F80000068C0084FF47A73B0FBF3F041F2883305
:108F900000FB03F200BF101EA2F1010202D14FF04C
:108FA00000407047486B00F080000028F3D0034871
:108FB00088630020F5E7000000000020C5002000C5
:108FC0002DE9F04305460F46904666480068C00804
:108FD0004FF47A71B0FBF1F000FB08F900BFB9F172
:108FE0000000A9F1010903D14FF00040BDE8F08372
:108FF0006E6B5D4830400028F1D006F40050002828
:10900000EDD1686B00F0040010B10420A863EDE717
:10901000686B00F0010010B10120A863E6E7524838
:109020008030A863284600F099F9B84201D00120A9
:10903000DCE70021284600F09AF904464B4820401E
:1090400008B90020D2E704F00040B0F1004F02D18F
:109050004FF00070CAE704F08040B0F1804F01D1BA
:109060004020C3E704F00050B0F1005F01D1802040
:10907000BCE704F08050B0F1805F02D14FF4807003
:10908000B4E704F00060B0F1006F02D14FF400705B
:10909000ACE704F08060B0F1806F02D14FF48060E3
:1090A000A4E704F08070B0F1807F02D14FF400603B
:1090B0009CE704F40000B0F5000F02D14FF480509B
:1090C00094E704F48000B0F5800F02D14FF4005013
:1090D0008CE704F40010B0F5001F02D14FF480407B
:1090E00084E704F48010B0F5801F02D14FF40040F3
:1090F0007CE704F48020B0F5802F02D14FF40030DB
:1091000074E704F40030B0F5003F02D14FF4802042
:109110006CE704F48030B0F5803F02D14FF40020BA
:1091200064E704F40040B0F5004F02D14FF4801022
:109130005CE704F48040B0F5804F02D14FF400109A
:1091400054E704F40050B0F5005F02D14FF4800002
:109150004CE704F00800082801D1000546E74FF469
:10916000803043E7000000204500200008E0FFFDBC
:1091700010B5014616480068C0084FF47A74B0FB79
:10918000F4F041F2883400FB04F300BF181EA3F191
:10919000010302D14FF0004010BD4A6B02F04500C0
:1091A0000028F3D002F400500028EFD1486B00F003
:1091B000040010B104208863EEE7486B00F0010062
:1091C00010B101208863E7E7024888630020E3E7E5
:1091D00000000020C500200010B5014613480068BB
:1091E000C0084FF47A74B0FBF4F041F2883400FB0D
:1091F00004F300BF181EA3F1010302D14FF0004099
:1092000010BD4A6B02F045000028F3D002F4005074
:109210000028EFD1486B00F0040010B104208863EF
:10922000EEE7034888630020EAE700000000002022
:10923000C50020002DE9F04304460F4690462A4819
:109240000068C0084FF47A71B0FBF1F041F2883148
:1092500000FB01F900BFB9F10000A9F1010903D138
:109260004FF00040BDE8F083666B06F04500002833
:10927000F1D006F400500028EDD1606B00F004003E
:1092800010B10420A063EDE7606B00F0010010B1A5
:109290000120A063E6E7204600F060F8B84201D064
:1092A0000120DFE71148A0630021204600F05FF8AD
:1092B000054605F4604020B9280CA8F800000020FD
:1092C000D0E705F48040B0F5804F02D14FF4005054
:1092D000C8E705F40040B0F5004F02D14FF48050CC
:1092E000C0E74FF48030BDE700000020C50020003B
:1092F00010B5014618480068C0084FF47A74B0FBF6
:10930000F4F041F2883400FB04F300BF181EA3F10F
:10931000010302D14FF0004010BD4A6B02F045003E
:109320000028F3D002F400500028EFD1486B00F081
:10933000040010B104208863EEE7486B00F00100E0
:1093400010B101208863E7E7486B00F0400008B1E6
:10935000402088630020DFE7000000200146086904
:10936000C0B270470146086800F00300704702462B
:1093700002F1140043181868704700000FB410B5CC
:1093800004460021DDE903021043059A1043069AC2
:109390001043079A104301436068044A1040084391
:1093A0006060002010BC5DF814FB0000002CC0FFC2
:1093B0000146086840F0030008600020704701463D
:1093C000D1F880007047000010B5024600230868FD
:1093D0009060D1E901042043CC6820430C6920430C
:1093E0000343D068024C20401843D060002010BDD9
:1093F000C0E0FEFF02460868C2F880000020704707
:1094000010B50446012007490870F8F7B7FB28B9E2
:109410000448007820F001000249087001480078F3
:1094200010BD00003C0000202DE9F04389B0044647
:109430000F46FAF73BFB81464FF0000800200190F1
:1094400002903E4608212068FFF797FB05461DB1B4
:10945000284609B0BDE8F0834822125B1104206859
:10946000FFF754FB05460DB12846F2E74FF0FF30F9
:1094700003900820049030200590022006900020E0
:1094800007900120089003A92068FFF760FD20687D
:10949000FFF768FC05460DB12846DAE71AE02068B8
:1094A000406B00F4002060B9B8F1000F09D12068CA
:1094B000FFF785FF01902068FFF781FF029008F118
:1094C0000108FAF7F3FAA0EB0900401C10B94FF0BD
:1094D0000040BEE72068406B40F22A510840002857
:1094E000DDD02068406B00F0080018B1082021682A
:1094F0008863AEE72068406B00F0020018B10220DC
:1095000021688863A5E72068406B00F0200018B14F
:109510002020216888639CE71248216888630298AC
:109520000006029901F47F4140EA0120029901F40A
:109530007F0140EA1120029940EA11603060361D37
:1095400001980006019901F47F4140EA0120019948
:1095500001F47F0140EA1120019940EA1160306076
:10956000002076E73A0F001830B58DB00446012090
:1095700001902068FFF7F6FE18B94FF080600DB03B
:1095800030BDE06B03281AD02068FFF7B7FB054613
:109590000DB12846F3E700212068FFF7E8FE2067B9
:1095A00004212068FFF7E3FE606708212068FFF7C9
:1095B000DEFEA0670C212068FFF7D9FEE067E06BB4
:1095C000032807D001A92068FFF706FC05460DB166
:1095D0002846D4E7E06B032820D0BDF80410A1642E
:1095E0004822125B11042068FFF7A2FB05460DB16B
:1095F0002846C4E700212068FFF7B9FE2066042151
:109600002068FFF7B4FE606608212068FFF7AFFE10
:10961000A0660C212068FFF7AAFEE06604212068FE
:10962000FFF7A5FE010D616402A92046FCF7A6FE26
:1096300010B14FF08050A2E74820005B01040A46B9
:1096400000232068FFF73CFB05460DB1284696E74E
:10965000002094E72DE9F8430446002000900026FE
:109660008046FAF723FA07462068FFF7BFFA054657
:1096700015B12846BDE8F8832068FFF7CDFA054606
:1096800045B1002121642068FFF7B0FA05461DB1FD
:109690002846EFE701212164206C012808D1002130
:1096A0002068FFF733FA054615B14FF08050E1E727
:1096B0001DE000212068FFF729FA05460DB1284674
:1096C000D8E74B492068FFF73EFA054615B14FF041
:1096D0008050CFE700212068FFF749FE06460120B1
:1096E00080EAD67080F001080098401C00904FF688
:1096F000FF710098884202D2B8F1000FD9D04FF61E
:10970000FF710098884202D34FF08070B2E706F0F4
:109710008040B0F1804F68D10120E063A069022849
:1097200063D106F08070B0F1807F5ED14FF400719C
:10973000E1652068006840F0080021680860206842
:10974000FFF7AEFB05460DB1284693E707E0FAF7B1
:10975000ADF9C01B401C10B94FF000408AE72068EB
:10976000406B00F08060B0F1806FF0D14FF080600E
:10977000216888632068406B00F48010B0F5801F7A
:1097800002D04FF0805075E70120FCF7F5FD20680E
:10979000006840F004002168086007E0FAF786F9E5
:1097A000C01B401C10B94FF0004063E72068406BBD
:1097B00000F00070B0F1007FF0D14FF00070216830
:1097C00088632068406B00F48010B0F5801F02D1E0
:1097D0004FF080704EE71320216808604FF0FF3093
:1097E000216888634FF40071E165002042E70000C2
:1097F000000010C12DE9F04387B004460F46FAF788
:1098000055F980463E4600212068FFF7B0FD00F084
:109810000070B0F1007F04D14FF4006007B0BDE8E4
:10982000F08340212068FFF7A8F905461DB1A06B21
:10983000A0632846F2E74822125B11042068FFF774
:1098400065F905461DB1A06BA0632846E6E74FF019
:10985000FF3001904020029060200390022004908D
:10986000002005900120069001A92068FFF76FFBFA
:109870002068FFF7CEFA05461DB1A06BA06328460D
:10988000CCE71AE02068406B00F4004060B14FF074
:10989000000906E02068FFF792FD3060361D09F1EF
:1098A0000109B9F1080FF5D3FAF700F9A0EB0800A8
:1098B000401C10B94FF00040B0E72068406B00F446
:1098C00095700028DED02068406B00F0080008B1D9
:1098D0000820A3E72068406B00F0020008B10220D6
:1098E0009CE72068406B00F0200008B1202095E73D
:1098F0000DE02068FFF763FD3060361DFAF7D6F8FB
:10990000A0EB0800401C10B94FF0004086E720682B
:10991000406B00F480500028EBD102482168886336
:1099200000207BE73A0F001870B504460D4615B9C4
:109930004FF0006070BD4822125B11042068FFF7F1
:109940002EFA06460EB13046F4E700212068FFF7F4
:109950000EFD28600020EDE77CB504460020009055
:10996000019000212068FFF702FD00F00070B0F1C7
:10997000007F02D14FF400607CBD69462046FFF7AE
:1099800053FD05460DB12846F6E7019800F48030F6
:1099900098B14822125B11042068FFF7B7F805461A
:1099A0000DB12846E8E700212068FFF702F90546D7
:1099B0000DB12846E0E70020DEE74FF08060DBE7EE
:1099C0007CB5044600200090019000212068FFF73C
:1099D000CEFC00F00070B0F1007F02D14FF40060C7
:1099E0007CBD69462046FFF71FFD05460DB12846A0
:1099F000F6E7019800F4802098B14822125B110428
:109A00002068FFF783F805460DB12846E8E70221F4
:109A10002068FFF7CEF805460DB12846E0E70020A4
:109A2000DEE74FF08060DBE710B504460120064911
:109A30000870F8F7AFF820B92046FFF7E1FC0249BB
:109A400008700148007810BD3C000020F0B589B0D6
:109A500007460D46144601261648007800F001001E
:109A600010B1032009B0F0BD35B1012D06D0022D93
:109A70000BD0032D18D10FE0002617E06846F8F749
:109A800073F806982060002610E06846F8F76CF836
:109A900007982080002609E06846F8F765F80798DF
:109AA000400A2060002601E0042600BF00BF3046C7
:109AB000D8E700003C0000202DE9F04180460C462C
:109AC00015461E460127BB1E324629462046F8F79A
:109AD00085F828B900BFF8F751F80028FBD1002716
:109AE0003846BDE8F08110B504462046FFF788FCF3
:109AF00010BD2DE9F04180460C4615461E46012753
:109B0000BB1E324629462046F8F780F828B900BF28
:109B1000F8F734F80028FBD100273846BDE8F0817B
:109B2000704710B5F9F7D0FF10BD000000B5CBB0FD
:109B30004C2138A8F7F741FD202130A8F7F73DFD6B
:109B4000BC2101A8F7F739FD0220FAF7BBFA00BFE4
:109B5000002000903748006840F4404035490860D4
:109B60000846006800F4404000903348006820F048
:109B70000100401C304908600846006800F0010000
:109B8000009000BF00BF00BF2A48006800F40050EA
:109B9000B0F5005FF8D12948006820F00300801C70
:109BA00026490860212038904FF4803039900120F8
:109BB0003E9002204190022138A881620521C162B5
:109BC000A021016302214163102181630221C1634D
:109BD00008210164002141648164FBF7C3FF08B1DF
:109BE000F8F722FB3F203090032031900020329084
:109BF000082033904020349035900001369040206A
:109C00003790022130A8FBF717FD08B1F8F70CFBDD
:109C10004FF4A0200190002014904FF440102290A7
:109C200001A8FAF767FF08B1F8F7FEFAFAF77AFA2F
:109C30004BB000BD184802582C0400582844025864
:109C40002348006840F470002149086021480068FA
:109C500040F001001F49086000201E4910310860D3
:109C60001C4800681C4908401A490860002019492E
:109C700018310860091D0860091D08601549283160
:109C80000860091D0860091D0860091D0860091D9C
:109C90000860091D0860091D0860091D08600D485D
:109CA000006820F480200B490860002009496031D9
:109CB00008600A4800686FF30F00B0F1005F02D23D
:109CC000012007490860074801498039086070474A
:109CD00088ED00E0004402587FEDF6EA0010005CD9
:109CE000088100510000020810B50448FDF7D5FABC
:109CF0000FF09CFE0AF0AAFE10BD0000001200202A
:109D000010B50448FDF7C9FA0FF0AEFE0AF09EFE4A
:109D100010BD00004012002010B504480068401C2F
:109D2000024908600248FDF7B8FA10BD380000206B
:109D30008010002010B50448FDF7AFFA0FF01CFEAC
:109D40000AF084FE10BD00004011002010B5044848
:109D5000FDF7A3FA0FF04CFE0AF078FE10BD0000EC
:109D6000C011002010B50448FDF797FA0FF022FE4D
:109D70000AF06CFE10BD00008011002010B50268D2
:109D8000294B98420ED0B0F1804F0BD0274B984210
:109D900008D0274B984205D0264B984202D0264B3C
:109DA000984203D122F070024B681A431E4B98422E
:109DB00017D0B0F1804F14D01C4B984211D01C4BDF
:109DC00098420ED01B4B98420BD01B4B984208D0A8
:109DD0001A4B984205D01A4B984202D0194B984220
:109DE00003D122F44072CB681A4322F080034C69FD
:109DF00043EA040202608B68C3620B6883620A4B09
:109E000098420BD00C4B984208D00C4B984205D08E
:109E10000B4B984202D00B4B984201D10B69036364
:109E20000123436110BD0000000001400004004018
:109E300000080040000C00400004014000400140C8
:109E4000004401400048014030B501F01F050124E5
:109E500004FA05F3046A9C430462046A01F01F05D6
:109E600002FA05F52C43046230BD30B501F01F0540
:109E7000042404FA05F3046A9C430462046A01F0B2
:109E80001F0502FA05F52C43046230BD30B50C46BF
:109E9000816821F47F4142EA0325254329438160FB
:109EA00030BD00000A468168034B194042F00703A9
:109EB00019438160704700008FFFCFFF30B5056AFE
:109EC00025F001050562026A43688469204D2C4033
:109ED00024F003040D682C4322F002028D682A430B
:109EE0001C4DA84200D10FE01B4DA84200D10BE051
:109EF0001A4DA84200D107E0194DA84200D103E055
:109F0000184DA84206D100BF22F00802CD682A43AE
:109F100022F004020F4DA8420BD00F4DA84208D0EA
:109F20000E4DA84205D00E4DA84202D00D4DA842BC
:109F300007D123F4807323F400734D692B438D699B
:109F40002B43436084614D684563026230BD00006D
:109F50008FFFFEFF0000014000040140004001406F
:109F6000004401400048014030B5056A25F0100565
:109F70000562026A43688469224D2C4024F44074CF
:109F80000D6844EA052422F020028D6842EA051299
:109F90001D4DA84200D10FE01C4DA84200D10BE09E
:109FA0001B4DA84200D100BF1A4DA84200D100BFEE
:109FB000194DA84207D106E022F08002CD6842EA9E
:109FC000051222F04002104DA8420BD00F4DA842BE
:109FD00008D00F4DA84205D00E4DA84202D00E4D1C
:109FE000A84209D123F4806323F400634D6943EA56
:109FF00085038D6943EA8503436084614D68856309
:10A00000026230BDFF8FFFFE0000014000040140EE
:10A0100000400140004401400048014030B5056A5D
:10A0200025F480750562026A4368C46924F07004EF
:10A0300024F003040D682C4322F400728D6842EA78
:10A0400005221D4DA84200D10FE01C4DA84200D1B1
:10A050000BE01B4DA84200D100BF1A4DA84200D111
:10A0600000BF194DA84207D106E022F40062CD6876
:10A0700042EA052222F480620F4DA8420BD00F4D18
:10A08000A84208D00E4DA84205D00E4DA84202D0DD
:10A090000D4DA84209D123F4805323F400534D6998
:10A0A00043EA05138D6943EA05134360C4614D68B3
:10A0B000C563026230BD00000000014000040140A1
:10A0C00000400140004401400048014030B5056AAD
:10A0D00025F480550562036A4468C26922F4E042AF
:10A0E00022F440720D6842EA052223F400538D6881
:10A0F00043EA05330C4DA8420BD00C4DA84208D0C2
:10A100000B4DA84205D00B4DA84202D00A4DA842E3
:10A1100004D124F480444D6944EA85144460C2614A
:10A120004D680564036230BD000001400004014039
:10A1300000400140004401400048014030B5056A3C
:10A1400025F480350562046A4268436D23F070038C
:10A150000D682B4324F400340D8944EA05440D4D69
:10A16000A8420BD00C4DA84208D00C4DA84205D0F7
:10A170000B4DA84202D00B4DA84204D122F48032EC
:10A180004D6942EA0522426043654D688565046277
:10A1900030BD0000000001400004014000400140CB
:10A1A000004401400048014030B5056A25F480159F
:10A1B0000562036A4468426D22F4E0420D6842EA97
:10A1C000052223F400130D8943EA05530C4DA842E0
:10A1D0000BD00C4DA84208D00B4DA84205D00B4D1A
:10A1E000A84202D00A4DA84204D124F400344D699B
:10A1F00044EA8524446042654D68C565036230BD0C
:10A2000000000140000401400040014000440140C2
:10A21000004801402DE9F04105460C462868866853
:10A2200035480640606806433448064020680643C7
:10A2300028688660606860284BD00EDC302851D0DA
:10A2400006DC00284BD010284AD0202850D148E006
:10A2500040281CD050284BD135E0294A811A904221
:10A2600043D008DC70280BD0B0F5801F3BD0B0F194
:10A27000101F3DD138E0102938D0202938D136E0E0
:10A28000D4E90313A2682868FFF700FE31E02068D4
:10A29000052802D10120BDE8F0812868D0F820808F
:10A2A0002868006A20F00100296808622868876928
:10A2B00027F0F007206947EA0017286887612868B7
:10A2C000C0F8208015E02269A168286800F01AF81B
:10A2D0000FE02269A168286800F027F809E000BFB4
:10A2E00000BF00BF00BF00BF00BF00BF00BF00E055
:10A2F00000BF00BF0020CEE78FFFCFFFF8FFFEFFBB
:10A300002000100030B50B461446026A056A25F09D
:10A3100001050562816921F0F00141EA041122F092
:10A320000A021A438161026230BD30B50B46144601
:10A33000056A25F0100505628169026A21F4704101
:10A3400041EA043122F0A00242EA03128161026272
:10A3500030BD00BFFEE700000FB4084B10B504A9E4
:10A3600002AA039800F040FC044602A9002000F075
:10A37000D2FF204610BC5DF814FB000017B30208A2
:10A3800003B401984100009850EAC12018BF04208E
:10A390004A0D18BF40F0010040F2FF72B2EB515F6E
:10A3A00008BF40F00200012808BF052002B0704736
:10A3B00002480068C0F30220704700000CED00E086
:10A3C00010B5002804DB0A07130E054A135406E0F3
:10A3D0000A07140E034A00F00F031B1FD45410BDCC
:10A3E00000E400E018ED00E010B529499FED261BC0
:10A3F0002DED020B84B0059820F000408842DCBFB0
:10A4000000209DED040B2EDD2249884209D10498DD
:10A4100040B94FF0010000F01FFB00F0F5FA06B064
:10A4200010BD05DB9DED040B30EE000B06B010BD3A
:10A4300068469DED040B00F063F810F003000DD0AA
:10A44000012814D09DED021B9DED000B022816D0B3
:10A4500000F0DEF906B0B1EE400B10BD9DED021B21
:10A460009DED000B012000F07BFA06B010BD9DEDC4
:10A47000021B9DED000B00F0CBF906B010BD0120D2
:10A4800000F06EFAE6E700000000000000000000A7
:10A49000FB21E93F0000F07F00B52DED028BB1EE0E
:10A4A000C08B83B018EE100A18EE901A8DED008B59
:10A4B000002818BF0120084320F00040C0F17F6051
:10A4C00000F1E040C00F14D010EE101A10EE900A08
:10A4D0008DED000B002918BF0121084320F000403A
:10A4E000C0F17F6000F1E040C00F04BF012000F028
:10A4F000B3FAB0EE480B03B0BDEC028B00BD000018
:10A500002DE9F14F04462DED020B2DED048B94B097
:10A510009FED9D0B80ED020B199E9D4826F0004596
:10A5200085420ADC9DED180B002084ED000B14B071
:10A53000BDEC048B03B0BDE8F08F96489FED969B71
:10A540009FED978BA84225DD97489FED991B9FEDC6
:10A550009A2B9DED180B002E0DDD30EE490B854238
:10A5600012BF30EE480B30EE410B30EE420B84ED63
:10A57000000B0120DBE730EE090B854212BF30EE05
:10A58000080B30EE010B30EE020B84ED000B4FF0A8
:10A59000FF30CCE78A48A84253DB9DED180B51EC05
:10A5A000100B05F07BFB41EC100BB0EE401B9FED58
:10A5B000862B9FED870B290DDFF81CC201EE020BE5
:10A5C0000120FDEEC00B10EE903A00EE903AB8EE8E
:10A5D000E02BB0EE410B02EE490B22EE081BFC44CF
:10A5E000032830EE411B84ED001B1DD011EE902A94
:10A5F00000EB4015113DC2F30A528A1A954213DA54
:10A600000CEB0012B0EE403B92ED000B401C20EE34
:10A61000021B33EE410B33EE403B33EE411B92ED18
:10A62000023B12EE031BDBE7002EA8BF1846BFF665
:10A630007EAF94ED000B5842B1EE400B84ED000B61
:10A6400075E7C6F3130040F4801EC6F30A50A0F26B
:10A65000F530471100F01F05C5F12000DDF860B0AE
:10A66000139000200890099005200DF1080C5B491B
:10A67000002D07EB0002794408BF51F8221009D0E1
:10A6800051F8223001EB8201AB404A68139922FA5B
:10A6900001F11943A1FB0E26A1FB0B131A449A42A8
:10A6A00034BF0123002303EB06080CEB8003D3E93E
:10A6B00001A60E448E4234BF0121002192448A44F7
:10A6C00011B1924502D903E0924501D2012100E087
:10A6D0000021C3E901A641444CF82010011EA0F15D
:10A6E0000100C4DC04989DED050A00F10050810FC3
:10A6F00004989FED3B4B800001EE100ADDED060A49
:10A700009DED072AB8EEC13BB8EE401BB8EE600BDA
:10A71000B8EE422B002021EE041B9FED334B20EEC0
:10A72000040B9FED334B22EE042B30EE024B34EE44
:10A73000014B34EE034B8DED004B00909DED004B33
:10A74000199834EE433B10F0004F33EE411B31EECD
:10A75000400B32EE401B9DED000B9FED272B20EEB2
:10A76000020B9FED272B01EE020B9DED001B9FEDD1
:10A77000262B01EE020B1CBF4942B1EE400B84EDCB
:10A78000000B0846D3E600000000000000000000B7
:10A79000FB21E93F7CD9024000004054FB21F93FF6
:10A7A0003163621A61B4D03DFB21F93F0000000023
:10A7B0000000601A61B4D03D7370032E8A19A33B68
:10A7C000FB2139410000000083C8C96D305FE43FC0
:10A7D000000000000000E03FAE9602004696020036
:10A7E000000000000000103E000000000000103CCF
:10A7F000000000000000103A3326A611460B113C61
:10A80000182D4454FB21F93D00000054FB21F93D73
:10A8100010B52DED040B2DED068B82B0B0EE41ABE3
:10A8200009989FED299B20F00044B4F1795F0FDA7D
:10A830009DED080BBDEEC00B10EE100A002801BF05
:10A84000B0EE490B02B0BDEC068B04B008BF10BDE2
:10A850009DED080B1E48062120EE008BB0EE480B44
:10A86000784400F045F820EE080B9DED081B1C48CD
:10A87000844228EE000B01EE4A0B9FED171B28EED9
:10A88000011BBCBF31EE400B39EE400B16DB154807
:10A89000A042BCBF9FED142B8DED002B06DBA4F571
:10A8A00000100190002000909DED002B31EE421B26
:10A8B00039EE422B31EE400B32EE400B02B0BDECD4
:10A8C000068B04B010BD0000000000000000F03F47
:10A8D000FC93020000000000000000000000E03FC8
:10A8E0003333D33F0000E93F000000000000D23FB7
:10A8F000491E00EBC102B0EE401B92ED000B31F09F
:10A9000006020DD0491E00EBC102B0EE403B92EDB5
:10A91000002B31F00602B0EE420B03EE010BF1D139
:10A92000022914D004290AD0062918BF704790EDD7
:10A930000A2B00EE012B90ED080B02EE010B90EDBF
:10A94000062B00EE012B90ED040B02EE010B90EDB7
:10A95000022B00EE012B90ED000B02EE010B704775
:10A9600031B504462DED040B2DED068BB0EE419B69
:10A9700007989DED060B20F00040B0F1795F0DDAED
:10A9800051EC100BFFF7FCFC042808BF00F048F85E
:10A990009DED060BBDEC068B05B030BD20EE008BA7
:10A9A0001348052128EE00ABB0EE480B7844FFF7C2
:10A9B0009FFF9FED111B8CB19FED112B29EE022BF8
:10A9C0000AEE402B9DED060B18EE029B0AEE419B12
:10A9D00030EE490BBDEC068B05B030BD08EE001B18
:10A9E0009DED060B0AEE010BBDEC068B05B030BDEC
:10A9F000A893020000000000495555555555C5BFA4
:10AA0000000000000000E03F9FED031B81EE010B02
:10AA1000704700000000000000000000000000007F
:10AA20009FED030B20EE000B7047000000000000BC
:10AA3000000000000000001002E008C8121F08C15A
:10AA4000002AFAD170477047002001E001C1121FAF
:10AA5000002AFBD1704700000149086070470000E0
:10AA6000640D00202DE9FF5F82B00021DDE9043094
:10AA7000020DDDF840B0034318D044F61050A2F2A6
:10AA8000FF3242431514119801281FD0A5EB0B008B
:10AA9000401C5FEA000A4FF000064E4FDFF8389185
:10AAA000B046504615D5CAF1000413E011980124B0
:10AAB0004AA3012801D16FEA0B010298119AC0E95B
:10AAC0000031C0E9024206B0BDE8F09FCBF10000C2
:10AAD000DFE704460021404A491842EB0450CDE923
:10AAE000001012E0E00707D032463B464046494698
:10AAF000F6F770FE8046894632463B4610461946B8
:10AB0000F6F768FE06460F466410002CEAD1DDE930
:10AB10000401DDE90023BAF1000F06DAF6F75AFE68
:10AB200042464B46F6F756FE05E0F6F7C5FE4246AE
:10AB30004B46F6F7C1FE04460E460022284BF6F7B8
:10AB400043FF03D84FF0FF30014607E00022254BBA
:10AB500020463146F6F797FDF6F71DFF102409E071
:10AB6000002C0ADB0A220023F6F7DDFC039B3032BF
:10AB70001A55641E50EA0102F2D1641C039AC4F112
:10AB800011031444119A012A03D0012208430DD164
:10AB90000AE0084304D000204FF0110B119072E737
:10ABA000A3EB0B056D1E0DE05B4504DD4FF00002CD
:10ABB00005F1010504E003DA4FF00002A5F10105FB
:10ABC000002AECD002981199C0E90231C0E9004591
:10ABD00079E70000000014400000F03F3000000062
:10ABE0000000F0430000E03F2DE9FF4F95B09B4689
:10ABF0008946064600250FE2252877D100242746FE
:10AC0000F84A0121059400E0044316F8013F203B77
:10AC100001FA03F01042F7D130782A2811D06FF0F2
:10AC20002F033078A0F13002092A16D8059A44F093
:10AC3000020402EB820203EB42021044761C0590F0
:10AC4000EFE759F8042B0592002A03DA504244F446
:10AC50000054059044F00204761C30782E2816D15A
:10AC600016F8010F44F004042A280DD06FF02F02CB
:10AC70003078A0F13003092B09D807EB870302EBEA
:10AC80004303C718761CF3E759F8047B761C307829
:10AC90006C280FD006DC4C2817D068280DD06A2805
:10ACA00014D104E0742810D07A280FD10DE044F4B8
:10ACB00000140AE044F4801401E044F44014727873
:10ACC000824202D104F58014761C761C3078662806
:10ACD0000BD013DC582877D009DC002875D0452824
:10ACE000F6D04628F4D047281AD19DE118E0632811
:10ACF00035D0642879D0652812D195E1702873D0B9
:10AD000008DC6728F1D069286FD06E280DD06F2835
:10AD100006D1B5E073282CD0752875D0782874D06A
:10AD20005A46179990476D1C75E1C4F302500228EA
:10AD300009D003280DD0D9F8001004280DD00D60DB
:10AD400009F1040967E1D9F80010EA17C1E90052D6
:10AD5000F6E7D9F800100D80F2E70D70F0E719F86A
:10AD6000041B8DF8001000208DF80100EA46012038
:10AD700003E059F804AB4FF0FF3061074FF00001DA
:10AD800002D40DE008F101018846B9420FDA80458E
:10AD9000F8DB1AF808100029F4D108E008F10101E5
:10ADA00088468142FADB1AF808100029F6D1059886
:10ADB0005B46A0EB080721463846179A00F094FA44
:10ADC000284400EB080507E04DE029E10DE01AF802
:10ADD000010B5A4617999047B8F10108F7D25B4624
:10ADE00021463846179A13E142E00A220092C4F342
:10ADF00002524FF0000A022A08D059F804CB032A65
:10AE00004FEAEC710AD00DE029E02AE009F10701D0
:10AE100021F00702F2E802C1914609E00FFA8CFC2A
:10AE20004FEAEC71042A03D14FFA8CFC4FEAEC7123
:10AE3000002907DA0A460021DCF1000C61EB02016F
:10AE40002D2202E0220504D52B228DF804200122B8
:10AE500003E0E20701D02022F7E7904659E00A21FB
:10AE600002E010220DE010214FF0000A00910BE0EB
:10AE700010224FF0000A44F004040827009203E077
:10AE800008224FF0000A0092C4F30252022A05D0B1
:10AE900059F804CB0021032A08D009E009F1070181
:10AEA00021F00702F2E802C1914605E01FFA8CFC8E
:10AEB000042A01D10CF0FF0C4FF00008220728D51E
:10AEC000702806D0009B83F0100353EA0A0305D0D4
:10AED0000EE040228DF80420012208E05CEA010225
:10AEE00006D030228DF804208DF80500022290460D
:10AEF000009B83F0080353EA0A030AD15CEA0102CB
:10AF000001D1620705D530228DF804204FF00108E9
:10AF10007F1E582804D034A003900EA802900DE0A4
:10AF200036A0F9E753466046009AF6F7FCFA8446E5
:10AF30000398825C0298401E029002705CEA010055
:10AF4000F0D1029806A9081A00F1200A600702D57C
:10AF500024F4803400E00127574502DDA7EB0A0006
:10AF600000E0002000EB0A01009005984144401ADF
:10AF70000590E00306D45B462146179A059800F039
:10AF8000B3F90544002706E001A85A46C05D1799A9
:10AF900090476D1C7F1C4745F6DBE0030CD55B46F4
:10AFA0002146179A059800F09FF9054404E03020E7
:10AFB0005A46179990476D1C0099481E0090002929
:10AFC000F5DC08E0029802995A460078491C029183
:10AFD000179990476D1CBAF10001AAF1010AF1DC42
:10AFE00065E100000928010030313233343536374D
:10AFF00038396162636465660000000030313233C5
:10B000003435363738394142434445460000000064
:10B0100000F058F90544761C307800287FF4ECAD38
:10B0200019B02846BDE8F08F620700D4062709F161
:10B03000070222F0070CFCE80223E14603F0004877
:10B040005FEA080C02D00FF2702C0DE05FEA045C9E
:10B0500002D50FF2682C07E05FEAC47C02D00FF241
:10B06000602C01E0AFF2700C4FF0FF3823F000438A
:10B07000CDF850C065280CD006DC452809D04628FC
:10B080001DD047283DD13DE0662818D067287ED1E5
:10B0900038E00021112F01DB112000E0781CCDE900
:10B0A000000106A90EA8FFF7DDFCDDE90F010E9AED
:10B0B00003910021009207F1010A04914DE04FF045
:10B0C00000400097CDE9011006A90EA8FFF7CAFCC1
:10B0D000DDE90F0203920E9B11990022DDF80CA00E
:10B0E0000093049211B9791C00EB010AB7EB0A0036
:10B0F00004D4C0F1FF3007F1010A0490AAEB070065
:10B10000019044E0012F00DA01270021112F01DD19
:10B11000112000E03846CDE9000106A90EA8FFF78E
:10B12000A1FCDDE90F010E9A039100210491009228
:10B13000BA4621070CD40399514500DA8A46BAF180
:10B14000010F05DD009AAAF10101515C302908D0F8
:10B15000B84202DA10F1040F06DA0121CDE901103C
:10B1600015E0AAF10101E9E7002805DC0499014492
:10B170000491AAEB000102E0411C514500DD8A4622
:10B180000499401A401C01904FF0004002902007A3
:10B1900004D40198504501DBCDF8048000208DF8DF
:10B1A0004F0002980DF14F07B0F1004F25D02B2032
:10B1B0000E9002984FF0020800280CDA40420290EC
:10B1C0002D200E9007E00A210298F6F727FA303179
:10B1D000029007F8011DB8F10001A8F10108F2DCA6
:10B1E00002980028EFD1791E0E980870307800F090
:10B1F000200040F0450007F8020D12A8C01B00F126
:10B2000007081498007800B1012000EB0A010198AA
:10B2100001EBE07105984144401A401E0590E0039F
:10B2200006D45B462146179A059800F05DF8054460
:10B230001498007818B15A46179990476D1CE0038E
:10B2400024D55B462146179A059800F04DF8054431
:10B250001CE00498002807DBDDE90301884203DDD8
:10B260000098405C179901E0179930205A469047A2
:10B27000049805F10105401C04900198401E0190BE
:10B2800004D12E205A46179990476D1CBAF100013F
:10B29000AAF1010ADDDC05E017F8010B5A461799FF
:10B2A00090476D1CB8F10001A8F10108F4DC5B4681
:10B2B0002146179A0598ABE62D0000002B000000F0
:10B2C000200000002DE9F041044600251E461746E7
:10B2D000880404D405E039462020B0476D1C641E64
:10B2E000F9D52846BDE8F0812DE9F0410446002556
:10B2F0001E469046C80301D5302700E02027880469
:10B3000004D505E041463846B0476D1C641EF9D5AA
:10B310002846BDE8F0810A68531C0B601070704726
:10B320001CB50A48007909498988C1F30721CDE98C
:10B33000001006484068C0F3074304484068020E06
:10B3400003A10748FFF708F805481CBD44A90308F6
:10B350004150503A256325642E25642E2564000053
:10B360004010002010B506F08DFB002010BD00003D
:10B370001CB50A48007809490988C1F30721CDE9BD
:10B38000001006480068020E04480068C0F3074336
:10B3900003A10748FEF7E0FF05481CBD440D00204F
:10B3A000424F4F543A256325642E25642E256400B0
:10B3B000A006012010B505F033FA0249086000200C
:10B3C00010BD0000800B0020002070472DE9F047E1
:10B3D00004460D4690469946AD1E206B00EB153A8B
:10B3E000C5F3C80605F0070101208840C7B200BFB9
:10B3F00051460AF1010A204606F002FA10B1012076
:10B40000BDE8F08700BF00BF04F13800805D384020
:10B4100008B1012000E00020484501D10220EFE7FB
:10B4200004F13800805D784004F13801885501202E
:10B43000E070A8F10100B0F1000800D1E0E7780663
:10B44000000E071EE0D10127701C0646B0F5007FF4
:10B45000D9D30026CCE7000070B504460D46002085
:10B46000E070401E60632946204606F0C9F908B125
:10B47000042070BD04F2362006F084F84AF6552107
:10B48000884201D00320F4E794F83800E92807D077
:10B4900094F83800EB2817D13A20005D902813D19A
:10B4A00004F16E0006F031F820F07F400C4988422C
:10B4B00001D10020DDE704F18A0006F026F80949F1
:10B4C000884201D10020D4E70B2207A104F1380003
:10B4D00006F050F908B90120CBE70220C9E70000C7
:10B4E0004641540046415433EB769045584641540A
:10B4F00020202000024600E0521C107810B1107885
:10B500008842F9D11078704730B502460B460020CA
:10B51000044601461CE01A4800EB01100068A8B17F
:10B52000174800EB011000681568A8420FD11448B5
:10B5300000EB011040689568A84208D1104800EB64
:10B5400001108068156BA84201D103E00124491C59
:10B550000229E0D300BF022906D10CB9022B01D188
:10B56000002030BD1220FCE733B9054800EB011084
:10B570008089B0F5807F01D11020F2E70020F0E74C
:10B58000C8060120014600200BE0074A02EB00122A
:10B5900012688A4204D10022034B03EB00131A60A5
:10B5A000401C0228F1D37047C80601202DE9F84F4E
:10B5B000824615461E46DAF800000090DAF8500080
:10B5C00000F104094FF40072002328463146F5F7D4
:10B5D000AAFF07460098B0F80AC062460023384622
:10B5E000F5F7A1FF834600BF59F8044B14B90020BA
:10B5F000BDE8F88FA34500D204E0ABEB040B09F1E2
:10B600000409F1E700BFD9F800005844F0E702460A
:10B61000891ED069801E884201D800207047538956
:10B62000106B01FB0300F9E72DE9F04780460C465B
:10B6300004F11A0005F0A6FF10B10020BDE8F08764
:10B64000207800F03F00401E00EB800101EBC005B8
:10B650004FF00109002621E01849895D081905F01D
:10B6600091FF0746B9F1000F11D0FF2D0BD23846DC
:10B6700004F046FB824629466D1C38F8110004F0A0
:10B680003FFB824501D00020D8E7B94605E04FF6E0
:10B69000FF70874201D00020D0E7761C0D2EDBD34F
:10B6A000207800F0400038B1B9F1000F04D038F82C
:10B6B000150008B10020C1E70120BFE71C04040801
:10B6C0002DE9F04704468A462668BAF1000F06D1F4
:10B6D000776917B1F069B84217D8012715E05146CC
:10B6E000204604F093FF8146B9F1020F02D20120F7
:10B6F000BDE8F08709F1010008B94846F8E7F069AC
:10B70000484501D94846F3E75746307804284CD1DC
:10B7100001223946304604F082FB05460DB1681C13
:10B7200008B92846E4E701231A4629463046FFF7C0
:10B730004DFE8046B8F1020F01D10120D8E7B8F1E3
:10B74000010F02D14FF0FF30D2E7BAF1000F02D162
:10B750000220E0710AE0E079022807D1781C8542D6
:10B7600004D0A068381AA0610320E071E0790228B3
:10B770004FD00AF10100854207D1E06910B1E069BC
:10B78000401C00E00220E06143E0E06908B90120CC
:10B79000E0612A465146204604F01FFB8046B8F17E
:10B7A000000F36D10120E06133E03D4600BF6D1C43
:10B7B000F069A84204D80225BD4201D9002097E7CC
:10B7C0002946204604F022FF8146B9F1000F00D13E
:10B7D0000BE0B9F1010F02D009F1010008B94846A8
:10B7E00086E7BD42E3D1002082E700BF4FF0FF3281
:10B7F000294630460DF04CFF8046B8F1000F08D1C5
:10B80000BAF1000F05D02A46514630460DF040FFF0
:10B810008046B8F1000F0DD17561D6E90610801E83
:10B82000814202D8B069401EB061307940F0010019
:10B83000307107E0B8F1010F02D14FF0FF3000E0A6
:10B8400001200546284653E711B587B00798806A5E
:10B85000008A80B205900798806A808980B204903F
:10B86000059904F0E1FF0690069808B108B010BDF4
:10B870000020059043E00020049013E0059880B27A
:10B880000390049880B202900798806A00680223AF
:10B89000019007981830DDE90141039AA047049808
:10B8A000401C049004981428E8DB002004901DE05C
:10B8B000059880B20390FE480088C0EBC00000EB02
:10B8C00080010498143000EB4100801C80B202908B
:10B8D0000798806A00680223019007981830DDE914
:10B8E0000141039AA0470498401C0490F14909883B
:10B8F0003C3104988842DBDB0598401C0590079892
:10B90000806A016905988142B5D80020059040E021
:10B910000020049013E0049880B20390059880B250
:10B9200002900798806A00680223019007981830F7
:10B93000DDE90141039AA0470498401C0490049853
:10B940002E28E8DB002004901AE0DB48008800EB9A
:10B9500080010498313000EBC10080B2039005985B
:10B9600080B202900798806A0068022301900798CD
:10B970001830DDE90141039AA0470498401C049067
:10B98000CE480088401E04998842DEDC0598401CA1
:10B9900005900798806AC16805988142B8D8002050
:10B9A000059025E00020049015E004982F3080B227
:10B9B00003900598153080B202900798806A00685D
:10B9C0000123019007981830DDE90141039AA0474F
:10B9D0000498401C0490B848008800EB80000121C6
:10B9E00001EBC00104988142DFDC0598401C059002
:10B9F000AF480088C0EBC00000EB80010598B0EBB9
:10BA0000410FCFDB0020059026E0002004901DE0D0
:10BA1000A94909880598484300EB80002F3080B27F
:10BA20000390A349098804984843153080B20290D6
:10BA30000798806A00680023019007981830DDE9B4
:10BA40000141039AA0470498401C04900498472899
:10BA5000DEDB0598401C059005980928D5DB002001
:10BA6000059026E0002004901DE093490988049881
:10BA700048432F3080B203908D4909880598484388
:10BA800000EB8000153080B202900798806A006851
:10BA90000023019007981830DDE90141039AA0477F
:10BAA0000498401C049004982928DEDB0598401C6B
:10BAB000059005980F28D5DB0020059037E0059804
:10BAC000153080B204900798806A006800232E2207
:10BAD000039007981830DDE90341A04774490988AD
:10BAE000059890FBF1F201FB1200E8B905981530BA
:10BAF00080B204900798806A006800233022039087
:10BB000007981830DDE90341A0470598153080B249
:10BB100004900798806A00680023332203900798F6
:10BB20001830DDE90341A0470598401C05906048A6
:10BB30000088C0EBC00000EB80010598B0EB410F1E
:10BB4000BDDB0020059055E05B48008800EB8000DD
:10BB50002F2101EBC000401C80B2049005981530E5
:10BB600080B203900798806A0068002302900798CB
:10BB70001830DDE90241049AA0474D49098805982B
:10BB800090FBF1F201FB120088BB4B48008800EBF0
:10BB900080002F2101EBC000801E80B20490059828
:10BBA000153080B203900798806A006800230290E5
:10BBB00007981830DDE90241049AA0473E48008802
:10BBC00000EB80002F2101EBC000401F80B20490E9
:10BBD0000598153080B203900798806A00680023AA
:10BBE000029007981830DDE90241049AA0470598B1
:10BBF000401C05902E480088C0EBC00000EB80017F
:10BC00000598B0EB410F9FDB0020059091E005986F
:10BC10002F3080B204900798806A00680023039058
:10BC2000142107981830DDE90342A04705982F300A
:10BC300080B204901E480088C0EBC00000EB80007A
:10BC4000152101EB400080B203900798806A0068DC
:10BC50000023029007981830DDE90241049AA047BA
:10BC600015490988059890FBF1F201FB120038BBD9
:10BC700005982F3080B204900798806A00680023EE
:10BC80000390162107981830DDE90342A047059874
:10BC90002F3080B204900798806A006800230390D8
:10BCA000192107981830DDE90342A047059808E0FC
:10BCB0007C090020800900207E09002082090020E4
:10BCC00034E02F3080B20490FE480088C0EBC00002
:10BCD00000EB8000152101EB4000801E80B2039034
:10BCE0000798806A00680023029007981830DDE901
:10BCF0000241049AA04705982F3080B20490F14881
:10BD00000088C0EBC00000EB8000152101EB400073
:10BD1000401F80B203900798806A00680023029059
:10BD200007981830DDE90241049AA0470598401CA5
:10BD30000590E548008800EB8000012101EBC0017F
:10BD4000059881423FF763AF0020059088E0DE4808
:10BD5000008800EB80002F2101EB800080B204906E
:10BD60000598153080B203900798806A0068002318
:10BD7000029007981830DDE90241049AA047D149A2
:10BD80000988059890FBF1F201FB1200F0BBCE4848
:10BD9000008800EB80002F2101EB8000801E80B224
:10BDA00004900598153080B203900798806A006867
:10BDB0000023029007981830DDE90241049AA04759
:10BDC000C148008800EB80002F2101EB8000401F5C
:10BDD00080B204900598153080B203900798806A6D
:10BDE00000680023029007981830DDE90241049AA8
:10BDF000A047B548008800EB80002F2101EB8000B0
:10BE0000401C80B204900598153000E025E080B217
:10BE100003900798806A0068002302900798183002
:10BE2000DDE90241049AA047A748008800EB8000A2
:10BE30002F2101EB8000001D80B204900598153081
:10BE400080B203900798806A0068002302900798E8
:10BE50001830DDE90241049AA0470598401C05907E
:10BE600098480088C0EBC00000EB80010598B0EB5B
:10BE7000410FFFF66CAF00200590BEE005982F3013
:10BE800080B204908F480088C0EBC00000EB8000B7
:10BE9000153080B203900798806A006800230290F2
:10BEA00007981830DDE90241049AA04786490988BD
:10BEB000059890FBF1F201FB1200E8BB05982F30CA
:10BEC00080B204907F480088C0EBC00000EB800087
:10BED000133080B203900798806A006800230290B4
:10BEE00007981830DDE90241049AA04705982F30E1
:10BEF00080B2049073480088C0EBC00000EB800063
:10BF0000103080B203900798806A00680023029086
:10BF100007981830DDE90241049AA04705982F30B0
:10BF200080B2049067480088C0EBC00000EB80003E
:10BF3000163080B2039000E022E00798806A006823
:10BF40000023029007981830DDE90241049AA047C7
:10BF500005982F3080B204905A480088C0EBC0008A
:10BF600000EB8000193080B203900798806A006867
:10BF70000023029007981830DDE90241049AA04797
:10BF80005148008800EB8001059890FBF1F201FB1D
:10BF9000120078BB05982F3080B204904948008881
:10BFA000C0EBC00000EB80000D3080B2039007981A
:10BFB000806A00680023029007981830DDE902418A
:10BFC000049AA04705982F3080B204903D4800881D
:10BFD000C0EBC00000EB80001C3080B203900798DB
:10BFE000806A00680023029007981830DDE902415A
:10BFF000049AA0470598401C05903348008800EB40
:10C000008000012101EBC001059881423FF736AF66
:10C010000798806A006800232E2214210590079853
:10C020001830059CA0472848008800EB80002E218E
:10C0300001EBC000801C80B205900798806A006800
:10C0400000230490142107981830DDE90442A0472A
:10C050001C480088C0EBC00000EB8000142101EBFD
:10C060004000401C80B205900798806A0068002359
:10C070002E22049007981830DDE90441A0471248A9
:10C08000008800EB80002E2101EBC000801C80B2F4
:10C0900005900C480088C0EBC00000EB8000142124
:10C0A00001EB4000401C80B204900798806A006851
:10C0B0000023039007981830DDE90341059AA04753
:10C0C000012003E07C0900207E090020034908705C
:10C0D0000CF030FD00BFFFF7C9BB00008409002051
:10C0E0002DE9F34F83B08146049800680190D9F898
:10C0F0000000D0F80CA000200546064600BF3046E0
:10C10000761C01990C5C202C00DA2BE02F2C01D03E
:10C110005C2C0AD100E0761C0198805D2F28FAD0B3
:10C120000198805D5C28F6D01CE0FF2D03D306202B
:10C1300005B0BDE8F08FE4B20121204603F0BAFD5E
:10C1400004460CB90620F3E7802C06DA21466AA0E3
:10C15000FFF7D0F908B10620EAE728466D1C2AF857
:10C160001040CCE700BF0198811904980160202C91
:10C1700001DA042000E00020074608E0681E3AF8D3
:10C180001040202C02D02E2C00D002E06D1E002D7D
:10C19000F4D100BF00202AF815000DB90620C7E72A
:10C1A0000B22202109F1400005F003FB002600E0EE
:10C1B000761C3AF816002028FAD03AF816002E28F5
:10C1C000F6D00EB147F0030700E06D1E25B1681EE2
:10C1D0003AF810002E28F8D14FF00008CDF808806A
:10C1E0004FF0080B00BF3046761C3AF8104004B9F7
:10C1F00054E0202C03D02E2C04D1AE4202D047F0C4
:10C200000307F0E70298584501D2AE4216D1BBF1C0
:10C210000B0F02D147F0030740E0AE4201D047F0D8
:10C220000307AE4200D939E02E46082002904FF0B5
:10C230000B0B4FEA88604FEA1068D4E7802C0BDBC9
:10C240000021204603F036FD04461CB1A4F1800015
:10C250002C490C5C47F0020700BF24B121462AA0FC
:10C26000FFF748F918B15F2447F003070FE0412CAE
:10C2700004DB5A2C02DC48F0020808E0612C06DBE3
:10C280007A2C04DC48F00108A4F1200084B2029862
:10C29000411C029109F140010C54A4E700BF99F838
:10C2A0004000E52802D1052089F84000BBF1080FC5
:10C2B00003D14FEA88604FEA106808F00C000C28A0
:10C2C00003D008F00300032801D147F0020707F06C
:10C2D000020058B908F00300012801D147F0100707
:10C2E00008F00C00042801D147F008074B2000F8A3
:10C2F000097000201CE70000222A3A3C3E3F7C7F68
:10C30000000000009C0304082B2C3B3D5B5D0000FB
:10C310002DE9F04704460D4640220021204605F055
:10C3200048FA85202070C02084F8200000274FF0B4
:10C3300001084FF00109402600BFC1223046761C9B
:10C34000225400223046761C225400BFB9F1000F5F
:10C3500006D035F81700B0F1000901D0781CC7B23B
:10C36000A01949460DF046FCB01C064600F01F001F
:10C370000028EBD108F1010000F0FF0835F81700A4
:10C380000028DAD184F8237084F8018028460EF062
:10C39000AAFA8246514604F124000DF02BFCBDE8B8
:10C3A000F087000010B50246531E1A46022B17D222
:10C3B0000C4B03EB02139989B1F5807F00D100216A
:10C3C000002901DD4B1E99B2064B03EB0213998144
:10C3D00021B90023034C04EB02142360002000E089
:10C3E000022010BDC806012000BF011EA0F10100FF
:10C3F000FBD17047C821484300BF011EA0F10100D6
:10C40000FBD17047C821484300BF011EA0F10100C5
:10C41000FBD170476421484300BF011EA0F1010019
:10C42000FBD1704710B520480078072803D11F487A
:10C430001F49086016E01C480078052803D11B48F6
:10C440001B4908600EE018480078062804D11748F8
:10C4500048301749086005E0182009F05FFD1348CF
:10C4600013490860124800681249086012480068C1
:10C4700048600F48006880880D490968C9880E4ADD
:10C48000126800FB01200B4988600C48007848B90D
:10C4900001200A49087007490868FBF789FA05482E
:10C4A00005F090F9002010BD5C08002090AA030858
:10C4B000440800207013002040000020480800209D
:10C4C0002DE9F04104460E46D4F8008000212046B4
:10C4D00000F027FB05465DBB002700BF4046A16B6F
:10C4E00005F08EF9054605B121E098F80000042812
:10C4F00005D1E06B0078012121EAD01009E0E06B62
:10C500000078E52802D0E06B007808B9012000E04F
:10C51000002020B1781C0746B04201D107E0002777
:10C520000121204600F0DEF80546002DD6D000BFE0
:10C53000042D00D107252846BDE8F0812DE9F04FF4
:10C5400085B0044625680021204600F0EAFA074637
:10C550001FB1384605B0BDE8F08F287804284CD1CB
:10C56000E8680EF0C0F901903EE0296901F124006D
:10C5700005F008F80199884200D035E0286990F864
:10C58000230003904FF0400A002002901FE00AF0C1
:10C590001F0008B90AF1020A296901EB0A0004F038
:10C5A000F1FF009003F0ACFB8346EA68029932F891
:10C5B000110003F0A5FB834500D00BE00398401E5B
:10C5C000C0B203900AF1020A0298401C029003983C
:10C5D0000028DCD100BF039828B9E968029831F837
:10C5E000100000B906E000BF0021204600F00AF963
:10C5F000071EBAD000BF3846ACE74FF0FF09CDF8B0
:10C6000010904FF0FF30E06400BF2846A16B05F0AA
:10C61000F7F8074607B162E0E06B06780EB9042729
:10C620005DE0E06BC07A00F03F0884F80680E52EFC
:10C6300005D008F0080040B1B8F10F0F05D04FF059
:10C64000FF094FF0FF30E06442E0B8F10F0F22D154
:10C650004B20005D00F04000A0BB06F0400038B168
:10C66000E06B407B049006F0BF06B146206BE064AF
:10C670004E450CD1E06B417B0498814207D1E16BC0
:10C68000E868FEF7D1FF10B1A9F1010000E0FF203A
:10C6900000F0FF091CE0B9F1000F06D1E06B0DF0CE
:10C6A000E8FA0499884200D119E04B20005D00F0BF
:10C6B000010040B90B2204F14001E06B05F05AF88B
:10C6C00008B90CE004E04FF0FF094FF0FF30E064E0
:10C6D0000021204600F006F80746002F95D000BF45
:10C6E000384637E72DE9F047044689462568206B30
:10C6F00000F12007A06B40B12878042801D1800602
:10C7000001E04FF40010B84202D80420BDE8F087E1
:10C71000C7F3080000286CD1A06B401CA063606BBD
:10C7200038B92889B0EB571F63D80020A0630420D4
:10C73000ECE76889401E00EA5720002859D12046BE
:10C74000616B03F063FF0646012E01D80220DDE78E
:10C75000701C08B90120D9E7E869B04243D8B9F1A3
:10C76000000F03D10020A0630420CFE72046616BB7
:10C77000FEF7A6FF06460EB90720C7E7012E01D136
:10C780000220C3E7701C08B90120BFE7E07940F040
:10C790000400E07128460DF0C5FA08B10120B5E7A4
:10C7A0004FF40072002105F1380005F002F84FF057
:10C7B000000831462846FEF72AFF68630CE0012096
:10C7C000E87028460DF0AEFA08B101209EE708F1A6
:10C7D0000108686B401C686368894045EFD8686B46
:10C7E000A0EB08006863666331462846FEF70FFF3A
:10C7F000A0632763C7F3080105F138000844E0632C
:10C80000002083E72DE9F05F044688460426276868
:10C810004FF0FF0AD3466CE03846A16B04F0F0FFFE
:10C82000064606B168E0E06B05780DB9042663E0C2
:10C830003878042814D1B8F1000F02D0832D51D1DB
:10C840005AE0852D4ED1206BE064204604F0EAFECC
:10C85000064626B93869007900F03F00A0714BE028
:10C86000E06BC07A00F03F0984F80690E52D0AD00D
:10C870002E2D08D029F02000082801D1012000E049
:10C880000020404502D04FF0FF0A2BE0B9F10F0F16
:10C890001CD105F0400038B1E06B90F80DB005F008
:10C8A000BF05AA46206BE06455450BD1E06B407B89
:10C8B000584507D1E16BF8680CF0A6FE10B1AAF15B
:10C8C000010000E0FF2000F0FF0A0BE0BAF1000FCA
:10C8D00004D1E06B0DF0CDF9584502D04FF0FF3098
:10C8E000E06409E000212046FFF7FCFE064606B1A1
:10C8F00002E0A06B00288FD100BF0EB10020A06322
:10C900003046BDE8F09F2DE9F04F99B00446266807
:10C910004B20005D00F0A00018B1062019B0BDE862
:10C92000F08F4FF0000B01E00BF1010BF06830F8D5
:10C930001B000028F8D13078042862D10BF10E00DA
:10C940000F21B0FBF1F000F1020949462046FFF744
:10C95000B7FD05460DB12846E0E7A9F10100202208
:10C96000216B02FB1010E064A068002843D0E0793E
:10C9700000F0040000283ED070894002D4E9043160
:10C98000181841F10001C4E90401204603F00AFA35
:10C9900005460DB12846C1E74FF0FF322046616BD6
:10C9A00003F01BFA05460DB12846B7E72146684655
:10C9B00004F01AFE05460DB12846AFE7D4E904732A
:10C9C000316901F138003A460DF0E6F8D4E9047314
:10C9D000316901F128003A460DF0DEF8E07940F0C7
:10C9E0000100316981F8210068460DF009F905461A
:10C9F0000DB1284692E7D6E90310FFF789FC002025
:10CA00008CE70C2204F1400115A804F0C5FE9DF846
:10CA10005F0000F0010028B340214B2001554FF08A
:10CA2000010A0EE0534615A904F14000F26803F034
:10CA30006FFD2046FFF782FD054605B104E00AF1CF
:10CA4000010ABAF1640FEDD300BFBAF1640F01D14E
:10CA5000072063E7042D01D028465FE79DF85F10AB
:10CA60004B2001559DF85F0000F0020030B10BF142
:10CA70000C000D21B0FBF1F0401C00E001208146CC
:10CA800049462046FFF71CFD054675BBA9F101008C
:10CA9000B0F1000929D0206BA0EB4911204600F02D
:10CAA00040F805460DBB04F140000DF0E2F814908B
:10CAB00000BF3046A16B04F0A3FE054605B113E0AC
:10CAC00009F0FF02E16BF068149B0CF083FE01207B
:10CAD000F07000212046FFF705FE054625B9A9F1B3
:10CAE0000100B0F10009E4D100BFC5B93046A16B27
:10CAF00004F086FE054695B920220021E06B04F083
:10CB000058FE0B2204F14001E06B04F045FE4B207F
:10CB1000005D00F01800E16B08730120F0702846FA
:10CB2000FCE62DE9F04104460D46266830780428DD
:10CB300001D1800601E04FF40010A84202D905F0AF
:10CB40001F0010B10220BDE8F0812563A7682FB94E
:10CB50003078032802DBF76A0020E07147B930899A
:10CB6000B0EB551F01D80220EDE7F06AA0631CE08E
:10CB700070894FEA402811E03946204603F046FD0F
:10CB80000746781C08B90120DDE7022F02D3F069BF
:10CB9000B84201D80220D6E7A5EB08054545EBD2FF
:10CBA00039463046FEF733FDA0636763A06B08B9D2
:10CBB0000220C8E7A06B00EB5520A063C5F3080175
:10CBC00006F138000844E0630020BCE770B5044675
:10CBD00000250848005D58B901200649085501F1B3
:10CBE0000C02105D0A1D52F8242011688847054682
:10CBF000284670BD480B01202DE9F04104460D4642
:10CC000016460649085D083951F8241032460B696A
:10CC10002946984707463846BDE8F081540B012065
:10CC20002DE9F04104460D4616461F460749085DAA
:10CC3000083951F824103B463246D1F808C029463D
:10CC4000E04780464046BDE8F0810000540B0120DB
:10CC500070B50446044A105D083A52F82420516821
:10CC600088470546284670BD540B01202DE9F04148
:10CC700004460D4616461F460749085D083951F817
:10CC800024103B463246D1F80CC02946E047804686
:10CC90004046BDE8F0810000540B01202DE9F0472B
:10CCA000044689462189606A8089084485B2618981
:10CCB000606AC089084486B2B9F1000F55D10027D7
:10CCC00050E04FF0000849E05348C05D00FA08F01A
:10CCD00000F0800070B1F01D384482B205EB08000E
:10CCE0002A3081B2A06A0523D0F800C004F11400F4
:10CCF000E0470DE0F01D384482B205EB08002A3011
:10CD000081B2A06A0423D0F800C004F11400E04707
:10CD10004248C05D00FA08F000F0800070B1F01DDC
:10CD2000384482B205EB0800333081B2A06A052393
:10CD3000D0F800C004F11400E0470DE0F01D3844C5
:10CD400082B205EB0800333081B2A06A0423D0F828
:10CD500000C004F11400E04708F10108B8F1080F21
:10CD6000B2DB7F1C092FACDB54E0002750E04FF012
:10CD7000000849E02A48C05D00FA08F000F0800091
:10CD800070B1F01D384482B205EB08002A3081B240
:10CD9000A06A0523D0F800C004F11400E0470DE0BC
:10CDA000F01D384482B205EB08002A3081B2A06A37
:10CDB0000423D0F800C004F11400E0471748C05D18
:10CDC00000FA08F000F0800070B1F01D384482B223
:10CDD00005EB0800333081B2A06A0523D0F800C00B
:10CDE00004F11400E0470DE0F01D384482B205EB79
:10CDF0000800333081B2A06A0423D0F800C004F1E7
:10CE00001400E04708F10108B8F1080FB2DB7F1CFD
:10CE1000092FACDBBDE8F087DAD30308E3D30308BE
:10CE2000ECD3030801B596B04FF45970159044F255
:10CE30003060149040F6624013904FF41B501290F3
:10CE4000169800891190169840891090169880893C
:10CE50000F901698C0890E901698808B0D9016989A
:10CE600080890C901698C0890B90169840680A909B
:10CE70001698408B3C2808DB1698408B462804DA2D
:10CE8000042009901420089036E01698408B46281C
:10CE900008DB1698408B502804DA042009901520EE
:10CEA000089029E01698408B502808DB1698408B94
:10CEB000532804DA04200990162008901CE01698E4
:10CEC000408B532808DB1698408B572804DA04203F
:10CED0000990172008900FE01698408B572808DB20
:10CEE0001698408B5A2804DA0420099018200890DC
:10CEF00002E0042009900890002007903BE0002009
:10CF0000069030E0079808B9069848B3079820B90A
:10CF10000F98C01E0699884222D00E98C01E07990D
:10CF2000884201D10698D8B10E98C01E0799884250
:10CF300004D10F98C01E0699884211D00799109805
:10CF40000844401C80B20590119906980844401C82
:10CF500080B204900146099B059A0D980CF0C0FD23
:10CF60000698401C06900F98801E06998842C9DCDE
:10CF70000798401C07900E98801E07998842BEDCD7
:10CF8000002007909EE04FF459710798814001F40A
:10CF90000040E0B10798C117069000EB9170811036
:10CFA0001098084480B204900798C117059000EBD0
:10CFB000917081100598A0EB81011198084480B20E
:10CFC00003900146089B049A0D980CF089FD44F2E9
:10CFD00030610798814001F40040F8B10798C1170B
:10CFE000069000EB91708110109801440E9808444F
:10CFF000001F80B204900798C117059000EB917054
:10D0000081100598A0EB81011198084480B203902B
:10D010000146089B049A0D980CF062FD40F66241AF
:10D020000798814001F40040F8B10798C1170690B5
:10D0300000EB917081101098084480B2049007981A
:10D04000C117059000EB917081100598A0EB81014C
:10D05000119801440F980844001F80B203900146C4
:10D06000089B049A0D980CF03BFD4FF41B51079858
:10D07000814001F4004010B30798C117069000EBFF
:10D0800091708110109801440E980844001F80B2DE
:10D0900004900798C117059000EB917081100598D6
:10D0A000A0EB8101119801440F980844001F80B241
:10D0B00003900146089B049A0D980CF011FD079807
:10D0C000401C079007981028FFF65DAF00200790DE
:10D0D00020E01198001D0799084480B2069001468F
:10D0E000089B109A0D980CF0FBFC0E9910980844C0
:10D0F000401E80B206901198001D0799084480B226
:10D1000005900146089B069A0D980CF0E9FC0798DB
:10D11000401C07900F98083807998842D9DC0020F6
:10D12000079020E01098001D0799084480B20690EF
:10D130000246089B11990D980CF0D2FC1098001D26
:10D140000799084480B206900F9911980844401E30
:10D1500080B205900146089B069A0D980CF0C0FC21
:10D160000798401C07900E98083807998842D9DC28
:10D170001698408BF0BB0C98A038052190FBF1F07D
:10D1800080B207900798059000EBD070411011987D
:10D19000084480B20690012000900B98103805904A
:10D1A00000EBD07041101098084480B203900A98A8
:10D1B0000068034604900A21039A0D9803F060FD6D
:10D1C0000020059022E0002000900B981238049077
:10D1D00000EBD07041101098084480B2029005987E
:10D1E000401C0A9951F8200003460390029A0699C0
:10D1F0000D9800E00EE003F043FDDDE9061020305D
:10D20000084480B206900598401C059005980528B2
:10D21000D9DB22E21698408B022803D01698408B67
:10D2200003284DD10C983038059000EBD070C0F336
:10D230004F0007900798059000EBD07041101198AF
:10D24000084480B20690012000900B981038059099
:10D2500000EBD07041101098084480B203900A98F7
:10D260000068034604900A21039A0D9803F008FD14
:10D270000020059020E0002000900B9812380490C8
:10D2800000EBD07041101098084480B202900598CD
:10D29000401C0A9951F8200003460390029A06990F
:10D2A0000D9803F0EDFCDDE906101830084480B25B
:10D2B00006900598401C059005980228DBDBA8E73E
:10D2C0001698408B082803D01698408B092851D116
:10D2D0000C983038059000EBD070C0F34F000790E9
:10D2E0000798059000EBD07041101198084480B267
:10D2F0000690012000900B981038059000EBD0703C
:10D3000041101098084480B203900A980068049075
:10D310001198283880B202900146DDE903230D9868
:10D3200003F0AEFC0020059020E0002000900B9858
:10D330001238049000EBD07041101098084480B26D
:10D3400002900598401C0A9951F82000034603906A
:10D35000029A06990D9803F093FCDDE90610183047
:10D36000084480B206900598401C05900598022854
:10D37000DBDBA8E31698408B01287DD10C98803820
:10D38000059000EBD070C0F34F0007900798059010
:10D3900000EBD07041101198084480B20690012033
:10D3A00000900B981038059000EBD0704110109849
:10D3B000084480B203900A980068034604900A214A
:10D3C000039A0D9803F05CFC0020059086E0059818
:10D3D000C0B9002000900B981238049000EBD07078
:10D3E00041101098084480B202900598401C0A9998
:10D3F00051F8200003460390029A06990D9803F015
:10D400003FFC62E00598401C0A9951F82000049006
:10D41000002000900B981238039000EBD070411060
:10D420001098084480B20290069880B2019002469B
:10D43000029B04990D9800F0F2FF002000900B98D9
:10D440001238039000EBD07041101098084480B25D
:10D4500002900698103080B2019002460499891C0F
:10D46000029B0D9800F0DBFF002000900B98123813
:10D47000039000EBD07000E035E0411010980844B4
:10D4800080B202900698203080B201900246049942
:10D49000091D029B0D9800F0C2FF002000900B9820
:10D4A0001238039000EBD07041101098084480B2FD
:10D4B00002900698303080B2019002460499891D8E
:10D4C000029B0D9800F0ABFF00BFDDE90610403075
:10D4D000084480B206900598401C059005980228E3
:10D4E000FFF675AFEFE21698408B0428FAD0169835
:10D4F000408B1E283BDB1698408B282837DC0C9885
:10D500003038059000EBD070C0F34F0007900798BB
:10D51000059000EBD07041101198084480B206903D
:10D52000002005901FE0002000900B981238049016
:10D5300000EBD07041101098084480B20290059919
:10D540000A9850F8210003460390029A06990D9814
:10D5500003F096FBDDE906101830084480B206900F
:10D560000598401C059005980228DCDBABE2169874
:10D57000408B292837D10C986238059000EBD07089
:10D58000C0F34F0007900798059000EBD070411052
:10D590001198084480B20690002005901FE00020FA
:10D5A00000900B981238049000EBD0704110109846
:10D5B000084480B2029005990A9850F82100034669
:10D5C0000390029A06990D9803F05AFBDDE90610C4
:10D5D0003130084480B206900598401C05900598AB
:10D5E0000228DCDB6FE21698408B2A2836D10C9893
:10D5F0006C38032190FBF1F080B2079007980590FA
:10D6000000EBD07041101198084480B206900020C1
:10D6100005901FE0002000900B981238049000EB5A
:10D62000D07041101098084480B2029005990A9871
:10D6300050F8210003460390029A06990D9803F0D2
:10D640001FFBDDE906102430084480B206900598DF
:10D65000401C059005980328DCDB34E21698408BCB
:10D66000052838DB1698408B072834DC0C984038A6
:10D67000049000EBD070C0F34F0007900799119809
:10D68000084480B206900A98006805900020049033
:10D690001DE0002000900B981038039000EBD07034
:10D6A00041101098084480B20290DDE9040101EBBA
:10D6B000400001900146029B069A0D9800F0AFFED3
:10D6C0000698103080B206900498401C049004988C
:10D6D0000428DEDBF7E11698408B3C28BDDB16986A
:10D6E000408B5928B9DA1698408B04901698408BD5
:10D6F0003C2825DB1698408B462821DA1420009020
:10D7000016984089049016980089143080B2EFA3CF
:10D7100003900146049A0D9803F0B2FA08F0EAF972
:10D7200030B91698408B3C38E94951F8200005E0A3
:10D730001698408B3C38E74951F820000790CAE022
:10D740001698408B462825DB1698408B502821DA06
:10D75000152000901698408904901698008914307E
:10D7600080B2DDA303900146049A0D9803F088FA75
:10D7700008F0C0F930B91698408B4638D44951F8B2
:10D78000200005E01698408B4638D24951F8200019
:10D790000790A0E01698408B532843DB1698408BE7
:10D7A00057283FDA0020009016984089801C80B2EC
:10D7B0000490169800890F3080B2C8A303900146E8
:10D7C000049A0D9803F05CFA08F094F930B91698B1
:10D7D000408B4638BE4951F8200005E01698408B32
:10D7E0004638BC4951F8200007901698808928389F
:10D7F000049000EBD070C0F34F0006900020009022
:10D80000169840891E3080B20490169801890698B7
:10D81000084480B203900146079B049A0D9803F0D8
:10D820002FFA58E01698408B572843DB1698408B08
:10D8300059283FDA0020009016984089801C80B259
:10D84000049016980089143080B2A6A30390014674
:10D85000049A0D9803F014FA08F04CF930B91698B0
:10D86000408B46389A4951F8200005E01698408BC5
:10D870004638984951F82000079016988089183842
:10D88000049000EBD070C0F34F0006900020009091
:10D89000169840891E3080B2049016980189069827
:10D8A000084480B203900146079B049A0D9803F048
:10D8B000E7F910E008F01EF930B91698408B4638A9
:10D8C000834951F8200005E01698408B463881497D
:10D8D00051F8200007900798F3F78CFE059008F0A8
:10D8E00009F9D8BB059808281BD216988189059894
:10D8F000A1EBC000C0F34F000690002000901698E6
:10D9000040891E3080B20490169801890698084418
:10D9100080B203900146079B049A0D9803F0B0F97A
:10D92000D0E0169880893038049000EBD070C0F3B6
:10D930004F0006900020009016984089123080B267
:10D940000490169801890698084480B20390014615
:10D95000079B049A0D9803F093F9B3E0FFE705984D
:10D96000042825D100200090169840891E3080B2EE
:10D970000490169800890F3080B203900246049BF1
:10D9800007990D9800F04BFD0020009016984089F3
:10D990001E3080B2049016980089233080B2039024
:10D9A00002460799891C049B0D9800F038FD89E018
:10D9B0000598062838D100200090169840891E301E
:10D9C00080B20490169800890A3080B20390024613
:10D9D000049B07990D9800F022FD002000901698F6
:10D9E00040891E3080B20490169800891A3080B2A7
:10D9F000039002460799891C049B0D9800F00FFDC7
:10DA000000200090169840891E3080B2049016982D
:10DA100000892A3080B2039002460799091D049BB1
:10DA20000D9800F0FCFC4DE0059808284AD1002034
:10DA30000090169840890F3080B2049016980089A3
:10DA40000D3080B203900246049B07990D9800F0B8
:10DA5000E6FC00200090169840890F3080B20490B8
:10DA600016980089233080B2039002460799891CDA
:10DA7000049B0D9800F0D3FC00200090169840897C
:10DA8000263080B20490169800890D3080B2039041
:10DA900002460799091D049B0D9800F0C0FC002068
:10DAA000009016984089263080B20490169800891C
:10DAB000233080B2039002460799891D049B0D987C
:10DAC00000F0ADFC00BF17B000BD000043483100BE
:10DAD000A40C0020580C0020434832004D617468AB
:10DAE000000000004646540001B596B04FF459704E
:10DAF000159044F23060149040F6624013904FF459
:10DB00001B50129016980189406A8089084480B29F
:10DB1000119016984189406AC089084480B21090DB
:10DB2000169880890F901698C0890E9001200B904E
:10DB30001698408A042806D14E200D903C200C9067
:10DB400000200B9049E01698408A062803D1042053
:10DB50000D900C9041E01698408A072803D10420CC
:10DB60000D900C9039E01698408A432803D1042088
:10DB70000D900C9031E01698408A442803D104207F
:10DB80000D900C9029E01698408A47280CD1FE4849
:10DB9000007808B117B000BD47200D903C200C90D4
:10DBA0000121F948017018E01698408A4C2806D1E6
:10DBB0004E200D903C200C9000200B900DE016980C
:10DBC000408A4D2806D14E200D903C200C9000201C
:10DBD0000B9002E004200D900C900B98002846D08A
:10DBE00000200A903EE00020099033E00A9808B92E
:10DBF000099860B30A9820B90F98C01E0999884205
:10DC000025D00E98C01E0A99884201D10998F0B11A
:10DC10000E98C01E0A99884204D10F98C01E099917
:10DC2000884214D00A9910980844401C80B2089089
:10DC3000119909980844401C80B207901698806A90
:10DC400040680690DDE906300D9A089998470998D2
:10DC5000401C09900F98801E09998842C6DC0A98DA
:10DC6000401C0A900E98801E0A998842BBDC002056
:10DC70000A90AAE04FF459710A98814001F40040DB
:10DC8000F8B10A98C117099000EB917081101098B3
:10DC9000084480B207900A98C117089000EB917071
:10DCA00081100898A0EB81011198084480B2069079
:10DCB0001698806A40680590DDE905300C9A07994E
:10DCC000984744F230610A98814001F4004010B353
:10DCD0000A98C117099000EB9170811010980144C7
:10DCE0000E980844001F80B207900A98C117089048
:10DCF00000EB917081100898A0EB81011198084405
:10DD000080B206901698806A40680590DDE905307B
:10DD10000C9A0799984740F662410A98814001F4AD
:10DD2000004010B30A98C117099000EB9170811060
:10DD30001098084480B207900A98C117089000EB29
:10DD4000917081100898A0EB8101119801440F98FF
:10DD50000844001F80B206901698806A40680590BB
:10DD6000DDE905300C9A079998474FF41B510A9842
:10DD7000814001F4004028B30A98C117099000EBD4
:10DD800091708110109801440E980844001F80B2D1
:10DD900007900A98C117089000EB917081100898BD
:10DDA000A0EB8101119801440F980844001F80B234
:10DDB00006901698806A40680590DDE905300C9A57
:10DDC000079998470A98401C0A900A981028FFF66D
:10DDD00051AF00200A9026E01198001D0A990844CE
:10DDE00080B209901698806A40680890DDE9083092
:10DDF0000C9A109998470E9910980844401E80B2CA
:10DE000009901198001D0A99084480B2089016984C
:10DE1000806A40680790DDE907300C9A09999847B5
:10DE20000A98401C0A900F9808380A998842D3DC57
:10DE300000200A9026E01098001D0A99084480B23C
:10DE400009901698806A40680890DDE908310C9ABC
:10DE5000119898471098001D0A99084480B20990BB
:10DE60000F9911980844401E80B208901698806A55
:10DE700040680790DDE907300C9A099998470A989D
:10DE8000401C0A900E9808380A998842D3DC1698EC
:10DE9000408A042803D01698408A472878D11198E0
:10DEA0000F3080B20A901098113080B2099007F0BC
:10DEB00021FE10B91698006B01E016984068089092
:10DEC00007F018FEE8BB0898F3F794FB07902FA122
:10DED0000898F3F77DFBA8B9169881890798A1EBFC
:10DEE000C001119800EB510080B20A901698C089C9
:10DEF0001838069000EBD07041101098084480B29A
:10DF0000099015E0169880893838069000EBD0709B
:10DF100041101198084480B20A901698C089283898
:10DF2000069000EBD07041101098084480B2099020
:10DF300000200522CDE9002002901698806A069004
:10DF400000E005E0DDE908320A9907F001F94CE04C
:10DF500000200522CDE9002002901698806A0790E3
:10DF6000DDE90932089900F00BFA00200522CDE91D
:10DF7000002002900A98153080B207901698806AA7
:10DF80000690DDE9072104E0850900200A00000071
:10DF90002CE0891C099B00F0F3F900200522CDE953
:10DFA000002002900998193080B207901698806A74
:10DFB0000690DDE90731091D0A9A00F0E1F9002019
:10DFC0000522CDE9002002900998193080B207900F
:10DFD0000A98153080B206901698806A0590DDE99F
:10DFE0000731891D069A00F0CBF9A6E11698408A00
:10DFF00006283AD100200A902BE00020099022E068
:10E000000A98C0EB401109980844D549085C6C286F
:10E0100001D1412000E0022008901098401D0A998B
:10E02000084480B20790099911980844401D80B2B5
:10E0300006901698806A4368059306A807C8984713
:10E040000998401C099009981F28D9DB0A98401CA0
:10E050000A900A982028D0DB0121169801F022F9B5
:10E0600001211698FEF71AFE67E11698408A0728E4
:10E070003AD100200A902BE00020099022E00A9873
:10E08000C0EB401109980844B649085C0D2801D13D
:10E09000422000E0022008901098401D0A99084490
:10E0A00080B20790099911980844401D80B20690EB
:10E0B0001698806A4368059306A807C89847099888
:10E0C000401C099009981F28D9DB0A98401C0A9027
:10E0D0000A982028D0DB0121169801F0E3F80021EE
:10E0E0001698FEF7DBFD28E11698408A432842D1B6
:10E0F00000200A902BE00020099022E00A98C0EB53
:10E100004011099808449849085C102801D143201F
:10E1100000E0022008901098401D0A99084480B23F
:10E120000790099911980844401D80B206901698EE
:10E13000806A4368059306A807C898470998401C59
:10E14000099009981F28D9DB0A98401C0A900A9860
:10E150002028D0DB0121169800F0A8FD0021169898
:10E1600000F0AEFE0021169800F010FD0121169877
:10E1700000F016FEE1E01698408A442869D100209C
:10E1800009902BE00020089022E00998C0EB401194
:10E19000089808447549085C852801D1442000E0AE
:10E1A000022007901098401D0999084480B20690FB
:10E1B000089911980844401D80B205901698806A0D
:10E1C0004368049305A807C898470898401C08901E
:10E1D00008981F28D9DB0998401C09900998202825
:10E1E000D0DB06F02FFD28B903220021169800F09D
:10E1F0000DFC04E002220021169800F007FC07F055
:10E20000B1FC68B107F0AEFC00F00300099009987A
:10E21000401D024602210890169800F0F7FB00BF4F
:10E220000AF002F820B909220121169800F0EEFB4D
:10E2300006F036FC00F003000A900A9840B10A98F4
:10E24000401EC0B2024603210990169800F0DEFB82
:10E2500073E01698408A4C2803D01698408A4D28BF
:10E260006BD11698C08AE8BB1198113080B20A9021
:10E270001098113080B209901698406808900120DB
:10E28000022105221023CDE90032CDE902100898C1
:10E29000007807901698806A0690079BDDE90921AF
:10E2A00002F034FB0120022105221023CDE90032C7
:10E2B000CDE902100898407807900A980C3080B297
:10E2C00006901698806A0590DDE90613099A02F017
:10E2D0001DFB0120022105221023CDE90032CDE9EA
:10E2E000021000E029E00898807807900A9818301A
:10E2F00080B206901698806A0590DDE90613099AA7
:10E3000002F004FB0120022105221823CDE900328E
:10E31000CDE902100898C07807900998143080B2AF
:10E3200006900A98093080B205901698806A049089
:10E3300005A90EC902F0EAFA00BF1698C08A0128A2
:10E3400004D10BA1169800F06DFE07E01698C08A64
:10E35000022803D108A1169800F064FE00BF19E45A
:10E36000BAC003089AC403087AC80308FACF03089E
:10E370003530306D560000003230306D56000000F0
:10E380002DE9FF4F81B0064617469846029801F0E6
:10E3900099FD00900024A1463BE04FF0000A33E0D5
:10E3A000009810F8090000FA0AF000F0800098B117
:10E3B0002546E21704EB12721211A4EB021242443A
:10E3C00091B2A346E21704EB127207EB221290B24D
:10E3D00073680E9A984714E0109890B12546E2179A
:10E3E00004EB12721211A4EB0212424491B2A34642
:10E3F000E21704EB127207EB221290B273680F9AC5
:10E400009847641C0AF1010ABAF1080FC8DB09F148
:10E410000109B9F1200FC0DB05B0BDE8F08F2DE98F
:10E42000FF4F81B0884691469A46404601F04AFD2A
:10E4300000900024002621E000271CE00098805D69
:10E44000B84000F08000A0B12546E01704EB107042
:10E450000011A4EB0010504482B2A346E01704EB75
:10E46000107009EB201081B20E98C3B201980BF026
:10E4700037FB641C7F1C082FE0DB761C202EDBDBC7
:10E4800005B0BDE8F08F000007B59AB04FF45970A1
:10E49000199044F23060189040F6624017904FF4A3
:10E4A0001B5016901A98008915901A98408914905C
:10E4B0001A98808913901A98C0891290132011908D
:10E4C000109000200E901B9820B9FE480F9041201C
:10E4D0000E9003E0FC480F9042200E9003200D9018
:10E4E0000C90002006903EE00020059033E0069856
:10E4F00008B9059860B3069820B91398C01E05990D
:10E50000884225D01298C01E0699884201D10598EC
:10E51000F0B11298C01E0699884204D11398C01E0B
:10E520000599884214D0069914980844401C80B27A
:10E530000490159905980844401C80B203901A98DD
:10E54000806A406804220290DDE90230049998470D
:10E550000598401C05901398801E05998842C6DCDA
:10E560000698401C06901298801E06998842BBDCD3
:10E5700000200690AAE04FF459710698814001F4FA
:10E580000040F8B10698C117059000EB917081101A
:10E590001498084480B203900698C117049000EBC9
:10E5A000917081100498A0EB81011598084480B205
:10E5B00002901A98806A406804220190DDE90130D7
:10E5C0000399984744F230610698814001F4004075
:10E5D00010B30698C117059000EB91708110149844
:10E5E000014412980844001F80B203900698C11796
:10E5F000049000EB917081100498A0EB81011598B4
:10E60000084480B202901A98806A406804220190FF
:10E61000DDE901300399984740F662410698814050
:10E6200001F4004010B30698C117059000EB9170FB
:10E6300081101498084480B203900698C117049082
:10E6400000EB917081100498A0EB810115980144B2
:10E6500013980844001F80B202901A98806A40689C
:10E6600004220190DDE90130039998474FF41B51D2
:10E670000698814001F4004028B30698C117059020
:10E6800000EB917081101498014412980844001F07
:10E6900080B203900698C117049000EB917081102E
:10E6A0000498A0EB81011598014413980844001FB9
:10E6B00080B202901A98806A406804220190DDE9D5
:10E6C0000130039998470698401C06900698102838
:10E6D000FFF651AF0020069026E01598001D069920
:10E6E000084480B205901A98806A40680422049019
:10E6F000DDE9043014999847129914980844401E93
:10E7000080B205901598001D0699084480B20490C7
:10E710001A98806A406804220390DDE90330059965
:10E7200098470698401C0690139808380699884226
:10E73000D3DC0020069026E01498001D06990844BA
:10E7400080B205901A98806A406804220490DDE93E
:10E750000431159898471498001D0699084480B212
:10E760000590139915980844401E80B204901A9899
:10E77000806A406804220390DDE9033005999847D8
:10E780000698401C06901298A0F108010698814254
:10E79000D2DC1198C117049000EB5170C11004989D
:10E7A000A0EBC10038B11198C117059000EB517072
:10E7B000C010401C07E0119806900698C1170698F3
:10E7C00000EB5170C01080B20B900020069054E016
:10E7D000002005904AE00598C117039000EB5170A6
:10E7E000C2100B99069800FB01210F98415C059817
:10E7F000C217049000EB5270C2100498A0EBC20044
:10E80000814001F08000B8B10C9914980144069839
:10E81000084480B204900599159801440D98084465
:10E8200080B203901A98806A406801220290DDE964
:10E8300002300499984716E00C9914980144069800
:10E84000084480B204900599159801440D98084435
:10E8500080B203901A98806A40680290DDE9023025
:10E860000E9A049998470598401C059011990598AF
:10E870008842B0DB0698401C0690109906988842A2
:10E88000A6DB1598193080B20A901498001D80B24A
:10E89000099007F02FF920B90C491C9851F8200075
:10E8A00003E00B491C9851F8200008900898F2F7F3
:10E8B000A1FE80B2079007F01DF9A8BB00205122ED
:10E8C00008E00000D2D703080BD80308F00C0020A2
:10E8D000580C0020CDE9002002901A98806A06901A
:10E8E000DDE908320A9906F033FC0020512210239A
:10E8F000CDE90120009303900A99079801EBC0002D
:10E90000801C80B206901A98806A3A230590099A72
:10E91000069901F0FBFF0221079801EBC0000830C7
:10E9200081B21A98418365E0FFE700205122CDE9CA
:10E93000002002901A98806A0690DDE90932089951
:10E94000FFF71EFD00205122CDE9002002900A9819
:10E95000103080B206901A98806A0590DDE908139D
:10E96000891C069AFFF70CFD0898007950B3002027
:10E970005122CDE9002002900A98203080B2069002
:10E980001A98806A0590DDE90813091D069AFFF7B9
:10E99000F7FC002051221023CDE9012000930390C1
:10E9A0000A98303080B206901A98806A3A2305900F
:10E9B000099A069901F0AAFF0A983A3081B21A988A
:10E9C000418317E0002051221023CDE9012000935C
:10E9D00003900A98203080B206901A98806A3A23F1
:10E9E0000590099A069901F091FF0A982A3081B2A0
:10E9F0001A984183E0211A984182DDE91A01C18207
:10EA00001C991A9801831DB000BD00002DE9F04F3C
:10EA100099B00546884691462989686A80890844E4
:10EA200080B218906989686AC089084480B21790DA
:10EA3000B8F1000F02D12A26172710E0B8F1010F14
:10EA400002D12A2605270AE0B8F1020F02D14E268C
:10EA5000052704E0B8F1030F01D14E2617271E2425
:10EA60000E2015902246E31704EB5373DB10A4EB42
:10EA7000C30333B12146E31704EB5373DB105B1C74
:10EA800004E02046C31700EB5373DB109BB21493D2
:10EA900030223D4908A8F2F777FD18223A49303173
:10EAA00002A8F2F771FDB9F1140F4BDA08A850F87B
:10EAB0002900019002A830F8190016904FF0000BC1
:10EAC0003CE04FF0000A35E04FEAEA720AEB52727E
:10EAD000D310149A0BFB0233019AD25C4FEAEA730B
:10EAE0000AEB5373DB10AAEBC3039A4002F08002D7
:10EAF0007AB117983844584482B218985044304438
:10EB000081B2A86A0123D0F800C005F11400E047E3
:10EB10000EE017983844584482B218985044304454
:10EB200081B2A86AD0F800C005F11400169BE04736
:10EB30000AF1010AA245C7DB0BF1010B15988345C9
:10EB4000BFDB1DE04FF0000A17E04FF0000B10E0B4
:10EB500017983844504482B218985844304481B2CF
:10EB6000A86A0423D0F800C005F11400E0470BF1B7
:10EB7000010BA345ECDB0AF1010A15988245E4DBA1
:10EB800019B0BDE8F08F0000ACD803082DE9FF5F95
:10EB900006468A463189706A808908441FFA80FBDC
:10EBA0007189706AC089084480B203904D20029038
:10EBB00015200190BAF1010F04D107241027DFF8C6
:10EBC000E08013E0BAF1000F04D107241027DFF82A
:10EBD000D4800BE0BAF1020F04D10C241027DFF827
:10EBE000C88003E007241027DFF8B4802246E3172B
:10EBF00004EB5373DB10A4EBC30333B12146E317DB
:10EC000004EB5373DB105B1C04E02046C31700EBDE
:10EC10005373DB109BB200934FF000093CE00025DA
:10EC200036E0EA1705EB5272D310009A09FB023264
:10EC300018F80220EB1705EB5373DB10A5EBC303A9
:10EC40009A4002F080028AB1019B0398184448441C
:10EC500082B20BEB05030298184481B2B06A042318
:10EC6000D0F800C006F11400E04710E0019B0398C3
:10EC70001844484482B20BEB05030298184481B251
:10EC8000B06A0523D0F800C006F11400E0476D1CFF
:10EC9000A542C6DB09F10109B945C0DBBDE8FF9F0C
:10ECA00019D5030829D5030839D503082DE9F047FC
:10ECB000044689462189606A8089084487B261894F
:10ECC000606AC08908441FFA80F8B9F1000F30D19A
:10ECD00000252BE0002626E005EB4500C0EB4510A3
:10ECE00030442D49085CD8280ED108F1150028447D
:10ECF00082B2B8192A3081B2A06A4123D0F800C08C
:10ED000004F11400E0470DE008F11500284482B238
:10ED1000B8192A3081B2A06A0223D0F800C004F1E9
:10ED20001400E047761C1D2ED6DB6D1C102DD1DBA8
:10ED30002FE000252BE0002626E005EB4500C0EB88
:10ED4000451030441549085CD8280ED108F115004B
:10ED5000284482B2B8192A3081B2A06A4223D0F87E
:10ED600000C004F11400E0470DE008F1150028444C
:10ED700082B2B8192A3081B2A06A0223D0F800C04A
:10ED800004F11400E047761C1D2ED6DB6D1C102DFF
:10ED9000D1DBBDE8F08700005ACC03082ACE030877
:10EDA0002DE9F34F83B005462989686A80890844B4
:10EDB0001FFA80F86989686AC08908441FFA80F9D7
:10EDC0004FF0600A4FF0050B1024202001903B48C3
:10EDD00002902146E31704EB5373DB10A4EBC3034B
:10EDE00033B12246E31704EB5373DB105B1C04E0E2
:10EDF0002046C31700EB5373DB109BB200930498BB
:10EE000000283DD0002737E0002632E0F21706EB5D
:10EE10005272D310009A07FB0233029AD25CF317A6
:10EE200006EB5373DB10A6EBC3039A4002F080029B
:10EE30007AB109EB0B00384482B208EB060050446B
:10EE400081B2A86A0123D0F800C005F11400E047A0
:10EE50000EE009EB0B00384482B208EB0600504488
:10EE600081B2A86A4523D0F800C005F11400E0473C
:10EE7000761CA642CADB7F1C01988742C4DB19E0DE
:10EE8000002614E000270FE009EB0B00304482B2AB
:10EE900008EB0700504481B2A86A0423D0F800C0F0
:10EEA00005F11400E0477F1CA742EDDB761C0198BA
:10EEB0008642E7DB05B0BDE8F08F000059D50308B6
:10EEC0002DE9FF5F054688462989686A80890844DC
:10EED0001FFA80F96989686AC089084480B2039082
:10EEE0002A20029006200190B8F1000F03D11D24C2
:10EEF0000A26494F10E0B8F1010F03D12D240A264C
:10EF0000464F09E0B8F1020F03D125240D26444FE6
:10EF100002E01D240A26404F002082461BE04FF0ED
:10EF2000000B12E0019B03981844504482B209EB95
:10EF30000B030298184481B2A86A0423D0F800C0D9
:10EF400005F11400E0470BF1010BBBF12D0FE9DBDC
:10EF50000AF101008246BAF10D0FE0DB2246E31709
:10EF600004EB5373DB10A4EBC30333B12146E31767
:10EF700004EB5373DB105B1C04E02046C31700EB6B
:10EF80005373DB109BB200934FF0000B3FE04FF048
:10EF9000000A38E04FEAEA720AEB5272D310009A84
:10EFA0000BFB0232BA5C4FEAEA730AEB5373DB10D5
:10EFB000AAEBC3039A4002F080028AB1019B039836
:10EFC0001844584482B209EB0A030298184481B2EB
:10EFD000A86A0423D0F800C005F11400E04710E04F
:10EFE000019B03981844584482B209EB0A03029823
:10EFF000184481B2A86A0523D0F800C005F11400B6
:10F00000E0470AF1010AA245C4DB0BF1010BB3454D
:10F01000BDDBBDE8FF9F000074D403089CD4030847
:10F02000D8D403082DE9FF5F04460D462189606AA4
:10F03000808908441FFA80F96189606AC0890844A0
:10F0400080B2039004200290E08A012802D0E08A76
:10F05000022811D1A189A1F12E0000EBD071C1F3DA
:10F060004F06E189A1F10C0000EBD0714910491C59
:10F070008FB20220029003E0442610270420029061
:10F080004FF0000800200190824619E04FF0000B7D
:10F0900011E003983844504482B209EB0B0030442D
:10F0A000404481B2A06AD0F800C004F11400029B71
:10F0B000E0470BF1010BBBF1320FEADB0AF1010A69
:10F0C000BAF10A0FE2DB029802280BD12846F2F7C8
:10F0D00091FA8246A189A1EBCA0000EBD071C1F37D
:10F0E0004F0600BFCAE02878302802D16748009058
:10F0F00023E02878312802D1654800901DE0287867
:10F10000322802D16348009017E02878352802D1D0
:10F110006148009011E028786D2804D15F48009084
:10F120000120019009E02878562804D15C4800901D
:10F130000220019001E055480090019840BB4FF03B
:10F14000000A21E04FF0000B19E0009810F80A00C7
:10F1500000FA0BF000F0800078B90398384450446E
:10F1600082B209EB0B003044404481B2A06A05230F
:10F17000D0F800C004F11400E0470BF1010BBBF123
:10F18000080FE2DB0AF1010ABAF10A0FDADB70E0DC
:10F190000198012835D14FF0000B2EE04FF0000A06
:10F1A00026E04FEAEA720AEB52720BEB4B0303EBD9
:10F1B000E203009AD25C4FEAEA730AEB5373DB1066
:10F1C000AAEBC3039A4002F080027AB9039838444C
:10F1D000584482B209EB0A003044404481B2A06A2C
:10F1E0000523D0F800C004F11400E0470AF1010A39
:10F1F000BAF1160FD5DB0BF1010BBBF10A0FCDDB1A
:10F2000040E00198022834D14FF0000B2DE04FF080
:10F21000000A25E04FEAEA720AEB5272D21002EBC2
:10F220004B03009AD25C4FEAEA730AEB5373DB108C
:10F23000AAEBC3039A4002F080027AB903983844DB
:10F24000584482B209EB0A003044404481B2A06ABB
:10F250000523D0F800C004F11400E0470AF1010AC8
:10F26000BAF10A0FD6DB0BF1010BBBF10A0FCEDBB3
:10F2700008E008F108001FFA80F86D1C28780028C3
:10F280007FF431AF00BFBDE8FF9F00001AD4030830
:10F2900024D403082ED4030838D4030842D4030826
:10F2A00060D403082DE9F047044689462189606A45
:10F2B0008089084486B26189606AC089084487B23F
:10F2C000B9F1000F54D000254FE05C4830F815002C
:10F2D00000F47F40594911F81510C1F3850140EA47
:10F2E000010A4FF0000825E00AFA08F000F4004097
:10F2F00078B107F11A00284482B206EB08002A30E0
:10F3000081B2A06A0523D0F800C004F11400E047E0
:10F310000EE007F11A00284482B206EB08002A30FA
:10F3200081B2A06A0423D0F800C004F11400E047C1
:10F3300008F10108B8F1100FD6DB4FF0000810E01B
:10F3400007F11A00284482B206EB08003A3081B275
:10F35000A06A0423D0F800C004F11400E04708F1CB
:10F360000108B8F1080FEBDB6D1C092DADDB62E085
:10F3700000255EE0314830F815A04FF0000825E088
:10F380000AFA08F000F4004078B107F11A002844A6
:10F3900082B206EB08002A3081B2A06A0523D0F8B9
:10F3A00000C004F11400E0470EE007F11A00284401
:10F3B00082B206EB08002A3081B2A06A0423D0F89A
:10F3C00000C004F11400E04708F10108B8F1100F83
:10F3D000D6DB4FF0000828E0194810F8150000FAB5
:10F3E00008F000F0800078B107F11A00284482B2DA
:10F3F00006EB08003A3081B2A06A0523D0F800C0BD
:10F4000004F11400E0470EE007F11A00284482B22C
:10F4100006EB08003A3081B2A06A0423D0F800C09D
:10F4200004F11400E04708F10108B8F1080FD3DB3C
:10F430006D1C092D9EDBBDE8F0870000F6D30308A4
:10F4400008D40308002100E0491C022905D206481F
:10F4500000EB011000680028F6D1022901D001203C
:10F4600070470020FCE70000C806012038B50546BB
:10F47000284600F012FA044664B9694628460BF0A3
:10F48000F7F9044634B9E86AFCF78CFF04460CB976
:10F4900000202860204638BDF7B582B01646039894
:10F4A000019001A801F084F90546002D02DA0B2035
:10F4B00005B0F0BD0F4850F8254024B12046FCF7B8
:10F4C00061F800202070029810B1002002990870A5
:10F4D0000849029841F82500029808B1012E01D090
:10F4E0000020E5E7002202A903A800F003FD07467B
:10F4F0003846DDE7540D00202DE9F74F98B004465B
:10F5000016461CB909201BB0BDE8F08F06F03F0677
:10F51000324603A919A800F0EDFC0546002D7DD167
:10F520000398049004A8199900F022FF05468DB9AC
:10F530009DF85B0000F0800008B106250AE026F087
:10F54000010008B1012000E00020014604A8FBF7FB
:10F55000DBFF054606F01C0000287DD06DB1042DB0
:10F5600008D1FFF76FFF18B104A8FDF7CCF900E050
:10F570001220054646F008060AE09DF8160000F045
:10F58000110008B1072503E006F0040000B10825CA
:10F59000002D71D106F0080000286DD001F0F9F8B7
:10F5A000029003980078042867D10398206003999B
:10F5B000096901F1340001F0A8FFA060039909690D
:10F5C00001F1380001F0ADFFC4E9040103980069BE
:10F5D00090F8210000F00200E0710020E061039942
:10F5E000096901F1080002990AF0CAFA002003999A
:10F5F000096908750399096901F10C0002990AF07B
:10F60000BFFA002003990969487520200399096908
:10F6100008710399096901F1340000E00FE100214C
:10F620000AF0AEFA0399096901F138000022134685
:10F630000AF0B2FA0399096901F128000022134681
:10F640000AF0AAFA01200399096981F8210004A8A7
:10F650000AF0D6FA054600E048E0002D57D1A06830
:10F66000002854D000222046A1680AF0FDF8054683
:10F67000A068401E0399486149E0139901F10E000A
:10F6800002990AF07DFA139901F1160002990AF025
:10F6900077FA20201399C8721399039801F022FF7A
:10F6A00083460022139903980AF058FA139901F13E
:10F6B0001C0000210AF064FA01200399C870BBF114
:10F6C000000F24D00398406B02900022594604A8F2
:10F6D0000AF0CAF80546D5B9DDE9021002F090F843
:10F6E0000546ABF101000399486110E07DB99DF832
:10F6F000160000F0100008B1042508E006F0020032
:10F7000028B19DF8160000F0010000B10725BDB931
:10F7100006F0080008B146F040060398406BA0646C
:10F720001398E06426F0010008B1012000E00020F9
:10F73000014604A801F074FEE062E06A00B9022507
:10F74000002D7CD103980078042821D106982062EE
:10F75000089820F0FF009DF8171008436062179882
:10F76000A0620399096901F1340001F0CEFEA060A6
:10F770000399096901F1380001F0D3FEC4E90401DD
:10F780000398006990F8210000F00200E0710CE09D
:10F790001399039801F0A6FEA060139901F11C00D3
:10F7A00001F0B3FE0021C4E90401002020650398A4
:10F7B00020600398C088A08084F83060002084F81E
:10F7C00031006064A063E0634FF40072002104F133
:10F7D000540001F0EEFF06F02000002858D000236E
:10F7E000D4E9041059405840014351D0D4E90401F0
:10F7F000C4E90E01039840894FEA4029D4F808A0D3
:10F80000D4E9047810E05146204600F0FFFE82461D
:10F81000BAF1010F00D802250AF1010000B9012553
:10F82000B7EB090768F100082DB90020B9EB070113
:10F8300070EB0800E7D3C4F840A005B900E012E07F
:10F840004FF40072002338464146F1F76CFE002168
:10F850004A404B401A431BD051460398FBF7D7FE52
:10F86000019008B9022513E04FF4007200233846D6
:10F870004146F1F758FE019908446064626C0399AF
:10F880004878012304F15401FDF7CAF900B10125BC
:10F890000DB100202060284635E62DE9F04395B0F3
:10F8A000044614A920460AF0E3FF0546002D7DD149
:10F8B00094F8300000F04000002877D094F8300031
:10F8C00000F0800090B1626C14994878012304F133
:10F8D0005401FDF7CBF918B1012015B0BDE8F08354
:10F8E00094F8300000F07F0084F8300000F051FF01
:10F8F000814614980078042860D1204600F052FA1E
:10F90000054635B94FF0FF322046216C00F065FA0C
:10F910000546002D7ED12146684601F065FE05466C
:10F92000002D77D114980069007940F020001499D7
:10F9300009690871E07940F001001499096981F8BA
:10F940002100A168149A126902F134000AF018F932
:10F95000D4E904731499096901F138003A460AF0B0
:10F960001BF9D4E904731499096901F128003A4696
:10F970000AF012F91499096901F10C0049460AF0DC
:10F98000FFF800201499096948751499096901F173
:10F99000100000210AF0F4F868460AF031F9054633
:10F9A00025B914980AF076F9054600E032E094F89B
:10F9B000300000F0BF0084F830002BE0A16C1498F8
:10F9C00001F01EFF05462DBBE66CF07A40F02000EA
:10F9D000F0723146A26820680AF0C0F806F11C00F7
:10F9E00021690AF0CDF8494606F116000AF0C8F878
:10F9F000002106F112000AF0FDF801201499C870E8
:10FA000014980AF047F9054694F8300000F0BF005A
:10FA100084F83000284660E72DE9FF4F87B00446A0
:10FA200015469B46089803900020CBF8000004A9D7
:10FA300020460AF01DFF0590059818B994F831008A
:10FA4000059018B105980BB0BDE8F08F94F8300020
:10FA500000F0020008B90720F5E7049800780428B0
:10FA600007D0A06B4019A16B884202D2A06BC0F1F5
:10FA7000FF3507E1D4E90E014FF400720023CDE910
:10FA80000001F1F750FD00214A404B401A436ED16E
:10FA9000D4E90E014FF400720023CDE90001F1F723
:10FAA00042FD04994989491E00EA010ABAF1000F92
:10FAB0003BD10022D4E90E015040514008430AD105
:10FAC000D4F80880B8F1000F17D100212046FBF7C9
:10FAD000F7FD804611E0206D50B1D4E90E010246D9
:10FAE0000B46CDE900012046FBF760FD804604E0AF
:10FAF0002046216CFBF7E4FD8046B8F1000F00D1F1
:10FB0000C3E0B8F1010F03D1022084F831009AE775
:10FB100008F1010018B9012084F8310093E7C4F816
:10FB20004080A06808B9C4F8088094F8300000F05C
:10FB3000800090B1626C04994878012304F154016B
:10FB4000FDF794F818B1012084F831007BE794F8B0
:10FB5000300000F07F0084F83000216C0498FBF73F
:10FB600056FD074627B9022084F831006BE74BE0C9
:10FB700057444FEA5529B9F1000F2DD00AEB09007F
:10FB800004994989884203D904984089A0EB0A095D
:10FB9000049948784B463A460399FDF767F818B13F
:10FBA000012084F831004EE7606CC01B484510D23C
:10FBB000606CC01B039A02EB40214FF4007204F109
:10FBC000540001F0E9FD94F8300000F07F0084F863
:10FBD00030004FEA492637E0606CB84213D0D4E9D0
:10FBE0000E30D4E904219A1A88410CD2049948783D
:10FBF00001233A4604F15401FDF712F818B101202F
:10FC000084F831001FE76764208FC0F30800C0F557
:10FC10000076AE4200D92E46D4E90E014FF40072B0
:10FC20000023CDE90001F1F77EFC04F154001044FB
:10FC300032460290039901F0AFFD94F8300040F095
:10FC4000800084F8300000BF039830440390D4E96A
:10FC50000E20921940F10000C4E90E20D4E90E23D1
:10FC6000D4E90410891A984102D2D4E90E0101E0C6
:10FC7000D4E90401C4E90401DBF800003044CBF806
:10FC80000000AD1B002D7FF4F5AE00BF94F83000EE
:10FC900040F0400084F830000020D4E682B0CDE986
:10FCA000000121F0004001909DED000B02B051ECED
:10FCB000100B704710B50246802A01DA10461BE08F
:10FCC00051B1FF2A01DD002304E0A2F180030B4CB7
:10FCD00034F8133018460FE0002007E0074B33F8E4
:10FCE0001030934200D103E0431C98B28028F5DB2A
:10FCF00000BF00F18003D8B210BD00005604040814
:10FD000030B5B0F5805F01DA244D00E0244D29467E
:10FD100000BF31F8022B0AB1904200DA3CE031F822
:10FD2000023B1C12DBB2D518854230DD092C2CD2E7
:10FD3000DFE804F005090F13171B1F232700851A9E
:10FD400031F8150021E0851A05F00105451BA8B220
:10FD50001BE0A0F11005A8B217E0A0F12005A8B2A1
:10FD600013E0A0F13005A8B20FE0A0F11A05A8B287
:10FD70000BE000F10805A8B207E0A0F15005A8B219
:10FD800003E0A0F5E355A8B200BF00BF04E0002CDB
:10FD9000BFD101EB4301BCE700BF30BD56050408ED
:10FDA000480704082DE9F0410446E079032812D100
:10FDB000A568A7690BE06A1C2946206809F068FC61
:10FDC000064616B13046BDE8F0816D1C7F1E002F3F
:10FDD000F1D10020E0710020F5E72DE9F041044663
:10FDE0000D46174616E0E369012B03D9E369EB1AC8
:10FDF0009B1C00E03B461A46E369EB1A591C20683D
:10FE000009F046FC064616B13046BDE8F081E069CF
:10FE1000401EE061E0690028E5D100BFF5E72DE96B
:10FE2000F74F05460E46B61EE869801EB04200D860
:10FE300000263446A2464FF0000B00BF286B00EBB3
:10FE40001431284601F0DCFC18B14FF0FF30BDE85A
:10FE5000FE8FC4F3C80904F0070101208840C7B22F
:10FE600000BF00BF05F1380010F8090000EA0708DC
:10FE70007806070E601C0446E969891E884203D390
:10FE8000002400274FF40079B8F1000F08D10BF1DE
:10FE9000010083460299884205D10AF10200D6E7A3
:10FEA000A2464FF0000BB44201D10020CFE7002F53
:10FEB000D8D1012709F101008146B0F5007FD0D3E8
:10FEC000BCE7000010B50246134600210AE00748CF
:10FED00030F811001C88A04203D1054800EB411006
:10FEE00010BD491C9429F2D30148F9E7F4EF030847
:10FEF0001CF103082DE9F74F8CB000210D9801602B
:10FF00000C9800F055FC0A900A98002803DA0B20A0
:10FF10000FB0BDE8F08FFE490A9851F820400CB9A7
:10FF20000C20F5E70D9804600E9800F0FE000E908E
:10FF3000207888B16078FCF78BFE0990099800F072
:10FF4000010048B90E9828B1099800F0040008B1E2
:10FF50000A20DDE70020DBE7002020700A986070AF
:10FF60006078FCF733FE0990099800F0010008B1B1
:10FF70000320CDE70E9828B1099800F0040008B1DD
:10FF80000A20C5E7002631462046FBF765FA814680
:10FF9000B9F1020F03D0B9F1020F2FDA2EE00025DC
:10FFA00014E04FF4DF7000EB051104F13800084451
:10FFB0000B900B98007920B10B98083001F0A5FA4E
:10FFC00000E0002002A941F825006D1C042DE8D3B3
:10FFD000002505B16D1E00BF02A850F8256026B1AE
:10FFE00031462046FBF738FA00E003208146B9F19C
:10FFF000020F03DB681C05460428EDD3B9F1040F9A
:020000040803EF
:1000000001D1012084E7B9F1020F01DB0D207FE768
:10001000B9F1010F7AD10B2500E06D1C402D04D2FF
:1000200004F13800405D0028F7D0402D01D20D20AA
:100030006EE704F1A00001F0A5FAB0F5807F01D0D1
:100040000D2065E794F8A41001208840B0F5007FEA
:1000500001D00D205CE704F1800001F062FA8719FD
:1000600041F10008391E78F1010001D30D204FE75E
:1000700004F18C0001F049FA206294F8A600A07007
:10008000A078012801D00D2042E794F8A5100120A6
:1000900088406081608908B90D2039E704F1940037
:1000A00001F033FA82469B498A4501D90D202FE79A
:1000B0000AF10200E061666204F1900001F025FAA5
:1000C0003044206304F1880001F01FFA3044A0623C
:1000D0000021608900FB0AF0226B10184941381A90
:1000E00078EB010001D20D2012E704F1980001F035
:1000F0000CFAE0622046E16AFBF789FA01460090BB
:10010000204601F07DFB10B1012001E721E0002530
:100110000FE004F13800405D812809D104F1380175
:10012000294401F1140001F0F0F9022800D103E0A4
:100130002035B5F5007FECD300BFB5F5007F01D1C8
:100140000D20E5E64FF0FF30A06160614FF004093B
:10015000F3E004F1430001F015FAB0F5007F01D09F
:100160000D20D5E604F14E0001F00CFA8346BBF1F8
:10017000000F04D104F15C0001F0C7F98346C4F814
:1001800020B04820005DA070A078012804D0A0789D
:10019000022801D00D20BBE6A0780BFB00FB452018
:1001A000005D6081608918B16089411E084008B116
:1001B0000D20ADE604F1490001F0E4F92081207A38
:1001C00000F00F0008B10D20A2E604F14B0001F091
:1001D000D9F90890089820B904F1580001F095F970
:1001E000089004F1460001F0CDF90190019808B99A
:1001F0000D208DE601985844218900EB11100790DD
:10020000DDE90701814201D20D2081E6DDE9071019
:10021000401A6189B0FBF1FABAF1000F01D10D204B
:1002200076E64FF003094FF6F570824501D84FF09E
:10023000020940F6F570824501D84FF001090AF134
:100240000200E061666201983044A0620798304481
:100250002063B9F1030F13D104F1620001F092F9A8
:1002600008B10D2054E6208908B10D2050E604F1B4
:10027000640001F04AF9E062E0698000069015E050
:10028000208908B90D2043E6A06A5844E062B9F11C
:10029000020F02D1E069400007E0207F00F001007A
:1002A000E16901EB410100EB51000690216A0698DB
:1002B00000F2FF10B1EB502F01D20D2028E64FF0D5
:1002C000FF30A061606180202071B9F1030F34D14B
:1002D00004F1680001F056F901282ED1711C204666
:1002E00001F08EFA48BB0020207104F2362001F0A4
:1002F00049F94AF6552188421FD104F1380001F02E
:1003000004F90549884218D104F5077006E0000099
:10031000540D0020FDFFFF7F5252614101F0F5F8BE
:100320000F49884209D104F5087001F0EEF8A06188
:1003300004F5097001F0E9F8606184F8009009485B
:100340000088401C80B207490880E0800648E060D1
:10035000064820612046FBF715F90020D8E500008B
:10036000727241615C0D002048090120E8060120FD
:100370002DE9F34105462C46266802E00198401C11
:100380000190019800782F28F8D0019800785C2817
:10039000F4D00020A060E06101980078202808D205
:1003A00080214B20415500212846FCF7BAFB074627
:1003B0004DE000BF01A92846FBF792FE074607B1B2
:1003C00044E02846FCF7BAF8074695F84B803FB161
:1003D000042F04D100BF08F0040000B9052735E060
:1003E00008F0040000B131E0A07900F0100008B975
:1003F00005272BE0307804281DD1A06820622069F1
:1004000020F0FF00E17908436062E86CA062316986
:1004100001F1340001F079F8A060306990F8210012
:1004200000F00200E071316901F1380001F079F863
:10043000C4E9040109E0288EC0F3080206F138007F
:100440001118304601F04EF8A060B3E700BF3846FF
:10045000BDE8FC810C4812E0017B0C4A52F82110E7
:1004600021B1017B52F82110086003E0017B084AAA
:1004700042F82100017B054A42F82100103005496D
:100480008842E9D370470000680D002080120020E8
:1004900098120020080E002070B54FF0FF3600259E
:1004A00014E0194C0EE0606858B1206920F00F008C
:1004B00038B9207C00F00F00A84202D16068804764
:1004C0000646143411488442EDD36D1C102DE8DB30
:1004D000002514E00C4C0EE0A06858B1206920F013
:1004E0000F0038B9207C00F00F00A84202D1A068AC
:1004F00080470646143405488442EDD36D1C102D08
:10050000E8DB304670BD0000FC4205087844050871
:100510002DE9FF4F83B0814690461D460B22484689
:10052000049901F039F9052D18D92F4611E038F852
:1005300002BB00240BE0584667F35F0007464FEA12
:100540006B0B07F4803008B11D484740641C102C29
:10055000F1D3B8F800000028E9D13D46072400BFD8
:1005600005F00F0000F1300ABAF1390F03DD0AF18E
:10057000070000F0FF0A2046641E01A901F800A050
:100580002D09002DECD17E200855002600E0761CB8
:10059000A64203D219F806002028F8D100BF082C83
:1005A00004D22046641C01A9085C00E020203146EA
:1005B000761C09F80100082EF1D307B0BDE8F08FD2
:1005C00021100100004870474400002010B5074882
:1005D000007848B901200549087005490868F7F70F
:1005E000E7F9034801F0EEF8014810BD4808002083
:1005F000701300200348007808B9002070470248B3
:10060000FCE7000084090020741900202DE9FC5F3C
:1006100006460C463568022C02D3E869A04202D88F
:100620004FF00109B2E04FF0FF392878012806D0D9
:10063000022830D0032841D0042878D152E0274640
:1006400007EB5707A86A00EB5721284601F0D8F8B6
:1006500000B19AE038467F1CC0F3080105F138006C
:1006600010F80180A86A00EB5721284601F0C8F86D
:1006700000B18AE0C7F3080105F13800405C48EAA0
:10068000002804F0010010B14FEA181001E0C8F38F
:100690000B00814679E0A86A00EB1421284601F09E
:1006A000AFF800B171E040F2FF1101EA440205F138
:1006B0003801501800F066FF814666E0A86A00EB3A
:1006C000D411284601F09CF800B15EE040F2FF1121
:1006D00001EA840205F13801501800F016FF20F0FD
:1006E000704952E00022D6E90410514050400143C5
:1006F00047D0B068A4EB000AD6E90420521E60F18E
:100700000000CDE900204FF400720023DDE9000174
:10071000F0F709FF6989B0FBF1FBF07902280AD1F3
:10072000DA4508D8DA4503D16FF0004001E029E04E
:10073000601C814629E0F079032805D1B069504555
:1007400002D904F1010920E0F079022818D0F069FB
:1007500010B16FF0004912E0A86A00EBD4112846EE
:1007600001F04EF800B110E040F2FF1101EA8402FE
:1007700005F13801501800F0C8FE20F0004904E0EF
:1007800000BF00BF4FF0010900BF00BF4846BDE8F1
:10079000FC9F00207047000010B50348007808B99E
:1007A00000F048F9014810BD500D0020B0060120AE
:1007B00070B502464FF0FF301568E5B1116800E0F2
:1007C000491C0D78202D02D30D783A2DF8D10D78E3
:1007D0003A2D0FD1146814F8015BA5F130030A2BF0
:1007E00007D28C4205D1022B03D218464D1C294654
:1007F000156070BD002000BFFBE700000246064800
:10080000006838B10548008801FB0020024B1B68D6
:10081000185C70470020FCE74C08002054080020BA
:100820000048704734DB00200246A2F13C0082B24F
:10083000A2F11600462390FBF3F02F4B1880A2F193
:1008400015001B88C3EBC30303EB8303A0EB43003A
:10085000401E2A4B1880A1F14900282390FBF3F099
:10086000274B18801846008800EB8000A1EBC000E1
:100870003038244B18802048008810B12048008868
:1008800010B94FF0FF30704715201F4B18802F20F4
:10089000588019480088C0EBC00000EB8000152389
:1008A00003EB4000184B98801548008800EB80004F
:1008B0002F2303EBC000144BD8800E205881082052
:1008C00018810D48008800EB8000D8810C48008812
:1008D00000EB800098810520188207480088462395
:1008E0005843094B58820648008800EB8000C0043A
:1008F000000C98820020C6E77C09002080090020B7
:100900007E09002082090020741900202DE9FC5F77
:100910000746884615461E460C9CAA462046E31705
:1009200004EB5373DB1021464FEAE47C04EB5C7C60
:100930004FEAEC0CA4EBCC0CBCF1000F02D04FF052
:10094000010C01E04FF0000C6344224604EBD27C22
:100950004FEA6C0C03FB0CF3DBB20193A6F1200011
:10096000C6B24FF0000B3AE0102C05D11E4800EB48
:10097000061010F80B9006E006EBC6001B4901EBD1
:10098000800010F80B900020009022E009F0800019
:1009900028B17B68294640460D9A984706E00F9893
:1009A00020B17B68294640460E9A98474FEA496035
:1009B0004FEA1069681C85B2A5EB0A00A04205D178
:1009C000554608F101001FFA80F805E00098401C28
:1009D000009000980828D9DB00BF0BF1010B0198AB
:1009E0008345C1DBBDE8FC9F04EA0308A8DC0308DB
:1009F0000146C1F30C02C2B94A13082A15D2DFE836
:100A000002F00406080A0C0E101205200FE0062062
:100A10000DE007200BE0082009E0062007E0052094
:100A200005E0162003E0022001E0162000BF00BF11
:100A30007047000010B5FFF7C9FD044620688088A4
:100A40000749C8602068C0880861064808600648F1
:100A5000886006484860012005490870002010BDE4
:100A6000B0060120159B0308FD070308F59A03084B
:100A7000500D00202DE9F04F89B00446606A81894D
:100A8000208908441FFA80FB606AC1896089084494
:100A900087B265680026208A00F4805008B11820CB
:100AA00000E0102007904FF000084FF0FF394FF0A2
:100AB000FF3A207CC0F3800070B106A9204600F008
:100AC000D7F98146B9F1000F1CD0606A007D00F0B3
:100AD000E0000002069015E0208A0690207CC0F31A
:100AE000C00078B104A9204600F0C2F98246BAF1EC
:100AF000000F05D0606A007D00F0E0000002049065
:100B00004FF00108B9F1000F02D1BDF8180005E05F
:100B1000BDF8181001F46040FFF76AFF0890BAF1C1
:100B2000000F02D1BDF8100005E0BDF8101001F46F
:100B30006040FFF75DFF059033E028780A2804D174
:100B4000002607F1100087B26D1C2878802810DD80
:100B5000059908988DE803010BEB06018AB23B4624
:100B60002946A06AFDF70CFC06F1100086B2AD1C08
:100B700017E0059ADDE907018DE807012B780BEBFB
:100B8000060291B23A46A06AFFF7C0FE0798102805
:100B900003D106F1080086B202E006F10C0086B22D
:100BA0006D1C28780028C8D1208A20F008012182F5
:100BB00009B0BDE8F08F00000146486A007D00F0F2
:100BC0000100B0B9087C00F00100D0B9088A40F0FB
:100BD00004020A82088A40F001020A82088A20F090
:100BE00002020A8208480068401C074A1060002080
:100BF0007047087C00F0010018B9088A40F0010233
:100C00000A824FF0FF30F3E74C0D00202DE9FF5F23
:100C10000F4614461D46DDF838B0A146A5F1200068
:100C2000C5B2002626E0154800EB051010F8068036
:100C30004FF0000A19E008F0800030B10BF0FF031C
:100C400022463946009808F04BFF4FEA48604FEAC9
:100C50001068601C84B2A4EB0900102803D14C4634
:100C6000781C87B204E00AF1010ABAF1080FE2DB4E
:100C700000BF761C102ED6DBBDE8FF9F04EA0308F8
:100C80002DE9F84307460D4616461C46DDF8208040
:100C9000A94613E020780A2804D1641C06F112004A
:100CA00086B24D46CDF80080237832462946384634
:100CB000FFF7ACFF05F1080085B2641C207800281E
:100CC000E8D1BDE8F883000010B50346D9821A8345
:100CD000586A007D00F0010080B9187C00F0010026
:100CE00060B902249C82188A20F002041C82044805
:100CF0000068401C024C2060002010BD0020FCE772
:100D00004C0D00200246107CC0F3C000C0B95160F9
:100D1000107C00F0010098B9506A007D00F00100DD
:100D200070B9108A40F008031382108A20F0020381
:100D3000138205480068401C034B18600020704770
:100D40004FF0FF30FBE700004C0D00200146486AE1
:100D5000007D00F0010070B9087C00F0010050B186
:100D6000088A20F003020A8204480068401C034AF3
:100D70001060002070474FF0FF30FBE74C0D002063
:100D800070B506463446E06A30B12046E16A8847CD
:100D9000A08A40F00201A182656809E0E86A18B102
:100DA0002846E96A884702E04FF0FF3070BD2D68A1
:100DB000002DF3D10020F9E770B500262248056820
:100DC0003EE0287DC0F3400080B9E86A70B1287D1C
:100DD00000F0010050B92846E96A8847A88A40F027
:100DE0000201A98200212983761C04E0287D00F0FD
:100DF000010000B123E06C681EE0207CC0F34000DD
:100E0000C8B9E06AB8B1207C00F0010018B1207CBC
:100E1000C0F3800078B12046E16A8847208A40F01C
:100E200002012182207CC0F3800018B1208A20F0CA
:100E300004012182761C2468002CDED100BF2D68BD
:100E4000002DBED1304670BD480D002010B50024E5
:100E50000648006840B1FFF7AFFF044624B10348DD
:100E60000068001B0149086010BD00004C0D002007
:100E700010B502460B46506A41681AE0914217D0FD
:100E800014890889844213DB0C89888904441089F9
:100E900084420DDD54894889844209DB4C89C88924
:100EA00004445089844203DD488A1880002010BD24
:100EB00009680029E2D1481EF9E70146486A10B9DD
:100EC0004FF0FF307047486A406820B9486A031DF8
:100ED00019600020F6E7486A426800E0126810686E
:100EE0000028FBD1116000BFECE700000246084873
:100EF000006818B90648026000207047044801687D
:100F000000E0096808680028FBD10A6000BFF4E728
:100F1000480D002000B58FB000BF1E48006840F0AB
:100F200000501C4908600846006800F0005000901E
:100F300000BF00BF00BF17480838006840F001003C
:100F40001449083908600846006800F00100009064
:100F500000BF00BF20200A9003200B9000200C90BF
:100F60000AA90D48F2F780FC0C480D4908600846B4
:100F7000F1F71BFF0020029002200390102201A92C
:100F80000748F1F745FE10210548F1F739FF002029
:100F90000FB000BDE8440258000002580074004041
:100FA0006C10002030B587B0142102A8F0F705FBC3
:100FB00000BF5348006840F00100514908600846EE
:100FC000006800F00100019000BF00BF00BF0846AC
:100FD000006840F0020008600846006800F0020067
:100FE000019000BF00BF00BF0846006840F0040049
:100FF00008600846006800F00400019000BF00BFD0
:1010000000BF0846006840F0080008600846006815
:1010100000F00800019000BF00BF00BF0846006854
:1010200040F0100008600846006800F010000190D1
:1010300000BF00BF002439E004EB4400314901EB5C
:10104000C0008068029004EB440001EBC000C0685F
:10105000039004EB440001EBC000006904900220FF
:10106000059004EB4401274A02EBC101486802A93C
:10107000F2F7FAFB04EB4400224901EBC000C06820
:10108000022812D004EB44030D4605EBC3031A7D7E
:1010900004EB440305EBC3031B8999B204EB44033F
:1010A00005EBC3035868F2F7F4FC641C0A2CC3D3A5
:1010B0001548008803F0FCFF01210B2000F05AF9CD
:1010C00000210C2000F056F901210D2000F052F90A
:1010D00000210E2000F04EF9002211462820F2F7E0
:1010E0009FFF2820F2F76AFF002211460620F2F740
:1010F00097FF0620F2F762FF002007B030BD000026
:10110000E044025858A903081600002010B500F06A
:101110005BF9002010BD0000014800787047000016
:10112000340000200149087070470000340000209E
:1011300002480068401C01490860704730000020E8
:101140000148006870470000240C004000B59DB0C5
:10115000142118A8F0F731FA00BF3448006840F0B5
:101160000100324908600846006800F00100009064
:1011700000BF00BF00BF2D480838006840F00100E4
:101180002A49083908600846006800F0010000900C
:1011900000BF00BF402108A8F0F70FFA4FF400404D
:1011A00018900220199000201A9003201B90012013
:1011B0001C9018A91E48F2F757FB002004900590D8
:1011C000069007900190029003904FF080400890A5
:1011D0000020099000210A91411E0B9100210C91E1
:1011E00080210E9108A8F5F7C9FE08B1F1F71CF8A7
:1011F0004FF400500490002005900690079004A939
:1012000008A8F5F7B1FF08B1F1F70EF8002001903A
:10121000039001A908A8F5F753FE08B1F1F704F807
:1012200008A8F5F769FF1DB000BD0000E8440258AA
:101230000000025800B58DB0142108A8F0F7BDF9E0
:1012400000BF3848006840F004003649086008468E
:10125000006800F00400009000BF00BF00BF3148EC
:101260000838006840F010002E4908390860084628
:10127000006800F01000009000BF00BF40212A4825
:10128000F0F79BF9012008900220099000200A90B5
:1012900003200B9002200C9008A92448F2F7E4FAEE
:1012A0000020049005900690079001900290039012
:1012B0001F481D4908600020486000211A488160CD
:1012C0004FF6FF71C1600021016180218161F5F756
:1012D00055FE08B1F0F7A8FF4FF40050049000202D
:1012E00005900690079004A90F48F5F73DFF08B157
:1012F000F0F79AFF00200190039001A90A48F5F742
:10130000DFFD08B1F0F790FF0748F5F711FF012264
:1013100011461E20F2F784FE1E20F2F771FE0DB07A
:1013200000BD0000E8440258801000200010025860
:1013300000080040034800680349098800EB0140A9
:101340007047000024080040380000200649097852
:1013500019B9411E054A916204E0411E034A916297
:10136000034A116070470000680900200000014036
:101370002804004070B504460D461148007800B1BD
:1013800070BD01200E490870102C00DDF8E73DB15A
:101390000120A0400B49098808430A49088006E05B
:1013A0000120A0400749098881430648018005487B
:1013B000008803F07DFE00200149087000BFDFE7D0
:1013C000180000201600002000B587B000BF1248AA
:1013D000006840F00200104908600846006800F00C
:1013E0000200019000BF00BFC020029001200390C6
:1013F00004900220059002A90848F2F735FA01226C
:1014000080210648F2F745FB012240210348F2F70C
:1014100040FB07B000BD0000E04402580004025841
:1014200010B502460B46002116E02B4800EB0110D8
:1014300000681468A0420ED1274800EB01104068F4
:101440009468A04207D1244800EB01108068146B17
:10145000A04200D102E0491C0229E6D300BF0229C4
:1014600022D1002100E0491C022905D21A4800EBD4
:10147000011000680028F6D1022901D1002010BD1A
:10148000154C04EB011410682060134C04EB01149C
:1014900090686060104C04EB0114106BA060002099
:1014A0000D4C04EB0114A08133B10B4800EB01108B
:1014B000808908B10020E2E713B14FF4807004E0A6
:1014C000054800EB01108089401C034C04EB01141B
:1014D000A081481CD3E70000C80601200020704707
:1014E0000020704770B505460C4604F11A0000F064
:1014F00049F806462878032805D104F1140000F0C5
:1015000041F846EA0046304670BD0146C8788A7800
:1015100042EA00204A7842EA00200A7842EA0020A3
:10152000704770B50246D3790024250245EA13645A
:10153000907940EA0323250245EA1364507940EA92
:101540000323250245EA1364107940EA03232502A8
:1015500045EA1364D07840EA0323200240EA13648A
:10156000917841EA0323210241EA1364507840EA6A
:101570000323250245EA1364117841EA0323184640
:10158000214670BD014648780A7842EA002070473B
:1015900000B587B0142102A8F0F70FF800BF10487B
:1015A000006840F004000E4908600846006800F03A
:1015B0000400019000BF00BF0420029001200390AE
:1015C00004900320059002A90648F2F74DF9012284
:1015D00004210448F2F75DFA002007B000BD0000C6
:1015E000E04402580008025870B504460D462868C9
:1015F0002060286AA06095F82400E071686A20F0F5
:10160000FF000021C4E90401A86AE0642046E16CFF
:10161000FBF787FA06461EB9204600F003F8064697
:10162000304670BD2DE9F047044620680669A16B7D
:10163000206800F0E5F8054615B12846BDE8F087BA
:10164000E06B0078852801D00220F7E720223046A1
:10165000E16B00F0A1F87078401C4FEA4018B8F137
:10166000600F02D3B8F5187F01D90220E6E7002108
:101670002046FBF737F805460DB12846DEE7A16B9B
:10168000206800F0BDF805460DB12846D6E7E06BAE
:101690000078C02801D00220D0E7202206F12000E7
:1016A000E16B00F079F896F823002C300F21B0FBA5
:1016B000F1F0B8EB401F01D20220BFE7402700BF86
:1016C00000212046FBF70EF805460DB12846B5E788
:1016D000A16B206800F094F805460DB12846ADE7EF
:1016E000E06B0078C12801D00220A7E7B7F5187F8A
:1016F00004D2F0192022E16B00F04EF807F120002F
:1017000007464045DCD3B7F5187F0AD8304609F0C4
:10171000CDF88146B01CFFF735FF814501D002208E
:101720008CE700208AE70000F2F7DAF903F08EF97F
:10173000F8F7FCF9F9F716FE03F088F9F6F70AFD59
:10174000FEF7AAFEF6F7B0FDF6F7F6FC012206A1B9
:101750000648FDF7A1FE0649086003E008F0A2F97B
:1017600003F074F9FAE70000303A0000080E002098
:1017700008000020F0B503461D460C46002000BFBF
:1017800015F8017B14F801CBA7EB0C00561E321E96
:1017900001D00028F4D0F0BD30B503460C463AB174
:1017A00000BF14F8015B03F8015B551E2A1EF8D137
:1017B00030BD10B5034600BF03F8011B541E221EA6
:1017C000FAD110BD014611B94FF0FF307047084AF9
:1017D00048681060074A8868106008688088064A70
:1017E00010800868C088054A10800020EEE70000DD
:1017F0004C08002050080020540800205608002003
:1018000070B504460D460026606BA84210D02046F5
:1018100008F088FA06465EB9607801232A4604F18A
:101820003801FBF7FDF910B14FF0FF350126656374
:10183000304670BD10B50C480C490860C7204860A0
:1018400000210A48816040F2E731C1600021016156
:1018500080218161F5F792FB08B1F0F7E5FC0348C0
:10186000F5F766FC10BD0000001C00408011002050
:1018700010B50C480C490860C720486000210A4890
:10188000816040F2E731C160002101618021816106
:10189000F5F774FB08B1F0F7C7FC0348F5F748FC0F
:1018A00010BD000000200040C011002010B50C4801
:1018B0000C490860C720486000210A48816040F256
:1018C000E731C1600021016180218161F5F756FB9C
:1018D00008B1F0F7A9FC0348F5F72AFC10BD000099
:1018E000004401400012002010B50C480C4908606B
:1018F000C720486000210A48816040F2E731C1609A
:101900000021016180218161F5F738FB08B1F0F712
:101910008BFC0348F5F70CFC10BD000000480140AB
:101920004012002000B595B000BF1A48006840F092
:101930000800184908600846006800F00800019097
:1019400000BF00BF0020129013901490402102A805
:10195000EFF733FE10480290C72003900021049156
:10196000491E05918021089102A8F5F707FB08B1EF
:10197000F0F75AFC00201290149012A902A8F5F773
:101980009FFA08B1F0F750FC02A8F5F7B5FB15B0C7
:1019900000BD0000E8440258000C00400EB50020D5
:1019A000009001900290104810490860C7204860DC
:1019B00000210E48816040F2E731C16080218161E1
:1019C000F5F7DCFA08B1F0F72FFC00200090029048
:1019D00069460648F5F774FA08B1F0F725FC0348A4
:1019E000F5F7A6FB0EBD00000014004040110020DA
:1019F00010B504463CB908490968D1F846000721EA
:101A000004F03CFF10BD04490968D1F846000A21E2
:101A100004F034FFF6E70000200D002010B509485F
:101A2000007850B90020F6F773FE00234FF40062EF
:101A300001211846F6F7AEFB02E00120F6F7CCFDD7
:101A4000002010BD680900200346022B02DB4FF086
:101A5000FF3070470848C05C012809D1074830F8BA
:101A600013000880064830F8130010800020F0E7CB
:101A70004FF0FF30EDE70000880A0020800A0020C8
:101A8000840A00204FF00061002210E00B4B086830
:101A90001B68984209D1094B88689B68984204D119
:101AA000074B4868186048687047091D521C47F684
:101AB000EC708242EADB4FF0FF30F5E79CDC030874
:101AC000440D00202DE9FC5F81460C469346A76A31
:101AD000B9F80C102089084480B20190B9F80E10B2
:101AE000608908441FFA80FA00200090019E59E0A6
:101AF00000200090554650E0A9B2B0B2BA689047B5
:101B000000F0FF08B8F13C0F01D1012000900098CF
:101B1000012813D1B8F1020F10D1E089A5EB0A0119
:101B200000EBD072B1EB620F08DD6B1E99B2B0B260
:101B3000BA6890473C2801D100200090009800B975
:101B40002AE0BBF1010F13D1B8F1020F05D1A9B200
:101B5000B0B24F227B68984707E0B8F1470F04D135
:101B6000A9B2B0B250227B6898474F21218312E07E
:101B7000B8F14F0F05D1A9B2B0B202227B689847E5
:101B800007E0B8F1500F04D1A9B2B0B247227B6888
:101B900098470221218300BF6D1CE0895044A84270
:101BA000AADC761CA18901980844B042A0DCBDE8FB
:101BB000FC9F2DE9F05F04460F46B4F80880B4F8A6
:101BC0000A90606AB0F810B027B1608A0B2805D17E
:101BD000BDE8F09F608A042800D1F9E7454626E079
:101BE0004E461FE0B2B2A9B2584607F033FE824615
:101BF000012F0BD1BAF1040F05D1B2B2A9B20B2358
:101C0000584607F06DFF0B2161820AE0BAF10B0F15
:101C100005D1B2B2A9B20423584607F061FF0421EE
:101C20006182761CE0894844B042DBDC6D1CA089EF
:101C30004044A842D4DC00BFCAE7000010B5094800
:101C4000006868B107480068401E064908600846F9
:101C5000006828B9122004F061F9002002490870D8
:101C600010BD0000B00B0020840B002070B50546AD
:101C70000C461646A86AA06265620020E06240F643
:101C8000FF71618120602046FFF717F970BD0000E9
:101C90002DE9F84F07460E4615469846DDF82C907C
:101CA0004FF0000A308A001F80B20090708A90FBCB
:101CB000F9F0001F1FFA80FB002469E00BF103001C
:101CC0006043C01C1FFA80FA022104EB840000EB81
:101CD000C40005EB8000018104EB840000EBC4002C
:101CE00005EB8000A0F80AA004EB840101EBC4011D
:101CF00005EB81010098888104EB840000EBC400AF
:101D000005EB8000A0F80EB004EB840000EBC400EB
:101D100005EB80008762204804EB840101EBC401DD
:101D200005EB8101C86204EB840000EBC40005EB05
:101D3000800046620A9850F8240004EB840101EB0D
:101D4000C40105EB8101086344B9472104EB840019
:101D500000EBC40005EB8000418207E0042104EBA6
:101D6000840000EBC40005EB8000418258F8240099
:101D700004EB840101EBC40105EB8101486004EB35
:101D8000840101EBC40105EB8100FFF796F8641CA8
:101D90004C4593DBBDE8F88FE9DA02082DE9F05FE6
:101DA0008046894615469A46C12678274FF02A0B69
:101DB00000247BE004EB840000EBC40005EB800012
:101DC0000681022104EB840000EBC40005EB8000D7
:101DD000418104EB840000EBC40005EB80008781A7
:101DE00004EB840000EBC40005EB8000A0F80EB00B
:101DF00004EB840000EBC40005EB8000C0F82880F1
:101E00002C4804EB840101EBC40105EB8101C8629D
:101E100004EB840000EBC40005EB8000C0F82490C4
:101E200044B9062104EB840000EBC40005EB8000FC
:101E3000418227E0012C08D1072104EB840000EB4C
:101E4000C40005EB800041821CE0022C08D1432134
:101E500004EB840000EBC40005EB8000418211E03C
:101E6000032C0FD1442104EB840000EBC40005EBEC
:101E700080004182042104EB840000EBC40005EBE8
:101E80008000018104EB840101EBC40105EB8100BA
:101E9000FFF713F8012C04D107F17800304486B223
:101EA00003E007F11400304486B2641C544581DB22
:101EB000BDE8F09FE9DA02082DE9F84F07460E4623
:101EC000154698464FF00309308A001F80B20090F3
:101ED000708A062190FBF1F0001F1FFA80FAD346AA
:101EE0000024B8E0022C01D0052C02D14FF0180BD1
:101EF00000E0D346022104EB840000EBC40005EBB4
:101F00008000018104EB840000EBC40005EB80003D
:101F1000A0F80A9004EB840101EBC40105EB8101F8
:101F20000098888104EB840000EBC40005EB80007E
:101F3000A0F80EB004EB840000EBC40005EB8000B9
:101F40008762484804EB840101EBC40105EB810181
:101F5000C86204EB840000EBC40005EB800046621D
:101F60000A9850F8240004EB840101EBC40105EB4E
:101F70008101086344B9472104EB840000EBC400ED
:101F800005EB800041824EE0012C08D14C2104EB8E
:101F9000840000EBC40005EB8000418243E0022C8A
:101FA00010D14C2104EB840000EBC40005EB800051
:101FB0004182012104EB840000EBC40005EB8000AA
:101FC000C18230E0032C08D14C2104EB840000EBEB
:101FD000C40005EB8000418225E0042C08D14D218E
:101FE00004EB840000EBC40005EB800041821AE0A2
:101FF000052C10D14D2104EB840000EBC40005EB4F
:1020000080004182022104EB840000EBC40005EB58
:102010008000C18207E04D2104EB840000EBC40086
:1020200005EB8000418258F8240004EB840101EBA9
:10203000C40105EB810148603CB104EB840101EB74
:10204000C40105EB8100FEF738FF0BF103004844A3
:102050001FFA80F9641C0B988442FFF643AFBDE879
:10206000F88F0000E9DA020870B505460C461646FE
:102070000021A181E181A8892082288A6082A5624D
:102080000448E06246F0E001A1822046FEF72EFF00
:1020900070BD000049B802082DE9F04107460E4620
:1020A000154600245DE0052C16DA8D2104FB01F0B5
:1020B000143081B204EB840000EBC40005EB800017
:1020C0000181708A1B3881B204EB840000EBC400EC
:1020D00005EB8000418115E0601F8D2148431430DD
:1020E00081B204EB840000EBC40005EB80000181A9
:1020F000708A363881B204EB840000EBC40005EB33
:1021000080004181892104EB840000EBC40005EBD1
:1021100080008181192104EB840000EBC40005EBF1
:102120008000C18104EB840000EBC40005EB80005B
:1021300087620E4804EB840101EBC40105EB8101C9
:10214000C86204EB840000EBC40005EB800046622B
:1021500004EB840101EBC40105EB8100FEF7ADFE49
:10216000641C0A2C9FDBBDE8F0810000818D030810
:10217000F8B505460C4616466A460021284602F088
:102180002DFE401C00B9F8BD462121824FF4F071AC
:102190006182A8894638A0810021E181A56246F0CC
:1021A000E001A1820020E0622046FEF79FFE00BF12
:1021B000E9E700002DE9F04706460D461746984628
:1021C000DDF820A0022F01D0BDE8F087718AA1F1CF
:1021D000180000EBD071C1F34F0900245EE004EB5E
:1021E000840000EBC40005EB8000008A40F48051BD
:1021F00004EB840000EBC40005EB8000018204EBDB
:1022000084000C2101FB04000A3081B204EB84003D
:1022100000EBC40005EB8000018104EB840000EBBF
:10222000C40005EB8000A0F80A9044B904EB8400D8
:1022300000EBC40005EB8000C0F8048007E004EB6D
:10224000840000EBC40005EB8000C0F804A004EBA0
:10225000840101EBC40105EB8101B06A886204EBE3
:10226000840000EBC40005EB800046620D4804EBDF
:10227000840101EBC40105EB8101C862002004EB7D
:10228000840101EBC40145F8210004EB840101EB5A
:10229000C40105EB8100FEF710FE641CBC429EDB0E
:1022A00000BF91E7750A03082DE9F04105460C4689
:1022B00016461F46698AA1F1100000EBD071C1F3E8
:1022C0004F08208A20F480512182208A20F4604126
:1022D0002182208A30432082A889401D2081A4F8D1
:1022E0000A806760A86AA06265620448E062002014
:1022F00020602046FEF7E1FDBDE8F081750A030885
:102300002DE9F04106460D46174698460FB9BDE83F
:10231000F0810024B0E004EB840000EBC40005EB86
:102320008000008A04EB840101EBC40105EB81010C
:10233000088204BB912104EB840000EBC40005EB90
:10234000800001810F2104EB840000EBC40005EB49
:102350008000418104EB840000EBC40005EB8000A9
:10236000008A20F4805104EB840000EBC40005EBEC
:102370008000018250E0012C21D140F2DB1104EBFE
:10238000840000EBC40005EB8000018104EB8400B5
:1023900000EBC40005EB8000008A40F4805104EBA0
:1023A000840000EBC40005EB800001820B2104EBEC
:1023B000840000EBC40005EB800041812CE0022C7E
:1023C00021D140F2EB1104EB840000EBC40005EBDB
:1023D0008000018104EB840000EBC40005EB800069
:1023E000008A40F4805104EB840000EBC40005EB4C
:1023F000800001820B2104EB840000EBC40005EB9C
:102400008000418108E040F2DD1104EB840000EB24
:10241000C40005EB8000018158F8240004EB84011E
:1024200001EBC40105EB8101486004EB840101EB81
:10243000C40105EB8101B06A886204EB840000EB03
:10244000C40005EB800046620E4804EB840101EBFA
:10245000C40105EB8101C862002004EB840101EB9B
:10246000C40145F8210004EB840101EBC40105EB34
:102470008100FEF722FD641CBC42FFF64CAF00BF9A
:1024800045E70000750A03087CB506460C4615466C
:1024900001AA6946B06A02F0A1FC401C00B97CBDEB
:1024A000012D04D1208A40F44041218219E0022DFF
:1024B00004D1208A20F44041218212E0032D08D16A
:1024C000208A20F440412182208A40F480412182E8
:1024D00007E0208A20F440412182208A40F4004114
:1024E0002182012D01D0022D0FD1B089BDF800103D
:1024F000084417302081BDF8040000EBD07149106A
:1025000029316181618921830AE0308AC11700EB9A
:102510005171CA10A91E51430D39218111216181C8
:10252000B06AA06266620448E06200202060204633
:10253000FEF7C3FC00BFB2E7DD46030870B50646F0
:102540000C461546208A20F470412182012D04D1C9
:10255000208A2082642161812FE0022D07D1208A08
:1025600040F4805121824FF4B871618125E0032D40
:1025700006D1208A40F4005121824B2161811CE068
:10258000042D07D1208A40F4405121824FF49671E6
:10259000618112E0052D07D1208A40F4804121821B
:1025A0004FF49671218108E0062D06D1208A40F46F
:1025B000A04121824FF4FA712181032D03DA208A90
:1025C00040F001012182B06AA06266620348E062C5
:1025D000002020602046FEF770FC70BD39480308DB
:1025E0002DE9F05F06460D4617469946DDF828B0FE
:1025F000022F01D0BDE8F09F718AA1F1180000EB15
:10260000D071C1F34F0A308A00EBD0714FEA6108F4
:1026100000246EE004EB840000EBC40005EB8000B6
:10262000008A40F4805104EB840000EBC40005EB09
:102630008000018204EB840000EBC40005EB800005
:10264000008A4FF40051A140084381B204EB84009A
:1026500000EBC40005EB8000018208FB04F025308C
:1026600081B204EB840000EBC40005EB8000018123
:1026700004EB840000EBC40005EB8000A0F80AA086
:1026800044B904EB840000EBC40005EB8000C0F803
:10269000049007E004EB840000EBC40005EB80002D
:1026A000C0F804B004EB840101EBC40105EB810127
:1026B000B06A886204EB840000EBC40005EB800084
:1026C00046620E4804EB840101EBC40105EB810175
:1026D000C862002004EB840101EBC40145F821002D
:1026E00004EB840101EBC40105EB8100FEF7E5FB7F
:1026F000641CBC428EDB00BF7CE70000750A030847
:1027000070B52DED068B04460D469FEDB60AB64812
:1027100080ED000A9FEDB30AB44880ED000A9FEDFA
:10272000B40BB0EE409B9FEDB20BB0EE40AB00207F
:1027300022E034F8101000EE101AB8EE400A9FEDB7
:10274000AE1AC0EE010AA84991ED000A30EE800AE7
:1027500081ED000A35F8101000EE101AB8EE400AAC
:10276000DFEDA50A80EE201AA04991ED000A31EEB6
:10277000000A81ED000A401CB0F52F7FD9DB002054
:102780003CE034F8101000EE101AB8EE400A9649FA
:10279000D1ED000A70EE600A34F8101000EE101A45
:1027A000B8EE400A904991ED001A30EE410A20EE51
:1027B000800AB7EEC00A30EE090BB0EE409B35F848
:1027C000101000EE101AB8EE400A8849D1ED000A48
:1027D00070EE600A35F8101000EE101AB8EE400ADC
:1027E000824991ED001A30EE410A20EE800AB7EEE0
:1027F000C00A30EE0A0BB0EE40AB401CB0F52F7FA4
:10280000BFDBB0EE490BF7F747FE7C4880ED000BCD
:10281000B0EE4A0BF7F740FE794880ED000B7249A5
:1028200091ED000ABCEEC00A10EE101A89B2754A8A
:102830001288881A002801DB014600E04142032982
:102840000FDA6E4991ED000B9FED6F1BB4EEC10BDB
:10285000F1EE10FA05D26E480078401C6C49087001
:1028600002E000206A490870604991ED000ABCEE60
:10287000C00A10EE101A89B2624A1288881A00281B
:1028800001DB014600E0414203290FDA5C4991ED8A
:10289000000B9FED5D1BB4EEC10BF1EE10FA05D2FB
:1028A0005B484078401C5A49487002E00020584973
:1028B0004870574800780A284DDB554840780A2868
:1028C00049DB544890ED000ABCEEC00A10EE100A35
:1028D00081B251480078401E504A22F810104D48ED
:1028E00090ED010ABCEEC00A10EE100A81B24A480F
:1028F0000078401E4A4A22F81010474800780E28F7
:1029000018D1112003F00AFB002043490870454903
:1029100008601C224149444800680E30EEF734FE3E
:102920001C223F49404800682A30EEF72DFEBDECDE
:10293000068B70BD3848007800F07AF83B48007884
:1029400040B901203949087033490978891CC8B257
:1029500003F0E4FAEBE72448D0ED000A29480088A8
:1029600000EE100AB8EE400A30EEC00AF0EE000A9F
:1029700020EE200AB0EE408A264890ED000A30EEA4
:10298000080A80ED000A90ED000ABCEEC00A10EEC5
:10299000100A81B2002004F063F91448D0ED000A57
:1029A0001848008800EE100AB8EE400A30EEC00A5F
:1029B000F0EE000A20EE200AB0EE408A154890EDB5
:1029C000010A30EE080A80ED010A90ED010ABCEE22
:1029D000C00A10EE100A81B2012004F041F900BFD4
:1029E000A5E7000000000000880B00208C0B0020F1
:1029F000000000000000000000002F44900B0020A9
:102A0000980B0020A00B002000000000000059409F
:102A1000AD0B0020A40B0020840B002088DB0020DD
:102A2000A4DB0020B00B0020800B0020AC0B0020AA
:102A30002DE9F0478146B9F10E0F6ED2DFE809F0BB
:102A400007111B252F39444F59636E78828D062557
:102A500009263227B84641F28834012062490870BD
:102A600087E0062509266427B84641F2883402200B
:102A70005D4908707DE0062509269627B84641F293
:102A8000883403205849087073E006250926C827B2
:102A9000B84641F2883404205349087069E006259D
:102AA0000926FA27B84641F2883405204E490870B5
:102AB0005FE0062509264FF49677B84641F2883440
:102AC00006204949087054E0062509264FF4AF77DF
:102AD000B84641F2883407204349087049E004258C
:102AE00009263227B84641F2883408203E4908704A
:102AF0003FE0042509266427B84641F288340920BE
:102B00003949087035E0042509269627B84641F270
:102B100088340A20344908702BE029E0042509266E
:102B2000C827B84641F288340B202F49087020E0AE
:102B300004250926FA27B84641F288340C202A4990
:102B4000087016E0042509264FF49677B84641F23E
:102B500088340D20244908700BE0042509264FF421
:102B6000AF77B84641F288340E201F49087000E064
:102B700000BF00BFE9B2002006F04AFCE9B2012024
:102B800006F046FC304604F071FD06EB4601174A9C
:102B900052F8310006F07CFA154800688780144826
:102BA0000068C780002003F027FD012003F024FD0A
:102BB0001048A0F8008000EE104AB8EE400A0E4817
:102BC00080ED000A00EE104AB8EE400A80ED010ADE
:102BD00000200A4908704870094908700A2009490C
:102BE0000860BDE8F0870000840B002018D90308B6
:102BF000800B0020A00B0020A40B0020AD0B0020B8
:102C0000AC0B0020B00B002010B50948008840B97B
:102C10000021084606F0BCFA0021012006F0B8FAAF
:102C200004E003480088401E0149088010BD0000F0
:102C30008A09002010B50348006800F061F802F02E
:102C40008FFF10BD340B00202DE9F05F054689464B
:102C50009346FDF7CFFC8246BAF8024047E0A1B2A6
:102C60004846AA689047C6B24FF000083BE008EB20
:102C70004800224901EB40073878B04205D1A1B2A3
:102C8000012248466B6898472BE07878B04205D11E
:102C9000A1B2012248466B68984722E0B878B0425A
:102CA00005D1A1B2012248466B68984719E0F8782F
:102CB000B04205D1A1B2002248466B68984710E0A7
:102CC0003879B04205D1A1B2002248466B689847D6
:102CD00007E07879B04204D1A1B2002248466B687F
:102CE000984708F10108B8F1050FC0DB641CBAF879
:102CF0000600A042B3DCBDE8F09F000010DB030833
:102D000070B5064606B970BDFDF774FC044625880B
:102D100005E0A9B200223046FFF796FF6D1CA0889F
:102D2000A842F6DC00BFEEE72DE9F0470446A7898C
:102D3000E1896068C0890844C01C1FFA80F8618A74
:102D40006068C089081AC01E1FFA80F900250FE0CC
:102D5000002609E005EB080291B2BA1990B2A26A06
:102D6000536802229847761C208AB042F2DC6D1C20
:102D70004D45EDDBBDE8F08770B502460D460023FA
:102D80000021244E3668741904F00303A1080ABB1D
:102D900033B1012B0AD0022B0ED0032B18D111E036
:102DA0001D4E366836F81160301212E01B4E366840
:102DB00036F8116030120CE0194E366836F81160A2
:102DC000301206E0174E366836F81160301200E017
:102DD00000BF1DE033B1012B09D0022B0CD0032B17
:102DE00014D10EE00C4E366816F811000FE00B4EB1
:102DF000366816F811000AE0094E366816F8110018
:102E000005E0084E366816F8110000E000BF00BF6C
:102E100070BD000078090020580900205C090020DE
:102E2000600900206409002070B504460D4629465B
:102E3000204601F06DF870BD2DE9F84F05460E46AD
:102E40009146FDF7D7FB074605F0CAFD00904FF00D
:102E5000000B00204C49088048804FF6FF704B491A
:102E600008804880484604F03BFF002485E059462E
:102E70000020FFF781FF824659460120FFF77CFFC3
:102E800080464FFA8AF000EE100AB8EEC00A4048B9
:102E900080ED000A4FFA88F000EE100AB8EEC00A82
:102EA0003C4880ED000A3A4890ED000A3A4800EBB1
:102EB000840080ED000A374890ED000A374800EBA7
:102EC000840080ED000AB88A00EBD071491000EE52
:102ED000101AB8EEC00A2E49D1ED000A9FED301A43
:102EE00001EE200ABCEEC00A10EE101A25F81410EC
:102EF000B88A00EBD071491000EE101AB8EEC00A83
:102F00002449D1ED000A9FED261A01EE200ABCEEFD
:102F1000C00A10EE101A26F81410009800698344B5
:102F200035F8140018490988884203DD35F8140083
:102F30001549088036F8140013494988884203DD92
:102F400036F814001049488035F814000F490988F4
:102F5000884203DA35F814000C49088036F814006A
:102F60000A494988884203DA36F81400074948803C
:102F700001200C4908704870641C788AA0423FF711
:102F800076AFBDE8F88F0000800A0020840A002098
:102F90008C0A0020900A00209019002010260020A2
:102FA0000000FABF880A0020F0B589B006460D4639
:102FB000634AD2E900109268CDE90702069161A048
:102FC000006805905E4A0C32D2E900109268CDE9A3
:102FD000030202915CA000680190708A20380321EE
:102FE00090FBF1F087B20024A5E0052104EB8400FA
:102FF00000EBC40005EB8000018107F1080060438D
:10300000083081B204EB840000EBC40005EB8000C3
:10301000418104EB840000EBC40005EB8000C78114
:10302000308B042838D102A850F8240004EB840126
:1030300001EBC40105EB8101486001A8015D04EBCF
:10304000840000EBC40005EB8000C18204F128007D
:1030500081B204EB840000EBC40005EB80004183E7
:103060000CB1012C0DD1308A00EBD0714910143114
:103070008AB204EB840101EBC40105EB81018A8172
:1030800031E0308A0A3881B204EB840000EBC400DE
:1030900005EB8000818126E006A850F8240004EBAF
:1030A000840101EBC40105EB8101486005A8015DC5
:1030B00004EB840000EBC40005EB8000C18204F146
:1030C0001E0081B204EB840000EBC40005EB80001D
:1030D0004183308A0A3881B204EB840000EBC400DB
:1030E00005EB80008181318A04EB840000EBC40091
:1030F00005EB80008183154804EB840101EBC401DA
:1031000005EB8101C86204EB840000EBC40005EB11
:1031100080004662FF2104EB840000EBC40005EB55
:103120008000418204EB840101EBC40105EB8100C6
:10313000FDF7C3FE641C032CFFF657AF09B0F0BDCA
:103140000CDC0308020202000202030025CE020882
:103150002DE9F84F0446032C01DBBDE8F88F00F0A1
:1031600033FF8146022C36D104EB840000EBC4000F
:103170007E4901EB800080894FF6FF7101EA40052E
:10318000A02604EB840101EBC401784A02EB810123
:10319000888900EBD0714A1004EB840101EBC40173
:1031A000724B03EB81010989891A8FB204EB840009
:1031B00000EBC400194601EB8000418904EB840058
:1031C00000EBC4001A4602EB8000C0890844801C52
:1031D0001FFA80F822E004EB840000EBC40063498E
:1031E00001EB80008589A02604EB840000EBC4007D
:1031F00001EB8000078904EB840000EBC40001EBC5
:103200008000418904EB840000EBC400574A02EBC4
:103210008000C0890844801C1FFA80F805FB06F076
:10322000484500D999E734215148EEF7C6F94FF4E3
:10323000C3615048EEF7C1F900214D488181C18139
:10324000058246824C484A49C86201214848C182E9
:10325000A01C4749088308464784A0F824804549B4
:10326000FFF7A2FE4248FDF78BFD34BB43490968D6
:10327000D1F84600062103F001FB824651463D4845
:1032800004F0A2FA3D490968D1F84600072103F08D
:10329000F5FA824651463748343004F095FA3749FA
:1032A0000968D1F84600082103F0E8FA8246514641
:1032B0003048683004F088FA4EE0012C26D12F49BE
:1032C0000968D1F84600092103F0D8FA8246514630
:1032D000284804F079FA29490968D1F846000A21FA
:1032E00003F0CCFA824651462248343004F06CFA9E
:1032F00022490968D1F846000B2103F0BFFA824643
:1033000051461C48683004F05FFA25E01B49096803
:10331000D1F846000D2103F0B1FA82465146154816
:1033200004F052FA15490968D1F846000E2103F05D
:10333000A5FA824651460F48343004F045FA0F4949
:103340000968D1F846000F2103F098FA82465146E9
:103350000848683004F038FAFF2033462A464146D0
:103360000090384600F012FE00BFF6E6183B002041
:103370002CE2002014DC002011430308200D002063
:103380002DE9FF4F85B00F4691469A46DDE912B50B
:10339000FDF730F904464FF00008022D02D14FF03E
:1033A000AF0808E0052D02D14FF48C7803E00A2D18
:1033B00001D140F23B1800261CE0608808F10101B1
:1033C00037F81110084480B28DE8010ACDF80CA03E
:1033D000608837F818C0604482B22088304428449E
:1033E00083B22088304481B2059800F0CFFF08F105
:1033F00001082E44E08961894843401EB042DCDC6C
:1034000009B0BDE8F08F00002DE9F84300F0DCFDC5
:1034100080464FF42874CB252149096809688988BA
:10342000081B00EBD07149101E398EB21C49096887
:103430000968C988481B00EBD071C1F34F0714FB22
:1034400005F0404501D9BDE8F88334211548EEF771
:10345000B4F84FF4C3611448EEF7AFF800211148F7
:103460008181C1810482458210480E49C8620121D0
:103470000C48C18206210183468487840A4900F0F2
:1034800017F80848FDF77CFC02F078FBFF202B467C
:10349000224639460090304600F078FD00BFD2E762
:1034A000BC0B00202CE2002014DC00201143030898
:1034B0002DE9F04106460D46308A16380A2190FB68
:1034C000F1F087B2002468E00A2094FBF0F100FBE1
:1034D0001140B91C4843801C81B204EB840000EB0E
:1034E000C40005EB800001810A2094FBF0F000EBA2
:1034F000400101EB8010801C81B204EB840000EBE2
:10350000C40005EB8000418104EB840000EBC400A3
:1035100005EB80008781412104EB840000EBC400AF
:1035200005EB8000C18104F13C0081B204EB840012
:1035300000EBC40005EB80004183318A04EB84007A
:1035400000EBC40005EB80008183164804EB840186
:1035500001EBC40105EB8101C86204EB840000EBC0
:10356000C40005EB80004662012104EB840000EBFF
:10357000C40005EB8000C182FF2104EB840000EB56
:10358000C40005EB8000418204EB840101EBC4011F
:1035900005EB8100FDF791FC641C1E2C94DBBDE85B
:1035A000F081000025CE02082DE9F05F06460F46A7
:1035B00090469B46DDF828900B9800EB4000704940
:1035C00001EB40050024D5E0BBF1000F68D138F8CD
:1035D000141037F81400B268904700F0FF0ABAF1EF
:1035E000000F0FD1B9F1000F02D095F804C001E02F
:1035F00095F803C0624638F8141037F81400736861
:1036000098474CE0BAF1010F0FD1B9F1000F02D089
:1036100095F801C001E095F800C0624638F8141032
:1036200037F814007368984739E0E87850450AD1B4
:10363000B9F1010F07D16A7938F8141037F814007E
:10364000736898472BE0287950450AD1B9F1000FEB
:1036500007D16A7938F8141037F81400736898475E
:103660001DE0287850450AD1B9F1010F07D1AA7899
:1036700038F8141037F81400736898470FE068782A
:1036800050450AD1B9F1000F07D1AA7838F81410C3
:1036900037F814007368984701E04FF0000A68E0BB
:1036A00038F8141037F81400B268904700F0FF0A99
:1036B000287850450AD1B9F1000F07D138F8141015
:1036C00037F8140001227368984751E06878504534
:1036D0000AD1B9F1010F07D138F8141037F81400E6
:1036E00001227368984743E0E87850450AD1B9F160
:1036F000000F07D138F8141037F81400002273684F
:10370000984735E0287950450AD1B9F1010F07D122
:1037100038F8141037F8140000227368984727E02F
:10372000687950450FD1B9F1000F02D095F803C068
:1037300001E095F804C0624638F8141037F8140018
:103740007368984714E0A87850450FD1B9F1000F7D
:1037500002D095F800C001E095F801C0624638F843
:10376000141037F814007368984701E04FF0000A0E
:1037700000BF641CB4F5C87FFFF626AFBDE8F09F1C
:1037800010DB03082DE9F04105460E4614461F469E
:10379000DDF818802781A4F80A800021A181E18149
:1037A000A5620648E06266620421618201212182ED
:1037B0002046FDF782FBBDE8F08100006946030862
:1037C00070B58EB006460D4628229C4904A8EDF738
:1037D000DBFE9BA207CA01AB07C3002428E1042C2F
:1037E00024D10A2104EB840000EBC40005EB800027
:1037F0000181082104EB840000EBC40005EB80008C
:10380000C181322104FB01F0283081B204EB840035
:1038100000EBC40005EB80004181022104EB840031
:1038200000EBC40005EB8000018367E0052C25DB7D
:10383000072C23DC318A2839032291FBF2F0611F27
:1038400000F10A0251430A318AB204EB840101EB10
:10385000C40105EB81010A814FF4877204EB8401F6
:1038600001EBC40105EB81014A812E2204EB8401A6
:1038700001EBC40105EB8101CA813FE0082C21DB8B
:10388000308A00EBD07149103A318AB204EB8401DE
:1038900001EBC40105EB81010A81242104EB8400C2
:1038A00000EBC40005EB8000C181A01F322148431A
:1038B000193081B204EB840000EBC40005EB8000FA
:1038C00041811BE0502104EB840000EBC40005EBB8
:1038D00080000181242104EB840000EBC40005EB8F
:1038E0008000C181322104FB01F0193081B204EB68
:1038F000840000EBC40005EB800041814CB94FF41B
:103900008D7104EB840000EBC40005EB8000818125
:103910004CE0012C08D1BC2104EB840000EBC40076
:1039200005EB8000818141E0022C01D0032C10D1F5
:10393000A889A038052190FBF1F0402101EB40005F
:1039400081B204EB840000EBC40005EB80008181B0
:103950002CE0032C10D1A889A038052190FBF1F0B0
:10396000402101EB400081B204EB840000EBC40075
:1039700005EB8000818119E0052C0DDB308A2838A9
:10398000032190FBF1F081B204EB840000EBC40052
:1039900005EB8000818109E0308A143881B204EBA4
:1039A000840000EBC40005EB8000818104A850F87E
:1039B000240004EB840101EBC40105EB81014860A4
:1039C00004EB840000EBC40005EB80004483318AE3
:1039D00004EB840000EBC40005EB800081831B48EE
:1039E00004EB840101EBC40105EB8101C86204EB27
:1039F000840000EBC40005EB8000466201A8015D75
:103A000004EB840000EBC40005EB8000C182FF21C1
:103A100004EB840000EBC40005EB8000418204EB62
:103A2000840101EBC40105EB8100FDF746FA641C3B
:103A30000A2CFFF6D4AE0EB070BD000024DC0308E3
:103A400005020202000000000202000025CE02086A
:103A50002DE9F84300F0B8FA80464FF4BE744FF4F5
:103A6000A5754A49096809688988081B00EBD07167
:103A7000C1F34F06454909680968C988481B00EB2E
:103A8000D071C1F34F0714FB05F0404501D9BDE8E3
:103A9000F88334213E48EDF790FD4FF4C3613D4873
:103AA000EDF78BFD00213A488181C1810482458276
:103AB00039483749C86200213548C1820121018354
:103AC000468487843349FFF77BFE3148FDF758F978
:103AD00032490968D1F84600002102F0CFFE814644
:103AE00049462C4803F070FE2C490968D1F846007D
:103AF000012102F0C3FE814649462648343003F0D6
:103B000063FE26490968D1F84600022102F0B6FE9C
:103B1000814649461F48683003F056FE1F49096830
:103B2000D1F84600032102F0A9FE81464946194812
:103B30009C3003F049FE19490968D1F84600042178
:103B400002F09CFE81464946154803F03DFE1349AC
:103B50000968D1F84600052102F090FE81464946E9
:103B60000F48343003F030FE0C48006890F85010D5
:103B70000848D03004F0C4FAFF202B4622463946CC
:103B80000090304600F002FA00BF80E7BC0B002036
:103B90002CE2002014DC002011430308200D00203B
:103BA000B4DD00201CB5FCF7F7FD48490860002291
:103BB000474946480068FEF757FA002245494348FE
:103BC0000068FEF7D5FA0122424934313F480068C7
:103BD000FEF7CEFA012240493C480068FEF7C8FAD9
:103BE00006203E493E4B3F4ACDE90010394937484F
:103BF0000068FEF74DF8072038493B4B3B4ACDE9BA
:103C000000103449343131480068FEF755F9042377
:103C1000374A2F492D480068FEF7C0F8354A2C492D
:103C20002A480068FEF738FA33A035A30222364945
:103C300000903648FEF7D4FC35A037A3022237495E
:103C4000009032486830FEF7B5FA35A34FF42042B1
:103C500034492E483430FEF727FB012232491C48F4
:103C6000FEF704F80222304934311948FDF7FEFF0F
:103C70002E4B03222E491648FEF742FB01222D4906
:103C80001348FEF701FC02222A4934311048FEF79E
:103C9000FBFB012228490E48FEF750FC0222264970
:103CA00034310B48FEF74AFC21484089801C80B221
:103CB00000901F480089103883B2204A0449034805
:103CC0000068FFF75FFD00201CBD0000280B0020EE
:103CD0009032002094330020FC330020CC0A0020D6
:103CE000940A002030340020B00A0020A4370020BD
:103CF000183B0020103900203230306D5600000093
:103D00003130306D56000000E83B0020F8320020D2
:103D10003530306D730000004D000000503C002035
:103D200020200000D04200203C440020040B002052
:103D300004430020A444002074450020E8480020EB
:103D400010B50F48007870B1002005F051F801203F
:103D500005F040F80021022005F036FA002103208A
:103D600005F032FA05E0002005F034F8012005F0F6
:103D70003FF80348007880F001000149087010BD49
:103D8000780B00200148007870470000780B002075
:103D900000B595B0002002900390049000BF154834
:103DA000006840F01000134908600846006800F001
:103DB0001000019000BF00BF0F4805900020069042
:103DC000002107911321089100210B9105A8F3F719
:103DD000D5F808B1EEF728FA2020029000200490D0
:103DE00002A905A8F3F76CF808B1EEF71DFA15B0B3
:103DF00000BD0000E84402580010004030B52DED31
:103E0000028B81B04FF060559FED190BB0EE408BE7
:103E1000002416E0B0EE480BF6F7E6FA9FED161B0D
:103E20009FED152B02EE001BBCEEC10B10EE100A2D
:103E300025F814009FED120B38EE000BB0EE408B0E
:103E4000641CB4F57A7FE5DB00204FF47A732A46D0
:103E5000014600900C48EFF70DF80C48006840F060
:103E600001000A49086001B0BDEC028B30BD0000C2
:103E700000000000000000000000000000409F4023
:103E8000B7EEE6A90EB9793FDCE200200010004051
:103E900000B587B0142102A8EDF78FFB00BF0C48D6
:103EA000006840F001000A4908600846006800F018
:103EB0000100019000BF00BF10200290032003907A
:103EC0000020049002A90348EFF7CEFC07B000BD24
:103ED000E04402580000025810B50848007806284F
:103EE00001D1002010BDFFF7D3FFF4F789F8FFF7E9
:103EF0004FFFFFF783FF0020F4E700005C0800207D
:103F000070B504460D462946204604F057F870BDAA
:103F100070B505460C4655B90CB9012000E00020EB
:103F200002464FF480510748EFF7B3FD08E00CB9A3
:103F3000012000E00020024620210348EFF7A9FD00
:103F400070BD0000000802580004025810B5064970
:103F50000968D1F846000E2102F090FC0446204684
:103F600005F054F810BD0000200D002010B501230D
:103F70001A4619460448EFF7D9FF012200210248EA
:103F8000EFF770FF10BD0000C81200202DE9F041CE
:103F900004460D4616461F46DDF8188001232A46C2
:103FA00021460848EFF78CFF01233A463146054881
:103FB000EFF7BCFF012241460248EFF753FFBDE88F
:103FC000F0810000C812002004480068C08803493E
:103FD000096889884843C0F50020704744080020DC
:103FE0002021254A9160890191602021234A116096
:103FF000890111602249097869B9102111604FF4D3
:1040000078411E4A0C321160111F096841F001010C
:10401000121F116028E01021184A11604FF4F84176
:10402000154A5161D162154A0C321160134A24328B
:1040300011601149096941F001010F4A11611146EE
:10404000896A41F0010191620C490831096841F027
:1040500001010A4A0832116008492031096841F01B
:104060000101064A203211600649096841F0010148
:10407000044A11607047000000000240080402403A
:1040800068090020000001402DE9F74F86B0064680
:104090000F46089808B9062000E007200590089808
:1040A00008B9704800E070480490089808B93220B8
:1040B00000E0332003904FF0000813242246E3175A
:1040C00004EB5373DB10A4EBC30333B12146E317B6
:1040D00004EB5373DB105B1C04E02046C31700EBBA
:1040E0005373DB109BB20293708940F6FF718842D4
:1040F00002D14FF6FF7801E0B6F80A804FF0000ACF
:104100004BE0002545E0EA1705EB5272D310029A06
:104110000AFB0233049AD25CEB1705EB5373DB10F6
:10412000A5EBC3039A4002F08002C2B907EB0A0371
:1041300099B2A8B2B36A9A689047C0B20190019848
:10414000022803D003990198884207D107EB0A029D
:1041500091B2A8B2B26A5368059A984718E007EB83
:104160000A0399B2A8B2B36A9A689047C0B20190A4
:104170000198022803D005990198884207D107EBDE
:104180000A0291B2A8B2B26A5368039A984700BF74
:104190006D1CA542B7DB0AF1010ABAF10C0FB0DBC6
:1041A00077814FF6FF70804502D109B0BDE8F08FEE
:1041B0004FF6FF79B84512DDA8EB07001FFA80F92A
:1041C000B9F10C0F04DD4FF000094FF00C0B1AE0B1
:1041D000C9F10C001FFA80F94FF00C0B13E0B84541
:1041E0000FDAA7EB08001FFA80F9B9F10C0F04DD14
:1041F0004FF000094FF00C0B05E0CB464FF00009E3
:1042000001E04FF6FF794FF6FF70814500D1CCE712
:104210004D4622E04FF0000A1CE008EB050399B27E
:104220001FFA8AF0B36A9A689047C0B20190059964
:104230000198884203D003990198884208D108EB7D
:10424000050291B21FFA8AF0B26A536802229847B7
:104250000AF1010AA245E0DB6D1C5D45DADB00BF17
:10426000A3E7000044D8030868D803082DE9FF5FDE
:10427000884691461E46DDF83CB034462246E31798
:1042800004EB5373DB10A4EBC30333B12146E317F4
:1042900004EB5373DB105B1C04E02046C31700EBF8
:1042A0005373DB101FFA83FA00272CE0002527E068
:1042B000EA1705EB5272D21007FB0A221BF8022004
:1042C000EB1705EB5373DB10A5EBC3039A4002F029
:1042D000800252B109EB070082B208EB050081B2FF
:1042E000109B009805F0FCFB09E009EB070082B287
:1042F00008EB050081B20323009805F0F1FB6D1C6B
:10430000A542D5DB7F1C0E988742CFDBBDE8FF9F1F
:10431000F0B589B00446E08A30BB228A638A02FB8A
:1043200003F1174A126890680322EDF73FF9F6F798
:10433000F7FF0646F7F71CF807463B46324611A141
:1043400001A8F6F709F801A8EDF754F9218AA1EBC5
:10435000C000C0F34F0501200090208A01AB02226B
:104360002946FCF78DFC09E0228A638A02FB03F1EF
:10437000034A126890680322EDF718F909B0F0BDFE
:10438000BC0B002025732025730000002DE9FF4F92
:1043900087B00546DDF85C800020069005900899FE
:1043A0000A98A0EB010A09991498401A0490089EF3
:1043B000099FBAF1000F02DD012003900AE0BAF173
:1043C000000F02D10020039004E04FF0FF30039073
:1043D000CAF1000A0498002802DD012002900AE0D8
:1043E000049810B90020029005E04FF0FF300290D1
:1043F0000498404204900498824501DDD14601E0D2
:10440000DDF81090169800EB4000724901EB400473
:1044100000200190D4E0159800285AD1B9B2B0B26A
:10442000AA68904700F0FF0BBBF1000F0DD1B8F167
:10443000000F02D094F804C001E094F803C0624673
:10444000B9B2B0B26B68984742E0BBF1010F0DD131
:10445000B8F1000F02D094F801C001E094F800C058
:104460006246B9B2B0B26B68984731E0E07858451F
:1044700008D1B8F1010F05D16279B9B2B0B26B6859
:10448000984725E02079584508D1B8F1000F05D1AB
:104490006279B9B2B0B26B68984719E02078584594
:1044A00008D1B8F1010F05D1A278B9B2B0B26B68EA
:1044B00098470DE06078584508D1B8F1000F05D154
:1044C000A278B9B2B0B26B68984701E04FF0000B28
:1044D0005AE0B9B2B0B2AA68904700F0FF0B20785A
:1044E000584508D1B8F1000F05D1B9B2B0B20122D8
:1044F0006B68984747E06078584508D1B8F1010FDC
:1045000005D1B9B2B0B201226B6898473BE0E078C0
:10451000584508D1B8F1000F05D1B9B2B0B20022A8
:104520006B6898472FE02079584508D1B8F1010F02
:1045300005D1B9B2B0B200226B68984723E0607928
:1045400058450DD1B8F1000F02D094F803C001E036
:1045500094F804C06246B9B2B0B26B68984712E0F2
:10456000A07858450DD1B8F1000F02D094F800C0E2
:1045700001E094F801C06246B9B2B0B26B689847E6
:1045800001E04FF0000B00BF069850440690DDE9B3
:104590000410084405900698484505DD0698A0EBF0
:1045A00009000690039806440598484505DD0598DE
:1045B000A0EB09000590029807440198401C019067
:1045C00009F10101019888427FF725AF0BB0BDE8E2
:1045D000F08F000010DB03082DE9FF4104460E4672
:1045E0002589678901F086FA68B901200522CDE99D
:1045F00000201C49029051F826303A462946A06A0C
:1046000000F0A6FD2CE01749F01C51F82080012095
:104610000522CDE9002002903B462A464146A06A89
:10462000F9F7AEFE01200522CDE9002005F11001C9
:104630008AB202903B4608F10201A06AF9F7A0FE97
:10464000012005221023CDE9012005F1200291B2BD
:104650000093039020233A46A06AFCF757F900BF65
:10466000BDE8FF81100B00202DE9F04387B0044620
:104670001822194901A8ECF787FFB4F80880B4F8AC
:104680000A90207C00F0010030B1A06A494682689F
:1046900040469047054600E01B25002616E000270F
:1046A00011E001A830F81600B84000F4004048B10D
:1046B00009EB060291B208EB070290B2A26A5368B6
:1046C0002A4698477F1C102FEBDB761C0C2EE6DB6E
:1046D00007B0BDE8F0830000F4D803082DE9F04FDF
:1046E00085B0044650A3D3E901211868DB68CDE901
:1046F0000313CDE901024FF0000B00200090208A47
:1047000000F4404060B1B0F5804F0DD0B0F5004FDF
:104710000ED0B0F5404F0FD10627002000900DE0DD
:1047200007270020009009E017270120009005E0EE
:1047300017270120009001E0062700BF00BF207C62
:10474000C0F3800010B9A08A022814D1616A097DE3
:1047500001F0E0010802FCF74BF980464FF0010B35
:10476000207CC0F3800008B10121A182208A20F0C2
:104770000401218201E00121A1824EE0B4F80890F9
:10478000B4F80AA0002536E0002631E0BBF1000FA6
:1047900023D1009880B901A8405DB04000F08000AE
:1047A00028B30AEB050291B209EB060290B2A26AA5
:1047B00053683A4698471AE001A8405D304100F03E
:1047C0000100A0B10AEB050291B209EB060290B21A
:1047D000A26A53683A46984709E00AEB050291B28B
:1047E00009EB060290B2A26A536842469847761CCB
:1047F000082ECBDB6D1C0D2DC6DBA08A401EA082CF
:10480000A08A48B1E18A2181218B6181B4F80890A6
:10481000B4F80A904FF0000B00BFA08A0028ADD179
:1048200005B0BDE8F08F000002060E1E3E7FFF7F40
:104830003E1E0E06020000002DE9F04F85B0044632
:1048400000200490FBF7D6FE8146604A07CA01AB00
:1048500007C3207CC0F3800010B9A08A02280CD1C5
:1048600001200490207CC0F3800008B10121A182C6
:10487000208A20F00401218201E00121A182208A06
:104880004FEA203801A800EB480797E0B8F1040F81
:1048900001DB012000E000208246B8F1040F02DBBA
:1048A000B9F8020001E0B9F800008346B8F1040F3E
:1048B00002DBB9F8060001E0B9F8040000905D469B
:1048C00069E0BAF1000F06D16189A8B2A36A9A68BB
:1048D0009047C6B205E0A9B22089A36A9A689047BA
:1048E000C6B2049860BBBAF1000F14D146B93A7849
:1048F0006189A8B2D4F828C0DCF80430984749E0B0
:10490000012E47D17A786189A8B2D4F828C0DCF8A2
:10491000043098473EE046B93A78A9B22089D4F8E5
:1049200028C0DCF80430984734E0012E32D17A7880
:10493000A9B22089D4F828C0DCF80430984729E0CF
:10494000BAF1000F13D13878B04206D16189A8B20C
:10495000A26A5368002298471CE07878B04219D1C7
:104960006189A8B2A26A53680122984712E0387898
:10497000B04206D1A9B22089A26A536800229847A2
:1049800008E07878B04205D1A9B22089A26A5368BC
:1049900001229847AD1C0098854292DBA08A401EF8
:1049A000A082A08A48B1BAF1000F02D1218B6181A7
:1049B00001E0E18A21810020049000BFA08A002844
:1049C0007FF464AF05B0BDE8F08F00000CD9030898
:1049D00010B504463CB908490968D1F846000621DB
:1049E00001F04CFF10BD04490968D1F846000921C7
:1049F00001F044FFF6E70000200D002088B94FF0D9
:104A0000B041096848F2010211434FF0B042116011
:104A10001146496848F2010291434FF0B04251609B
:104A200010E04FF0B041496848F2010211434FF0E5
:104A3000B04251601146096848F2010291434FF0BB
:104A4000B0421160704700207047000010B5024866
:104A5000EFF732F810BD0000681600202DE9F0478E
:104A600006460F4690464FF4AF7903F0B9FF8246F1
:104A7000002510E049463846FEF77EF944B2DAF8E0
:104A80001000814400EE104AB8EEC00A06EB850023
:104A900080ED000A6D1C4545ECD3BDE8F0870000B1
:104AA00000B504490968D1F84600172101F0E6FE77
:104AB00000BD0000200D00202DE9F0412DED028BFE
:104AC00006460D46B0EE408A1746FBF793FD0446B6
:104AD000A08A00EE100AB8EE400AC0EE080AF0EE16
:104AE000608A002022E0411C06EB8101D1ED000A22
:104AF00060EEA80A9FED111A60EE810AB0EE600A1E
:104B0000A18A00EE901AF8EE600A70EEC00AFCEE80
:104B1000E00A10EE901A25F8101035F81010A28A4D
:104B2000914202DDA18A25F81010401C618A814261
:104B3000D9DCBDEC028BBDE8F0810000CDCC4C3F50
:104B400038B50020009069460B4800F017F804467D
:104B50007CB90098B0F57A7F09D9EEF701FE2022E2
:104B600001210720EDF794FB034800F041F80020F5
:104B700038BD4FF0FF30FBE7C0DB00202DE9F047E8
:104B8000A0B081460F464FF6FF75DFF86080002425
:104B900025E008EBC41A802251466846ECF7F4FC85
:104BA0006E465221304601F0B5FD96F8521088420B
:104BB00001D1254612E04FF6FF70854204D14FF037
:104BC000FF3020B0BDE8F08708EBC51A53225146EC
:104BD0004846ECF7D9FC3D600020F2E7641CB4F5D0
:104BE000806FD6DB4FF0FF30EBE7000000000E08CF
:104BF000F0B5A1B00646124F00241BE007EBC4112C
:104C0000802201A8ECF7C0FC002505E001A8405D6A
:104C1000FF2800D002E06D1C802DF7DB00BF802D47
:104C200007D107EBC410314604F0D8FC002021B0B6
:104C3000F0BD641CB4F5806FE0DB4FF0FF30F6E7A9
:104C400000000E0800B504490968D1F846000321A8
:104C500001F014FE00BD0000200D002070B50546D7
:104C60000C4685BB04F0010030B14C48008840F090
:104C700040004A49088005E04848008820F040008C
:104C80004649088004F0020030B14448008840F0F2
:104C900080004249088005E04048008820F08000FC
:104CA0003E49088004F0040030B13C48008840F0E0
:104CB00001003A4908806CE03848008820F0010083
:104CC0003649088065E0FFE7012D30D104F001008E
:104CD00030B13248008840F400403049088005E097
:104CE0002E48008820F400402C49088004F002007F
:104CF00030B12A48008840F480702849088005E0D7
:104D00002648008820F480702449088004F00400BC
:104D100030B12248008840F002002049088038E085
:104D20001E48008820F002001C49088031E0022D56
:104D30002FD104F0010030B11848008840F48060A1
:104D40001649088005E01548008820F48060134962
:104D5000088004F0020030B11048008840F4005090
:104D60000E49088005E00D48008820F400500B49EA
:104D7000088004F0040030B10848008840F4804006
:104D80000649088005E00548008820F48040034972
:104D900008800248008800F08BF970BD16000020E2
:104DA00070B504460D4624B929460520FCF7E2FA01
:104DB00003E029460220FCF7DDFA70BD70B5044619
:104DC000FBF72EFD064606F10800055D05EB4500E4
:104DD000014901EBC00070BD8C090020F0B503460D
:104DE00098893C3886B2186949382827B0FBF7F013
:104DF00084B2A6F11600462790FBF7F085B204B105
:104E000015B94FF0FF30F0BD29B1C5EBC50040002A
:104E100000EB800008801AB1E00000EB80001080F9
:104E20000020F0E72DE9F84380460C4615461E4663
:104E3000089F19E020787F280BDD33462A4621465B
:104E400040460097F9F7EBFA05F1100085B2A41C73
:104E50000AE000972378324629464046FBF7D6FE03
:104E600005F1080085B2641C20780028E2D1BDE875
:104E7000F8832DE9F04F87B005464FF4597006903E
:104E800044F23060059040F6624004904FF41B50AD
:104E900003902E896F89B5F80C80B5F80E90686A7A
:104EA000008A029000242CE04FF0000A24E014B99C
:104EB000BAF1000F1ED01CB9A8F10300504519D05B
:104EC000A9F10300A04202D1BAF1000F12D0A9F15A
:104ED0000300A04203D1A8F1030050450AD03819BD
:104EE000401C82B20AEB0600401C81B204230298E7
:104EF00004F0F6FD0AF1010AA8F102005045D6DCE3
:104F0000641CA9F10200A042CEDC002470E04FF442
:104F10005970A04000F4004098B1A246E01704EB9D
:104F2000907007EBA00082B2A346E01704EB9070EC
:104F30008010A4EB8000304481B21923029804F061
:104F4000CFFD44F23060A04000F40040A8B1A2467A
:104F5000E01704EB907007EBA0004844001F82B2FA
:104F6000A346E01704EB90708010A4EB800030445F
:104F700081B21923029804F0B3FD40F66240A040CC
:104F800000F40040A8B1A246E01704EB907007EBD4
:104F9000A00082B2A346E01704EB90708010A4EB4F
:104FA000800030444044001F81B21923029804F06D
:104FB00097FD4FF41B50A04000F40040B8B1A2464A
:104FC000E01704EB907007EBA0004844001F82B28A
:104FD000A346E01704EB90708010A4EB80003044EF
:104FE0004044001F81B21923029804F079FD641C2B
:104FF000102C8CDB002413E0301D204481B21923D7
:105000003A46029804F06CFD07EB0900401E82B29C
:10501000301D204481B21923029804F061FD641C04
:10502000A8F10800A042E7DC002413E0381D20446A
:1050300082B219233146029804F052FD381D2044F3
:1050400082B206EB0800401E81B21923029804F0D8
:1050500047FD641CA9F10800A042E7DC686820B3A2
:105060006868ECF7C7FA0446A989A1EBC40000EB15
:10507000D071C1F34F0AE989A1F1100000EBD071A2
:10508000C1F34F0B288950441FFA80FA68895844AD
:105090001FFA80FB6868019000205B465246009032
:1050A000DDE90110FFF7BEFE00BF07B0BDE8F08FDD
:1050B00070B50446002202212448EEF7EAFC0022E3
:1050C00004212248EEF7E5FC002208211F48EEF7F4
:1050D000E0FC0A20F7F788F9002522E000220821E9
:1050E0001A48EEF7D6FC04F4004028B10122022150
:1050F0001648EEF7CEFC04E0002202211348EEF73A
:10510000C8FC0120F7F770F9012208210F48EEF7DB
:10511000C0FC0120F7F768F94FF6FF7000EA44047D
:105120006D1C102DDADB012204210848EEF7B1FCDA
:105130000120F7F759F9002204210448EEF7A9FCF1
:10514000002208210148EEF7A4FC70BD00100258AF
:105150002DE9FF5F07460D4616461C46DDE90F9A0E
:10516000DDF83880AB4614E020780A2804D1641CAE
:1051700006F1180086B25D4610208DE801072378FD
:10518000324629463846FBF7C1FB05F1080085B2D7
:10519000641C20780028E7D1BDE8FF9F0248008802
:1051A00000B9704700BFFCE71C0D00202DE9FF5F30
:1051B00005460E46FD4800884FF6FF7188423FD0F5
:1051C000FA480088192839D1F948B0F8D810D0F831
:1051D000F400408C084484B2F548B0F8D810D0F8F8
:1051E000F400408C0844A84210DC291B6420414391
:1051F000EF48B0F8DC0091FBF0F0EE49088008467B
:105200000088642805DD6420088002E00020E94968
:105210000880E8480188E648D03002F071FFE54890
:105220000078E549096881F85000E249098801EBF6
:10523000C101633188B205F015FB00BFBDE8FF9FD7
:10524000DE488189408C08441FFA80F8DB48C18918
:10525000808C08441FFA80F9D848008A40441FFA1D
:1052600080FAD648408A48441FFA80FB454505DB52
:10527000554503DC4E4501DB5E450DDDD048006839
:10528000401CCF49086008460068052803D34FF644
:10529000FE70C6490880D1E70020C9490860C749A7
:1052A00003910127039948683BE00289C349498C6F
:1052B00011441FFA81F84289C049898C11441FFAB0
:1052C00081F9818941441FFA81FAC18949441FFA51
:1052D00081FB018B02290FD0454520DB55451EDCA3
:1052E0004E451CDB5E451ADCB54951F82710491CB8
:1052F000B34A42F8271012E0454510DB55450EDC55
:10530000A9F10901B1420ADC0BF112018E4206DC5F
:10531000AB4951F82710491CA94A42F827100068E8
:105320007F1C0028C1D101200290F4E1A449029819
:1053300051F8200005287DD3A048008B00EB8001A8
:10534000029800EB810099490880084600881A28D5
:1053500010DB084600881C280CDC0988153901EB95
:10536000810202EBC101924A02EB81000121FCF7AC
:1053700020FCCCE18D480088192802D18D48058099
:10538000C5E18A4800887928F3DB884800887938A5
:1053900000EB800101EBC000854901EB8000408AF1
:1053A00004280CD081480088793800EB800101EB9B
:1053B000C0017F4800EB8100408AFF287ED1002099
:1053C000019000BF16E07C4909684A8901218140AB
:1053D0000A401AB10199491CC9B20191764909687C
:1053E0008A89012181400A401AB10199491CC9B238
:1053F0000191401C0A28E6DB01980A285ADA6B4919
:105400000988793901EB810202EBC101684A02EB9C
:1054100081000121FCF7CDFB002464480088793825
:105420000A2821DA64480068408960490978793996
:10543000012200E06CE18A4010435F49096848811D
:105440005A4800787938C1B2002003F09BFC04462A
:1054500056490988793901EB810202EBC101544AAE
:1054600002EB81010C8224E050480088793814282E
:105470001FDA5148006880894C4909788339012234
:105480008A40104381B24C480068818147480078C7
:105490008338C1B2012003F075FC044643490988F2
:1054A000793901EB810202EBC101414A02EB810132
:1054B0000C8200BF3D480088793800E094E0142851
:1054C00073DB3A480088793884B2384909887939D9
:1054D00001EB810202EBC101354A02EB810001219F
:1054E000FCF767FB142C0CDB162C0ADC201FC0B267
:1054F000009001213048009A0068463001F01AFA05
:1055000070E0172C36DB1A2C34DC2B490968D1F8F3
:105510004600132101F0B2F938B9132201212648BF
:105520000068463001F006FA14E023490968D1F812
:105530004600162101F0A2F900900099173101EB05
:10554000810202EBC1011A4A02EB81000021FCF743
:1055500030FB00BFA4F11700C1B216221648006844
:10556000463001F0E7F9A4F11200C1B2022002F0C6
:105570009FFD37E01B2C35DB1C2C33DC0E49096802
:10558000D1F84600172101F079F90090009858B140
:1055900000991A3101EB810202EBC102044901EBCF
:1055A00082000021FCF705FB0CE01CE0180D002038
:1055B00014DC00201A0D0020200D00202CE2002019
:1055C00060E20020A4F11A00C1B217225548006819
:1055D000463001F0AFF9A4F11B00C1B2032002F084
:1055E00067FD00BF00BF92E04F490988793901EBA0
:1055F000810202EBC1014D4A02EB81000021FCF760
:10560000D8FA4948008879380A281ADA45480068E3
:10561000408945490978793901228A4090434149B6
:105620000968488140480088793800EB800101EB27
:10563000C0003E4901EB8000048A204603F046FC8E
:1056400064E039480088793814281ADA3548006847
:10565000808935490978833901228A40904331494C
:105660000968888130480088793800EB800101EBB7
:10567000C0002E4901EB8000048A204603F026FC7E
:1056800044E0294800887938142812DB264800882D
:10569000793817280DDA244800887D3880B20190C7
:1056A0000198C2B200211F480068463001F042F95B
:1056B0002CE01D4800887938172810DB1A4800882C
:1056C00079381A280BDC132200211648006846306E
:1056D00001F030F9FF21022002F0EAFC16E0124846
:1056E000008879381B2811DB0F48008879381C287E
:1056F0000CDC172200210B480068463001F01AF933
:10570000FF21032002F0D4FCFDF794FA00BF06E06D
:105710000298401C02900298B842FFF607AE00BF04
:1057200000BF8BE5200D0020180D002014DC0020A8
:105730002DE9F04107460E4614463D2E6FD00EDC93
:10574000292E6FD006DC162E16D0172E22D0182E3A
:1057500067D12AE02A2E69D02B2EF9D181E0512E73
:105760003AD004DC3E2E6FD03F2EF1D1A0E0522E75
:105770004ED0532EECD127E000F0BCF9022808DA15
:1057800000F0C4F902F0A0FC01F0F8FE804601F040
:10579000FDFE97E024B90921012002F089FC03E015
:1057A000FF21012002F084FC8CE024B903210020B9
:1057B00002F07EFC03E00221002002F079FCFDF7FC
:1057C00039FA424804707DE0FDF734FA204603F0D0
:1057D00031FC3F48047075E0204603F021FC5CB9C1
:1057E0000121002003F0A8FC0021012003F0A4FC0B
:1057F000002003F0F5F90AE00021084603F09CFCC4
:105800000121084603F098FC012003F0E9F959E072
:10581000204603F0FBFB2046FFF7F0F852E029E0BA
:1058200000E04EE00CB1FDF705FA4BE02146002008
:1058300003F00AFC0020FFF7C1FA05462CB900204E
:10584000696803F0C1FC04E018E00020296803F057
:10585000BBFCFEF797FA18B90021022003F0B4FC54
:1058600030E021460020FDF7DFFA2146002003F05A
:10587000BDFB27E00CB1FDF7DDF923E02146012057
:1058800003F0E2FB0120FFF799FA054624B9012055
:10589000696803F099FC03E00120296803F094FC97
:1058A000FEF770FA18B90021032003F08DFC09E01F
:1058B00021460120FDF7B8FA2146012003F096FBAE
:1058C00000E000BF00BFBDE8F0810000240D002013
:1058D0007409002010B57C210648EBF76EFE0648DF
:1058E00000884FF6FF71884203D00348008800F01B
:1058F00005F810BD60E20020180D00202DE9F041F0
:1059000004460027292C29D00ADCA4F115000A2816
:105910007DD2DFE800F01D1E1F20BB8B9BAB212238
:105920003F2C20D008DC2A2C19D02B2C18D03D2C51
:1059300017D03E2C6BD115E0512C15D0522C14D021
:10594000532C13D0A4F57F40FE380028F2D19EE0FE
:1059500000BF00BF00BF00BF00BF00BF00BF00BF4F
:1059600000BF00BF00BF00BF00BF00BF152C0DDB94
:105970001E2C0BDCA4F11500C5B2C6B2082E01D155
:10598000042620E0092E1ED105261CE0292C07DB69
:105990002B2C05DCA4F12900C5B2801DC6B212E093
:1059A0003D2C07DB3F2C05DCA4F13D00C5B20930DE
:1059B000C6B208E0512C06DB532C04DCA4F15100E4
:1059C000C5B20D30C6B205EB850000EBC500364907
:1059D00001EB8000877C781CC7B205EB850000EBEB
:1059E000C50001EB8000C08AB84200DC00273246C7
:1059F00039462E480068463000F09CFF05EB8501D3
:105A000001EBC501284A02EB8100394600E042E083
:105A100001F0DAFEE1B205EB850202EBC502224B92
:105A200003EB82003A46FFF783FE35E0A4F115014F
:105A300001EB810202EBC1011B4A02EB8100002154
:105A4000FCF7B7F8022000F069FA25E0A4F115018F
:105A500001EB810202EBC101134A02EB810000213C
:105A6000FCF7A7F8012000F059FA15E0A4F11501A0
:105A700001EB810202EBC1010B4A02EB8100002124
:105A8000FCF797F8002000F049FA05E004E0002058
:105A900000F010F800E000BF00BF4FF6FF700449AF
:105AA0000880BDE8F081000014DC0020200D0020FB
:105AB000180D002010B504460CB9FEF757FA342132
:105AC0000648EBF77AFD4FF4C3610548EBF775FD27
:105AD0004FF6FF700349088010BD00002CE2002043
:105AE00014DC0020180D00200148008B70470000D6
:105AF0002CE2002000B504490968D1F846000121D4
:105B000000F0BCFE00BD0000200D002070B5002498
:105B100021E004EB840000EBC400104901EB80009D
:105B2000408AE02816D104EB840303EBC4030D463E
:105B300005EB83031A7E04EB840303EBC40305EB3C
:105B40008303997D04EB840303EBC40305EB83001B
:105B5000F8F79AFC641C0A2CDBDB70BD10390020BE
:105B60007047000000B504490968D1F846001621C5
:105B700000F084FE00BD0000200D002070B5002460
:105B800040E04F48006840890121A1400840B0B181
:105B900004EB840101EBC4014A4A02EB81000121BC
:105BA000FCF707F82146002001F0E4FD054604EB70
:105BB000840101EBC401434A02EB81010D8240489C
:105BC000006880890121A1400840D0B104F10A0198
:105BD00001EB810202EBC1013A4A02EB8100012193
:105BE000FBF7E7FF2146012001F0C4FD054604F163
:105BF0000A0000EB800101EBC000324901EB80009C
:105C00000582641C0A2CBCDB2D490968D1F84600CA
:105C1000102100F033FE18B101212B48FBF7C9FF1A
:105C200027490968D1F84600112100F027FE20B16C
:105C3000012125483430FBF7BCFF21490968D1F820
:105C40004600122100F01AFE20B101211E486830E2
:105C5000FBF7AFFF1A490968D1F84600132100F09D
:105C60000DFE012815D116490968D1F84600162104
:105C700000F004FE00F0030404F1170101EB8102BF
:105C800002EBC1010F4A02EB81000121FBF791FFFA
:105C900000BF0B490968D1F84600172100F0EEFD5E
:105CA00000F003065EB106F11A0101EB810202EB7E
:105CB000C101044A02EB81000121FBF77AFF70BDAC
:105CC000200D002014DC002024E000202DE9F74FF7
:105CD00082B00E4691460298EBF78CFC8246BAF1F0
:105CE000000F03D14FF4967478250EE00A2000EBE4
:105CF000CA0084B20EB9242504E0042E01D13D254A
:105D000000E05625822C00DA82249C217C48EBF7A7
:105D100054FC34217B48EBF750FCC4F5487000EB91
:105D2000D071C1F34F07C5F5F07000EBD071C1F32E
:105D30004F080120FFF7BEFEFF202B4622464146BA
:105D400000903846FEF722F904FB05F16E4A12680E
:105D500090680322EBF72AFCBAF1000F07D000206D
:105D60000A230522009020460299FFF75BF80021E4
:105D700064488181C181048245820121C182002160
:105D800001834784A0F82480012E50D1A4F10F0094
:105D900000EBD071C1F34F0B052159480181A5F1EA
:105DA000330081B256484181A0F80CB02E21C18148
:105DB000FF21418255A05249486008460089384475
:105DC00081B24F48C1834089404481B24C4801842C
:105DD0004C484B4948620846A0F810900089584446
:105DE000401D81B2464881874189C187A0F840B0F3
:105DF0002E21A0F84210FF21A0F8461045A1816392
:105E0000808F384481B23E48A0F85210C08F404481
:105E100081B23B48A0F854103A498165A0F84490FB
:105E2000FFF727F836483430FFF723F863E0022EF7
:105E300028D1A4F10A001FFA80FB05213048018116
:105E4000A5F1330081B22E484181A0F80CB02E217B
:105E5000C181FF2141822DA029494860084600895F
:105E6000384481B22648C1834089404481B22448E5
:105E700001842448224948620846A0F81090FEF7A1
:105E8000F8FF38E0032E28D1A4F10A001FFA80FBA6
:105E900005211B480181A5F1330081B218484181D9
:105EA000A0F80CB02E21C181FF21418219A0144914
:105EB000486008460089384481B21148C18340894E
:105EC000404481B20E4801840E480D49486208469C
:105ED000A0F81090FEF7CDFF0DE0042E0BD114209A
:105EE0000090A4F10A0083B2A5F1190082B2052145
:105EF000204600F087FE002005B0BDE8F08F0000CE
:105F000068E3002004E400202C0D0020C8A1CFFB92
:105F100000000000C8B7B6A8000000000146024813
:105F20000170002070470000360D00200348007803
:105F3000FE2801D1012070470020FCE7360D00202B
:105F400010B5FF2002490870FEF710F810BD0000E0
:105F5000360D002010B50446222C4BD018DC142C32
:105F600041D009DC0C2C6BD2DFE804F06A2C316ADA
:105F70006A2D386A6A6A2E3AA4F116000B285FD29D
:105F8000DFE800F0325E335E345E355E365E370049
:105F9000342C3BD00BDCA4F124000B2850D2DFE8DA
:105FA00000F02A4F2B4F2C4F2D4F2E4F2F00A4F1D6
:105FB0003600092844D2DFE800F02C4343432F3851
:105FC0003B3E400000BF00BFFFF7BAFF39E00320AF
:105FD000FFF7A4FF0020FCF72BFD32E000F06AFB86
:105FE00001F08AFA2DE000BF00BF00BF00BF00BF74
:105FF00000BF00BF00BF00BF00BF00BF00BF00BFA9
:10600000FFF79EFF0020104908701AE0FFF798FF85
:1060100017E0FFF795FF14E0FFF792FF002080F3F1
:10602000108800BF01F092FA0BE003F019F908E0C4
:10603000FFF786FF05E000F03DFBFFF781FF00E082
:1060400000BF00BF10BD0000840B002010B58148C8
:106050000078192871D2DFE800F00D161F28313AB8
:10606000434C555E67717A838C959EA7B2BBCAD3A9
:10607000DCE5EF000122114677A0FFF727FEFE20A6
:1060800074490870E2E00522012179A0FFF71EFEA5
:10609000FE2070490870D9E00A22012179A0FFF79B
:1060A00015FEFE206B490870D0E0142202217AA070
:1060B000FFF70CFEFE2067490870C7E01622022198
:1060C0007CA0FFF703FEFE2062490870BEE01822A4
:1060D00002217FA0FFF7FAFDFE205E490870B5E0BF
:1060E0001A22022181A0FFF7F1FDFE205949087014
:1060F000ACE01C22022184A0FFF7E8FDFE205549F8
:106100000870A3E01E22022186A0FFF7DFFDFE201B
:10611000504908709AE02022022189A0FFF7D6FD9D
:10612000FE204C49087091E0222202218BA0FFF74B
:10613000CDFDFE204749087088E086E02422022138
:106140008DA0FFF7C3FDFE20424908707EE02622A5
:10615000022190A0FFF7BAFDFE203E49087075E0CD
:106160002822022192A0FFF7B1FDFE2039490870D4
:106170006CE02A22022195A0FFF7A8FDFE203549F8
:10618000087063E02C22022197A0FFF79FFDFE20FC
:10619000304908705AE02E2202219AA0FFF796FD9E
:1061A000FE202C49087051E0342203219CA0FFF707
:1061B0008DFDFE202749087000F03AFB46E03622AC
:1061C00003219AA0FFF782FDFE20224908703DE0DE
:1061D000382204219848FFF779FDFE201D490870F8
:1061E000012080F3108800BF944908702EE03A2205
:1061F000012193A0FFF76AFDFE201649087025E0F3
:106200003C22012192A0FFF761FDFE201149087098
:106210001CE03E22032194A0FFF758FDFE200D490B
:10622000087013E03E22032196A0FFF74FFDFE20E9
:10623000084908700AE0FFE73E22032197A0FFF714
:1062400045FDFE200349087000E000BF00BF0020AC
:1062500010BD0000360D0020D0A3D7BCCAB1D0E8D5
:10626000D2AAB0CEB3F6C8ABB2BFCCBDCDB700009A
:10627000B4F2BFAAB4F3C8DDC1BFB4E6B4A2C9E8A2
:10628000B1B80000BBD6B8B4B3F6B3A7C4ACC8CF9E
:10629000B2CECAFD00000000D5FDD4DAD6B4D0D00D
:1062A000D0A3D7BCC7EBB5C8B4FD28312F313429F2
:1062B00000000000D5FDD4DAD6B4D0D0D0A3D7BC2E
:1062C000C7EBB5C8B4FD28322F31342900000000D7
:1062D000D5FDD4DAD6B4D0D0D0A3D7BCC7EBB5C8DF
:1062E000B4FD28332F31342900000000D5FDD4DA65
:1062F000D6B4D0D0D0A3D7BCC7EBB5C8B4FD283432
:106300002F31342900000000D5FDD4DAD6B4D0D026
:10631000D0A3D7BCC7EBB5C8B4FD28352F3134297D
:1063200000000000D5FDD4DAD6B4D0D0D0A3D7BCBD
:10633000C7EBB5C8B4FD28362F3134290000000062
:10634000D5FDD4DAD6B4D0D0D0A3D7BCC7EBB5C86E
:10635000B4FD28372F31342900000000D5FDD4DAF0
:10636000D6B4D0D0D0A3D7BCC7EBB5C8B4FD2838BD
:106370002F31342900000000D5FDD4DAD6B4D0D0B6
:10638000D0A3D7BCC7EBB5C8B4FD28392F31342909
:1063900000000000D5FDD4DAD6B4D0D0D0A3D7BC4D
:1063A000C7EBB5C8B4FD2831302F313429000000C7
:1063B000D5FDD4DAD6B4D0D0D0A3D7BCC7EBB5C8FE
:1063C000B4FD2831312F313429000000D5FDD4DA55
:1063D000D6B4D0D0D0A3D7BCC7EBB5C8B4FD283154
:1063E000322F313429000000D5FDD4DAD6B4D0D014
:1063F000D0A3D7BCC7EBB5C8B4FD2831332F313497
:1064000029000000D5FDD4DAD6B4D0D0D0A3D7BCB3
:10641000C7EBB5C8B4FD2831342F31342900000052
:10642000D0A3D7BCB3C9B9A600000000D0A3D7BC85
:10643000CAA7B0DC0000000028160020380D00209C
:10644000B1A3B4E6CAA7B0DC2CD6D8CAD43F0000AA
:10645000B1A3B4E6B3C9B9A62CCAC7B7F1B4F2BFA9
:10646000AA55C5CC3F0000005344BFA8B2BBB4E658
:10647000D4DABBF2CEC4BCFECFB5CDB3B4EDCEF30F
:1064800000000000B5B1C7B0D4DDCEB4D6A7B3D6F6
:10649000BEB4C7EBC6DAB4FD00000000CEB4CAB685
:1064A000B1F0B5BDB4A5C3FEC6C1000010B5194812
:1064B000002101608180002400BF18E004EB84000B
:1064C00000EBC400144901EB8000408A0B280DD179
:1064D00004EB840101EBC4010F4A02EB81000021AF
:1064E000FBF767FB00200D49087002E0641C032CD9
:1064F000E4DB00BF032C0BDA04EB840101EBC401E5
:10650000054A02EB8101098A214488B2FFF722FD86
:1065100010BD0000300D002068E30020370D002082
:106520002DE9F04705460E463048007808B1BDE831
:10653000F087002455E004EB840000EBC4002C49F4
:1065400001EB8000408A00B94AE004EB840000EBD4
:10655000C400274901EB8000C78B04EB840000EBEB
:10656000C40001EB8000B0F8208004EB840000EB55
:10657000C40001EB8000808938441FFA80F904EBE5
:10658000840000EBC40001EB8000C08940441FFA86
:1065900080FABD421FDD4D451DDA46451BDD5645DF
:1065A00019DA144830F81400401C124921F814007C
:1065B000084630F81400032811DB04EB840101EBDA
:1065C000C4010B4A02EB81000121FBF7F2FA012022
:1065D0000649087003E00020064921F8140000BFB6
:1065E000641C032CA7DB00BFA1E70000370D0020CF
:1065F00068E30020300D00202DE9F05F0746FAF730
:106600000FF90646301D00EB4700008804B2F9F789
:10661000F1FF8046B8F81450AC4205DD2CB2301DB5
:1066200000EB4700048006E0062C04DA0624301D47
:1066300000EB47000480B8F802002044801F1FFAD6
:1066400080F94946384602F0E1FB284605EBD07256
:10665000A4EB620200EE102AB8EEC00ADFED130AC6
:1066600060EE200A294605EBD172521000EE102A86
:10667000B8EEC00A80EE801ABDEEC10A10EE102AF4
:106680000FFA82FA02F016FB08B9B08800E0F08831
:106690000FFA80FB51463846FDF732FC0448B0F94A
:1066A000000001F023FBBDE8F09F00000000FA436A
:1066B00088090020124813490968086012481149E6
:1066C0000968486000BF00BF00BF00BF00BFBFF344
:1066D0004F8F00BF00BF00BF0C48006800F4E060AF
:1066E0000B490843001D0949086000BF00BF00BFF7
:1066F000BFF34F8F00BF00BF00BF00BF00BFFDE76B
:1067000078563412280D0020A8E6D4F10CED00E0F4
:106710000000FA0510B502460023002003E0145CD7
:106720001C44E3B2401C8842F9D3184610BD002037
:106730007047000010B588B0FEF702FA0446FAF779
:106740006FF83849086034B9532237493548006832
:10675000EAF71AFF62E0532132480068EAF72DFF9A
:10676000C820304909688880FA212E480068C18015
:1067700006202C490968087206212A4800684172DF
:106780009620284909680880FA2026490968488027
:1067900005202449096881F84F000722012121487A
:1067A0000068463000F0C6F80A2201211D48006842
:1067B000463000F0BFF805201A49096848810521D4
:1067C0001848006881811C22184901A8EAF7DCFEFC
:1067D0001C2201A9134800680E30EAF7D5FE1C22DE
:1067E00001A9104800682A30EAF7CEFE3C200D4986
:1067F000096881F8500052210A480068FFF78AFFB3
:106800000849096881F85200532206480168064881
:10681000EAF7BAFE0448FEF7EBF900BF002008B023
:1068200010BD0000B40B0020C0DB002030DB0308EB
:1068300070B5104C10480568532229462046EAF7E7
:10684000E0FEB0B1532229462046EAF79DFE5221D0
:106850002046FFF75FFF0849096881F852000648A3
:10686000006890F85200214681F852000846FEF771
:10687000BFF970BDC0DB0020B40B00200246002031
:10688000182954D2DFE801F00C0F1215181B1E2135
:1068900024272A2D303336393C3F4245484B4E5150
:1068A00002F0070044E0C2F3C10041E0C2F340102F
:1068B0003EE0C2F380103BE0C2F3C01038E0C2F308
:1068C000002035E0C2F3402032E0C2F380202FE008
:1068D000C2F3C0202CE0C2F3003029E0C2F3403004
:1068E00026E0C2F3803023E0C2F3C03020E0C2F3E0
:1068F00001401DE0C2F381401AE0C2F3015017E0ED
:10690000C2F3805014E0C2F3C05011E0C2F3006043
:106910000EE0C2F340600BE0C2F3806008E0C2F317
:10692000C06005E0C2F3017002E0900F00E000BF1C
:1069300000BF704730B513460A46182B6FD2DFE808
:1069400003F00C16212C37424D58636F7A85909BCB
:10695000A6B1BCC7D2DDE8F6F4F3046824F007045E
:10696000046001F0070504682C430460FFE004683C
:1069700024F01804046001F00305046844EAC50427
:106980000460F4E021B1046844F02004046003E0F2
:10699000046824F020040460E9E021B1046844F0B4
:1069A0004004046003E0046824F040040460DEE076
:1069B00021B1046844F08004046003E0046824F01A
:1069C00080040460D3E021B1046844F4807404605E
:1069D00003E0046824F480740460C8E021B1046812
:1069E00044F40074046003E0046824F40074046058
:1069F000BDE021B1046844F48064046003E00468ED
:106A000024F480640460B2E021B1046844F40064BA
:106A1000046003E0046824F400640460A7E0A5E0D7
:106A200021B1046844F48054046003E0046824F451
:106A3000805404609BE021B1046844F40054046075
:106A400003E0046824F40054046090E021B1046879
:106A500044F48044046003E0046824F48044046047
:106A600085E021B1046844F40044046003E0046854
:106A700024F4004404607AE0046824F440340460A0
:106A800002F00305046844EA054404606FE004680A
:106A900024F44024046002F00305046844EA8544B9
:106AA000046064E0046824F44014046002F0030508
:106AB000046844EA0554046059E0046824F480043E
:106AC000046002F00105046844EA855404604EE065
:106AD000046824F40004046002F00105046844EA38
:106AE000C554046043E0046824F08074046002F03C
:106AF0000105046844EA0564046038E0046824F091
:106B00000074046002F00105046844EA456404600E
:106B10002DE0046824F08064046002F0010504683C
:106B200044EA8564046022E017E00BE0FFE70468B4
:106B300024F00064046002F00105046844EAC564BE
:106B4000046014E0046824F04054046002F003057B
:106B5000046844EA0574046009E0046824F04044D1
:106B60000460046844EA8274046000E000BF00BF6F
:106B700030BD000070B5FAF7E3FA1C490968401A05
:106B80001B49884200D270BDFAF7DAFA174908604B
:106B900018480068962800D2F5E71748007800B139
:106BA000F1E7002013490860144C1548056853228A
:106BB00029462046EAF725FDB0B153222946204652
:106BC000EAF7E2FC52212046FFF7A4FD0C490968D0
:106BD00081F852000A48006890F85200214681F876
:106BE00052000846FEF704F800BFCCE7B80B0020BF
:106BF00080841E0084080020840B0020C0DB00205D
:106C0000B40B00202DE9F04781460C4615461E4680
:106C1000DDF820A0002710E04FF000080AE005EBA7
:106C2000080082B2E01981B21923484602F058FFE9
:106C300008F10108D045F2DB7F1CB742ECDB0748C6
:106C4000A0F8009044808580C680A0F808A04FF688
:106C5000FF7002494881BDE8F087000038E4002059
:106C600010B9034A116002E0014A0832116070470E
:106C7000340401402DE9F0412DED048B0646B0EEC1
:106C8000408A41F28838F9F7CBFD05463046FEF7D9
:106C900095F807463EB9388A10B905F10E0409E0A7
:106CA00005F11C0406E0388A10B905F12A0401E058
:106CB00005F138049FED990AB4EEC08AF1EE10FA9E
:106CC00013DB208800EE100AB8EE400ADFED930ACD
:106CD00078EE600A9FED921A01EE200ABCEEC00A1F
:106CE00010EE100A1FFA80F812E19FED8E0AB4EE42
:106CF000C08AF1EE10FA23DB208800EE100AF8EECD
:106D0000400A608800EE100AB8EE400A30EEC00A71
:106D1000DFED850AC0EE208A608800EE100AB8EE2A
:106D2000409A9FED800A78EE400AB0EE490A08EEDC
:106D3000A00ABCEEC00A10EE100A1FFA80F8E7E0C5
:106D40009FED790AB4EEC08AF1EE10FA23DB608879
:106D500000EE100AF8EE400AA08800EE100AB8EE25
:106D6000400A30EEC00ADFED700AC0EE208AA0882B
:106D700000EE100AB8EE409A9FED6B0A78EE400ADA
:106D8000B0EE490A08EEA00ABCEEC00A10EE100AE6
:106D90001FFA80F8BCE0B5EEC08AF1EE10FA23DBF2
:106DA000A08800EE100AF8EE400AE08800EE100A13
:106DB000B8EE400A30EEC00ADFED5B0AC0EE208A72
:106DC000E08800EE100AB8EE409A9FED580A78EE7F
:106DD000400AB0EE490A08EEA00ABCEEC00A10EE66
:106DE000100A1FFA80F893E09FED510AB4EEC08AB2
:106DF000F1EE10FA23DBE08800EE100AF8EE400A0C
:106E0000208900EE100AB8EE400A30EEC00ADFED2D
:106E1000460AC0EE208A208900EE100AB8EE409A99
:106E20009FED410A78EE000AB0EE490A08EEA00A8A
:106E3000BCEEC00A10EE100A1FFA80F868E09FED61
:106E40003D0AB4EEC08AF1EE10FA23DB208900EE91
:106E5000100AF8EE400A608900EE100AB8EE400A07
:106E600030EEC00ADFED300AC0EE208A608900EE05
:106E7000100AB8EE409A9FED2B0A78EE000AB0EEA9
:106E8000490A08EEA00ABCEEC00A10EE100A1FFA6A
:106E900080F83DE09FED280AB4EEC08AF1EE10FACA
:106EA00023DB608900EE100AF8EE400AA08900EEAC
:106EB000100AB8EE400A30EEC00ADFED1B0AC0EE41
:106EC000208AA08900EE100AB8EE409A9FED130ABE
:106ED00078EE000AB0EE490A08EEA00ABCEEC00A3D
:106EE00010EE100A1FFA80F812E0A08900EE100AD6
:106EF000B8EE400ADFED090A78EE200A9FED081A85
:106F000001EE200ABCEEC00A10EE100A1FFA80F84B
:106F10004046BDEC048BBDE8F08100000080BB431F
:106F20006666664000007A430000FA4200000000F6
:106F30000000FAC200007AC30080BBC32DE9F04113
:106F40000446252518E0002613E0E448008868433D
:106F500000EB80002F3082B2E14B1B8806FB03F070
:106F6000153081B2A06A0023076804F11800B84701
:106F7000761C472EE9DB6D1C092DE4DB002518E0AB
:106F8000252613E0D54B1B8806FB03F02F3082B279
:106F9000D3480088684300EB8000153081B2A06AB6
:106FA0000023076804F11800B847761C292EE9DB96
:106FB0006D1C0F2DE4DB00253DE0C848008800EB88
:106FC00080002F2303EBC000401C82B205F11500A6
:106FD00081B2A06A0023066804F11800B047C048D7
:106FE000008895FBF0F100FB115018BBBB480088EE
:106FF00000EB80002F2303EBC000801E82B205F15E
:10700000150081B2A06A0023066804F11800B04799
:10701000B248008800EB80002F2303EBC000401F24
:1070200082B205F1150081B2A06A0023066804F15E
:107030001800B0476D1CAA480088C0EBC00000EBE8
:107040008000B5EB400FB8DB4FF4AF7560E005F1A1
:107050002F0082B2A06A00231421066804F11800F0
:10706000B04705F12F0082B29D480088C0EBC000F8
:1070700000EB8000152303EB400081B2A06A0023DF
:10708000066804F11800B0479448008895FBF0F1B9
:1070900000FB1150D8BB05F12F0082B2A06A00237B
:1070A0001621066804F11800B04705F12F0082B2DE
:1070B000A06A00231921066804F11800B04705F101
:1070C0002F0082B286480088C0EBC00000EB800031
:1070D000152303EB4000801E81B2A06A00230668DE
:1070E00004F11800B04705F12F0082B27C480088F7
:1070F000C0EBC00000EB8000152303EB4000401FF5
:1071000081B2A06A0023066804F11800B0476D1C24
:107110007248008800EB8000012101EBC000A8420A
:1071200095DC4FF4AF7588E005F12F0082B26C4812
:107130000088C0EBC00000EB8000153081B2A06A6F
:107140000023066804F11800B0476448008895FBE6
:10715000F0F100FB1150002843D105F12F0082B25D
:107160005F480088C0EBC00000EB8000133081B2A4
:10717000A06A0023066804F11800B04705F12F004B
:1071800082B257480088C0EBC00000EB800010308E
:1071900081B2A06A0023066804F11800B04705F127
:1071A0002F0082B24E480088C0EBC00000EB800088
:1071B000163081B2A06A0023066804F11800B047B7
:1071C00005F12F0082B246480088C0EBC00000EBFA
:1071D0008000193081B2A06A0023066804F118000B
:1071E000B0473E48008800EB800095FBF0F100FBC3
:1071F000115008BB05F12F0082B239480088C0EB5E
:10720000C00000EB80000D3081B2A06A0023066848
:1072100004F11800B04705F12F0082B23048008811
:10722000C0EBC00000EB80001C3081B2A06A0023DC
:10723000066804F11800B0476D1C2848008800EB70
:107240008000012101EBC000A8423FF76DAFA06AAA
:1072500000232E221421056804F11800A8471F48B6
:10726000008800EB80002E2101EBC000801C82B260
:10727000A06A00231421056804F11800A8471848E3
:107280000088C0EBC00000EB8000142202EB40003D
:10729000401C81B2A06A00232E22056804F1180068
:1072A000A8470E48008800EB80002E2303EBC000A7
:1072B000801C82B20A480088C0EBC00000EB80004E
:1072C000142303EB4000401C81B2A06A0023056830
:1072D00004F11800A847BDE8F08100007E090020F5
:1072E0007C0900202DE9FE4F04462189606A8089CF
:1072F000084486B26189606AC089084487B206F191
:107300000F001FFA80F807F111001FFA80F9FEF74D
:10731000F1FB08B9206B00E060680546608A4728E9
:1073200001D1824601E04FF0020A4FF0020B14E057
:107330000F2002900CE0029A3A4491B206EB0B0245
:1073400090B2A26A5368524698470298401C029035
:1073500002983C28EFDB0BF1010BA089001F584578
:10736000E6DCFEF7C7FBB8BB2846EAF743F98346DD
:1073700035A12846EAF72CF980B9A089A0EBCB000B
:1073800006EB50001FFA80F8E189A1F1180000EB2C
:10739000D07107EB61011FFA81F911E0A189A1F118
:1073A000380000EBD07106EB61011FFA81F8E1892A
:1073B000A1F1280000EBD07107EB61011FFA81F900
:1073C00000200522CDE9002002902B464A46414686
:1073D000A06AFDF7BDFE34E0FFE700200522CDE9FD
:1073E000002002904B4642462946A06AF6F7C8FFA5
:1073F00000200522CDE9002008F115018AB2029093
:107400004B46A91CA06AF6F7BBFF00200522CDE978
:10741000002009F119018BB202904246291DA06A91
:10742000F6F7AEFF00200522CDE9002009F1190191
:107430008BB208F115018AB20290A91DA06AF6F775
:107440009FFFBDE8FE8F00000A00000010B5F9F7AD
:10745000E7F9114908600968D1F846000821FFF7EB
:107460000DFA044621460020FBF7DEFC21460020F1
:1074700001F0BCFD08490968D1F846000B21FFF76F
:10748000FDF9044621460120FBF7CEFC21460120F0
:1074900001F0ACFD10BD0000200D00202DE9FF5FC4
:1074A00004460F46B4F80880B4F80A90B4F80CA06B
:1074B000B4F80EB0F9F79EF803900FB9022000E07F
:1074C00001200290002513E000260EE008EB0600E4
:1074D00080B2019009EB050080B20090A06A436879
:1074E000DDE9010200999847761C5645EEDB6D1CDC
:1074F0005D45E9DBBDE8FF9FECF732F92022012171
:107500000720EAF7C5FE00BF00BF00BF00BF00BFF5
:10751000BFF34F8F00BF00BF00BF0A48006800F4F0
:10752000E06009490843001D0649086000BF00BF2C
:1075300000BFBFF34F8F00BF00BF00BF00BF00BF41
:10754000FDE700000CED00E00000FA0510B50A4868
:10755000007801280ED100F011F801280AD100208E
:1075600000F07EFD00F00AF8044600F00FF800205D
:107570000149087010BD000088080020024800780A
:1075800000F0030070470000500B002010B50446C7
:1075900021460248FDF720F810BD000004430020FA
:1075A0002DE9F0410646F9F73BF9074697F84F40B9
:1075B0000EB9601E00E0601C04B201F029FA054615
:1075C000AC420CDB681E04B21A480078012821D1B5
:1075D00000201849087018A001F098FD1AE0002C4E
:1075E0000BDA002413480078012813D10020114938
:1075F000087017A001F08AFD0CE05CB1681EA04283
:1076000008D00C48007828B901200A4908700020E9
:1076100001F062FD04EB4401134A52F8310001F01D
:1076200037FD204600F022F8804687F84F40BDE83D
:10763000F08100007C0A0020C9A8C3E8CAB1BCE4FC
:10764000D2D1BEADB5BDB4EFD7EEB4F3D6B5000020
:10765000C9A8C3E8CAB1BCE4D2D1BEADB5BDB4EFD0
:10766000D7EED0A1D6B5000018D9030870B50446EE
:10767000152C01D3002070BDF8F7BCFF054600268D
:1076800004EB4400374901EBC0008068B0B904EB5B
:10769000440001EBC00090ED010ADFED330A60EE1B
:1076A000200AE88900EE100AB8EE400A80EE801A3F
:1076B000BCEEC10A10EE100A460849E004EB440093
:1076C000284901EBC0008068012816D104EB440072
:1076D00001EBC00090ED010ADFED240A60EE200A04
:1076E000E88900EE100AB8EE400A80EE801ABCEE7F
:1076F000C10A10EE100A46082AE004EB44001949BA
:1077000001EBC0008068032801D1012620E004EBD2
:107710004400144901EBC0008068022816D104EB34
:10772000440001EBC00090ED010ADFED110A60EEAC
:10773000200AE88900EE100AB8EE400A80EE801AAE
:10774000BCEEC10A10EE100A460801E0002092E7E4
:107750003046F9F7FBFD04EB4400024901EBC000A1
:1077600089E7000018D90308000048430050434847
:1077700020BC3E4D10B502460B4600211EE001EB39
:10778000810000EBC1000F4C04EB8000408AE02830
:1077900013D101EB810000EBC10004EB8000C08A33
:1077A00090420AD101EB810000EBC10004EB8000A4
:1077B000008B984201D1C8B210BD491C0A29DEDBFA
:1077C000FF20F9E7103900202DE9F34F89B08046FA
:1077D0004FF45970089044F23060079040F66240D0
:1077E00006904FF41B5005900A980290B8F81210BA
:1077F0000A98814206D1B8F81200FF2802D00BB0D7
:10780000BDE8F08FB8F816100A98814200DCF6E760
:1078100000BFB8F81200FF2802D1002004900FE04A
:10782000B8F812100298814205D00120049098F80F
:1078300012000A9004E00020049098F812000A90C8
:10784000B8F80C10B8F8160091FBF0F1B8F8082061
:107850000A9801FB002085B2B8F80A00801C86B2A5
:10786000B8F80C10B8F8160091FBF0F01FFA80F988
:10787000B8F80E00001F1FFA80FAB8F81C00039039
:10788000002447E04FF0000B3FE014B9BBF1000FBC
:1078900039D01CB9A9F10300584534D0AAF103002E
:1078A000A04202D1BBF1000F2DD0AAF10300A042EB
:1078B00003D1A9F10300584525D03019401C82B2EC
:1078C0000BEB0500401C81B2039801F0C3FF074693
:1078D000042F0BD13019401C82B20BEB0500401C69
:1078E00081B20623039802F0FBF80CE0062F0AD1C0
:1078F0003019401C82B20BEB0500401C81B20423FE
:10790000039802F0EDF80BF1010BA9F102005845C4
:10791000BBDC641CAAF10200A042B3DC002440E1FD
:107920004FF45970A04000F4004050B3A346E01754
:1079300004EB907006EBA00082B2E01704EB9070AD
:107940008010A4EB8000284481B20194039801F0D8
:1079500081FF0746042F15D1049890B9E01704EB76
:10796000907006EBA00082B2E01704EB90708010DC
:10797000A4EB8000284481B206230194039802F00E
:10798000AFF817E0062F15D1049898B1A346E01779
:1079900004EB907006EBA00082B2E01704EB90704D
:1079A0008010A4EB8000284481B204230194039842
:1079B00002F096F844F23060A04000F4004070B34A
:1079C000A346E01704EB907006EBA0005044001FA4
:1079D00082B2E01704EB90708010A4EB8000284482
:1079E00081B20194039801F035FF0746042F17D1A7
:1079F0000498A0B9E01704EB907006EBA000504487
:107A0000001F82B2E01704EB90708010A4EB80009E
:107A1000284481B206230194039802F061F819E02A
:107A2000062F17D10498A8B1A346E01704EB907075
:107A300006EBA0005044001F82B2E01704EB9070E8
:107A40008010A4EB8000284481B2042301940398A1
:107A500002F046F840F66240A04000F4004070B3E7
:107A6000A346E01704EB907006EBA00082B2E0178B
:107A700004EB90708010A4EB800028444844001F61
:107A800081B20194039801F0E5FE0746042F17D157
:107A90000498A0B9E01704EB907006EBA00082B246
:107AA000E01704EB90708010A4EB80002844484459
:107AB000001F81B206230194039802F011F819E027
:107AC000062F17D10498A8B1A346E01704EB9070D5
:107AD00006EBA00082B2E01704EB90708010A4EBDC
:107AE000800028444844001F81B204230194039875
:107AF00001F0F6FF4FF41B50A04000F4004090B39B
:107B0000A346E01704EB907006EBA0005044001F62
:107B100082B2E01704EB90708010A4EB8000284440
:107B20004844001F81B20194039801F093FE074678
:107B3000042F19D10498B0B9E01704EB907006EB4C
:107B4000A0005044001F82B2E01704EB9070801038
:107B5000A4EB800028444844001F81B2062301940E
:107B6000039801F0BDFF1BE0062F19D10498B8B1AE
:107B7000A346E01704EB907006EBA0005044001FF2
:107B800082B2E01704EB90708010A4EB80002844D0
:107B90004844001F81B204230194039801F0A0FF20
:107BA000641C102CFFF6BCAE002443E0281D2044CA
:107BB00081B23246039801F04DFE0746042F08D1EA
:107BC000281D204481B206233246039801F088FF25
:107BD00009E0062F07D1281D204481B20423324634
:107BE000039801F07DFF06EB0A00401E82B2281DBB
:107BF000204481B2039801F02DFE0746042F0BD1DB
:107C000006EB0A00401E82B2281D204481B20623E2
:107C1000039801F065FF0CE0062F0AD106EB0A007D
:107C2000401E82B2281D204481B20423039801F033
:107C300057FF641CA9F10800A042B7DC002443E010
:107C4000301D204482B22946039801F003FE074606
:107C5000042F08D1301D204482B206232946039800
:107C600001F03EFF09E0062F07D1301D204482B20B
:107C700004232946039801F033FF301D204482B2CB
:107C800005EB0900401E81B2039801F0E3FD0746B1
:107C9000042F0BD1301D204482B205EB0900401E99
:107CA00081B20623039801F01BFF0CE0062F0AD1D6
:107CB000301D204482B205EB0900401E81B204232E
:107CC000039801F00DFF641CAAF10800A042B7DC84
:107CD0000298A8F81200049800B990E599E5000010
:107CE00001490860704700007809002070B52DED4B
:107CF000028B84B00446A94B0FCB8DE80F00B4F57E
:107D0000BB7F17DDBDF8000000EE100AF8EE400A58
:107D100000EE104AB8EEC00A9FEDA11A30EE410AFB
:107D20009FEDA01A41EE000ABCEEE00A10EE100A28
:107D300085B221E1FA2C29DBBDF8000000EE100A23
:107D4000F8EE400ABDF8020000EE100AB8EE400A54
:107D500030EEC00ADFED940A80EE208ABDF8020002
:107D600000EE100AF8EE408A00EE104AB8EEC00AA3
:107D7000DFED8E0A70EE600AB0EE680A08EE200AA7
:107D8000BCEEC00A10EE100A85B2F5E07D2C29DBAE
:107D9000BDF8020000EE100AF8EE400ABDF804003B
:107DA00000EE100AB8EE400A30EEC00ADFED7E0A9F
:107DB00080EE208ABDF8040000EE100AF8EE408A3A
:107DC00000EE104AB8EEC00ADFED770A70EE600AE6
:107DD000B0EE680A08EE200ABCEEC00A10EE100AE7
:107DE00085B2C9E0002C29DBBDF8040000EE100AC2
:107DF000F8EE400ABDF8060000EE100AB8EE400AA0
:107E000030EEC00ADFED680A80EE208ABDF8060079
:107E100000EE100AF8EE408A00EE104AB8EEC00AF2
:107E2000DFED630A70EE600AB0EE680A08EE200A21
:107E3000BCEEC00A10EE100A85B29DE014F17D0F71
:107E400029DBBDF8060000EE100AF8EE400ABDF886
:107E5000080000EE100AB8EE400A30EEC00ADFED6E
:107E6000520A80EE208ABDF8080000EE100AF8EEF3
:107E7000408A00EE104AB8EEC00ADFED4B0A70EE01
:107E8000200AB0EE680A08EE200ABCEEC00A10EE26
:107E9000100A85B270E014F1FA0F29DBBDF8080072
:107EA00000EE100AF8EE400ABDF80A0000EE100AD3
:107EB000B8EE400A30EEC00ADFED3B0A80EE208AC1
:107EC000BDF80A0000EE100AF8EE408A00EE104AF3
:107ED000B8EEC00ADFED350A70EE200AB0EE680A8F
:107EE00008EE200ABCEEC00A10EE100A85B243E08C
:107EF00014F5BC7F29DDBDF80A0000EE100AF8EE8B
:107F0000400ABDF80C0000EE100AB8EE400A30EE50
:107F1000C00ADFED250A80EE208ABDF80C0000EED5
:107F2000100AF8EE408A00EE104AB8EEC00ADFED03
:107F30001C0A70EE200AB0EE680A08EE200ABCEEB9
:107F4000C00A10EE100A85B216E0BDF80C0000EE73
:107F5000100AF8EE400A00EE104AB8EEC00A9FED93
:107F6000101A30EE010A9FED0F1A41EE000ABCEE26
:107F7000E00A10EE100A85B22E460E480088B04284
:107F800005D03346002210210B48EAF723FF0948A9
:107F9000068004B0BDEC028B70BD000048AA030847
:107FA0000080BB439A99993F0000FA4200007A434F
:107FB000000000002C0000206C1000202DE9F04192
:107FC0002DED028B05460E46F8F72AFC0746704257
:107FD00000EE100AB8EEC00AB0EE408A45B9B0EE25
:107FE000480A0020FEF746FE04460848046008E000
:107FF000B0EE480A0120FEF73DFE04460348083073
:108000000460BDEC028BBDE8F08100003404014047
:1080100070B506461048C088104991FBF0F0B6FBD9
:10802000F0F40D484089A04215D00B494C81002541
:108030000DE0094B9B882B449AB2074B5B88234485
:1080400099B2054B1888062301F04AFD6D1C0248C1
:108050000089A842EDDC70BD38E4002000DC05009A
:1080600000F00301014A117070470000500B00201E
:1080700010B5044694B101200C490860C0034FF0CC
:10808000B041C1F8880000F015FE18B10620EBF7EA
:10809000B7FF09E02820EBF7B3FF05E02820EBF756
:1080A0008DFF0620EBF78AFF10BD00008800005806
:1080B00070B504460D462A4621460248F6F7A6FC4E
:1080C00070BD0000B43B002010B5FBF75BFE18B993
:1080D0000948FFF707F90DE0002409E004EB8401EB
:1080E00001EBC401054A02EB8100FFF7FBF8641CB9
:1080F000062CF3DB10BD0000A43700203034002034
:108100002DE9F04F85B004468B46A089243800EE57
:10811000100AB8EEC00A9FED421AC0EE010A00EE46
:1081200010BAB8EE401AB1EE040A00EE810ABCEEB5
:10813000C00A10EE100A85B2608AA84202D105B0CA
:10814000BDE8F08F052D01DA052506E0A0891F386E
:10815000A84202DCA0891F3885B2A08B0490268932
:10816000B4F80A906089093880B20390608AFF28C9
:108170000DD00A202B491A22CDE900210290608AF5
:10818000304481B21346DDE90320FCF76FF8082084
:1081900024491A22CDE900210290701981B21346B8
:1081A000DDE90320FCF762F86582002732E04FF03A
:1081B00000082BE009EB080082B2F01981B20498A4
:1081C00001F048FB8246AF420FDABAF10A0F02D043
:1081D000BAF1040F18D109EB080082B2F01981B28C
:1081E0000923049801F07CFC0EE0BAF10A0F02D0DA
:1081F000BAF1090F08D109EB080082B2F01981B277
:108200000423049801F06CFC08F10108E089404562
:10821000D0DC7F1CA089B842C9DC00BF8FE700001A
:108220000000C842A1DB030800B504490968D1F881
:1082300046000221FEF722FB00BD0000200D0020B9
:1082400070B501F099FDF8F7A7FA5E490860F8F7F4
:10825000E7FA5D490860F8F7CDF95C49086000204D
:10826000FEF7CAF90120FEF7C7F900F0B9FB05686F
:10827000284600F00DFF5449096891F84F00FFF7B8
:10828000F5F9534908600020F9F7B2FB0546294685
:10829000002000F0D9FE0120F9F7AAFB0546294687
:1082A000012000F0D1FE48480068047A0020F9F768
:1082B0009FFB40B9204601F0A1F8456829460020FF
:1082C00000F082FF07E0204601F098F80568294693
:1082D000002000F079FF2146002001F099F83A488B
:1082E0000068447A0020F9F783FB40B9204601F08A
:1082F00085F845682946012000F066FF07E0204622
:1083000001F07CF805682946012000F05DFF214658
:10831000012001F07DF8FFF799F800F0CBFC05464D
:1083200000F07EFEFBF712FE00F0DCFCFFF726F902
:108330000546FFF72BF9002000F052FC012000F069
:108340004FFC00F0B7FC58B90121002000F0F4FE0A
:108350000021012000F0F0FE002000F041FC0AE0C6
:108360000021084600F0E8FE0121084600F0E4FE86
:10837000012000F035FC1449096891F8501001EB18
:10838000C101633188B202F06DFA00F0E3FB0546EB
:10839000FCF734FB00F09AFC0E49087008460078A0
:1083A00000F048FE4FF400610B48E8F73BF9FCF79A
:1083B00077FB0A490870FCF745FC09490870002062
:1083C00070BD0000340B00204C0B0020480B002037
:1083D000440B0020740900201CDB0020590B0020F6
:1083E0005A0B0020FEB5FFF7C9F8012803D1F74862
:1083F000007800B9FEBDF0F7C7F818B9F348007867
:1084000000B9F7E7F0F7C6F8F048007888B1F0480F
:10841000007870B90120EE4908704FF4C862ED4948
:10842000ED48E9F7B1F84FF4C862EC49EC48E9F7D8
:10843000ABF800F03FFC064600F08CFB0546E34835
:10844000007880BBE7480068E7490968E74A127886
:10845000CDE900210290E64A127802F0010202EB17
:10846000C20303EB0212DD4B03EB8211E04A1278E8
:1084700002F0010202EBC20303EB0212D54B03EB45
:10848000821033462A4600F071FBDA4A4FF4C87175
:10849000D948E8F7C3F9D74A121D4FF4C871D74835
:1084A000E8F7BCF9B7E0FFE7C8480078012857D1E2
:1084B000002051E0C84931F81010D14A1288114407
:1084C000CB4A127802F0010202EBC20303EB021264
:1084D000C04B03EB821222F81010C549097801F055
:1084E000010101EBC10202EB01111A4602EB8111FD
:1084F00031F8101009B2B1F5C77F0EDD40F28F11CF
:10850000BB4A127802F0010202EBC20303EB021233
:10851000B04B03EB821222F81010B549097801F034
:10852000010101EBC10202EB0111AA4A02EB811128
:1085300031F8101009B200290DDA0021AC4A127886
:1085400002F0010202EBC20303EB0212A14B03EBA8
:10855000821222F81010401CB0F5487FAADB5AE0C6
:108560009A480078022856D1002051E09C4931F801
:108570001010A34A528811449D4A127802F0010259
:1085800002EBC20303EB0212944B03EB821222F8BC
:1085900010109749097801F0010101EBC10202EBCB
:1085A00001111A4602EB811131F8101009B2B1F530
:1085B000C77F0EDD40F28F118D4A127802F0010262
:1085C00002EBC20303EB0212844B03EB821222F88C
:1085D00010108749097801F0010101EBC10202EB9B
:1085E00001117E4A02EB811131F8101009B2002905
:1085F0000DDA00217E4A127802F0010202EBC2037A
:1086000003EB0212754B03EB821222F81010401C90
:10861000B0F5487FAADB7B480078B8B1744A12787D
:1086200002F0010202EBC20303EB02126B4B03EBFD
:1086300082116F4A127802F0010202EBC20303EBCF
:108640000212644B03EB8210FAF75AF8FCF728FA8F
:108650006D49087000F0C4F96C4908606A480078F8
:10866000A0B369480078012801D0012000E0002073
:1086700004464FF4006221466548FCF7EFF965486F
:108680000378654A62496548E7F7ABFF4FF400623B
:1086900063496148E7F77CFE02AB01AA40F2FF3173
:1086A0005F48001DE8F752F85148007800F00100DB
:1086B00000EBC00202EB00105A4A02EB8011029A52
:1086C0009DED010A5648FCF7F7F900BF56480078BF
:1086D000FF2806D05448007854490870FF205249BA
:1086E00008704A480068808A4149097801F0010110
:1086F0004F4A22F811004D480078002864D1FCF759
:1087000067F9E8B93A48007800F00100484931F8C3
:1087100010000021CDE900103548007800F0010379
:108720003348007800F0010000EBC00202EB0010BB
:10873000284A02EB801100223E480068FAF720FE2A
:108740000120FCF745F9E8B92948007800F001005C
:10875000374931F810000121CDE900102448007894
:1087600000F001032248007800F0010000EBC00295
:1087700002EB0010194A02EB801100222D4800681C
:10878000FAF7FEFD20480078F8B11948007800F0AB
:108790000100274931F810000221CDE900101448EA
:1087A000007800F001031248007800F0010000EBAF
:1087B000C00202EB00101B4A02EB801100221D4890
:1087C0000068FAF7DDFD59E036E057E05E0800206A
:1087D0006C0B00201C4900209C6E00209C55002042
:1087E000DC740020540B0020400B0020300B0020D4
:1087F000380B0020700B002090190020102600205C
:1088000062080020840B0020590B0020440B00203C
:108810001C7B0020580B00201C9B00201CDB002030
:108820001CBB00201C620020240D00205A0B0020DD
:108830003C0B0020340B002004215D48007800F040
:108840000100CDE900015A48007800F0010000EB7A
:10885000C00303EB0010574B03EB80125448007821
:1088600000F0010000EBC00303EB0010524B03EBE0
:108870008011002351480068FAF796FE4C480068C2
:1088800000283AD01420F3F7C5FD4948007800F0DD
:10889000010098B34A48007888BB0020FCF798F89C
:1088A00058B94848008800210B460122CDE9001044
:1088B000414942480068FAF763FD0120FCF788F857
:1088C00058B940480088012100230A46CDE900102C
:1088D00038493A480068FAF753FD3B4800780028C9
:1088E00059D038480088022100230122CDE9001028
:1088F000364932480068FAF743FD4CE00CE0FFE7E8
:108900000420002101232B4ACDE900102A492B48DD
:108910000068FAF749FE3EE02948007878BB00205D
:10892000FCF756F858B927484088002101231A4619
:10893000CDE90010264921480068FAF721FD012001
:10894000FCF746F858B91F48408801210B460A46F3
:10895000CDE900101F4919480068FAF711FD1A48BF
:108960000078C0B117484088022101231A46CDE99A
:108970000010194911480068FAF702FD0BE0FFE703
:10898000042001210B46134ACDE9001010490B4881
:108990000068FAF709FE06480068401C04490860B0
:1089A0000E48007810B90020FBF71AFB00BF21E544
:1089B000380B00209C5500201C490020340B00205F
:1089C0005A0B00203C0B0020590B00201C62002099
:1089D0005C4F0020DC5B00205C6800205E0800200B
:1089E0002DE9F041F7F71CFF074697F84F4000F0DC
:1089F0000FF80546AC4201DB681E84B204EB44006C
:108A0000024901EBC0063046BDE8F08118D90308E1
:108A10001520704710B5F8F785FFEFF7DDFCEFF78D
:108A200057FCF8F793FBF8F705FC002010BD2DE983
:108A3000F05F04460F46D4F82880B4F80890B4F8E4
:108A40000AA027B1608A192805D1BDE8F09F608A85
:108A5000042800D1F9E74D4627E0564620E0B1B2A0
:108A6000A8B2D8F80820904700F0FF0B012F0BD1D7
:108A7000BBF1040F05D1B1B2A8B21922D8F8043065
:108A80009847192161820AE0BBF1190F05D1B1B2F3
:108A9000A8B20422D8F80430984704216182761CD9
:108AA000E0895044B042DADC6D1CA0894844A842F9
:108AB000D3DC00BFC9E7000038B5F8F741FB174920
:108AC0000968401A00901649009888421CD215483F
:108AD0000068401C13490860134802881349144871
:108AE00001F0F0FA04460CB9E72405E0012C01D1AD
:108AF000E82401E04FF6FF740C4B1A880C4B1988E0
:108B0000E0B201F071FB07E000200449086005486D
:108B10004068401C0349486038BD000078080020C8
:108B2000F0490200E013002068080020B81300207C
:108B30009013002010B5F7F75DFD04490860F7F7C2
:108B40006FFE03490860002010BD00006C08002083
:108B50007008002000B504490968D1F846000E21CC
:108B6000FDF78CFE00BD0000200D00202DE9F05F18
:108B700007468846DDE90BABDDF82890FFF730FFAC
:108B800004461648008885004FF4F836AF21206966
:108B90004843A6EB4000A84205D220694843A6EB13
:108BA0004000E1684518AF22D4E90310504301EBBF
:108BB0004000A84204D9D4E90310504301EB8005DA
:108BC000AF2120694843A5EB4000E168421A4146C5
:108BD0003846FAF731F90020BDE8F09F1C0000206C
:108BE0002DE9F0470646F7F71BFE074607EB460060
:108BF000008804B2F7F7FEFC8146B9F81450AC4285
:108C000004DD2CB207EB46010C8005E0012C03DAF1
:108C1000012407EB46000480B9F802002044801FBD
:108C20001FFA80F84146304600F004F90121304631
:108C300000F0AEFA26B90021012000F0A9FA03E005
:108C40000021084600F0A4FA03201749088008F123
:108C5000060081B2304600F007F9284605EBD072D5
:108C6000C4EB620200EE102AB8EEC00ADFED0F0A74
:108C700060EE200A294605EBD172521000EE102A50
:108C8000B8EEC00A80EE801ABDEEC10A10EE102ABE
:108C90000FFA82FA0648A0F800A0B0F90000FFF72A
:108CA00025F8BDE8F08700008A0900200000FA439B
:108CB0008809002000B504490968D1F846000D2153
:108CC000FDF7DCFD00BD0000200D002000B50449CB
:108CD0000968D1F846000F21FDF7D0FD00BD000066
:108CE000200D002070B5F7F79BFD0546002409E034
:108CF00068890121A140084018B1E1B2002000F0CC
:108D000041F8641C0A2CF3DB002409E0A889012146
:108D1000A140084018B1E1B2012000F033F8641C12
:108D20000A2CF3DB70BD000070B504460D46062C1E
:108D30000AD204EB840000EBC400044A02EB800179
:108D40002A460348F8F7BEFE70BD0000303400200C
:108D50009433002070B504460D46072C0AD204EB6C
:108D6000840000EBC400044A02EB80012A46034859
:108D7000F8F7A8FE70BD0000A4370020C83300201B
:108D80007047000070B505460E4600240BE004EB6A
:108D9000840000EBC4000E4901EB8000408AE0280B
:108DA00000D002E0641C0A2CF1DB00BF0A2C01D1C8
:108DB000FF2070BD04EB840101EBC401044A02EB07
:108DC000810032462946F5F75FFBA0B2F1E70000CB
:108DD0001039002010B504461CB10448F7F7D0FF45
:108DE00002E00248F9F7A0FF10BD0000C8330020E0
:108DF00010B504461CB10448F7F7C2FF02E0024870
:108E0000F9F792FF10BD00009433002070B50446BE
:108E10000D46022C0ADA04EB840101EBC401044A7A
:108E200002EB810022462946FBF72EF970BD0000B7
:108E30003C44002070B504460D46022C10DA04EBC9
:108E4000840202EBC402074B03EB8202118904EB9C
:108E5000840202EBC40203EB82002A46F7F734FFD8
:108E600070BD0000A444002070B504460D46022CDD
:108E70000ADA04EB840101EBC401044A02EB81002D
:108E80002A460021F7F720FF70BD0000744500203E
:108E900010B5044601210C48018321894183618971
:108EA0008183A1892089084481B20748C183E1896F
:108EB0006089084481B204480184FEF73FF800212C
:108EC0000148018310BD00009032002010B5044617
:108ED0000A2C00DB10BD052C0ADA04EB840101EB3F
:108EE000C401124A02EB81000021FEF7D7FA12E01A
:108EF00004EB840101EBC4010C4A02EB8100012167
:108F0000FEF7CCFA04EB840101EBC401074A02EB43
:108F10008100FFF7BDFF002104EB840000EBC400DB
:108F2000024A02EB8000418200BFD3E710390020E3
:108F300010B5002415E004EB840000EBC4000A49DE
:108F400001EB8000008B4F280AD104EB840000EB7A
:108F5000C4000A4602EB800100220448F8F7B2FD83
:108F6000641C062CE7D310BD30340020943300205D
:108F700010B5002415E004EB840000EBC4000A499E
:108F800001EB8000008B4F280AD104EB840000EB3A
:108F9000C4000A4602EB800100220448F8F792FD63
:108FA000641C072CE7D310BDA4370020C833002071
:108FB00010B5002414E004EB840000EBC4000A495F
:108FC00001EB8000408A192809D104EB840101EBF0
:108FD000C401054A02EB81000021FFF728FD641C53
:108FE000042CE8D310BD0000183B002070B50446E7
:108FF0000D4604EB840101EBC401034A02EB81003E
:109000002946F3F74BFE70BD183B002010B504460F
:1090100021460248F5F7BAFD10BD0000803B002054
:1090200010B5044621460248F5F740FE10BD000089
:10903000803B002010B5044621460248F5F740FF6A
:1090400010BD0000803B002070B504460D4604EBC7
:10905000840101EBC401034A02EB81002946F6F7C3
:1090600021F970BD183B002010B500F047F858B941
:109070000648008818B9002000F02EF804E00348E4
:109080000088401E0149088010BD00002C0B002004
:109090007FB504460E48B0F8705014E0012002215C
:1090A00005221823CDE90032CDE9021023780848C3
:1090B000B0F87220294607480068F7F727FC641CBF
:1090C00005F10C0085B220780028E7D17FBD0000B3
:1090D00004430020280B002010B5044634B1054895
:1090E000F7F734FE05200449088002E00148F7F74D
:1090F00063FD10BDD04200202C0B00200248007CF4
:1091000000F0010070470000D042002010B5044676
:109110000748007C00F0010048B10548F7F716FE4B
:1091200021460348F7F7EEFD05200249088010BDEF
:10913000D04200202C0B002070B504460D46022CB6
:1091400022DAC5B104EB840000EBC4000F4901EB47
:109150008000018B04EB840000EBC4000B4A02EB9F
:109160008000418104EB840101EBC40102EB81002A
:10917000F7F7ECFD08E004EB840101EBC401034ABE
:1091800002EB8100F7F718FD70BD0000A444002039
:1091900070B504460D46022C13DA4DB904EB840178
:1091A00001EBC401074A02EB8100F7F705FD08E077
:1091B00004EB840101EBC401024A02EB8100F7F7E2
:1091C000C5FD70BD7445002070B504460E4624B937
:1091D00031461A48F5F726FF2FE0012C05D131461C
:1091E00016483430F5F71EFF27E0022C11D100207D
:1091F000FBF7E4FD05460020F8F7FAFB20B910481C
:109200006968F5F70FFF03E00D482968F5F70AFFD5
:1092100013E00120FBF7D2FD05460120F8F7E8FB3B
:1092200028B907489C306968F5F7FCFE04E004485B
:109230009C302968F5F7F6FE00BF70BD183B002092
:109240000C38002010B50548F6F710F9FEF77EF946
:10925000002080F3108800BF10BD000048E400200B
:109260000348006810B901200149086070470000F8
:10927000400D00202DE9F0475148006808B9BDE8CD
:10928000F08700BF4F4800780028FBD000204D49F0
:1092900008704B49086012224B494C48F6F72CF9EC
:1092A000054645B11420FCF739FE0020444908600A
:1092B000FFF7C8FFE3E7464B362246494348F6F737
:1092C000ABFB054645B11420FCF728FE00203C49C5
:1092D0000860FFF7B7FFD2E73C48F6F7DEFA05462D
:1092E00045B11420FCF71AFE002035490860FFF74D
:1092F000A9FFC4E7F7F76AF98146D9F80470F7F7D0
:1093000061F906460024A04658E04FF0000800200E
:1093100020E0395D16F8211000EB40022E4B9954E5
:10932000395D36F82110C1F3072200EB4001491CDA
:109330005A54395D56F82110C1F3074200EB400141
:10934000891C5A54641C08F1010824498C4200D33A
:1093500004E0401C40F6AA218842DAD300BF204630
:10936000FEF756FE08EB4802194B1B491748F6F763
:1093700053FB054645B11420FCF7D0FD00201049F1
:109380000860FFF75FFF7AE71048F6F786FA0546B0
:1093900045B11420FCF7C2FD002009490860FFF721
:1093A00051FF6CE70D48844208D31520FCF7B6FD49
:1093B000002003490860FFF745FF60E7A5E70000CC
:1093C000400D0020380D0020E815002048E4002062
:1093D0003C0D002064DC0308A0E6002000DC050052
:1093E00010B5FFF747FF10BD70B504460D4629467E
:1093F0002046FBF733FC70BD0A207047014601EBA5
:109400004100024A02EBC000704700008C090020B6
:1094100070B505460C46022D00DB70BDFFF7ECFF72
:10942000A04200DCF9E72846F8F7E2FA48B904EB75
:109430004400134A02EBC00041682846FFF7C4FE0F
:1094400007E004EB44000E4A52F830102846FFF7BC
:10945000BBFE04EB44000A4A02EBC000017C284634
:10946000FBF79EFC04EB4400054A02EBC0001430FD
:1094700030F815102846FFF7B7FF00BFCDE7000012
:109480008C0900202DE9F04105468846022D01DBBC
:10949000BDE8F081F7F7C4F9074607F10800445D1D
:1094A000FFF7AAFF0646B8F1000F03D1601E00B215
:1094B000044602E0601C00B204460446B4420CDBE1
:1094C000701E04B22A480078012821D100202849C2
:1094D000087028A0FFF71AFE1AE0002C0BDA00240F
:1094E00023480078012813D100202149087027A0C3
:1094F000FFF70CFE0CE05CB1701EA04208D01C48C7
:10950000007828B901201A4908700020FFF7E4FD0F
:1095100007F1080044552846F8F76AFA48B904EB01
:109520004400204A02EBC00041682846FFF74CFE89
:1095300007E004EB44001B4A52F830102846FFF7BE
:1095400043FE04EB4400174A02EBC000017C2846AE
:10955000FBF726FC04EB4400124A02EBC000143077
:1095600030F815102846FFF73FFF00BF90E70000D6
:109570007D0A0020B4B9D6B1B5E7D1B9D2D1B5BD15
:10958000B4EFD7EEB4F3D6B500000000B4B9D6B14D
:10959000B5E7D1B9D2D1B5BDB4EFD7EED0A1D6B52C
:1095A000000000008C09002010B5F7F70FF80449FF
:1095B0000860F7F735F903490860002010BD000086
:1095C000BC0B0020200D002010B5F6F7FFFF02496C
:1095D0000860002010BD00002C0D00202DE9F04196
:1095E00005460E463746EAF7BBF8002407E007EBCE
:1095F000441205EB44112020EAF726F8641C042CE1
:10960000F5DBBDE8F08100002DE9F04780460C460F
:1096100004F11A00F7F7B6FF10B10020BDE8F0879B
:10962000207820F04000401E00EB800101EBC005D7
:109630004FF00109002619E01449895D0819F7F770
:10964000A1FF0746B9F1000F09D0FF2D01D300207B
:10965000E4E7B94628466D1C28F8107005E04FF67F
:10966000FF70874201D00020D8E7761C0D2EE3D38F
:10967000207800F0400030B1FF2D01D30020CDE76D
:10968000002028F815000120C8E700001C04040889
:109690002DE9F04704460D4616464FF00209022D0B
:1096A00077D3E069A84274D92078012806D002282F
:1096B0004BD0032861D004280DD15FE02F4607EB83
:1096C0005707A06A00EB57212046F8F799F8814622
:1096D000B9F1000F00D079E038467F1CC0F30801D3
:1096E00004F1380001EB000805F0010028B1F1B2E7
:1096F00098F8000061F31F1000E0304688F8000081
:109700000120E070A06A00EB57212046F8F778F8B6
:109710008146B9F1000F00D058E0C7F3080104F109
:10972000380001EB000805F0010010B1C6F3071086
:1097300006E098F8000000F0F000C6F303210843AB
:1097400088F800000120E07040E0A06A00EB1521DD
:109750002046F8F755F88146B9F1000F00D035E002
:10976000B1B240F2FF1202EA450304F13802981840
:1097700000F040FA0120E07028E000BFA06A00EB92
:10978000D5112046F8F73CF88146B9F1000F01D019
:109790001CE01CE0207804280BD040F2FF1101EA05
:1097A000850204F138015018F7F7AFFE66F31B008D
:1097B000064640F2FF1101EA850204F13801501813
:1097C000314600F0DDF90120E07000BF00BF4846DF
:1097D000BDE8F0872DE9F04707460C461546984648
:1097E00084F80D800F20E07200202073002104F126
:1097F0001A0000F0FFF9681E00EB800101EBC009C0
:1098000000200646824600BF4FF6FF70864204D015
:10981000484609F1010937F810600D4911F80A109E
:109820000819314600F0E6F90EB94FF6FF760AF155
:10983000010082460D28E7D34FF6FF70864202D022
:1098400037F8190008B945F040052570BDE8F087E4
:109850001C04040810B5034602FB0310014C2468E5
:10986000205C10BD500800202DE9F05F06460F4631
:1098700090464FF000093468BA46BB46022F02D327
:10988000E069B84202D80220BDE8F09FB8F1000FAD
:1098900011D02078042802D1F07902280BD04FF0A3
:1098A000FF3241462046FFF7F3FE8146B9F1000F33
:1098B00001D04846E8E700BF39463046F6F7A6FE35
:1098C000054605B93EE0012D01D10220DCE7681C08
:1098D00008B90120D8E7207804280AD000223946A8
:1098E0002046FFF7D5FE8146B9F1000F01D048466A
:1098F000CAE7D4E90610801E814206D2A069401C46
:10990000A061207940F0010020710BF10100A84214
:1099100001D1AB4612E0207804280DD1ABEB0A0050
:10992000421C002351462046F1F750FD8146B9F113
:10993000000F01D04846A7E7AB46AA462F46E0698C
:10994000B842B9D800BF2078042812D1B8F1000F6E
:1099500002D10020F0710CE0F079032809D1B06841
:10996000404506D8B169B0680844404501D302209B
:10997000F071002088E7000010B50C480068401C1A
:109980000A4908600A4804680CE0606848B1074862
:109990000068A168B0FBF1F201FB120008B9606831
:1099A00080472468002CF0D110BD0000B0120020C8
:1099B0009812002010B50C484068401C0A494860C5
:1099C0000A4844680CE0606848B107484068A168EC
:1099D000B0FBF1F201FB120008B96068804724680F
:1099E000002CF0D110BD0000B01200209812002011
:1099F00010B50C488068401C0A4988600A48846891
:109A00000CE0606848B107488068A168B0FBF1F2DB
:109A100001FB120008B9606880472468002CF0D16F
:109A200010BD0000B01200209812002010B50C48A4
:109A3000C068401C0A49C8600A48C4680CE06068F5
:109A400048B10748C068A168B0FBF1F201FB120001
:109A500008B9606880472468002CF0D110BD000070
:109A6000B01200209812002010B50C480069401C6C
:109A70000A4908610A4804690CE0606848B107486F
:109A80000069A168B0FBF1F201FB120008B960683F
:109A900080472468002CF0D110BD0000B0120020D7
:109AA0009812002010B50C484069401C0A494861D2
:109AB0000A4844690CE0606848B107484069A168F9
:109AC000B0FBF1F201FB120008B96068804724681E
:109AD000002CF0D110BD0000B01200209812002020
:109AE00030B502FB0014024D2D682B5530BD00002F
:109AF0005008002030B5054B1B6833B1044C248856
:109B000001FB0404014D2D682A5530BD4C0800208E
:109B10005408002070B504883CB90E4D2D8802FB16
:109B200005150D4E3668735512E044888C420FDCE3
:109B3000C4888C420CDB8488944209DC04899442FA
:109B400006DB044D2D8802FB0515034E3668735560
:109B500070BD0000540800204C08002070B5064677
:109B60000C461546A9B204F11A0000F043F830780B
:109B7000032804D1290C04F1140000F03BF870BD57
:109B800000F8011B090A00F8011B090A00F8011B73
:109B9000090A00F8011B704730B500F8012B110AC3
:109BA00041EA03621B0A00F8012B110A41EA036231
:109BB0001B0A00F8012B110A41EA03621B0A00F894
:109BC000012B110A41EA03621B0A00F8012B110A5A
:109BD00041EA03621B0A00F8012B110A41EA036201
:109BE0001B0A00F8012B110A41EA03621B0A00F864
:109BF000012B30BD00F8011B091200F8011B704752
:109C00002DE9F041044620680569284600F04EFE23
:109C100080464146A81CFFF7EDFF6878471C2046A8
:109C2000E16CF2F77EFF064618E0A16B2068F7F7BB
:109C3000E7FD064606B113E020222946E06BF7F760
:109C4000ABFD01202168C870781E071E00D107E017
:109C5000203500212046F2F745FD0646002EE4D0CF
:109C600000BF0EB1012E02D13046BDE8F0810220C6
:109C7000FBE730B5014600200B2200BF431003EB89
:109C8000C01411F8015B6319D8B2531E1A1EF5D126
:109C900030BD000070B50446204600F043F805468C
:109CA000002D38D1207803282ED1207901282BD1FE
:109CB0004202002104F13800F7F77BFD4AF65521F6
:109CC00004F23620FFF796FF144904F13800FFF73D
:109CD00057FF134904F50770FFF752FF04F50870AA
:109CE000A169FFF74DFF04F509706169FFF748FFAF
:109CF000606A401C60636078012304F13801626B84
:109D0000F2F7B4FF00202071607800221146F2F7CC
:109D100073FF00B10125284670BD00005252614119
:109D2000727241612DE9F04104460027E078F8B1F4
:109D3000656B607801232A4604F13801F2F796FF3B
:109D400008B1012714E00020E070A06A281A216AF7
:109D500088420DD2A67809E0206A05446078012384
:109D60002A4604F13801F2F781FF761E022EF3D263
:109D70003846BDE8F0810000084890ED000AF2EE98
:109D80000C0A60EE200A064890ED000AB8EE400A80
:109D900080EE201A034880ED001A7047640B002003
:109DA000600B00205C0B002010B53720EAF728F983
:109DB0002C20EAF725F92D20EAF722F97520EAF799
:109DC0001FF97620EAF71CF9002010BD10B5F7F74F
:109DD000E5FDF7F72FFDF7F74BFDF7F767FDF7F711
:109DE00083FDF6F737FB002010BD00002DE9F041A0
:109DF00004460D46FBF778FE38B129462046FBF7AE
:109E0000D5F94FF0FF30BDE8F081FCF78FF830B1A5
:109E100029462046FCF784FB4FF0FF30F3E7A348C8
:109E200000680088A04214DAA04800688088A04238
:109E30000FDD9E4800684088A8420ADA9B48006807
:109E4000C088A84205DD9A480088401C98490880CF
:109E50001DE198480089A04215DA96488189008959
:109E60000844A0420FDD93484089A8420BDA91488C
:109E7000C18940890844A84205DD8D48808A401C7C
:109E80008B49888203E18B48808FA04217DA89488A
:109E9000B0F84010808F0844A04210DD8548C08F84
:109EA000A8420CDA8348B0F84210C08F0844A84298
:109EB00005DD7F48C08A401C7D49C882E7E07D48B7
:109EC000B0F87000A0421ADA7A48B0F87410B0F80E
:109ED00070000844A04212DD7648B0F87200A84233
:109EE0000DDA7448B0F87610B0F872000844A84251
:109EF00005DD6F48008B401C6D490883C7E06D4845
:109F0000B0F8A400A0421ADA6A48B0F8A810B0F875
:109F1000A4000844A04212DD6648B0F8A600A8429A
:109F20000DDA6448B0F8AA10B0F8A6000844A842B8
:109F300005DD5F48408B401C5D494883A7E05E48D3
:109F40008089A0427EDA5C48018A80890844A04268
:109F500078DD5948C089A84274DA5748418AC089D7
:109F60000844A8426EDDF9F70DFFE8B300203FE09A
:109F700000EB800101EBC001504A02EB81010A892C
:109F80004D49898911448EB200EB800101EBC0017B
:109F90004A4A02EB81014A894749C98911448FB273
:109FA000B44224DD00EB800101EBC001434A02EB27
:109FB000810189893144A14219DDBD4217DD00EBE1
:109FC000800101EBC00102EB8101C9893944A9423A
:109FD0000DDD00F10E01364A32F81110491C8AB22B
:109FE00000F10E01324B00E005E023F81120401C87
:109FF0000628BDDB45E0002041E000EB800101EBDD
:10A00000C0012F4A02EB81010A892B49B1F84010A7
:10A0100011448EB200EB800101EBC001284A02EB33
:10A0200081014A892449B1F8421011448FB2B442E7
:10A0300024DD00EB800101EBC001214A02EB81012C
:10A04000898900E01EE03144A14217DDBD4215DDE3
:10A0500000EB800101EBC00102EB8101C9893944A9
:10A06000A9420BDD00F11401114A32F81110491C0C
:10A070008AB200F114010E4B23F81120401C07286E
:10A08000BBDB04E00A48408F401C09494887002098
:10A0900006E0074931F81010022900DBB3E6401C46
:10A0A0001E28F6DB4FF0FF30ADE600006C08002004
:10A0B0001C140020183B0020943300203034002072
:10A0C000A43700202DE9F04103460C461646002136
:10A0D0000022002500206BE0DFF8F8C0DCF800C0AB
:10A0E000BCF8127007EBD77CDFF8E880D8F8008066
:10A0F000B8F8008008EB6C0C33F81080C44513DD11
:10A10000DFF8D0C0DCF800C0BCF802C0DFF8C480C3
:10A11000D8F80080B8F80C80C44434F81080C445E6
:10A1200002DA4F1CB9B242E0DFF8A8C0DCF800C088
:10A13000BCF8127007EBD77CDFF89880D8F8008065
:10A14000B8F8008008EB6C0C33F81080C4452CDAAA
:10A15000DFF880C0DCF800C0BCF800C0DFF8748015
:10A16000D8F80080B8F81280C444DFF86880D8F8C6
:10A170000080B8F80E80ACEB080C33F81080C445B2
:10A1800013DDDFF850C0DCF800C0BCF802C0DFF817
:10A190004480D8F80080B8F80C80C44434F81080AB
:10A1A000C44502DA571CBAB201E06F1CBDB2401CB4
:10A1B000B04291DB914204DDA94202DD0020BDE8FE
:10A1C000F0818A4203DDAA4201DD0120F7E7022087
:10A1D000F5E700006C08002010B53C210148E7F7C6
:10A1E000ECF910BD1C1400202DE9F04104460E4688
:10A1F00017462046122C3DD009DCA0F10A000828A1
:10A2000074D2DFE800F0A79FA39C171B32361828F2
:10A210006DD008DC132830D014280CD0152868D055
:10A22000172863D16EE01A2875D0E72874D0E82883
:10A23000F7D197E000BFF9F783FD98E0FDF79EF9AD
:10A2400018B90120FDF70CFF09E00020FDF708FF19
:10A250000020484908704849087048490870FDF7CF
:10A260008DF90546FDF792F981E01720FBF756FEC0
:10A270007DE07CE0F9F7C8F879E04148006818B162
:10A280001620FBF74BFE72E0FDF778F950B901207C
:10A29000FDF7E6FEFDF772F90546FDF777F90120B7
:10A2A000384908703848006840B9F6F749FF37491F
:10A2B000B0FBF1F201FB1200334908603448036837
:10A2C000314834A102683948F0F746F8374A38A1D6
:10A2D0003A48F0F741F82E480068401C2C490860C5
:10A2E0001320FBF71BFEFEF7BBFF40E03EE014E04F
:10A2F000FFE701210020FFF7C5F800210220FEF74B
:10A3000063FF34E000210846FFF7BCF8002102207B
:10A31000FEF75AFF2BE009E020E001210846FFF795
:10A32000B1F800210320FEF74FFF20E000210120BB
:10A33000FFF7A8F800210320FEF746FF17E0F9F722
:10A3400087FB14E00120F8F703FF10E00220F8F784
:10A35000FFFE0CE00020F8F7FBFE08E00120FDF70F
:10A360001FF904E00020FDF71BF900BF00BF00BF8C
:10A37000BDE8F0815F080020600800206C0B002021
:10A3800008000020880800208C080020A08601001A
:10A3900090080020303A2F2F7069632F2F6F73635E
:10A3A00025645F25642E626D70000000E8150020B2
:10A3B000D5FDD4DAB1A3B4E6257300002816002039
:10A3C00038B5002400BF012269460020E8F7A2FA50
:10A3D00001226946A420E8F79DFA16208DF80000B6
:10A3E000012269468020E8F795FA0C208DF80000DC
:10A3F000012269468820E8F78DFA02226946A120E9
:10A40000E8F700F89DF8000030280BD19DF8010016
:10A41000F82807D10020184908600520174908705E
:10A42000002038BD9DF80100012807D10020124905
:10A4300008600720114908700020F2E7E8F792FA57
:10A44000012809D10E49087000200B490860072037
:10A450000A4908700020E4E74FF4FA70E9F7E0F8E1
:10A46000601CC4B2012C00DAADE74FF0FF300249A6
:10A47000086000BFD5E70000580800205C080020F5
:10A480005D0800202DE9F047054689461646FFF78E
:10A49000A3FE002027E035F810101F4A126812882A
:10A4A000891A8CB21C490968C98901EB4101A14292
:10A4B00005DD1A490988491C184A118012E016491D
:10A4C0000968C98901EB4101B4EB810F05DB134930
:10A4D0004988491C114A518004E010498988491C67
:10A4E0000E4A9180401CB042D5DB0C4807884FF0E3
:10A4F000000800200AE0094931F81010B94204DDD3
:10A50000064931F8107000F0FF08401C0328F2DB08
:10A510004046BDE8F08700006C0800201C140020B5
:10A520002DE9F04F81460D4616460027BC46B84639
:10A53000BA4600220023501E002462E035F814B011
:10A54000DFF82CE1DEF800E0BEF802E0ABEB0E0B2A
:10A550001FFA8BF1DFF81CB1DBF800B0BBF804B0D8
:10A560008B4508DDDFF80CB1DBF800B0BBF804B0B8
:10A57000ABEB010B07E0DFF8FCB0DBF800B0BBF899
:10A5800004B0A1EB0B0B1FFA8BF7DFF8E8B0DBF898
:10A5900000B0BBF806B08B4508DDDFF8D8B0DBF8BB
:10A5A00000B0BBF806B0ABEB010B07E0DFF8C4B0BE
:10A5B000DBF800B0BBF806B0A1EB0B0B1FFA8BFC6D
:10A5C000DFF8ACB0DBF800B0BBF80CB0BB4503DB88
:10A5D00002F1010B1FFA8BF2DFF894B0DBF800B048
:10A5E000BBF80CB0E34503DB03F1010B1FFA8BF35F
:10A5F00008EB070B1FFA8BF80AEB0C0B1FFA8BFA10
:10A60000641CB4429ADB022A03DB022B01DA00202D
:10A610000EE0022B03DB022A01DA012008E0022A05
:10A6200006DB022B04DBD04501DD012000E0002029
:10A6300050B90124DFF840B08BF800400324DFF864
:10A640003CB08BF8004011E001280AD10224DFF869
:10A6500028B08BF800400324DFF820B08BF80040CE
:10A6600004E00024DFF814B08BF80040BDE8F08F60
:10A670006C080020700800206B0800206A08002089
:10A680002DE9F05F0F4690464FF0000AD146CB46C9
:10A69000FEF710FB18B924480068008802E0224841
:10A6A0000068408805464FF0FF3600201DE037F86F
:10A6B00010101E4A12685288891A8CB2A54201DD18
:10A6C000291B00E0611B1FFA81FA18490968898972
:10A6D000BAEB410F04DC09F101011FFA81F903E033
:10A6E0000BF101011FFA81FB401C4045DFDBB9F192
:10A6F000020F01DB002601E04FF0FF366EB9FEF7D6
:10A70000D9FA18B903200A49087002E00420084960
:10A71000087003200749087002E00020054908700E
:10A720003046BDE8F09F0000700800206C08002053
:10A730006B0800206A08002010B504463B480078EA
:10A74000012829D1FCF71AFF01280DD138480078DB
:10A7500038B9012036490870364800688088364983
:10A760000880012035490870354800684088201A63
:10A770003049096888800020FBF73EFF2F480078A9
:10A78000012851D12B48006880882B490988401A3C
:10A7900000B22C49088047E024480078022826D1DE
:10A7A000FCF7ECFE012816D12748007838B90120C3
:10A7B000254908701F480068C0881F4948801D4807
:10A7C0000068C0881C494988401A00B21D49488069
:10A7D00002201A4908701A4800684088201A81B27D
:10A7E00014480068C1800120FBF706FF1CE00F48F9
:10A7F000007803280AD1124800684088201A0D49C1
:10A80000096808800020FEF7EBF90DE007480078A2
:10A81000042809D10A4800684088201A05490968B7
:10A8200048800120FEF7DCF910BD00006B08002015
:10A830005F08002070080020940800205E080020B7
:10A840006C080020620800206008002010B5FCF7AA
:10A8500095FE0348006810B90020E7F7FFFD10BD22
:10A86000580800200149486370470000004001403B
:10A8700070B504460D4609268CB1206878B1206871
:10A88000007860B1A0882168C988884207D1216812
:10A890004878F2F7DDF900F0010000B900260EB9A2
:10A8A000206800E000202860304670BD30B50246C8
:10A8B0005478641C630100242046214610E00229DC
:10A8C00001D1491C0BE000F0010414B14FF4004425
:10A8D00000E0002404EB6004555C2C44A0B2491C49
:10A8E0009942ECD330BD70B5064600241BE02846E3
:10A8F000F5F706FA054604F0010010B14FF40040E8
:10A9000000E0002000EB6400E9B2084484B204F0E7
:10A91000010010B14FF4004000E0002000EB6400A3
:10A9200000EB252084B236F8021B0D1EDFD1204635
:10A9300070BD0000000001020304010203040607C9
:10A94000080900004727BCFA1A01015689EE46B5EE
:10A950000006101600061016C03D05080008025833
:10A9600010000000010000000100000001000000D4
:10A97000903D05080008025800100000010000008A
:10A980000100000001000000943D05080004025889
:10A990002000000001000000010000000100000094
:10A9A000B03D0508001002580E0000000100000034
:10A9B0000000000001000000983D0508000C02584E
:10A9C000FFFF000000000000000000000000000089
:10A9D000A03D050800000258008000000000111191
:10A9E0000000000001000000A83D0508001002580A
:10A9F0000100000000001111000000000100000033
:10AA0000803D0508000802580040000000000000DA
:10AA10000100000001000000CC3D050800040258C0
:10AA20000010000001000000010000000000000014
:10AA3000CC3D050800040258002000000100000081
:10AA400001000000000000009209FC0859089E0760
:10AA500008075E06AA050000299A0208E79A02087C
:10AA6000B99A0208F39A02084D9A0208FC3D0508BB
:10AA7000E0011001E00110010100010028000800C0
:10AA80000500080020010400000002000900000089
:10AA9000E43D05082003E0012003E001010001007E
:10AAA0002E00FA002E001E008C01030000000100A1
:10AAB0001E000000E43D05082003E0012003E00142
:10AAC000010001002E001700D20016008C010300C7
:10AAD0000000010012000000D83D05082003E0013D
:10AAE00020035802800004005800170028000100CD
:10AAF000A00002000000000028000000F03D050852
:10AB00008002E0018002E0016000020030002100CC
:10AB100010000A006400020000000000190000009C
:10AB20000000000000000000000000000000000025
:10AB30000000000000000000000000000000000015
:10AB40000000000000000000000000000000000005
:10AB500000000000000000000000000000000000F5
:10AB60000000000000000000030009000F001500B5
:10AB70001B00508158816081688170810200000053
:10AB800003000000040000000500000006000000B3
:10AB90002424242424242424242424242424242475
:10ABA0002424242424242424242424242424242465
:10ABB0002424242424242424242424242424242455
:10ABC0002424242424242424242424242424242445
:10ABD0002424242424242424242424242424242435
:10ABE0002424242424242424242424242424242425
:10ABF0002424242424242424242424242424242415
:10AC00002424242424242424242424242424242404
:10AC100024242424242424242424242424242424F4
:10AC200024242424242424242424242424242424E4
:10AC300024242424242424242424242424242424D4
:10AC400024242424242424242424242424242424C4
:10AC500024242424242424242424242424242424B4
:10AC600024242424242424242424242424242424A4
:10AC70002424242424242424242424242424242494
:10AC80002424242424242424242424242424242484
:10AC90002424242424242424242424242424242474
:10ACA000242424FFFFFFFFFFFFFFFF24242424248C
:10ACB0002424242424242424242424242424242454
:10ACC0002424242424242424242424242424242444
:10ACD0002424242424242424242424242424242434
:10ACE0002424242424242424242424242424242424
:10ACF0002424242424242424242424242424242414
:10AD00002424242424242424242424242424242403
:10AD100024242424242424242424242424242424F3
:10AD200024242424FFFFFFFFFFFFFFFF242424240B
:10AD300024242424242424242424242424242424D3
:10AD400024242424242424242424242424242424C3
:10AD500024242424242424242424242424242424B3
:10AD600024242424242424242424242424242424A3
:10AD70002424242424242424242424242424242493
:10AD80002424242424242424242424242424242483
:10AD90002424242424242424242424242424242473
:10ADA0002424242424FFFFFFFFFFFFFFFF2424248B
:10ADB0002424242424242424242424242424242453
:10ADC0002424242424242424242424242424242443
:10ADD0002424242424242424242424242424242433
:10ADE0002424242424242424242424242424242423
:10ADF0002424242424242424242424242424242413
:10AE00002424242424242424242424242424242402
:10AE1000242424242424242424242424242424FF17
:10AE2000242424242424FFFFFFFFFFFFFFFF24240A
:10AE300024242424FF2424242424242424242424F7
:10AE40002424242424242424242424242449494953
:10AE500049494949492424242424242424242424F9
:10AE600024242424242424242424244949494949E9
:10AE700049494949492424242424242424242424D9
:10AE80002424242424244949494949494949494910
:10AE9000242424242424242424242424242424FF97
:10AEA000FFFF2424242424FFFFFFFFFFFFFFFF24D4
:10AEB00024242424FFFFFF242424242424242424C1
:10AEC0002424242424242424242424494949494989
:10AED00049494949494949494924242424242424E5
:10AEE000242424242424242424494949494949491F
:10AEF00049494949494949492424242424242424EA
:10AF0000242424242449494949494949494949496A
:10AF1000494949242424242424242424242424FFA7
:10AF2000FFFFFFFF24242424FFFFFFFFFFFFFFFF9D
:10AF300024242424FFFFFFFFFF242424242424248A
:10AF400024242424242424242424494949494949E3
:10AF5000494949494949494949494924242424241A
:10AF60002424242424242424494949494949494979
:10AF70004949494949494949492424242424242444
:10AF800024242424494949494949494949494949C5
:10AF9000494949492424242424242424242424FF02
:10AFA000FFFFFFFFFFFFFFFFFFFFFFFFFFFFFFFFB1
:10AFB000FFFFFFFFFFFFFFFFFFFFFF2424242424E8
:10AFC0002424242424242424242449494949494963
:10AFD0004949494949494949494949494924242450
:10AFE00024242424242424244949494949494949F9
:10AFF000494949494949494949492424242424249F
:10B00000242424494949494949494949494949491F
:10B01000494949494924242424242424242424FF5C
:10B02000FFFFFFFFFFFFFFFFFFFFFFFFFFFFFFFF30
:10B03000FFFFFFFFFFFFFFFFFFFFFFFFFF242424B1
:10B0400024242424242424242424494949494949E2
:10B050004949494949494949494949494949492485
:10B060002424242424242424494949494949494978
:10B0700049494949494949494949492424242424F9
:10B08000242424494949494949494949494949499F
:10B09000494949494949242424242424242424FFB7
:10B0A000FFFFFFFFFFFFFFFFFFFFFFFFFFFFFFFFB0
:10B0B000FFFFFFFFFFFFFFFFFFFFFFFFFFFFFF247B
:10B0C0002424242424242424242449494949494962
:10B0D0004949492424242424494949494949494999
:10B0E00049242424242424242449494949494949F8
:10B0F000492424242424242424494949242424247C
:10B1000024242424494949494949494949242424B2
:10B110002424242449494924242424242424242480
:10B1200024FFFFFFFFFFFFFFFFFFFFFFFFFFFFFF0A
:10B13000FFFFFFFFFFFFFFFFFFFFFFFFFFFFFF24FA
:10B1400024242424242424242424494949494949E1
:10B1500049492424242424242424244949494949AC
:10B16000494949242424242424494949494949492D
:10B170004924242424242424242424244924242445
:10B180002424242449494949494949492424242457
:10B19000242424242424244924242424242424244A
:10B1A000242424FFFFFFFFFFFFFFFFFFFFFF2424F6
:10B1B00024242424FFFFFFFFFFFFFFFFFFFFFF24E6
:10B1C0002424242424242424242424494949494986
:10B1D0004949242424242424242424242449494976
:10B1E00049494949242424242424494949494949AD
:10B1F00049242424242424242424242424242424EA
:10B2000024242424494949494949494924242424D6
:10B2100024242424242424242424242424242424EE
:10B220002424242424FFFFFFFFFFFFFFFF24242406
:10B2300024242424242424FFFFFFFFFFFFFFFF24F6
:10B240002424242424242424242424494949494905
:10B2500049494924242424242424242424244949F5
:10B260004949494949492424242424494949494907
:10B270004949242424242424242424242424242444
:10B28000242424242449494949494949242424247B
:10B29000242424242424242424242424242424246E
:10B2A000242424242424FFFFFFFFFFFFFF24242461
:10B2B000242424242424242424FFFFFFFFFFFFFF51
:10B2C00024242424242424242424242449494949AA
:10B2D00049494924242424242424242424242424BF
:10B2E0004949494949494924242424244949494987
:10B2F000494949242424242424242424242424249F
:10B3000024242424244949494949494924242424FA
:10B3100024242424242424242424242424242424ED
:10B3200024242424242424FFFFFFFFFFFF242424BB
:10B330002424242424242424242424FFFFFFFFFF86
:10B34000FF24242424242424242424242449494973
:10B350004949494924242424242424242424242419
:10B36000244949494949494924242424244949492B
:10B3700049494949492424242424242424242424D4
:10B38000242424242424494949494949492424247A
:10B39000242424242424242424242424242424246D
:10B3A0002424242424242424FFFFFFFFFF24242416
:10B3B00024242424242424242424242424FFFFFFBC
:10B3C000FFFF242424242424242424242449494918
:10B3D0004949494924242424242424242424242499
:10B3E00024242449494949494949242424242449F5
:10B3F00049494949494949492424242424242424E5
:10B4000024242424242424494949494949492424F9
:10B4100024242424242424242424242424242424EC
:10B42000242424FFFFFFFFFFFFFFFFFFFFFF242473
:10B430002424242424242424242424242424FFFF16
:10B44000FFFFFFFFFFFFFFFFFF24242424244949BF
:10B4500049494949492424242424242424242424F3
:10B460002424242449494949494949242424242499
:10B4700049494949494949494949492424242424F5
:10B480002424242424242449494949494949242479
:10B49000242424242424242424242424242424246C
:10B4A00024242424FFFFFFFFFFFFFFFFFFFF2424CE
:10B4B000242424242424242424242424242424244C
:10B4C000FFFFFFFFFFFFFFFFFFFF24242424244989
:10B4D000494949494949242424242424242424244E
:10B4E0002424242424494949494949492424242419
:10B4F0002424494949494949494949494949242450
:10B5000024242424242424244949494949494924F8
:10B5100024242424242424242424242424242424EB
:10B520002424242424FFFFFFFFFFFFFFFFFFFF244D
:10B5300024242424242424242424242424242424CB
:10B5400024FFFFFFFFFFFFFFFFFFFF24242424242D
:10B5500049494949494949242424242424242424A8
:10B560002424242424244949494949494924242498
:10B5700024242424494949494949494949494949CF
:10B580004924242424242424244949494949494953
:10B59000242424242424242424242424242424246B
:10B5A000242424242424FFFFFFFFFFFFFFFFFFFFCD
:10B5B000242424242424242424242424242424244B
:10B5C0002424FFFFFFFFFFFFFFFFFFFF24242424AD
:10B5D0002449494949494949242424242424242428
:10B5E0002424242424242449494949494949242418
:10B5F0002424242424244949494949494949494999
:10B600004949494924242424242449494949494988
:10B6100049242424242424242424242424242424C5
:10B6200024242424242424FFFFFFFFFFFFFFFFFF27
:10B63000FF242424242424242424242424242424EF
:10B64000242424FFFFFFFFFFFFFFFFFFFF2424242C
:10B6500024244949494949494924242424242424A7
:10B660002424242424242424494949494949492497
:10B670002424242424242424244949494949494987
:10B6800049494949494924242424244949494949E3
:10B690004949242424242424242424242424242420
:10B6A0002424242424242424FFFFFFFFFFFFFFFF82
:10B6B000FFFF242424242424242424242424242494
:10B6C00024242424FFFFFFFFFFFFFFFFFFFF2424AC
:10B6D0002424244949494949494924242424242427
:10B6E0002424242424242424244949494949494917
:10B6F0002424242424242424242424244949494976
:10B70000494949494949494924242424494949493D
:10B71000494949242424242424242424242424247A
:10B72000242424242424242424FFFFFFFFFFFFFFDC
:10B73000FFFFFF2424242424242424242424242438
:10B740002424242424FFFFFFFFFFFFFFFFFFFF242B
:10B7500024242424494949494949492424242424A6
:10B7600024242424242424242424494949494949BB
:10B77000492424242424242424242424242424493F
:10B7800049494949494949494924242424494949BD
:10B7900049494949242424242424242424242424D5
:10B7A00024242424242424242424FFFFFFFFFFFF37
:10B7B000FFFFFFFFFF242424242424242424242402
:10B7C0002424242424FFFFFFFFFFFFFFFFFFFFFFD0
:10B7D0002424242424494949494949492424242426
:10B7E0002424242424242424242424494949494960
:10B7F00049492424242424242424242424242424BF
:10B800002424494949494949494949242424494961
:10B81000494949494924242424242424242424242F
:10B8200024242424242424242424242424242424D8
:10B8300024FFFFFFFFFFFF242424242424242424A6
:10B84000242424242424FFFFFFFFFF242424242471
:10B8500024242424242424494949494949492424A5
:10B8600024242424242424242424244949494949DF
:10B87000494924242424242424242424242424243E
:10B88000242424244949494949494949242424492B
:10B890004949494949494924242424242424242465
:10B8A0002424242424242424242424242424242458
:10B8B0002424FFFFFFFFFFFF242424242424242426
:10B8C000242424242424FFFFFFFFFFFF2424242416
:10B8D0002424242424242424494949494949492425
:10B8E0002424242424242424242424244949494984
:10B8F0004949492424242424242424242424242499
:10B9000024242424242449494949494949242424F4
:10B9100024494949494949492424242424242424E4
:10B9200024242424242424242424242424242424D7
:10B93000242424FFFFFFFFFFFFFF242424242424CA
:10B94000242424242424FFFFFFFFFFFFFF242424BA
:10B9500024242424242424242449494949494949A4
:10B9600049242424242424242424242449494949DE
:10B9700049494949242424242424242424242424F3
:10B980002424242424242449494949494949242474
:10B99000242449494949494949492424242424243F
:10B9A0002424242424242424242424242424242457
:10B9B00024242424FFFFFFFFFFFFFFFFFF24242494
:10B9C000242424242424FFFFFFFFFFFFFFFF24245F
:10B9D000242424242424242424242449494949496E
:10B9E000494924242424242424242424244949495E
:10B9F000494949492424242424244924242424244E
:10BA000024242424242424244949494949494924F3
:10BA100024242424494949494949494924242424BE
:10BA200024242424242424242424242424242424D6
:10BA300024242424FFFFFFFFFFFFFFFFFFFFFF245D
:10BA40002424242424FFFFFFFFFFFFFFFFFFFFFF4D
:10BA50002424242424242424242424244949494912
:10BA60004949494924242424242424242449494993
:10BA70004949494949242424242424494924242483
:10BA8000242424242424242449494949494949494E
:10BA90002424242424494949494949494949242419
:10BAA0002424242424242424244924242424242431
:10BAB00024242424FFFFFFFFFFFFFFFFFFFFFFFF02
:10BAC000FFFFFFFFFFFFFFFFFFFFFFFFFFFFFFFF86
:10BAD000FFFF242424242424242424242424494926
:10BAE000494949494949492424242424494949497F
:10BAF00049494949492424242424242449494949B9
:10BB000049242424242424244949494949494949A8
:10BB10002424242424242449494949494949494998
:10BB20004924242424242424494949242424242441
:10BB300024242424FFFFFFFFFFFFFFFFFFFFFFFF81
:10BB4000FFFFFFFFFFFFFFFFFFFFFFFFFFFFFFFF05
:10BB5000FFFFFFFF24242424242424242424242439
:10BB60004949494949494949494949494949494945
:10BB7000494949494924242424242424244949495D
:10BB80004949494949494949494949494949494925
:10BB9000492424242424242424494949494949493D
:10BBA0004949494949494949494949492424242499
:10BBB000242424242424FFFFFFFFFFFFFFFFFFFFB7
:10BBC000FFFFFFFFFFFFFFFFFFFFFFFFFFFFFFFF85
:10BBD000FFFFFFFF242424242424242424242424B9
:10BBE000242449494949494949494949494949490F
:10BBF0004949494949242424242424242424494902
:10BC000049494949494949494949494949494949A4
:10BC10004924242424242424242424494949494906
:10BC200049494949494949494949494949242424F3
:10BC30002424242424242424FFFFFFFFFFFFFFFFEC
:10BC4000FFFFFFFFFFFFFFFFFFFFFFFFFFFFFFFF04
:10BC5000FFFFFFFF24242424242424242424242438
:10BC600024242424494949494949494949494949D8
:10BC700049494949492424242424242424242449A6
:10BC80004949494949494949494949494949494924
:10BC900049242424242424242424242424494949D0
:10BCA000494949494949494949494949494924244E
:10BCB00024242424242424242424FFFFFFFFFF24FD
:10BCC000242424FFFFFFFFFFFFFFFF24242424FF81
:10BCD000FFFFFFFF242424242424242424242424B8
:10BCE00024242424242424494949494949494949C7
:10BCF0004949494924242424242424242424242470
:10BD000049494949494949494949494949494949A3
:10BD10004924242424242424242424242424244999
:10BD200049494949494949494949494949494924A8
:10BD3000242424242424242424242424FFFFFF2432
:10BD400024242424FFFFFFFFFFFFFFFF24242424DB
:10BD500024FFFFFF24242424242424242424242412
:10BD600024242424242424242424494949494949B5
:10BD70004949492424242424242424242424242414
:10BD800024242424494949494949494949494924DC
:10BD90002424242424242424242424242424242463
:10BDA00024242449494949494949494949242424E1
:10BDB0002424242424242424242424242424FF2468
:10BDC0002424242424FFFFFFFFFFFFFFFF2424245B
:10BDD000242424FF24242424242424242424242448
:10BDE0002424242424242424242424242424242413
:10BDF0002424242424242424242424242424242403
:10BE000024242424242424242424242424242424F2
:10BE100024242424242424242424242424242424E2
:10BE200024242424242424242424242424242424D2
:10BE300024242424242424242424242424242424C2
:10BE4000242424242424FFFFFFFFFFFFFFFF2424DA
:10BE500024242424242424242424242424242424A2
:10BE60002424242424242424242424242424242492
:10BE70002424242424242424242424242424242482
:10BE80002424242424242424242424242424242472
:10BE90002424242424242424242424242424242462
:10BEA0002424242424242424242424242424242452
:10BEB0002424242424242424242424242424242442
:10BEC00024242424242424FFFFFFFFFFFFFFFF245A
:10BED0002424242424242424242424242424242422
:10BEE0002424242424242424242424242424242412
:10BEF0002424242424242424242424242424242402
:10BF000024242424242424242424242424242424F1
:10BF100024242424242424242424242424242424E1
:10BF200024242424242424242424242424242424D1
:10BF300024242424242424242424242424242424C1
:10BF40002424242424242424FFFFFFFFFFFFFFFFD9
:10BF500024242424242424242424242424242424A1
:10BF60002424242424242424242424242424242491
:10BF70002424242424242424242424242424242481
:10BF80002424242424242424242424242424242471
:10BF90002424242424242424242424242424242461
:10BFA0002424242424242424242424242424242451
:10BFB0002424242424242424242424242424242441
:10BFC0002424242424242424242424242424242431
:10BFD0002424242424242424242424242424242421
:10BFE0002424242424242424242424242424242411
:10BFF0002424242424242424242424242424242401
:10C0000024242424242424242424242424242424F0
:10C0100024242424242424242424242424242424E0
:10C0200024242424242424242424242424242424D0
:10C0300024242424242424242424242424242424C0
:10C0400024242424242424242424242424242424B0
:10C0500024242424242424242424242424242424A0
:10C060002424242424242424242424242424242490
:10C070002424242424242424242424242424242480
:10C080002424242424242424242424242424242470
:10C090002424242424242424242424242424242460
:10C0A0002424242424242424242424242424242450
:10C0B000242424242424242424246C6C6C6C6C6C90
:10C0C0006C6C6C6C6C6C6C6C6C6C6C6C6C6C6C6CB0
:10C0D0006C6C6C6C6C6C6C6C6C6C6C6C6C6C6C6CA0
:10C0E0006C6C6C6C6C6C6C6C6C6C6C6C6C6C6C6C90
:10C0F0006C6C6C6C6C6C6C6C6C6C6C6C6C6C6C6C80
:10C100006C6C6C6C6C6C6C6C6C6C6C6C6C6C6C6C6F
:10C110006C6C6C6C6C6C6C6C6C6C6C6C6C6C6C6C5F
:10C120006C6C6C6C6C6C6C6C6C6C6C6C6C6C6C6C4F
:10C130006C6C6C6C6C6C6C6C6C6C6C6C6C6C6C6C3F
:10C140006C6C6C6C6C6C6C6C6C6C6C6C6C6C6C6C2F
:10C150006C6C6C6C6C6C6C6C6C6C6C6C6C6C6C6C1F
:10C160006C6C6C6C6C6C6C6C6C6C6C6C6C6C6C6C0F
:10C170006C6C6C6C6C6C6C6C6C6C6C6C6C6C6C6CFF
:10C180006C6C6C6C6C6C6C6C6C6C6C6C6C6C6C6CEF
:10C190006C6C6C6C6C6C6C6C6C6C6C6C6C6C6C6CDF
:10C1A0006C6C6C6C6C6C6C6C6C6C6C6C6C6C6C6CCF
:10C1B0006C6C6C6C6C6C6C6C6C6C6C6C6C6C6C6CBF
:10C1C0006C6C6C6C6C6C6C6C6C6C6C6C6C6C6C6CAF
:10C1D0006C6C6C6C6C6C6C6C6C6C6C6C6C6C6C6C9F
:10C1E0006C6C6C6C6C6C6C6C6C6C6C6C6C6C6C6C8F
:10C1F0006C6C6C6C6C6C6C6C6C6C6C6C6C6C6C6C7F
:10C200006C6C6C6C6C6C6C6C6C6C6C6C6C6C6C6C6E
:10C210006C6C6C6C6C0000006C006C0000006C6C52
:10C220006C0000006C6C6C006C6C6C6C6C6C6C6CFE
:10C230006C6C6C006C6C6C00006C6C006C6C6C6CEE
:10C240006C006C6C6C00006C6C6C6C6C6C6C6C6C72
:10C250006C006C6C6C6C6C006C6C006C6C6C6C6C62
:10C26000006C6C6C6C006C6C6C6C6C6C6C6C6C6CE6
:10C27000006C6C6C6C6C6C6C6C006C6C6C6C6C0042
:10C280006C6C6C6C006C6C6C6C6C6C6C6C6C6C00C6
:10C290006C6C6C6C6C6C6C6C000000000000006CD2
:10C2A0006C6C6C006C6C6C6C6C6C6C6C6C6C006CA6
:10C2B0006C6C6C6C6C6C6C006C6C6C6C6C006C6C96
:10C2C0006C6C006C6C6C6C6C6C6C6C6C6C006C6C86
:10C2D0006C6C6C6C6C6C006C6C6C6C6C006C6C6C76
:10C2E0006C006C6C6C6C6C6C6C6C6C6C006C6C6C66
:10C2F0006C6C006C6C006C6C6C6C6C006C6C6C6CC2
:10C30000006C6C6C6C6C6C6C6C6C6C6C006C6C6C45
:10C31000006C6C6C006C6C6C6C6C006C6C6C6C000D
:10C320006C6C6C6C6C6C6C6C6C6C6C6C0000006C91
:10C330006C6C0000006C6C6C0000006C6C00000009
:10C340006C6C6C6C6C6C6C6C6C6C6C6C6C6C6C6C2D
:10C350006C6C6C6C6C6C6C6C6C6C6C6C6C6C6C6C1D
:10C360006C6C6C6C6C6C6C6C6C6C6C6C6C6C6C6C0D
:10C370006C6C6C6C6C6C6C6C6C6C6C6C6C6C6C6CFD
:10C380006C6C6C6C6C6C6C6C6C6C6C6C6C6C6C6CED
:10C390006C6C6C6C6C6C6C6C6C6C6C6C6C6C6C6CDD
:10C3A0006C6C6C6C6C6C6C6C6C6C6C6C6C6C6C6CCD
:10C3B0006C6C6C6C6C6C6C6C6C6C6C6C6C6C6C6CBD
:10C3C0006C6C6C6C6C6C6C6C6C6C6C6C6C6C6C6CAD
:10C3D0006C6C6C6C6C6C6C6C6C6C6C6C6C6C6C6C9D
:10C3E0006C6C6C6C6C6C6C6C6C6C6C6C6C6C6C6C8D
:10C3F0006C6C6C6C6C6C6C6C6C6C6C6C6C6C6C6C7D
:10C400006C6C6C6C6C6C6C6C6C6C6C6C6C6C6C6C6C
:10C410006C6C6C6C6C6C6C6C6C6C6C6C6C6C6C6C5C
:10C420006C6C6C6C6C6C6C6C6C6C6C6C6C6C6C6C4C
:10C430006C6C6C6C6C6C6C6C6C6C6C6C6C6C6C6C3C
:10C440006C6C6C6C6C6C6C6C6C6C6C6C6C6C6C6C2C
:10C450006C6C6C6C6C6C6C6C6C6C6C6C6C6C6C6C1C
:10C460006C6C6C6C6C6C6C6C6C6C6C6C6C6C6C6C0C
:10C470006C6C6C6C6C6C6C6C6C6C6C6C6C6C6C6CFC
:10C480006C6C6C6C6C6C6C6C6C6C6C6C6C6C6C6CEC
:10C490006C6C6C6C6C6C6C6C6C6C0D0D0D0D0D0D16
:10C4A0000D0D0D0D0D0D0D0D0D0D0D0D0D0D0D0DBC
:10C4B0000D0D0D0D0D0D0D0D0D0D0D0D0D0D0D0DAC
:10C4C0000D0D0D0D0D0D0D0D0D0D0D0D0D0D0D0D9C
:10C4D0000D0D0D0D0D0D0D0D0D0D0D0D0D0D0D0D8C
:10C4E0000D0D0D0D0D0D0D0D0D0D0D0D0D0D0D0D7C
:10C4F0000D0D0D0D0D0D0D0D0D0D0D0D0D0D0D0D6C
:10C500000D0D0D0D0D0D0D0D0D0D0D0D0D0D0D0D5B
:10C510000D0D0D0D0D0D0D0D0D0D0D0D0D0D0D0D4B
:10C520000D0D0D0D0D0D0D0D0D0D0D0D0D0D0D0D3B
:10C530000D0D0D0D0D0D0D0D0D0D0D0D0D0D0D0D2B
:10C540000D0D0D0D0D0D0D0D0D0D0D0D0D0D0D0D1B
:10C550000D0D0D0D0D0D0D0D0D0D0D0D0D0D0D0D0B
:10C560000D0D0D0D0D0D0D0D0D0D0D0D0D0D0D0DFB
:10C570000D0D0D0D0D0D0D0D0D0D0D0D0D0D0D0DEB
:10C580000D0D0D0D0D0D0D0D0D0D0D0D0D0D0D0DDB
:10C590000D0D0D0D0D0D0D0D0D0D0D0D0D0D0D0DCB
:10C5A0000D0D0D0D0D0D0D0D0D0D0D0D0D0D0D0DBB
:10C5B0000D0D0D0D0D0D0D0D0D0D0D0D0D0D0D0DAB
:10C5C0000D0D0D0D0D0D0D0D0D0D0D0D0D0D0D0D9B
:10C5D0000D0D0D0D0D0D0D0D0D0D0D0D0D0D0D0D8B
:10C5E0000D0D0D0D0D0D0D0D0D0D0D0D0D0D0D0D7B
:10C5F0000D0D0D0D0D0000000D000D0000000D0DC6
:10C600000D0000000D0D0000000D0D0D0D0D0D0DA8
:10C610000D0D0D000D0D0D00000D0D000D0D0D0D7E
:10C620000D000D0D000D0D0D000D0D0D0D0D0D0D61
:10C630000D000D0D0D0D0D000D0D000D0D0D0D0D51
:10C64000000D0D0D0D0D0D000D0D0D0D0D0D0D0D34
:10C65000000D0D0D0D0D0D0D0D000D0D0D0D0D0031
:10C660000D0D0D0D0D0D000D0D0D0D0D0D0D0D0014
:10C670000D0D0D0D0D0D0D0D000000000000000D45
:10C680000D0D0D0D0D000D0D0D0D0D0D0D0D000DF4
:10C690000D0D0D0D0D0D0D000D0D0D0D0D000D0DE4
:10C6A0000D0D0D000D0D0D0D0D0D0D0D0D000D0DD4
:10C6B0000D0D0D0D0D0D000D0D0D0D0D000D0D0DC4
:10C6C0000D0D000D0D0D0D0D0D0D0D0D000D0D0DB4
:10C6D0000D0D000D0D000D0D0D0D0D000D0D0D0DB1
:10C6E000000D0D0D0D0D0D0D0D0D0D0D000D0D0D94
:10C6F000000D0D0D000D0D0D0D0D000D0D0D000D9E
:10C700000D000D0D0D0D0D0D0D0D0D0D0000000D8D
:10C710000D0D0000000D0D0D0000000D00000000CB
:10C72000000D0D0D0D0D0D0D0D0D0D0D0D0D0D0D46
:10C730000D0D0D0D0D0D0D0D0D0D0D0D0D0D0D0D29
:10C740000D0D0D0D0D0D0D0D0D0D0D0D0D0D0D0D19
:10C750000D0D0D0D0D0D0D0D0D0D0D0D0D0D0D0D09
:10C760000D0D0D0D0D0D0D0D0D0D0D0D0D0D0D0DF9
:10C770000D0D0D0D0D0D0D0D0D0D0D0D0D0D0D0DE9
:10C780000D0D0D0D0D0D0D0D0D0D0D0D0D0D0D0DD9
:10C790000D0D0D0D0D0D0D0D0D0D0D0D0D0D0D0DC9
:10C7A0000D0D0D0D0D0D0D0D0D0D0D0D0D0D0D0DB9
:10C7B0000D0D0D0D0D0D0D0D0D0D0D0D0D0D0D0DA9
:10C7C0000D0D0D0D0D0D0D0D0D0D0D0D0D0D0D0D99
:10C7D0000D0D0D0D0D0D0D0D0D0D0D0D0D0D0D0D89
:10C7E0000D0D0D0D0D0D0D0D0D0D0D0D0D0D0D0D79
:10C7F0000D0D0D0D0D0D0D0D0D0D0D0D0D0D0D0D69
:10C800000D0D0D0D0D0D0D0D0D0D0D0D0D0D0D0D58
:10C810000D0D0D0D0D0D0D0D0D0D0D0D0D0D0D0D48
:10C820000D0D0D0D0D0D0D0D0D0D0D0D0D0D0D0D38
:10C830000D0D0D0D0D0D0D0D0D0D0D0D0D0D0D0D28
:10C840000D0D0D0D0D0D0D0D0D0D0D0D0D0D0D0D18
:10C850000D0D0D0D0D0D0D0D0D0D0D0D0D0D0D0D08
:10C860000D0D0D0D0D0D0D0D0D0D0D0D0D0D0D0DF8
:10C870000D0D0D0D0D0D0D0D0D0D101010101010D6
:10C8800010101010101010101010101010101010A8
:10C890001010101010101010101010101010101098
:10C8A0001010101010101010101010101010101088
:10C8B0001010101010101010101010101010101078
:10C8C0001010101010101010101010101010101068
:10C8D0001010101010101010101010101010101058
:10C8E0001010101010101010101010101010101048
:10C8F0001010101010101010101010101010101038
:10C900001010101010101010101010101010101027
:10C910001010101010101010101010101010101017
:10C920001010101010101010101010101010101007
:10C9300010101010101010101010101010101010F7
:10C9400010101010101010101010101010101010E7
:10C950001010101010101010101000000000000037
:10C960000000000000000000000000101010101077
:10C9700010101010101010101000001010101010D7
:10C9800000000010101010100000101010101010F7
:10C9900010101010101010100010101010101000B7
:10C9A00000001010101010100010101010101010B7
:10C9B00010101010101010001010101010100000A7
:10C9C0000010101010101000101010101010101087
:10C9D0001010101010101010101010101000000087
:10C9E0001010101010101010101010101010101047
:10C9F0001010101010101010101010100000001067
:10CA00001010101010101010101010101010101026
:10CA10001010101010101010101010000000101046
:10CA20001010101010101010101010101010101006
:10CA30001010101010101010101000000010101026
:10CA400010101010101010101010101010101010E6
:10CA50001010101010101010100000001010101006
:10CA600010101010101010101010101010101010C6
:10CA700010101010101010100000001010101010E6
:10CA800010101010101010101010101010101010A6
:10CA900010101010101010000000101010101010C6
:10CAA0001010101010101010101010101010101086
:10CAB00010101010101000000010101010101010A6
:10CAC0001010101010101010101010101010101066
:10CAD0001010101010000000101010101010101086
:10CAE0001010101010101010101010101010101046
:10CAF0001010101000000010101010101010101066
:10CB00001010101010101010101010101010101025
:10CB10001010100000001010101010101010101045
:10CB20001010101010101010101010101010101005
:10CB30001010000000101010101010101010101025
:10CB400010101010101010101010101010101010E5
:10CB50001000000010101010101010101010101005
:10CB600010101010101010101010101010101010C5
:10CB700000000010101010101010101010101010E5
:10CB800010101010101010101010101010100000C5
:10CB900000000010101010101010101010101010C5
:10CBA00010101010101010101010100000000000D5
:10CBB00000000000101010101010101010101010B5
:10CBC0001010101010101010101010101010101065
:10CBD0001010101010101010101010101010101055
:10CBE0001010101010101010101010101010101045
:10CBF0001010101010101010101010101010101035
:10CC00001010101010101010101010101010101024
:10CC10001010101010101010101010101010101014
:10CC20001010101010101010101010101010101004
:10CC300010101010101010101010101010101010F4
:10CC400010101010101010101010101010101010E4
:10CC500010101010101010101010D8D8D8D8D8D824
:10CC6000D8D8D8D8D8D8D8D8D8D8D8D8D8D8D8D844
:10CC7000D8D8D8D8D8D8D8D8D8D8D8D8D8D8D8D834
:10CC8000D8D8D8D8D8D8D8D8D8D8D8D8D8D8D8D824
:10CC9000D8D8D8D8D8D8D8D8D8D8D8D8D8D8D8D814
:10CCA000D8D8D8D8D8D8D8D8D8D8D8D8D8D8D8D804
:10CCB000D8D8D8D8D8D8D8000000D8D8D800D8D854
:10CCC000D8D8D800D8D8D8D800D8D8D8D8D8D8D894
:10CCD000D8D8D800D8D8D800D8D800D8D8D8D8D85C
:10CCE00000D8D8000000D8D8D8D8D8D8D8D8D800FC
:10CCF000D8D8D8D8D8D8D800D8D8D8D8D800D8D864
:10CD0000D8D800D8D8D8D8D8D8D8D8D800D8D8D853
:10CD1000D8D8D8D800D8D8D8D8D800D8D8D8D8001B
:10CD2000D8D8D8D8D8D8D8D8D800D8D8D8D8D8D85B
:10CD3000D800000000000000D8D8D8D800D8D8D833
:10CD4000D8D8D8D8D8D800D8D8D8D8D8D8D800D813
:10CD5000D8D8D8D800D8D8D8D800D8D8D8D8D8D803
:10CD6000D8D8D800D8D8D8D8D8D8D800D8D8D8D8F3
:10CD7000D800D8D8D8D800D8D8D8D8D8D8D8D8D8E3
:10CD8000D800D8D8D800D8D800D8D8D8D8D800D883
:10CD9000D8D8D800D8D8D8D8D8D8D8D8D8D8D800C3
:10CDA0000000D8D8D800D8D8D8D8D800D8D8D8D863
:10CDB00000D8D8D8D8D8D8D8D8D8D8D8D8D8D8D8CB
:10CDC000D8D8D8D8D8D8D8D8D8D8D8D8D8D8D8D8E3
:10CDD000D8D8D8D8D8D8D8D8D8D8D8D8D8D8D8D8D3
:10CDE000D8D8D8D8D8D8D8D8D8D8D8D8D8D8D8D8C3
:10CDF000D8D8D8D8D8D8D8D8D8D8D8D8D8D8D8D8B3
:10CE0000D8D8D8D8D8D8D8D8D8D8D8D8D8D8D8D8A2
:10CE1000D8D8D8D8D8D8D8D8D8D8D8D8D8D8D8D892
:10CE2000D8D8D8D8D8D8D8D8D8D8D8D8D8D8D8D882
:10CE3000D8D8D8D8D8D8D8D8D8D8D8D8D8D8D8D872
:10CE4000D8D8D8D8D8D8D8D8D8D8D8D8D8D8D8D862
:10CE5000D8D8D8D8D8D8D8D8D8D8D8D8D8D8D8D852
:10CE6000D8D8D8D8D8D8D8D8D8D8D8D8D8D8D8D842
:10CE7000D8D8D8D8D8D8D8D8D8D8D8D8D8D8D8D832
:10CE8000D8D8D8D8D8D8D8000000D8D8D800D8D882
:10CE9000D8D8D800D8D8D8000000D8D8D8D8D8D872
:10CEA000D8D8D800D8D8D800D8D800D8D8D8D8D88A
:10CEB00000D8D800D8D8D800D8D8D8D8D8D8D80052
:10CEC000D8D8D8D8D8D8D800D8D8D8D8D800D8D892
:10CED000D8D8D8D800D8D8D8D8D8D8D800D8D8D882
:10CEE000D8D8D8D800D8D8D8D8D800D8D8D8D8D872
:10CEF000D800D8D8D8D8D8D8D800D8D8D8D8D8D862
:10CF0000D800000000000000D8D8D8D8D800D8D861
:10CF1000D8D8D8D8D8D800D8D8D8D8D8D8D800D841
:10CF2000D8D8D8D800D8D8D8D800D8D8D8D8D8D831
:10CF3000D8D8D800D8D8D8D8D8D8D800D8D8D8D821
:10CF4000D800D8D8D800D8D8D8D8D8D8D8D8D8D811
:10CF5000D800D8D8D800D8D800D8D8D8D8D800D8B1
:10CF6000D800D8D8D8D8D8D8D8D8D8D8D8D8D800F1
:10CF70000000D8D8D800D8D8D8D8D800D8D8000041
:10CF8000000000D8D8D8D8D8D8D8D8D8D8D8D8D8A9
:10CF9000D8D8D8D8D8D8D8D8D8D8D8D8D8D8D8D811
:10CFA000D8D8D8D8D8D8D8D8D8D8D8D8D8D8D8D801
:10CFB000D8D8D8D8D8D8D8D8D8D8D8D8D8D8D8D8F1
:10CFC000D8D8D8D8D8D8D8D8D8D8D8D8D8D8D8D8E1
:10CFD000D8D8D8D8D8D8D8D8D8D8D8D8D8D8D8D8D1
:10CFE000D8D8D8D8D8D8D8D8D8D8D8D8D8D8D8D8C1
:10CFF000D8D8D8D8D8D8D8D8D8D8858585858585A3
:10D0000085858585858585858585858585858585D0
:10D0100085858585858585858585858585858585C0
:10D0200085858585858585858585858585858585B0
:10D0300085858585858585858585858585858585A0
:10D040008585858585858585858585858585858590
:10D050008585858585858585858585858585858580
:10D060008585858585858585858585858585858570
:10D070008585858585858585858585858585858560
:10D080008585858585858585858585858585858550
:10D090008585858585858585858585858585858540
:10D0A0008585858585858585858585858585858530
:10D0B0008585858585858585858585858585858520
:10D0C0008585858585858585858585858585858510
:10D0D0008585858585858585858585858585858500
:10D0E0008500000000008585858585858585858589
:10D0F00085858585858585858585858585850000EA
:10D1000000000000000085858585858585858585ED
:10D1100085858585858585858585858585000085C9
:10D120008585858500858585858585858585858534
:10D1300085858585858585858585850000858585A9
:10D14000858585858585858585858585858585858F
:10D150008585858585858585858500008585858589
:10D16000858585858585858585858585858585856F
:10D170008585858585858585850000858585858569
:10D18000858585858585858585858585858585854F
:10D1900085858585858585850000008585858585CE
:10D1A000858585858585858585858585858585852F
:10D1B00085858585858585850000008585858585AE
:10D1C000858585858585858585858585858585850F
:10D1D0008585858585858585000000008585858513
:10D1E00085858585858585858585858585858585EF
:10D1F0008585858585858585000000000085858578
:10D2000085858585858585858585858585858585CE
:10D2100085858585858585858500000000858585D2
:10D2200085858585858585858585858585858585AE
:10D23000858585858585858585850000008585852D
:10D24000858585858585858585858585858585858E
:10D250008585858585858585858500008585858588
:10D26000858585858585858585858585858585856E
:10D270008585858585858585850000858585858568
:10D28000858585858585858585858585858585854E
:10D2900000858585858585850000858585858585CD
:10D2A00085858585858585858585858585858500B3
:10D2B0000085858585850000008585858585858532
:10D2C0008585858585858585858585858585850093
:10D2D00000000000000000858585858585858585A1
:10D2E0008585858585858585858585858585850073
:10D2F00000000000858585858585858585858585F2
:10D3000085858585858585858585858585858585CD
:10D3100085858585858585858585858585858585BD
:10D3200085858585858585858585858585858585AD
:10D33000858585858585858585858585858585859D
:10D34000858585858585858585858585858585858D
:10D35000858585858585858585858585858585857D
:10D36000858585858585858585858585858585856D
:10D37000858585858585858585858585858585855D
:10D38000858585858585858585858585858585854D
:10D39000858585858585858585858585858585853D
:10D3A000858585858585858585858585858585852D
:10D3B000858585858585858585858585858585851D
:10D3C000858585858585858585858585858585850D
:10D3D00085858585858585858585FC66636363632D
:10D3E0006366FC1D336160606060311E0818182C94
:10D3F0002C3C4636EF0038F71862183418381818E5
:10D40000181C182C18463CEF7000D800D800D80023
:10D41000D800D800D800D8007000C399999999997C
:10D42000999999C387E7E7E7E7E7E7E7E781E3C18A
:10D4300099F9FBFBF7EFC181C1C3DFC783F1FDFDA4
:10D440009B87FFF0E0FFF9F4FFFCF4123CEC899CB1
:10D45000EC999E5C999E5C999F3C999F3C088F3CFF
:10D460000E009F40CF40CEC0CEC0E5C0E5C0F3C0A7
:10D47000F3C0F3C0FBFFFFF8F3FFF7F8F1FFF7F895
:10D48000E9C44308E9E66660ECE66660C0E666600B
:10D49000DCE66660BE6664600C3033080C7FFFFF1C
:10D4A000FF888EFFFFFFFFC8A6FFFFFFFFC8A6C3D0
:10D4B0001048E1C8B2998A264CC8B8999E6678C8C7
:10D4C000B8999E6664C8BC999E664CC8BE999E6613
:10D4D0004CC81EC30C2220008B3FFFC7F8333FFF10
:10D4E000E7F83BFFFFE7F81E227026188F3126640D
:10D4F000C8C7332664C8E333266408733330E4F8BE
:10D5000033332FE4E84601004218FFFFE03FF8FF05
:10D51000FFEFBFF8FFFFF07FF80EEEEEEEEEEEEE5F
:10D520000082C6EEEEEEEEEEE0E0EEEEEEEEEEC6E1
:10D530008200EEEEEEEEEEEE0EE070EF70EF70EFCA
:10D5400070EF70EF70EF70EF70EF70EF70EF70EFE3
:10D5500070EF70EF70EF700F0000003FF03FF003CE
:10D5600000030003000300030003000300030003A3
:10D57000000300030E000E000E00063F8630E2306E
:10D58000303030301830183018301830183018302B
:10D5900030302030C03F800000000000000000005C
:10D5A000003F1F8FE01108892010080100120901B7
:10D5B000001E0F01001209010010080100100801EF
:10D5C00000381C0380000000000000000000000084
:10D5D0000000000000000000001CE00E7008400485
:10D5E0002004800240030002800107C28003000182
:10D5F0000004800100084001001CE00380000000DE
:10D60000000000000000000000000000000000001A
:10D61000001CE00FE0084009200480010005000123
:10D62000000507C100020001000200010002000124
:10D630000007000380000000000000000000000060
:10D640000000000000000000007070030030601156
:10D650000028A0110028A33940252491A02523915A
:10D660002025249120222491207273DBB000000039
:10D6700000000000000000000000000000000000AA
:10D680000002001F00020008800502088005020851
:10D690008008820F80089FC8400F8208401042080F
:10D6A000401042084038E01F8000000000000000E9
:10D6B00000000000000000000001001F0001000841
:10D6C00080028008800280088004400F8004478820
:10D6D0004007C0084008200840082008401C701F70
:10D6E00080000000000000000000000000000000BA
:10D6F0000001000F800100044002810440028544C3
:10D7000040044387C00445442007C1042008200486
:10D7100020082004201C700FC00000000000000042
:10D7200000000000000000000001000F8001000464
:10D73000400280044002810440044007C00447C402
:10D740002007C0042008210420082004201C700F9A
:10D75000C000000000000000000000000000000009
:10D760000000203800002010000050100000501071
:10D7700000008810000088100000F810000104105C
:10D780000001041000038E380000000000000000BB
:10D790000000FFFF1FF81FF81FF81FF8018001802D
:10D7A0000180018001800180018001800180018071
:10D7B0000180018001800180018001800180018061
:10D7C0000180018001800180018001800180018051
:10D7D0000180000000000000000000000000006068
:10D7E0000000E00001E00000600000600000600058
:10D7F00000600000600000600001F8000000000010
:10D800000000000000000000000000000000000018
:10D810000000000000000001F000031800001800E4
:10D8200000300000600000C0000180000300000321
:10D83000180003F8000000000000000000000000D5
:10D84000000000000003E000C1E001C0E003C06090
:10D8500000C02000C00000C00000C02000C0600068
:10D86000C0E00001E00003E00003E003C1E007E0E6
:10D87000E004606000602000E00001C00003802040
:10D8800007006007E0E007E1E00003E080107FE0D0
:10D890007FE00600060006000600060006000600FF
:10D8A000060006008010E070F9F0000099D503082A
:10D8B00099D50308D1D5030809D6030841D6030832
:10D8C00079D60308B1D60308E9D6030821D703089F
:10D8D00059D703080000000000000000410042008A
:10D8E0004600460046004600460046004600460008
:10D8F00046004600E007F81FFC3FFC3FFE7FFE7F2E
:10D90000FE7FFE7FFC3FFC3FF81FE0072E2F3031EB
:10D910003435363738393A3B683E05080000FA435B
:10D920000300000078000000010000000A00000071
:10D93000E83E05080000FA430300000078000000FC
:10D940000100000005000000F83E05080000FA4351
:10D950000300000078000000010000000200000049
:10D96000F03E05080000FA430300000078000000C4
:10D970000100000001000000703E05080000803F2B
:10D98000000000003700000001000000010000005E
:10D99000903E050800002040000000001400000038
:10D9A0000100000001000000183E050800002040B2
:10D9B0000000000014000000020000000100000050
:10D9C000383E050800002040000000001400000060
:10D9D0000400000001000000483E0508000020404F
:10D9E00000000000140000000A0000000100000018
:10D9F000403E050800002040000000001400000028
:10DA00001400000001000000783E050800002040DE
:10DA100000000000140000002800000001000000C9
:10DA2000803E0508000020410000000014000000B6
:10DA30001400000001000000883E0508000020419D
:10DA4000000000001400000032000000010000008F
:10DA5000083E05080000C841000000001400000056
:10DA60002800000001000000603E05080000484258
:10DA7000000000001400000032000000010000005F
:10DA8000103E05080000C84200000000140000001D
:10DA90003200000001000000203E0508000048435D
:10DAA000000000001400000032000000010000002F
:10DAB000303E05080000FA4300000000140000009A
:10DAC0003200000001000000283E050800007A44F2
:10DAD00000000000140000003200000001000000FF
:10DAE000503E050800007A440000000014000000C9
:10DAF0006400000001000000583E050800007A4460
:10DB00000000000014000000C80000000100000038
:10DB1000090A0B0C0D0E0F10111213141C1D1E1FE1
:10DB2000202122232425262728292A2B2C2D0000DA
:10DB300020195E179815D71313124F10900E251940
:10DB400063179E15DD1318125410970EFF8FFBFFFD
:10DB5000C0FF8FFBFFC0C00C001800C00C00180EE7
:10DB6000C00C00180EC00C00180EC00C001800C02D
:10DB70000C001800FF8FF81800FF8FF81800C00C79
:10DB8000001800C00C001800C00C00180EC00C00DB
:10DB9000180EC00C00180EC00C001800C00C0018A5
:10DBA00000007F800001FFE00007FFF8000FFFFC8E
:10DBB000001FFFFE003FFFFF003FFFFF007FFFFF52
:10DBC000807FFFFF80FFFFFFC0FFFFFFC0FFFFFF61
:10DBD000C0FFFFFFC0FFFFFFC0FFFFFFC0FFFFFF51
:10DBE000C0FFFFFFC07FFFFF807FFFFF803FFFFF81
:10DBF000003FFFFF001FFFFE000FFFFC0007FFF8C4
:10DC00000001FFE000007F8000000000240C0020E5
:10DC10002C0C0020340C00203C0C0020440C002074
:10DC20004C0C0020C00B0020F00B0020D80B002073
:10DC3000E40B002000000000180C00201C0C002049
:10DC4000200C0020000C00200C0C00200000010023
:10DC5000030007000E401CE038707038E01CC00F55
:10DC600080070003424D369411000000000036008A
:10DC70000000280000002003000020FEFFFF01003C
:10DC800018000000000000941100000000000000D7
:10DC90000000000000000000000000004725BC87D5
:10DCA0000000000088EC26FD0000000000000000DD
:10DCB0000000000000000000000000000000000064
:10DCC0000000000000000000000000000000000054
:10DCD00000000000000000000000000F80380FFE70
:10DCE000380F803800000000000000000000000035
:10DCF0000000000000000100000600000C000038D9
:10DD000000003100000600000C0000380000300068
:10DD1000000000000000000061800067F807F98043
:10DD20000061800061800061800061800067F80709
:10DD3000F98000618000000000000000000001C0C8
:10DD4000E003E0F00630080418081FFFFE040E0888
:10DD50000787F00381E000000000000001F00006EA
:10DD60000C00040408060C7001F9C0000E00003B12
:10DD7000E000EC18070808040C180003E00000009D
:10DD80000001E00007F003F818041C080417080756
:10DD9000E1D003C0E00023B0003C080020080000F0
:10DDA00010000000000000010000310000320000FF
:10DDB0001C00000000000000000000000000000047
:10DDC0000000000000000000000000000000000053
:10DDD00000000000000000007F0001FFC00780F08D
:10DDE0000C001810000420000200000000000020B9
:10DDF00000021000040C00180780F001FFC0007F33
:10DE00000000000000000000000000000000000012
:10DE1000000000004200006600006600003C0000B8
:10DE2000180003FFC0001800003C000066000066F8
:10DE30000000420000000000080000080000080088
:10DE400000080000080001FFC000080000080000F2
:10DE500008000008000008000000000000010000A9
:10DE60003100003200001C00000000000000000033
:10DE700000000000000000000000000000000000A2
:10DE80000800000800000800000800000800000862
:10DE90000000080000080000080000080000000062
:10DEA00000000000000000003800003800003800CA
:10DEB0000000000000000000000000000000000062
:10DEC0000000000000000000000600001C000070C0
:10DED000000180000E0000380000C0000700001C98
:10DEE0000000300000000000000000007F8001FF03
:10DEF000E0038070060018040008040008060018FB
:10DF000003807001FFE0007F80000000000000003F
:10DF1000000001000801000801000803FFF807FFE6
:10DF2000F8000008000008000008000000000000E1
:10DF300000000001C03802C0580400980401180411
:10DF40000218040418061C1803F81801E0F8000071
:10DF50000000000000000001C0E003C0F004000861
:10DF600004080804080806180803F41801E7F0007C
:10DF700001E0000000000000000000000300000DB0
:10DF80000000110000610000810803010807FFF88C
:10DF90000FFFF80001080001080000000000000069
:10DFA00000E007FCD0060808061008061008061056
:10DFB00008061838060FF00607C000000000000031
:10DFC000000000003F8001FFE003843002081804D5
:10DFD0001008041008041008071810030FF00007B9
:10DFE000C000000000000000000003C000070000A7
:10DFF0000600000600F80607F806180006E000070D
:10E00000000006000000000000000001E1E003F74E
:10E01000F0063410041808041808040C08040C084E
:10E0200006161803F3F001C1E00000000000000034
:10E03000F80003FC30030638040208040208040256
:10E04000080404100308F001FFC0007F0000000076
:10E0500000000000000000000000000000000000C0
:10E0600070380070380070380000000000000000B8
:10E0700000000000000000000000000000000000A0
:10E0800000000000301A00301C00000000000000FA
:10E090000000000000000000000000000000000878
:10E0A00000001400002200004100008080010040B8
:10E0B000020020040010080008000000000000001A
:10E0C000210000210000210000210000210000218A
:10E0D00000002100002100002100002100000000BC
:10E0E00000000000000008000804001002002001E9
:10E0F0000040008080004100002200001400000861
:10E100000000000000000003C00004C00004000084
:10E11000080038080F380808380810000C300007CD
:10E12000E00003C000000000000000003F8000FF8E
:10E13000E0038070020F1006708804C08804830812
:10E14000047F8802C09003012000FE400000080008
:10E1500000180001F8003E0801C20007020007E2B3
:10E160000000FE00001FC80001F800003800000891
:10E1700004000807FFF807FFF8040808040808046B
:10E18000080804080806180803F41801E7F000015D
:10E19000E0000000000000003F8001FFE00380700D
:10E1A0000200180400080400080400080400100617
:10E1B00000200780C000000004000807FFF807FFE8
:10E1C000F804000804000804000804001802001005
:10E1D00003807001FFE0007F80000000040008075A
:10E1E000FFF807FFF80408080408080408080408F2
:10E1F00008043E0804000806001801006000000042
:10E2000004000807FFF807FFF804080804080004E2
:10E210000800040800043E0006000006000001801B
:10E2200000000000000000003F8001FFE00380705C
:10E230000600180400080402080402080203F0079C
:10E2400083F000020000020004000807FFF807FF47
:10E25000F804080800080000080000080000080092
:10E2600004080807FFF807FFF80400080000000092
:10E27000000004000804000804000807FFF807FF76
:10E28000F804000804000804000800000000000072
:10E290000000000000060000070000010400010467
:10E2A000000104000307FFFE07FFFC040000040058
:10E2B0000004000004000807FFF807FFF8040C083A
:10E2C000001800003E0004C7800503C80600F804DB
:10E2D000003804001800000804000807FFF807FFD2
:10E2E000F80400080000080000080000080000080A
:10E2F000000008000018000060000000040008078B
:10E30000FFF807800807FC00007FC00003F8000743
:10E31000C000780007800807FFF807FFF80400082E
:10E3200004000807FFF807000803C00000E0000031
:10E330003800001E000007000001C00400F007FFC5
:10E34000F8040000000000007F8001FFE0038070FF
:10E350000600180400080400080600180300300135
:10E36000FFE0007F8000000004000807FFF807FFBF
:10E37000F804040804040004040004040004040075
:10E38000060C0003F80001F000000000000000008F
:10E390007F8001FFE003807006008804008804008D
:10E3A000C806003C03003E01FFE6007F8400000039
:10E3B00004000807FFF807FFF80408080408000431
:10E3C0000C00040F00040BC00610F003F03801E04D
:10E3D0000800000800000001E0F803F030063010EB
:10E3E000041808041808040C08040C080206180293
:10E3F00007F00781E0000000018000060000040033
:10E400000004000004000807FFF807FFF8040008F4
:10E410000400000400000600000180000400000762
:10E42000FFE007FFF00400180000080000080000EB
:10E430000800000800000804001007FFE0040000C6
:10E4400004000006000007E00007FE00041FE000D3
:10E4500001F80000380001E0043E0007C00006009B
:10E460000004000004000007E00007FFC0041FF8DC
:10E470000007C007F80007FF80043FF80007C0044A
:10E48000F800070000040000000000040008060077
:10E490001807C07805F1C8003E00001F800463E83B
:10E4A0000780F806001804000800000004000006B9
:10E4B000000007800007E008047C08001FF8000740
:10E4C000F800180804E00807000006000004000037
:10E4D0000000000100080600380400F80403E80406
:10E4E0000F08047C0805F00807C00807001804009E
:10E4F00060000000000000000000000000000000BC
:10E500000000003FFFFE2000022000022000022049
:10E5100000022000020000000000000000000800CF
:10E520000007000000C0000038000006000001C025
:10E5300000003000000E000001000000000000009C
:10E540000000200002200002200002200002200023
:10E55000023FFFFE0000000000000000000000007D
:10E560000000000000000000000800001000003063
:10E570000000200000300000100000080000000033
:10E580000000000000000100000100000100000187
:10E590000000010000010000010000010000010076
:10E5A0000001000001000001000000000000000068
:10E5B00000200000200000100000100000000000FB
:10E5C000000000000000000000000000000000004B
:10E5D00000F00019F8001B1800220800260800248B
:10E5E00008002410003FF8001FF800000800001881
:10E5F00000000004000007FFF80FFFF000181800EB
:10E600001008002008002008003018001FF0000F3C
:10E61000C00000000000000007C0001FF00018301C
:10E62000002008002008002008003C08001C100002
:10E6300000600000000000000000000007C0001F94
:10E64000F0003818002008002008002008041010EE
:10E6500007FFF80FFFF000001000000000000000AE
:10E6600000000007C0001FF0001230002218002236
:10E6700008002208003208001E10000E20000000D2
:10E6800000000000200000200800200801FFF8031F
:10E69000FFF80620080420080420080720000300D3
:10E6A0000000000000000000000E000E6E001FF3CE
:10E6B0000031B10020B10020B1003191001F1300E2
:10E6C0002E1E00200E00300000000004000807FF8E
:10E6D000F80FFFF8001008002000002000002008BC
:10E6E000003FF8001FF800000800000000000000D4
:10E6F0000000002008002008002008063FF8063F20
:10E70000F8000008000008000008000000000000F9
:10E7100000000000000000000300000300200100D2
:10E720002001002003063FFE063FFC000000000021
:10E730000000000000000004000807FFF80FFFF8C9
:10E74000000188000300002FC00038F800203800C6
:10E750002008000008000000000000000000040085
:10E760000804000804000807FFF80FFFF80000087D
:10E770000000080000080000000000000020080061
:10E780003FF8003FF8001008002000003FF8003F6D
:10E79000F8001008002000003FF8003FF8000008D3
:10E7A000000000002008003FF8003FF800100800BB
:10E7B0001000002000002008003FF8001FF80000B3
:10E7C000080000000000000007C0000FF000183033
:10E7D0000030080020080020080030080018300031
:10E7E0000FF00007C0000000000000002001003F03
:10E7F000FF003FFF00101100200900200800200842
:10E80000003038001FF0000FC000000000000000C2
:10E8100007C0001FF0003818002008002008002062
:10E8200009001011001FFF003FFF00000100000061
:10E83000002008002008002008003FF8003FF800F2
:10E8400008080010080020080020000030000030F8
:10E8500000000000000000000000000C78001E18FE
:10E8600000330800230800210800218800219800B7
:10E8700030F00038600000000000000020000020A0
:10E880000000200000FFF003FFF80020080020082F
:10E890000020080000300000000000000000000020
:10E8A0002000003FF0007FF8000018000008000082
:10E8B00008002010003FF8007FF00000100000006A
:10E8C000000000002000003000003C00003F8000FD
:10E8D00023F0000078000070002380003C0000302E
:10E8E00000002000002000003C00003FE00023F872
:10E8F0000000E0002700003E00003FE00021F8009B
:10E9000001E0003E00002000000000002008002080
:10E9100008003838003E680027800003C8002CF843
:10E920000038380020180020080000000000000017
:10E930002000003003003C01003F830023EC000076
:10E9400070002380003C0000200000200000000038
:10E950000000000000000038080020380020F80007
:10E9600023E8002F88003E08003808002018000027
:10E970007000000000000000000000000000000027
:10E980000000000008000014001FF7FC3000062003
:10E990000002000000000000000000000000000075
:10E9A00000000000000000000000FFFFFF0000006A
:10E9B0000000000000000000000000000000000057
:10E9C00000002000023000061FF7FC0014000008C1
:10E9D0000000000000000000000000000000000037
:10E9E000000000180000600000400000400000200F
:10E9F00000001000000800000400000400000C00EB
:10EA000000100000000000000000000000000000F6
:10EA1000000000000000000000001FCC000C0000FF
:10EA20000000000000000800300060000800300016
:10EA300060000000022003FC1E20022003FC1E20B8
:10EA40000220000000000E1811043FFF10840C7813
:10EA5000000000000F0010840F3800C007781884F1
:10EA60000078000000780F8410C411240E9800E490
:10EA7000008400080800680070000000000000002A
:10EA80000000000000000000000007E0181820044B
:10EA900040020000000040022004181807E00000B7
:10EAA000000000000240024001800FF0018002409F
:10EAB000024000000080008000800FF8008000808D
:10EAC000008000000001000D000E000000000000AA
:10EAD00000000000000000800080008000800080B6
:10EAE000008000800000000C000C0000000000000E
:10EAF0000000000000000006001800600180060011
:10EB000018002000000007F008081004100408088E
:10EB100007F000000000080408041FFC00040004C3
:10EB20000000000000000E0C10141024104411848A
:10EB30000E0C000000000C181004110411041288BF
:10EB40000C700000000000E00320042408241FFCD7
:10EB50000024000000001F98108411041104108884
:10EB600010700000000007F00888110411041888D4
:10EB70000070000000001C00100010FC13001C00BE
:10EB80001000000000000E3811441084108411445D
:10EB90000E38000000000700088C1044104408885C
:10EBA00007F00000000000000000030C030C000050
:10EBB000000000000000000000010106000000004D
:10EBC000000000000000008001400220041008083E
:10EBD0001004000002200220022002200220022055
:10EBE0000220000000001004080804100220014068
:10EBF0000080000000000E001200100C106C10804D
:10EC00000F00000003E00C1813E4142417C40828B4
:10EC100007D000000004003C03C41C40074000E48F
:10EC2000001C000410041FFC1104110411040E88C0
:10EC30000070000003E00C18100410041004100809
:10EC40001C10000010041FFC10041004100408081D
:10EC500007F0000010041FFC1104110417C4100475
:10EC60000818000010041FFC1104110017C0100048
:10EC70000800000003E00C181004100410441C7875
:10EC80000040000010041FFC1084008000801084ED
:10EC90001FFC10040000100410041FFC10041004DA
:10ECA0000000000000030001100110011FFE100011
:10ECB0001000000010041FFC110403801464181CD1
:10ECC0001004000010041FFC1004000400040004E1
:10ECD000000C000010041FFC1F0000FC1F001FFCA4
:10ECE0001004000010041FFC0C04030000E01018C6
:10ECF0001FFC100007F00808100410041004080896
:10ED000007F0000010041FFC108410801080108099
:10ED10000F00000007F0081810241024101C080A27
:10ED200007F2000010041FFC1104110011C0113083
:10ED30000E0C000400000E1C1104108410841044FA
:10ED40001C3800001800100010041FFC10041000F4
:10ED50001800000010001FF8100400040004100444
:10ED60001FF8100010001E0011E0001C007013803E
:10ED70001C0010001FC0103C00E01F0000E0103C11
:10ED80001FC000001004180C163401C001C0163456
:10ED9000180C100410001C00130400FC13041C00C9
:10EDA000100000000804101C1064108413041C04DC
:10EDB000101800000000000000007FFE400240022A
:10EDC00040020000000030000C0003800060001CC6
:10EDD0000003000000004002400240027FFE0000ED
:10EDE0000000000000000000200040004000400043
:10EDF00020000000000100010001000100010001ED
:10EE00000001000100004000400020000000000060
:10EE10000000000000000098012401440144014466
:10EE200000FC000410001FFC00880104010400889D
:10EE3000007000000000007000880104010401045B
:10EE4000008800000000007000880104010411081F
:10EE50001FFC0004000000F8014401440144014487
:10EE600000C800000000010401040FFC110411049B
:10EE700011001800000000D601290129012901C94B
:10EE80000106000010041FFC0084010001000104C1
:10EE900000FC000400000104190419FC0004000433
:10EEA000000000000000000300010101190119FE2B
:10EEB0000000000010041FFC0024004001B4010CFD
:10EEC000010400000000100410041FFC00040004F2
:10EED00000000000010401FC0104010001FC010428
:10EEE000010000FC010401FC008401000100010498
:10EEF00000FC0004000000F8010401040104010406
:10EF000000F80000010101FF0085010401040088F0
:10EF10000070000000000070008801040104010579
:10EF200001FF00010104010401FC0084010401004F
:10EF300001800000000000CC0124012401240124F0
:10EF40000198000000000100010007F8010401041D
:10EF500000000000010001F80004000400040108A2
:10EF600001FC0004010001800170000C0010016030
:10EF70000180010001F0010C003001C00030010CE3
:10EF800001F0010000000104018C00740170018C8B
:10EF900001040000010101810171000E00180160EF
:10EFA0000180010000000184010C0134014401844E
:10EFB000010C0000000000000000000001003EFC09
:10EFC000400240020000000000000000FFFF0000BF
:10EFD000000000000000400240023EFC0100000072
:10EFE0000000000000006000800080004000400041
:10EFF00020002000C6B5C2CAD6DCC6DAB7E5D4A464
:10F00000C1F4B9A6C4DCC6BDBEF9D6B5D5FDCAB13A
:10F01000D0E8D2AAB0CEC8ABB2BFCCBDCDB7B8BADB
:10F02000C5CCD6D8CAD4D7EEB4F3C4ACC8CFB2CE10
:10F03000CAFDD0A1D4DAC7EBD6B4D0D0B2BDD6E8E1
:10F04000B2E2C1BFB4F2BFAAB4F3C8DDC1BFD4CB32
:10F05000D0D0CDA3D6B9B5C8B4FDC7D0BBBBCEB454
:10F06000CAB6B1F0B5BDB4A5C3FEC6C1D6D8C6F404
:10F07000CAC7B7F1C8B7B6A8C8A1CFFBC0A9D5B950
:10F08000B9A6C4DCB3C9B9A6CAA7B0DCD5BCBFD584
:10F09000B1C8D3D0D0A7BBD6B8B4B3F6B3A7B9D84C
:10F0A000BBFABFD8D6C6B5F7BDDAB2A8D0CEBCF28F
:10F0B000D6D0B7B1CCE5D6D0B5B1C7B0D4DDCEB4DB
:10F0C000D6A7B3D6BEB4B5A5B4CEB4A5B7A2B4A2E4
:10F0D000B4E6C9E8B1B8BBF9CFDFD0A3D7BCCBAE9B
:10F0E000C6BDB4B9D6B1B9D8BBFABFA8B2BBBBF2E2
:10F0F000BCFECFB5CDB3B4EDCEF3D7D4B6AFBEAB77
:10F10000CFB8CFE0B9E2B1EAB1A3B4E6CAFDD1A766
:10F11000CEC4C2F6BFEDB8BACEBBB3E504223CC242
:10F1200004040408FDD0242024C200024FE458182F
:10F130006BE0481048084FE44006000000103050D3
:10F140002890251020102650ACD0757F265024D052
:10F1500028302510289020502010000000010002C7
:10F16000000C7FF04000420052F852907E90529086
:10F1700052F8420240017FFE00000000004220449D
:10F18000FFD82A402A402A50FFCC204600187FE0B2
:10F190004440444444427FFC000000001FF800103B
:10F1A000FFF000201FF0040409541154F2544BFFE7
:10F1B00044544A547354425400040000040044046C
:10F1C00054024FFC54006600040240024FE45818F9
:10F1D0006BE0481048084FE44006000000000000C3
:10F1E0007F0042FF54928892869201FE4692789266
:10F1F0004292419242FF7C0000000000002020303B
:10F20000202020203FC0204228442888083009C4FC
:10F21000FE04080608040FF80000000008001DFFA7
:10F22000E9504950095229511DFE08000000FEFC1A
:10F230001222122222422E4E0404000000808080FE
:10F24000A08090808E8084808080FFFF808082807C
:10F250008480B880908080800080000008100818AA
:10F260000810FFE00820094002500C18F21051A0CD
:10F270001124104210413FFE100000000100020066
:10F280000FFFF4004002200227FE25522D52F552B6
:10F290006552255227FE20020002000000044004AF
:10F2A000400443FC40044004400440047FFC41040B
:10F2B00041044104410441044004000000003FE0D7
:10F2C0002220222022203FE00800090008C0080276
:10F2D0000801FFFE08000800080000000000308060
:10F2E000A0BFAAA0AAA0AABEA0E0FEA0A0A0AABEFD
:10F2F000AAA0AAA2A0A1B0BE208000004040404128
:10F300005F41524252727FD45254524852487E4812
:10F31000525452645F43404240400000104010424B
:10F320001081FFFE11021204081A08E2FF040AC845
:10F330000A304A682B840A06080400000000010213
:10F34000020206220A2212222222C3FE22221222B4
:10F350000A220E62062204060002000002002200B9
:10F36000327EAE44624426443A44227E02007FFF4D
:10F37000400042104610590860F000001040104252
:10F380001081FFFE1200110865105960418047FF8F
:10F390004140512049186D0C410800000080008058
:10F3A0000081488226843488009000A0FFC000A01D
:10F3B0000098008C0087008200800000000004019B
:10F3C00008011FF22802C804481849E048105808EC
:10F3D00068040FF70002000000000000042204424D
:10F3E00005823E3E24226422B63E2DA2242224BE63
:10F3F00024623FA2043E0402040200001002100234
:10F40000501257D2555255525552FFFE95529552B1
:10F41000955297D210121002100200000200420012
:10F420003BFE100400080904090409F8090809084A
:10F43000FF80086048183804081E00000204020417
:10F4400003FCFAA8AAA8AAA8ABFFAA12AAC4AAA851
:10F45000AA90FAA802C40286020400000400040173
:10F46000040204040408043005C0FE0005800460A2
:10F470000410040C0406040304020000002E7D2086
:10F4800055284D267FC84D46554A7D440408043012
:10F49000FFC00430240C1C0604040000020082009B
:10F4A000420033FE200400090006001801E0FE00BF
:10F4B00001C00030000C00030002000004400442C0
:10F4C00014A234AA554AD6521C9435242424264822
:10F4D0006548349004D0046000400000084249426E
:10F4E0002A541C74FFC81C582A644A4001020F04A5
:10F4F000F8C8483008CC0F0608040000002000407F
:10F50000008003000E0004020001FFFE000008005E
:10F5100004000300018000E00040000000202040C3
:10F52000208023FE26003904E1042104210427FC65
:10F5300021042104210421042004000002004200CF
:10F54000320023FE0004440855FF55505550FD502D
:10F550005552555155FE44000400000010801082A1
:10F560001101FFFE1201140200041118FFE0104007
:10F57000102010001FFC0002000F00000840108047
:10F58000210063FFCE00440002002200220222017B
:10F5900023FE2200220022000200000000000422BC
:10F5A000042204423D82040404040404FFE8240805
:10F5B0002410242024C004400400000040205F24C4
:10F5C00041427F0401F88214FE14AAA8AA90FF8089
:10F5D00084FF5510492854446604000010208C3FD5
:10F5E00061C0060000017FE2400C4FF040087FE65A
:10F5F00000001FE000020001FFFE00000202020204
:10F600000202FBEAAAAAAAAAAAAAABFEAAAAAAAAC4
:10F61000AAAAFBEA020A020202020000084008420B
:10F620000881FFFE09000A002800200020022001B6
:10F630003FFE2000200020002000000002004202C7
:10F640004204420842307FC0420042004200420071
:10F650007FFE42004200420042000000040004011C
:10F66000040204040408043005C0FE0005800460A0
:10F670000410040C040604030402000008203020D7
:10F68000224024402CBF3922A2226C222222312285
:10F6900028BF2E8024403060204000000202020279
:10F6A0000202FBEAAAAAAAAAAAAAABFEAAAAAAAA24
:10F6B000AAAAFBEA020A0202020200000202820473
:10F6C00073F8200400140432445245924612443226
:10F6D000452244A2447A44320402000008401080CB
:10F6E000210063FFCE00440002002200220222011A
:10F6F00023FE22002200220002000000010002007E
:10F7000004001FFFE00040C020802EA02AA2AAA172
:10F710006ABE2AA02EA020A020C000000002000285
:10F72000000200020FFE000200020002FFFE0202C1
:10F73000020202020202020200020000090011207D
:10F74000E520452065205D30452C1F20E522452120
:10F7500065FE5D20452041200100000004000840B6
:10F760001080E3FF5C000A40224022582240FE4203
:10F77000224123FE224022400240000002000200FB
:10F780000200FFF8041004222444201820603F8067
:10F790002000200420023FFC000000001040104226
:10F7A0001081FFFE114014420FC23444E45827E098
:10F7B0002C50344827C400460044000002040204D0
:10F7C00012081208121012601380FFFF12801240FC
:10F7D000122012101218020C02080000020082000F
:10F7E000720023FE0004000900027F0C41704100FA
:10F7F000410041407F30000E000400000001008203
:10F800007E8C44B047C0448444867EFC00000000E7
:10F810003FE000020003FFFE000000000000444241
:10F820004E435442644447FC54444E48444800000C
:10F830001FF000020001FFFE0000000004021FFC98
:10F84000EA404A404FFC4A425A416FFE00020FC252
:10F850000842FFFE08440FD4000E00001080108202
:10F860001101FFFE120020212FA1FAA22AAC2AF0DA
:10F870002AA8FAA42FA62023202200000002000CB0
:10F88000FFF0904192429A4C97F092409240924001
:10F8900097FF9A409240F240004000001002100290
:10F8A000501257D2555255525552FFFE955295520D
:10F8B000955297D2101210021002000000020004AC
:10F8C00000181FE01200127E124492447244524407
:10F8D0001244124412441E7E000000000100010286
:10F8E000010401087D705508550455FC5522552228
:10F8F00055227D2201220102010200000000410088
:10F900004100427E4644444448445FC470444044FD
:10F910004844447E4600430000000000008021006F
:10F9200027FC3A10221123F2080C1FF0E92049208D
:10F930004FFC592269214FFE00000000000208041C
:10F94000301825E024102408A40467FE2442244231
:10F9500024422442280230022000000040084008CF
:10F960007FF04910491049207FFF402040443E0865
:10F970002190206021903E0C2008000010200C20D7
:10F9800080FF63000C00000027FF1C900490FC9097
:10F9900004900C92149127FE0000000010401044C7
:10F9A0001082FFFC11001202000C1FF0100010006A
:10F9B0009000700010001000100000000002000C09
:10F9C000FFF09080928292FF9F8292C492A09290C8
:10F9D0009F9892A4F2E602A300820000002020304B
:10F9E000202020203FC0204228442888083009C415
:10F9F000FE04080608040FF80000000008001DFFC0
:10FA0000E9504950095229511DFE08000000FEFC32
:10FA10001222122222422E4E040400000002000C88
:10FA20001FF012001210120A13F21004FF0810D077
:10FA30009030504813841102100F00000020203035
:10FA4000202020203FC0204228442888083009C4B4
:10FA5000FE04080608040FF8000000000000028001
:10FA6000048118826884088808B0FFC008A0089044
:10FA7000088C0886088300820080000000000002D5
:10FA80007F8C40304FC040207F9D040A1F04E8C88F
:10FA9000483008C80F0608030802000000000000F4
:10FAA00001FE010401040104FF0411041104110406
:10FAB000110411FE100010000000000008003002C8
:10FAC0002102228224822882A08260FE2082288253
:10FAD000248222822102280230000000000000005F
:10FAE000FFFE04040408041004000000FFFC0202EE
:10FAF0000202020204020402041E000000402080F0
:10FB00002100220027FF2C903490E490249424922A
:10FB1000249327FE20002000200000000002108215
:10FB200013849C4870301850158A120202040F0486
:10FB3000F8C8483008CC0F06080400000E0000008A
:10FB4000FFFF10080C1210621384FD0410981FE0D0
:10FB500010601090130C1006100400000000080143
:10FB600010092012DF2255E4555455485548555484
:10FB7000555455625F42400300020000000000003F
:10FB80003F7E0204020402040204FFFC0204020499
:10FB90000204020402043F7E000000000002000C88
:10FBA0007FF0400040004000400040004000400026
:10FBB00040004000400040004000000000800881FC
:10FBC000088208848888789028A00FC008A0189020
:10FBD000E88C48861883088200800000102010C03E
:10FBE0001300FFFF12001182100C00307FC0400094
:10FBF000400040007FFC0002001E00001040104248
:10FC00001081FFFE1100120000021942124214423C
:10FC1000507E344212421B421002000000000A00D3
:10FC2000F2FC52801280FFFF1284128612FC000048
:10FC30003FF000020001FFFE00000000040084000D
:10FC400077F820110022000CFFF0940095F0FD20C1
:10FC5000952095F28001FFFE0000000020002000AA
:10FC6000220022002200FA0023FF220022002200AC
:10FC7000FA10220823F020002000000008200620AF
:10FC800080FF6702000C1FF1110111821164FF183F
:10FC900011181164118618031002000002014202BB
:10FCA000420C7FF0420042007FFE420042210242AD
:10FCB000088411082710E27040200000080010009E
:10FCC000E3FF4800640051F8414855482548C548BD
:10FCD00045F86402540147FE4000000000000000A7
:10FCE0003FE01040104010401040FFFF1040104017
:10FCF000104010403FE01000000000002400DF0032
:10FD000055005D21572A55685FB909AF1028E8C82A
:10FD1000251A220D2D0030802080000002000400F2
:10FD20001FFEE80040100820085009900E10FFFE4A
:10FD30000B10089008600830002000000000000050
:10FD40003FE01040104010401040FFFF10401040B6
:10FD5000104010403FE010000000000000000000D4
:10FD6000020442443A44124402440244FE4402441F
:10FD70000A447244224403FE0000000010001000F8
:10FD800017FE15209524752257FC1000100013F85B
:10FD90003002D00157FE10001000000001004900A1
:10FDA0005900697EDFD24A524AD201527E524852ED
:10FDB0004852487E4F8048000800000002040204B8
:10FDC00012081208121012601380FFFF12801240F6
:10FDD000122012101218020C02080000000010027B
:10FDE00010021202130412C41228FE10121012285C
:10FDF00012C413041202100310020000104010423B
:10FE00001081FFFE11001680248024A02498FC920B
:10FE1000248127FE24802480048000002100220009
:10FE20002CF0F490249024F2F40127FE22020F0417
:10FE3000F8C8083009CC0E060804000000100010B5
:10FE40001FD014909490749054901FFF149034908D
:10FE5000D49054901FD00010001000000040407A51
:10FE600038C203040C0432080C10F02010C01F80AC
:10FE700010601010140C18061004000004021FFC7F
:10FE8000EA404A404FFC4A425A416FFE00020FC20C
:10FE90000842FFFE08440FD4000E000000020804D0
:10FEA0007C08081108E10F82F96209140908491455
:10FEB00029E43802080308020800000002000400D8
:10FEC0001BFEE400440437FE0044248824FE25A4DD
:10FED000FEA424A42CA474FE2400000000202040D2
:10FEE000208023FF26003840E440A44024422441DF
:10FEF00025FE2640244020400040000002008200F1
:10FF000073FE20040009010102027DC24134410850
:10FF100041087D3403C20203020200000040044095
:10FF2000088010FFE15251524A52447E44524A52D4
:10FF3000715241FF008000C0008000000088208ACC
:10FF4000209220B2FFD22A922A922ABE2A922A9284
:10FF5000FFD220A220B2209A0090000002040644A2
:10FF60001AC4E34846480048090409040908FFC8C0
:10FF70000930492839442902011F0000104011802E
:10FF80001600FFFF1400120200421184166490183C
:10FF900070181064158612031102000000404040E2
:10FFA000387E138004000800FFFE5244124492443D
:10FFB0007FFC124416C4324C1004000000080808EC
:10FFC0000810086009800E020001FFFE0400060010
:10FFD0000980106020300018001000000080808030
:10FFE000A08090808E8084808080FFFF80808280CF
:10FFF0008480B8809080808000800000010009200B
:020000040804EE
:10000000292229222FE2292229227FFE4922492260
:100010004FE2C92249220922090000000002200201
:1000200020022FFE295229523952E95229522952CF
:1000300029522FFE200220020002000000800881C9
:10004000088208848888789028A00FC008A018909B
:10005000E88C48861883088200800000102010C0B9
:100060001300FFFF12001182100C00307FC040000F
:10007000400040007FFC0002001E00000000020063
:1000800002000200020002000200FFFF22002240E4
:1000900022202230221C2208020000000000401012
:1000A000402040404080410042007FFE600042000E
:1000B0004300418040E0C0404000000000001004C8
:1000C00013C41244124A124A13D410041008FF90A9
:1000D000106050583184111E00000000020004001E
:1000E0001FFFF00041800680788028800880FFFF95
:1000F000088008800880088000800000000000025E
:10010000408444C84D9055A06682468144FE888054
:10011000B2A0819080C880460000000004040C4416
:1001200034C4C548064808492102230C25F0B9000B
:10013000610021FC25022382210E000002800C8038
:100140003480E7FF24822484020012FFFE92129280
:100150001292FE92129212FF020000000200820030
:1001600073FC200800110242FA448A488A508BE04E
:100170008A508A48FA44024700420000000000000A
:1001800000001FFF122212223222D22252221222F9
:10019000122212221FFF0000000000000410243869
:1001A00024D02710243024A0247204240808083006
:1001B000FFC0080408020FFC0000000024101CE02F
:1001C0000700FFFF0D0034800040440055FF5550EC
:1001D000FD505552555155FE44000000080818883E
:1001E0002988CA904C90109000003FFC21082108FB
:1001F0003FF8210821083FFC00000000082008C04B
:100200000B00FFFF0C000A00098000007FFF444242
:100210004442444244427FFF0000000000000201CB
:10022000420222043A1813E00200FE00020003FC1E
:100230000A02720222020602021E0000082008C002
:100240000B00FFFF0A000990042044C0440244014F
:1002500047FE44004480446004380000020004006B
:100260001FFEE800410401087D104560458047FEFF
:1002700045C045307D18010C0108000000202040D9
:10028000208023FF26003840E440A440244224413B
:1002900025FE2640244020400040000008424942FC
:1002A0002A541C74FFC81C582A644A4001020F04D7
:1002B000F8C8483008CC0F060804000002000C40C3
:1002C000084048403A402A400A428A417AFE2B4080
:1002D0000A401840EA404C4008400000100210025A
:1002E000100210041E0411889050702010501188C4
:1002F0001E081004100610041004000000067FF809
:10030000488248817FFE0008121013E290017FFEB0
:10031000410002801C600838001000000800300115
:10032000280129F229023D04A91869E0291C3D028F
:10033000290229F22802300E2000000000000401EA
:1003400008011FF22802C804481849E0481058085C
:1003500068040FF7000200000000000000800300A6
:100360000C0037FEC0045404130490E45004700CD5
:1003700010741784120410040004000000204020B0
:10038000387F138000001FC0108010801080FFFF96
:100390001080108010801FC00000000043554541B0
:1003A0004141414345454549494941414592924F63
:1003B0004F4F5555594F554F9C4F9E9F41494F5553
:1003C000A5A5A6A7A8A9AAABACADAEAFB0B1B2B374
:1003D000B4414141B8B9BABBBCBDBEBFC0C1C2C3C4
:1003E000C4C54141C8C9CACBCCCDCECFD1D145457A
:1003F0004549494949D9DADBDCDD49DF4FE14F4F57
:100400004F4FE6E8E85555555959EEEFF0F1F2F344
:10041000F4F5F6F7F8F9FAFBFCFDFEFF010305071A
:10042000090E10121416181C1E222A2B2C2E3A3BD1
:100430003C3D3E3F5B5D7C7F0000010004001000FE
:10044000400000010002000001000200040008005A
:10045000100020000000C700FC00E900E200E400FA
:10046000E000E500E700EA00EB00E800EF00EE0046
:10047000EC00C400C500C900E600C600F400F600A8
:10048000F200FB00F900FF00D600DC00F800A3003A
:10049000D800D7009201E100ED00F300FA00F1006E
:1004A000D100AA00BA00BF00AE00AC00BD00BC0085
:1004B000A100AB00BB0091259225932502252425A0
:1004C000C100C200C000A9006325512557255D2544
:1004D000A200A5001025142534252C251C25002557
:1004E0003C25E300C3005A2554256925662560256F
:1004F00050256C25A400F000D000CA00CB00C80035
:100500003101CD00CE00CF0018250C25882584258B
:10051000A600CC008025D300DF00D400D200F50077
:10052000D500B500FE00DE00DA00DB00D900FD00DA
:10053000DD00AF00B400AD00B1001720BE00B60072
:10054000A700F700B800B000A800B700B900B300DA
:10055000B200A025A00061001A03E0001703F80014
:100560000703FF000100780100013001320106019C
:10057000390110014A012E017901060180014D0067
:100580004302810182018201840184018601870185
:10059000870189018A018B018B018D018E018F01F9
:1005A00090019101910193019401F6019601970147
:1005B000980198013D029B019C019D0120029F0131
:1005C000A001A001A201A201A401A401A601A7010A
:1005D000A701A901AA01AB01AC01AC01AE01AF01B9
:1005E000AF01B101B201B301B301B501B501B7016A
:1005F000B801B801BA01BB01BC01BC01BE01F701E1
:10060000C001C101C201C301C401C501C401C701C8
:10061000C801C701CA01CB01CA01CD011001DD012A
:1006200001008E01DE011201F3010300F101F4016A
:10063000F401F8012801220212013A020900652C96
:100640003B023B023D02662C3F0240024102410256
:1006500046020A01530240008101860155028901C8
:100660008A0158028F015A0290015C025D025E020B
:100670005F029301610262029401640265026602F4
:100680006702970196016A02622C6C026D026E028B
:100690009C01700271029D01730274029F01760237
:1006A0007702780279027A027B027C02642C7E0255
:1006B0007F02A60181028202A901840285028602CC
:1006C0008702AE014402B101B20145028D028E02E1
:1006D0008F0290029102B7017B030300FD03FE032A
:1006E000FF03AC0304008603880389038A03B10374
:1006F0001103C2030200A303A303C4030803CC0332
:1007000003008C038E038F03D8031801F2030A0041
:10071000F903F303F403F503F603F703F703F9030F
:10072000FA03FA0330042003500410076004220186
:100730008A043601C1040E01CF040100C004D004B4
:1007400044016105260400007D1D0100632C001E8C
:100750009601A01E5A01001F0806101F0606201F42
:100760000806301F0806401F0606511F0700591FC4
:10077000521F5B1F541F5D1F561F5F1F601F08061F
:10078000701F0E00BA1FBB1FC81FC91FCA1FCB1F77
:10079000DA1FDB1FF81FF91FEA1FEB1FFA1FFB1FF1
:1007A000801F0806901F0806A01F0806B01F04003F
:1007B000B81FB91FB21FBC1FCC1F0100C31FD01F21
:1007C0000206E01F0206E51F0100EC1FF21F0100F8
:1007D000FC1F4E21010032217021100284210100F2
:1007E0008321D0241A05302C2F04602C0201672CA1
:1007F0000601752C0201802C6401002D260841FFA2
:100800001A0300000000803F000000005E836C3F80
:1008100015EFC33EF304353FF304353F15EFC33EF8
:100820005E836C3F000000000000803F15EFC3BEF8
:100830005E836C3FF30435BFF304353F5E836CBFCA
:1008400015EFC33E000080BF000000005E836CBF58
:1008500015EFC3BEF30435BFF30435BF15EFC3BEB8
:100860005E836CBF00000080000080BF15EFC33EB8
:100870005E836CBFF304353FF30435BF5E836C3F8A
:1008800015EFC3BE0000803F00000000BE147B3F98
:10089000C2C5473E5E836C3F15EFC33E31DB543F1C
:1008A000DA390E3FF304353FF304353FDA390E3FB2
:1008B00031DB543F15EFC33E5E836C3FC2C5473EFC
:1008C000BE147B3F000000000000803FC2C547BE51
:1008D000BE147B3F15EFC3BE5E836C3FDA390EBF9B
:1008E00031DB543FF30435BFF304353F31DB54BFF4
:1008F000DA390E3F5E836CBF15EFC33EBE147BBF7B
:10090000C2C5473E000080BF00000000BE147BBF90
:10091000C2C547BE5E836CBF15EFC3BE31DB54BF9B
:10092000DA390EBFF30435BFF30435BFDA390EBF31
:1009300031DB54BF15EFC3BE5E836CBFC2C547BE7B
:10094000BE147BBF00000080000080BFC2C5473ED0
:10095000BE147BBF15EFC33E5E836CBFDA390E3F1A
:1009600031DB54BFF304353FF30435BF31DB543F73
:10097000DA390EBF5E836C3F15EFC3BEBE147B3FFA
:10098000C2C547BE0000803F000000006DC47E3F2E
:1009900036BDC83DBE147B3FC2C5473E0BFA743F0F
:1009A00031A0943E5E836C3F15EFC33E98C5613F16
:1009B000EA5AF13E31DB543FDA390E3F03E4453F5A
:1009C0009967223FF304353FF304353F9967223F8F
:1009D00003E4453FDA390E3F31DB543FEA5AF13E3A
:1009E00098C5613F15EFC33E5E836C3F31A0943ED6
:1009F0000BFA743FC2C5473EBE147B3F36BDC83DAF
:100A00006DC47E3F000000000000803F36BDC8BDC1
:100A10006DC47E3FC2C547BEBE147B3F31A094BEAD
:100A20000BFA743F15EFC3BE5E836C3FEA5AF1BE0A
:100A300098C5613FDA390EBF31DB543F996722BF59
:100A400003E4453FF30435BFF304353F03E445BFFA
:100A50009967223F31DB54BFDA390E3F98C561BF39
:100A6000EA5AF13E5E836CBF15EFC33E0BFA74BFCA
:100A700031A0943EBE147BBFC2C5473E6DC47EBF4D
:100A800036BDC83D000080BF000000006DC47EBFC1
:100A900036BDC8BDBE147BBFC2C547BE0BFA74BF0E
:100AA00031A094BE5E836CBF15EFC3BE98C561BF15
:100AB000EA5AF1BE31DB54BFDA390EBF03E445BF59
:100AC000996722BFF30435BFF30435BF996722BF8E
:100AD00003E445BFDA390EBF31DB54BFEA5AF1BE39
:100AE00098C561BF15EFC3BE5E836CBF31A094BED5
:100AF0000BFA74BFC2C547BEBE147BBF36BDC8BDAE
:100B00006DC47EBF00000080000080BF36BDC83DC0
:100B10006DC47EBFC2C5473EBE147BBF31A0943EAC
:100B20000BFA74BF15EFC33E5E836CBFEA5AF13E09
:100B300098C561BFDA390E3F31DB54BF9967223F58
:100B400003E445BFF304353FF30435BF03E4453FF9
:100B5000996722BF31DB543FDA390EBF98C5613F38
:100B6000EA5AF1BE5E836C3F15EFC3BE0BFA743FC9
:100B700031A094BEBE147B3FC2C547BE6DC47E3F4C
:100B800036BDC8BD0000803F000000000FB17F3FB0
:100B90002FFB483D6DC47E3F36BDC83DAC3A7D3F1E
:100BA0008340163EBE147B3FC2C5473EF853783F94
:100BB000CCCF783E0BFA743F31A0943E0809713FC8
:100BC000D47CAC3E5E836C3F15EFC33ED86B673F71
:100BD00080E8DA3E98C5613FEA5AF13E1A945B3FDD
:100BE0003D9C033F31DB543FDA390E3F029F4D3FBE
:100BF000C07F183F03E4453F9967223FF9AE3D3F70
:100C00004AEB2B3FF304353FF304353F4AEB2B3FD0
:100C1000F9AE3D3F9967223F03E4453FC07F183F4F
:100C2000029F4D3FDA390E3F31DB543F3D9C033F7D
:100C30001A945B3FEA5AF13E98C5613F80E8DA3E7C
:100C4000D86B673F15EFC33E5E836C3FD47CAC3EF0
:100C50000809713F31A0943E0BFA743FCCCF783E27
:100C6000F853783FC2C5473EBE147B3F8340163ED3
:100C7000AC3A7D3F36BDC83D6DC47E3F2FFB483D3D
:100C80000FB17F3F000000000000803F2FFB48BDF8
:100C90000FB17F3F36BDC8BD6DC47E3F834016BED9
:100CA000AC3A7D3FC2C547BEBE147B3FCCCF78BEB9
:100CB000F853783F31A094BE0BFA743FD47CACBE9D
:100CC0000809713F15EFC3BE5E836C3F80E8DABE52
:100CD000D86B673FEA5AF1BE98C5613F3D9C03BFA0
:100CE0001A945B3FDA390EBF31DB543FC07F18BF27
:100CF000029F4D3F996722BF03E4453F4AEB2BBF5C
:100D0000F9AE3D3FF30435BFF304353FF9AE3DBFC7
:100D10004AEB2B3F03E445BF9967223F029F4DBF3B
:100D2000C07F183F31DB54BFDA390E3F1A945BBFE6
:100D30003D9C033F98C561BFEA5AF13ED86B67BF3F
:100D400080E8DA3E5E836CBF15EFC33E080971BFD1
:100D5000D47CAC3E0BFA74BF31A0943EF85378BFFC
:100D6000CCCF783EBE147BBFC2C5473EAC3A7DBFF8
:100D70008340163E6DC47EBF36BDC83D0FB17FBFF8
:100D80002FFB483D000080BF000000000FB17FBF77
:100D90002FFB48BD6DC47EBF36BDC8BDAC3A7DBF1C
:100DA000834016BEBE147BBFC2C547BEF85378BF92
:100DB000CCCF78BE0BFA74BF31A094BE080971BFC6
:100DC000D47CACBE5E836CBF15EFC3BED86B67BF6F
:100DD00080E8DABE98C561BFEA5AF1BE1A945BBFDB
:100DE0003D9C03BF31DB54BFDA390EBF029F4DBFBC
:100DF000C07F18BF03E445BF996722BFF9AE3DBF6E
:100E00004AEB2BBFF30435BFF30435BF4AEB2BBFCE
:100E1000F9AE3DBF996722BF03E445BFC07F18BF4D
:100E2000029F4DBFDA390EBF31DB54BF3D9C03BF7B
:100E30001A945BBFEA5AF1BE98C561BF80E8DABE7A
:100E4000D86B67BF15EFC3BE5E836CBFD47CACBEEE
:100E5000080971BF31A094BE0BFA74BFCCCF78BE25
:100E6000F85378BFC2C547BEBE147BBF834016BED1
:100E7000AC3A7DBF36BDC8BD6DC47EBF2FFB48BD3B
:100E80000FB17FBF00000080000080BF2FFB483DF6
:100E90000FB17FBF36BDC83D6DC47EBF8340163ED7
:100EA000AC3A7DBFC2C5473EBE147BBFCCCF783EB7
:100EB000F85378BF31A0943E0BFA74BFD47CAC3E9B
:100EC000080971BF15EFC33E5E836CBF80E8DA3E50
:100ED000D86B67BFEA5AF13E98C561BF3D9C033F9E
:100EE0001A945BBFDA390E3F31DB54BFC07F183F25
:100EF000029F4DBF9967223F03E445BF4AEB2B3F5A
:100F0000F9AE3DBFF304353FF30435BFF9AE3D3FC5
:100F10004AEB2BBF03E4453F996722BF029F4D3F39
:100F2000C07F18BF31DB543FDA390EBF1A945B3FE4
:100F30003D9C03BF98C5613FEA5AF1BED86B673F3D
:100F400080E8DABE5E836C3F15EFC3BE0809713FCF
:100F5000D47CACBE0BFA743F31A094BEF853783FFA
:100F6000CCCF78BEBE147B3FC2C547BEAC3A7D3FF6
:100F7000834016BE6DC47E3F36BDC8BD0FB17F3FF6
:100F80002FFB48BD0000803F0000000043EC7F3F86
:100F9000B00AC93C0FB17F3F2FFB483D6D4E7F3FEC
:100FA00005A9963D6DC47E3F36BDC83D24137E3FE6
:100FB00073B2FA3DAC3A7D3F8340163E283B7C3FFE
:100FC000A2102F3EBE147B3FC2C5473E9DC7793F4E
:100FD000135C603EF853783FCCCF783E07BA763F3B
:100FE000938E883E0BFA743F31A0943E4714733FB2
:100FF000E59AA03E0809713FD47CAC3E9ED86E3F76
:101000002A44B83E5E836C3F15EFC33EA7096A3F92
:10101000CA7BCF3ED86B673F80E8DA3E59AA643F6F
:101020007533E63E98C5613FEA5AF13E05BE5E3F24
:10103000275DFC3E1A945B3F3D9C033F5348583F5D
:101040009BF5083F31DB543FDA390E3F3D4D513FB0
:101050002A68133F029F4D3FC07F183F12D1493F7E
:10106000D17F1D3F03E4453F9967223F70D8413F40
:101070005636273FF9AE3D3F4AEB2B3F4268393F9A
:10108000BB85303FF304353FF304353FBB85303F2C
:101090004268393F4AEB2B3FF9AE3D3F5636273F7A
:1010A00070D8413F9967223F03E4453FD17F1D3F00
:1010B00012D1493FC07F183F029F4D3F2A68133F1E
:1010C0003D4D513FDA390E3F31DB543F9BF5083F30
:1010D0005348583F3D9C033F1A945B3F275DFC3EBD
:1010E00005BE5E3FEA5AF13E98C5613F7533E63E64
:1010F00059AA643F80E8DA3ED86B673FCA7BCF3E8F
:10110000A7096A3F15EFC33E5E836C3F2A44B83E91
:101110009ED86E3FD47CAC3E0809713FE59AA03E54
:101120004714733F31A0943E0BFA743F938E883E70
:1011300007BA763FCCCF783EF853783F135C603ED9
:101140009DC7793FC2C5473EBE147B3FA2102F3ECC
:10115000283B7C3F8340163EAC3A7D3F73B2FA3D5C
:1011600024137E3F36BDC83D6DC47E3F05A9963D24
:101170006D4E7F3F2FFB483D0FB17F3FB00AC93C0A
:1011800043EC7F3F000000000000803FB00AC9BC74
:1011900043EC7F3F2FFB48BD0FB17F3F05A996BDB4
:1011A0006D4E7F3F36BDC8BD6DC47E3F73B2FABD84
:1011B00024137E3F834016BEAC3A7D3FA2102FBE63
:1011C000283B7C3FC2C547BEBE147B3F135C60BE5C
:1011D0009DC7793FCCCF78BEF853783F938E88BEB9
:1011E00007BA763F31A094BE0BFA743FE59AA0BED1
:1011F0004714733FD47CACBE0809713F2A44B8BE83
:101200009ED86E3F15EFC3BE5E836C3FCA7BCFBED8
:10121000A7096A3F80E8DABED86B673F7533E6BE40
:1012200059AA643FEA5AF1BE98C5613F275DFCBEEA
:1012300005BE5E3F3D9C03BF1A945B3F9BF508BF14
:101240005348583FDA390EBF31DB543F2A6813BF89
:101250003D4D513FC07F18BF029F4D3FD17F1DBF05
:1012600012D1493F996722BF03E4453F563627BF55
:1012700070D8413F4AEB2BBFF9AE3D3FBB8530BF35
:101280004268393FF30435BFF304353F426839BF44
:10129000BB85303FF9AE3DBF4AEB2B3F70D841BF15
:1012A0005636273F03E445BF9967223F12D149BF15
:1012B000D17F1D3F029F4DBFC07F183F3D4D51BFA5
:1012C0002A68133F31DB54BFDA390E3F534858BF09
:1012D0009BF5083F1A945BBF3D9C033F05BE5EBF74
:1012E000275DFC3E98C561BFEA5AF13E59AA64BF2A
:1012F0007533E63ED86B67BF80E8DA3EA7096ABF60
:10130000CA7BCF3E5E836CBF15EFC33E9ED86EBFD7
:101310002A44B83E080971BFD47CAC3E471473BF61
:10132000E59AA03E0BFA74BF31A0943E07BA76BF8F
:10133000938E883EF85378BFCCCF783E9DC779BF57
:10134000135C603EBE147BBFC2C5473E283B7CBFDA
:10135000A2102F3EAC3A7DBF8340163E24137EBFC1
:1013600073B2FA3D6DC47EBF36BDC83D6D4E7FBFC2
:1013700005A9963D0FB17FBF2FFB483D43EC7FBFD2
:10138000B00AC93C000080BF0000000043EC7FBFF2
:10139000B00AC9BC0FB17FBF2FFB48BD6D4E7FBFE8
:1013A00005A996BD6DC47EBF36BDC8BD24137EBFE2
:1013B00073B2FABDAC3A7DBF834016BE283B7CBFFA
:1013C000A2102FBEBE147BBFC2C547BE9DC779BF4A
:1013D000135C60BEF85378BFCCCF78BE07BA76BF37
:1013E000938E88BE0BFA74BF31A094BE471473BFAE
:1013F000E59AA0BE080971BFD47CACBE9ED86EBF72
:101400002A44B8BE5E836CBF15EFC3BEA7096ABF8E
:10141000CA7BCFBED86B67BF80E8DABE59AA64BF6B
:101420007533E6BE98C561BFEA5AF1BE05BE5EBF20
:10143000275DFCBE1A945BBF3D9C03BF534858BF59
:101440009BF508BF31DB54BFDA390EBF3D4D51BFAC
:101450002A6813BF029F4DBFC07F18BF12D149BF7A
:10146000D17F1DBF03E445BF996722BF70D841BF3C
:10147000563627BFF9AE3DBF4AEB2BBF426839BF96
:10148000BB8530BFF30435BFF30435BFBB8530BF28
:10149000426839BF4AEB2BBFF9AE3DBF563627BF76
:1014A00070D841BF996722BF03E445BFD17F1DBFFC
:1014B00012D149BFC07F18BF029F4DBF2A6813BF1A
:1014C0003D4D51BFDA390EBF31DB54BF9BF508BF2C
:1014D000534858BF3D9C03BF1A945BBF275DFCBEB9
:1014E00005BE5EBFEA5AF1BE98C561BF7533E6BE60
:1014F00059AA64BF80E8DABED86B67BFCA7BCFBE8B
:10150000A7096ABF15EFC3BE5E836CBF2A44B8BE8D
:101510009ED86EBFD47CACBE080971BFE59AA0BE50
:10152000471473BF31A094BE0BFA74BF938E88BE6C
:1015300007BA76BFCCCF78BEF85378BF135C60BED5
:101540009DC779BFC2C547BEBE147BBFA2102FBEC8
:10155000283B7CBF834016BEAC3A7DBF73B2FABD58
:1015600024137EBF36BDC8BD6DC47EBF05A996BD20
:101570006D4E7FBF2FFB48BD0FB17FBFB00AC9BC06
:1015800043EC7FBF00000080000080BFB00AC93C70
:1015900043EC7FBF2FFB483D0FB17FBF05A9963DB0
:1015A0006D4E7FBF36BDC83D6DC47EBF73B2FA3D80
:1015B00024137EBF8340163EAC3A7DBFA2102F3E5F
:1015C000283B7CBFC2C5473EBE147BBF135C603E58
:1015D0009DC779BFCCCF783EF85378BF938E883EB5
:1015E00007BA76BF31A0943E0BFA74BFE59AA03ECD
:1015F000471473BFD47CAC3E080971BF2A44B83E7F
:101600009ED86EBF15EFC33E5E836CBFCA7BCF3ED4
:10161000A7096ABF80E8DA3ED86B67BF7533E63E3C
:1016200059AA64BFEA5AF13E98C561BF275DFC3EE6
:1016300005BE5EBF3D9C033F1A945BBF9BF5083F10
:10164000534858BFDA390E3F31DB54BF2A68133F85
:101650003D4D51BFC07F183F029F4DBFD17F1D3F01
:1016600012D149BF9967223F03E445BF5636273F51
:1016700070D841BF4AEB2B3FF9AE3DBFBB85303F31
:10168000426839BFF304353FF30435BF4268393F40
:10169000BB8530BFF9AE3D3F4AEB2BBF70D8413F11
:1016A000563627BF03E4453F996722BF12D1493F11
:1016B000D17F1DBF029F4D3FC07F18BF3D4D513FA1
:1016C0002A6813BF31DB543FDA390EBF5348583F05
:1016D0009BF508BF1A945B3F3D9C03BF05BE5E3F70
:1016E000275DFCBE98C5613FEA5AF1BE59AA643F26
:1016F0007533E6BED86B673F80E8DABEA7096A3F5C
:10170000CA7BCFBE5E836C3F15EFC3BE9ED86E3FD3
:101710002A44B8BE0809713FD47CACBE4714733F5D
:10172000E59AA0BE0BFA743F31A094BE07BA763F8B
:10173000938E88BEF853783FCCCF78BE9DC7793F53
:10174000135C60BEBE147B3FC2C547BE283B7C3FD6
:10175000A2102FBEAC3A7D3F834016BE24137E3FBD
:1017600073B2FABD6DC47E3F36BDC8BD6D4E7F3FBE
:1017700005A996BD0FB17F3F2FFB48BD43EC7F3FCE
:10178000B00AC9BC0000803F0000000011FB7F3F91
:10179000900E493C43EC7F3FB00AC93C98D37F3F51
:1017A0002CC3163D0FB17F3F2FFB483DAB847F3FDD
:1017B000742B7B3D6D4E7F3F05A9963D580E7F3FB4
:1017C00080B6AF3D6DC47E3F36BDC83DB0707E3F34
:1017D0002EBCE13D24137E3F73B2FA3DCCAB7D3F7E
:1017E00086CF093EAC3A7D3F8340163EC9BF7C3F61
:1017F000B6AB223E283B7C3FA2102F3ECDAC7B3FB8
:10180000CF6E3B3EBE147B3FC2C5473E02737A3F5C
:101810000115543E9DC7793F135C603E9812793F95
:101820007F9A6C3EF853783FCCCF783EC58B773F9C
:10183000C07D823E07BA763F938E883EC6DE753FF6
:10184000229A8E3E0BFA743F31A0943EDD0B743F1A
:1018500086A09A3E4714733FE59AA03E5213723F0A
:10186000128FA63E0809713FD47CAC3E73F56F3FE2
:10187000EF63B23E9ED86E3F2A44B83E93B26D3FAE
:101880004A1DBE3E5E836C3F15EFC33E0C4B6B3F63
:1018900053B9C93EA7096A3FCA7BCF3E3CBF683FE8
:1018A0004136D53ED86B673F80E8DA3E880F663F09
:1018B0004F92E03E59AA643F7533E63E5A3C633F7F
:1018C000BBCBEB3E98C5613FEA5AF13E2146603FF3
:1018D000CBE0F63E05BE5E3F275DFC3E532D5D3FEF
:1018E000E4E7003F1A945B3F3D9C033F6AF2593F97
:1018F000824B063F5348583F9BF5083FE595563FBE
:101900006B9A0B3F31DB543FDA390E3F4918533F96
:10191000CDD3103F3D4D513F2A68133F1F7A4F3FB3
:10192000D9F6153F029F4D3FC07F183FF8BB4B3F94
:10193000C6021B3F12D1493FD17F1D3F65DE473FA5
:10194000CBF61F3F03E4453F9967223F00E2433F48
:1019500025D2243F70D8413F5636273F67C73F3FC7
:101960001594293FF9AE3D3F4AEB2B3F3B8F3B3F60
:10197000DE3B2E3F4268393FBB85303F233A373F3D
:10198000C9C8323FF304353FF304353FC9C8323F7D
:10199000233A373FBB85303F4268393FDE3B2E3F1D
:1019A0003B8F3B3F4AEB2B3FF9AE3D3F1594293F20
:1019B00067C73F3F5636273F70D8413F25D2243F67
:1019C00000E2433F9967223F03E4453FCBF61F3FC8
:1019D00065DE473FD17F1D3F12D1493FC6021B3F05
:1019E000F8BB4B3FC07F183F029F4D3FD9F6153FD4
:1019F0001F7A4F3F2A68133F3D4D513FCDD3103FD3
:101A00004918533FDA390E3F31DB543F6B9A0B3F95
:101A1000E595563F9BF5083F5348583F824B063F9C
:101A20006AF2593F3D9C033F1A945B3FE4E7003F55
:101A3000532D5D3F275DFC3E05BE5E3FCBE0F63E8D
:101A40002146603FEA5AF13E98C5613FBBCBEB3E71
:101A50005A3C633F7533E63E59AA643F4F92E03EDD
:101A6000880F663F80E8DA3ED86B673F4136D53E47
:101A70003CBF683FCA7BCF3EA7096A3F53B9C93E06
:101A80000C4B6B3F15EFC33E5E836C3F4A1DBE3E61
:101A900093B26D3F2A44B83E9ED86E3FEF63B23E8C
:101AA00073F56F3FD47CAC3E0809713F128FA63EA0
:101AB0005213723FE59AA03E4714733F86A09A3EA8
:101AC000DD0B743F31A0943E0BFA743F229A8E3E98
:101AD000C6DE753F938E883E07BA763FC07D823E54
:101AE000C58B773FCCCF783EF853783F7F9A6C3EDA
:101AF0009812793F135C603E9DC7793F0115543EB3
:101B000002737A3FC2C5473EBE147B3FCF6E3B3E59
:101B1000CDAC7B3FA2102F3E283B7C3FB6AB223E94
:101B2000C9BF7C3F8340163EAC3A7D3F86CF093E1D
:101B3000CCAB7D3F73B2FA3D24137E3F2EBCE13D1A
:101B4000B0707E3F36BDC83D6DC47E3F80B6AF3DB0
:101B5000580E7F3F05A9963D6D4E7F3F742B7B3D10
:101B6000AB847F3F2FFB483D0FB17F3F2CC3163D19
:101B700098D37F3FB00AC93C43EC7F3F900E493C6D
:101B800011FB7F3F000000000000803F900E49BC29
:101B900011FB7F3FB00AC9BC43EC7F3F2CC316BD8D
:101BA00098D37F3F2FFB48BD0FB17F3F742B7BBD88
:101BB000AB847F3F05A996BD6D4E7F3F80B6AFBD1C
:101BC000580E7F3F36BDC8BD6DC47E3F2EBCE1BD03
:101BD000B0707E3F73B2FABD24137E3F86CF09BE3C
:101BE000CCAB7D3F834016BEAC3A7D3FB6AB22BE48
:101BF000C9BF7C3FA2102FBE283B7C3FCF6E3BBEAF
:101C0000CDAC7B3FC2C547BEBE147B3F011554BE61
:101C100002737A3F135C60BE9DC7793F7F9A6CBEAA
:101C20009812793FCCCF78BEF853783FC07D82BE02
:101C3000C58B773F938E88BE07BA763F229A8EBEB9
:101C4000C6DE753F31A094BE0BFA743F86A09ABEE3
:101C5000DD0B743FE59AA0BE4714733F128FA6BEFA
:101C60005213723FD47CACBE0809713FEF63B2BE21
:101C700073F56F3F2A44B8BE9ED86E3F4A1DBEBE64
:101C800093B26D3F15EFC3BE5E836C3F53B9C9BEBF
:101C90000C4B6B3FCA7BCFBEA7096A3F4136D5BE0E
:101CA0003CBF683F80E8DABED86B673F4F92E0BE2A
:101CB000880F663F7533E6BE59AA643FBBCBEBBEC7
:101CC0005A3C633FEA5AF1BE98C5613FCBE0F6BE8D
:101CD0002146603F275DFCBE05BE5E3FE4E700BFD6
:101CE000532D5D3F3D9C03BF1A945B3F824B06BF63
:101CF0006AF2593F9BF508BF5348583F6B9A0BBF98
:101D0000E595563FDA390EBF31DB543FCDD310BFD6
:101D10004918533F2A6813BF3D4D513FD9F615BFAF
:101D20001F7A4F3FC07F18BF029F4D3FC6021BBFA7
:101D3000F8BB4B3FD17F1DBF12D1493FCBF61FBF30
:101D400065DE473F996722BF03E4453F25D224BFA4
:101D500000E2433F563627BF70D8413F159429BF54
:101D600067C73F3F4AEB2BBFF9AE3D3FDE3B2EBF7F
:101D70003B8F3B3FBB8530BF4268393FC9C832BF4C
:101D8000233A373FF30435BFF304353F233A37BFD7
:101D9000C9C8323F426839BFBB85303F3B8F3BBF2C
:101DA000DE3B2E3FF9AE3DBF4AEB2B3F67C73FBF3F
:101DB0001594293F70D841BF5636273F00E243BFF4
:101DC00025D2243F03E445BF9967223F65DE47BF24
:101DD000CBF61F3F12D149BFD17F1D3FF8BB4BBF90
:101DE000C6021B3F029F4DBFC07F183F1F7A4FBFE7
:101DF000D9F6153F3D4D51BF2A68133F491853BFCF
:101E0000CDD3103F31DB54BFDA390E3FE59556BFD5
:101E10006B9A0B3F534858BF9BF5083F6AF259BF76
:101E2000824B063F1A945BBF3D9C033F532D5DBF21
:101E3000E4E7003F05BE5EBF275DFC3E214660BF74
:101E4000CBE0F63E98C561BFEA5AF13E5A3C63BF0B
:101E5000BBCBEB3E59AA64BF7533E63E880F66BF25
:101E60004F92E03ED86B67BF80E8DA3E3CBF68BF68
:101E70004136D53EA7096ABFCA7BCF3E0C4B6BBF2C
:101E800053B9C93E5E836CBF15EFC33E93B26DBFBD
:101E90004A1DBE3E9ED86EBF2A44B83E73F56FBF42
:101EA000EF63B23E080971BFD47CAC3E521372BFDF
:101EB000128FA63E471473BFE59AA03EDD0B74BF98
:101EC00086A09A3E0BFA74BF31A0943EC6DE75BF61
:101ED000229A8E3E07BA76BF938E883EC58B77BF17
:101EE000C07D823EF85378BFCCCF783E981279BF40
:101EF0007F9A6C3E9DC779BF135C603E02737ABFC8
:101F00000115543EBE147BBFC2C5473ECDAC7BBF5E
:101F1000CF6E3B3E283B7CBFA2102F3EC9BF7CBF8B
:101F2000B6AB223EAC3A7DBF8340163ECCAB7DBF04
:101F300086CF093E24137EBF73B2FA3DB0707EBFD8
:101F40002EBCE13D6DC47EBF36BDC83D580E7FBF7F
:101F500080B6AF3D6D4E7FBF05A9963DAB847FBF78
:101F6000742B7B3D0FB17FBF2FFB483D98D37FBFC4
:101F70002CC3163D43EC7FBFB00AC93C11FB7FBFA9
:101F8000900E493C000080BF0000000011FB7FBFA5
:101F9000900E49BC43EC7FBFB00AC9BC98D37FBF49
:101FA0002CC316BD0FB17FBF2FFB48BDAB847FBFD5
:101FB000742B7BBD6D4E7FBF05A996BD580E7FBFAC
:101FC00080B6AFBD6DC47EBF36BDC8BDB0707EBF2C
:101FD0002EBCE1BD24137EBF73B2FABDCCAB7DBF76
:101FE00086CF09BEAC3A7DBF834016BEC9BF7CBF59
:101FF000B6AB22BE283B7CBFA2102FBECDAC7BBFB0
:10200000CF6E3BBEBE147BBFC2C547BE02737ABF54
:10201000011554BE9DC779BF135C60BE981279BF8D
:102020007F9A6CBEF85378BFCCCF78BEC58B77BF94
:10203000C07D82BE07BA76BF938E88BEC6DE75BFEE
:10204000229A8EBE0BFA74BF31A094BEDD0B74BF12
:1020500086A09ABE471473BFE59AA0BE521372BF02
:10206000128FA6BE080971BFD47CACBE73F56FBFDA
:10207000EF63B2BE9ED86EBF2A44B8BE93B26DBFA6
:102080004A1DBEBE5E836CBF15EFC3BE0C4B6BBF5B
:1020900053B9C9BEA7096ABFCA7BCFBE3CBF68BFE0
:1020A0004136D5BED86B67BF80E8DABE880F66BF01
:1020B0004F92E0BE59AA64BF7533E6BE5A3C63BF77
:1020C000BBCBEBBE98C561BFEA5AF1BE214660BFEB
:1020D000CBE0F6BE05BE5EBF275DFCBE532D5DBFE7
:1020E000E4E700BF1A945BBF3D9C03BF6AF259BF8F
:1020F000824B06BF534858BF9BF508BFE59556BFB6
:102100006B9A0BBF31DB54BFDA390EBF491853BF8E
:10211000CDD310BF3D4D51BF2A6813BF1F7A4FBFAB
:10212000D9F615BF029F4DBFC07F18BFF8BB4BBF8C
:10213000C6021BBF12D149BFD17F1DBF65DE47BF9D
:10214000CBF61FBF03E445BF996722BF00E243BF40
:1021500025D224BF70D841BF563627BF67C73FBFBF
:10216000159429BFF9AE3DBF4AEB2BBF3B8F3BBF58
:10217000DE3B2EBF426839BFBB8530BF233A37BF35
:10218000C9C832BFF30435BFF30435BFC9C832BF75
:10219000233A37BFBB8530BF426839BFDE3B2EBF15
:1021A0003B8F3BBF4AEB2BBFF9AE3DBF159429BF18
:1021B00067C73FBF563627BF70D841BF25D224BF5F
:1021C00000E243BF996722BF03E445BFCBF61FBFC0
:1021D00065DE47BFD17F1DBF12D149BFC6021BBFFD
:1021E000F8BB4BBFC07F18BF029F4DBFD9F615BFCC
:1021F0001F7A4FBF2A6813BF3D4D51BFCDD310BFCB
:10220000491853BFDA390EBF31DB54BF6B9A0BBF8D
:10221000E59556BF9BF508BF534858BF824B06BF94
:102220006AF259BF3D9C03BF1A945BBFE4E700BF4D
:10223000532D5DBF275DFCBE05BE5EBFCBE0F6BE85
:10224000214660BFEA5AF1BE98C561BFBBCBEBBE69
:102250005A3C63BF7533E6BE59AA64BF4F92E0BED5
:10226000880F66BF80E8DABED86B67BF4136D5BE3F
:102270003CBF68BFCA7BCFBEA7096ABF53B9C9BEFE
:102280000C4B6BBF15EFC3BE5E836CBF4A1DBEBE59
:1022900093B26DBF2A44B8BE9ED86EBFEF63B2BE84
:1022A00073F56FBFD47CACBE080971BF128FA6BE98
:1022B000521372BFE59AA0BE471473BF86A09ABEA0
:1022C000DD0B74BF31A094BE0BFA74BF229A8EBE90
:1022D000C6DE75BF938E88BE07BA76BFC07D82BE4C
:1022E000C58B77BFCCCF78BEF85378BF7F9A6CBED2
:1022F000981279BF135C60BE9DC779BF011554BEAB
:1023000002737ABFC2C547BEBE147BBFCF6E3BBE51
:10231000CDAC7BBFA2102FBE283B7CBFB6AB22BE8C
:10232000C9BF7CBF834016BEAC3A7DBF86CF09BE15
:10233000CCAB7DBF73B2FABD24137EBF2EBCE1BD12
:10234000B0707EBF36BDC8BD6DC47EBF80B6AFBDA8
:10235000580E7FBF05A996BD6D4E7FBF742B7BBD08
:10236000AB847FBF2FFB48BD0FB17FBF2CC316BD11
:1023700098D37FBFB00AC9BC43EC7FBF900E49BC65
:1023800011FB7FBF00000080000080BF900E493C21
:1023900011FB7FBFB00AC93C43EC7FBF2CC3163D85
:1023A00098D37FBF2FFB483D0FB17FBF742B7B3D80
:1023B000AB847FBF05A9963D6D4E7FBF80B6AF3D14
:1023C000580E7FBF36BDC83D6DC47EBF2EBCE13DFB
:1023D000B0707EBF73B2FA3D24137EBF86CF093E34
:1023E000CCAB7DBF8340163EAC3A7DBFB6AB223E40
:1023F000C9BF7CBFA2102F3E283B7CBFCF6E3B3EA7
:10240000CDAC7BBFC2C5473EBE147BBF0115543E59
:1024100002737ABF135C603E9DC779BF7F9A6C3EA2
:10242000981279BFCCCF783EF85378BFC07D823EFA
:10243000C58B77BF938E883E07BA76BF229A8E3EB1
:10244000C6DE75BF31A0943E0BFA74BF86A09A3EDB
:10245000DD0B74BFE59AA03E471473BF128FA63EF2
:10246000521372BFD47CAC3E080971BFEF63B23E19
:1024700073F56FBF2A44B83E9ED86EBF4A1DBE3E5C
:1024800093B26DBF15EFC33E5E836CBF53B9C93EB7
:102490000C4B6BBFCA7BCF3EA7096ABF4136D53E06
:1024A0003CBF68BF80E8DA3ED86B67BF4F92E03E22
:1024B000880F66BF7533E63E59AA64BFBBCBEB3EBF
:1024C0005A3C63BFEA5AF13E98C561BFCBE0F63E85
:1024D000214660BF275DFC3E05BE5EBFE4E7003FCE
:1024E000532D5DBF3D9C033F1A945BBF824B063F5B
:1024F0006AF259BF9BF5083F534858BF6B9A0B3F90
:10250000E59556BFDA390E3F31DB54BFCDD3103FCE
:10251000491853BF2A68133F3D4D51BFD9F6153FA7
:102520001F7A4FBFC07F183F029F4DBFC6021B3F9F
:10253000F8BB4BBFD17F1D3F12D149BFCBF61F3F28
:1025400065DE47BF9967223F03E445BF25D2243F9C
:1025500000E243BF5636273F70D841BF1594293F4C
:1025600067C73FBF4AEB2B3FF9AE3DBFDE3B2E3F77
:102570003B8F3BBFBB85303F426839BFC9C8323F44
:10258000233A37BFF304353FF30435BF233A373FCF
:10259000C9C832BF4268393FBB8530BF3B8F3B3F24
:1025A000DE3B2EBFF9AE3D3F4AEB2BBF67C73F3F37
:1025B000159429BF70D8413F563627BF00E2433FEC
:1025C00025D224BF03E4453F996722BF65DE473F1C
:1025D000CBF61FBF12D1493FD17F1DBFF8BB4B3F88
:1025E000C6021BBF029F4D3FC07F18BF1F7A4F3FDF
:1025F000D9F615BF3D4D513F2A6813BF4918533FC7
:10260000CDD310BF31DB543FDA390EBFE595563FCD
:102610006B9A0BBF5348583F9BF508BF6AF2593F6E
:10262000824B06BF1A945B3F3D9C03BF532D5D3F19
:10263000E4E700BF05BE5E3F275DFCBE2146603F6C
:10264000CBE0F6BE98C5613FEA5AF1BE5A3C633F03
:10265000BBCBEBBE59AA643F7533E6BE880F663F1D
:102660004F92E0BED86B673F80E8DABE3CBF683F60
:102670004136D5BEA7096A3FCA7BCFBE0C4B6B3F24
:1026800053B9C9BE5E836C3F15EFC3BE93B26D3FB5
:102690004A1DBEBE9ED86E3F2A44B8BE73F56F3F3A
:1026A000EF63B2BE0809713FD47CACBE5213723FD7
:1026B000128FA6BE4714733FE59AA0BEDD0B743F90
:1026C00086A09ABE0BFA743F31A094BEC6DE753F59
:1026D000229A8EBE07BA763F938E88BEC58B773F0F
:1026E000C07D82BEF853783FCCCF78BE9812793F38
:1026F0007F9A6CBE9DC7793F135C60BE02737A3FC0
:10270000011554BEBE147B3FC2C547BECDAC7B3F56
:10271000CF6E3BBE283B7C3FA2102FBEC9BF7C3F83
:10272000B6AB22BEAC3A7D3F834016BECCAB7D3FFC
:1027300086CF09BE24137E3F73B2FABDB0707E3FD0
:102740002EBCE1BD6DC47E3F36BDC8BD580E7F3F77
:1027500080B6AFBD6D4E7F3F05A996BDAB847F3F70
:10276000742B7BBD0FB17F3F2FFB48BD98D37F3FBC
:102770002CC316BD43EC7F3FB00AC9BC11FB7F3FA1
:10278000900E49BC0000803F00000000C4FE7F3F67
:10279000890FC93B11FB7F3F900E493CE6F47F3F18
:1027A000B6C9963C43EC7F3FB00AC93C29E17F3F64
:1027B000B949FB3C98D37F3F2CC3163D8FC37F3F65
:1027C00007E02F3D0FB17F3F2FFB483D189C7F3F17
:1027D0006814623DAB847F3F742B7B3DC76A7F3FAB
:1027E0000A208A3D6D4E7F3F05A9963D9D2F7F3F74
:1027F0008C30A33D580E7F3F80B6AF3D9DEA7E3FB3
:10280000C33ABC3D6DC47E3F36BDC83DC99B7E3FCB
:10281000B93DD53DB0707E3F2EBCE13D23437E3FA8
:102820007638EE3D24137E3F73B2FA3DB1E07D3F32
:102830000295033ECCAB7D3F86CF093E74747D3F4D
:10284000B708103EAC3A7D3F8340163E73FE7C3F96
:10285000DE761C3EC9BF7C3FB6AB223EB07E7C3FDD
:10286000FCDE283E283B7C3FA2102F3E31F57B3F0B
:102870009840353ECDAC7B3FCF6E3B3EFC617B3F0D
:10288000379B413EBE147B3FC2C5473E16C57A3FCB
:1028900060EE4D3E02737A3F0115543E841E7A3F2E
:1028A00097395A3E9DC7793F135C603E4E6E793F23
:1028B000667C663E9812793F7F9A6C3E7BB4783F87
:1028C00051B6723EF853783FCCCF783E10F1773F47
:1028D000E1E67E3EC58B773FC07D823E1724773F81
:1028E000CE86853E07BA763F938E883E974D763FDB
:1028F00007958B3EC6DE753F229A8E3E976D753FDB
:10290000DD9D913E0BFA743F31A0943E2284743FCA
:1029100017A1973EDD0B743F86A09A3E3F91733F0F
:10292000789E9D3E4714733FE59AA03EF894723F0F
:10293000C595A33E5213723F128FA63E578F713F2B
:10294000C486A93E0809713FD47CAC3E6680703FC6
:102950003A71AF3E73F56F3FEF63B23E30686F3F41
:10296000EC54B53E9ED86E3F2A44B83EBE466E3FFC
:10297000A031BB3E93B26D3F4A1DBE3E1D1C6D3F54
:102980001E07C13E5E836C3F15EFC33E58E86B3FA8
:1029900029D5C63E0C4B6B3F53B9C93E7BAB6A3F52
:1029A0008B9BCC3EA7096A3FCA7BCF3E9165693FAE
:1029B000095AD23E3CBF683F4136D53EA816683F13
:1029C0006B10D83ED86B673F80E8DA3ECCBE663FDE
:1029D00079BEDD3E880F663F4F92E03E0B5E653F5D
:1029E000FA63E33E59AA643F7533E63E73F4633FEE
:1029F000B700E93E5A3C633FBBCBEB3E1082623FDF
:102A00007994EE3E98C5613FEA5AF13EF206613F85
:102A1000071FF43E2146603FCBE0F63E27835F3F31
:102A20002DA0F93E05BE5E3F275DFC3EBEF65D3F34
:102A3000B217FF3E532D5D3FE4E7003FC7615C3FA7
:102A4000B142023F1A945B3F3D9C033F50C45A3F42
:102A500084F4043F6AF2593F824B063F6A1E593F95
:102A600036A1073F5348583F9BF5083F2670573F14
:102A7000AD480A3FE595563F6B9A0B3F93B9553FDA
:102A8000D0EA0C3F31DB543FDA390E3FC3FA533FF3
:102A900084870F3F4918533FCDD3103FC633523F71
:102AA000B01E123F3D4D513F2A68133FAF64503F67
:102AB00039B0143F1F7A4F3FD9F6153F908D4E3FE6
:102AC000073C173F029F4D3FC07F183F79AE4C3FF8
:102AD00000C2193FF8BB4B3FC6021B3F7FC74A3FAE
:102AE0000C421C3F12D1493FD17F1D3FB3D8483F14
:102AF00012BC1E3F65DE473FCBF61F3F2AE2463F32
:102B0000F92F213F03E4453F9967223FF5E3443F16
:102B1000A99D233F00E2433F25D2243F29DE423FC7
:102B20000A05263F70D8413F5636273FDAD0403F4E
:102B30000566283F67C73F3F1594293F1BBC3E3FB2
:102B400082C02A3FF9AE3D3F4AEB2B3F03A03C3FFA
:102B500069142D3F3B8F3B3FDE3B2E3FA47C3A3F29
:102B6000A5612F3F4268393FBB85303F1652383F41
:102B70001DA8313F233A373FC9C8323F6C20363F4A
:102B8000BCE7333FF304353FF304353FBCE7333F45
:102B90006C20363FC9C8323F233A373F1DA8313F2A
:102BA0001652383FBB85303F4268393FA5612F3F01
:102BB000A47C3A3FDE3B2E3F3B8F3B3F69142D3FC9
:102BC00003A03C3F4AEB2B3FF9AE3D3F82C02A3F7A
:102BD0001BBC3E3F1594293F67C73F3F0566283F12
:102BE000DAD0403F5636273F70D8413F0A05263F8E
:102BF00029DE423F25D2243F00E2433FA99D233FE7
:102C0000F5E3443F9967223F03E4453FF92F213F15
:102C10002AE2463FCBF61F3F65DE473F12BC1E3F10
:102C2000B3D8483FD17F1D3F12D1493F0C421C3FD2
:102C30007FC74A3FC6021B3FF8BB4B3F00C2193F4C
:102C400079AE4C3FC07F183F029F4D3F073C173F76
:102C5000908D4E3FD9F6153F1F7A4F3F39B0143F44
:102C6000AF64503F2A68133F3D4D513FB01E123FA5
:102C7000C633523FCDD3103F4918533F84870F3F8F
:102C8000C3FA533FDA390E3F31DB543FD0EA0C3FF1
:102C900093B9553F6B9A0B3FE595563FAD480A3FB8
:102CA0002670573F9BF5083F5348583F36A1073FD2
:102CB0006A1E593F824B063F6AF2593F84F4043F33
:102CC00050C45A3F3D9C033F1A945B3FB142023FC0
:102CD000C7615C3FE4E7003F532D5D3FB217FF3E05
:102CE000BEF65D3F275DFC3E05BE5E3F2DA0F93E72
:102CF00027835F3FCBE0F63E2146603F071FF43E4F
:102D0000F206613FEA5AF13E98C5613F7994EE3E82
:102D10001082623FBBCBEB3E5A3C633FB700E93EBB
:102D200073F4633F7533E63E59AA643FFA63E33EAA
:102D30000B5E653F4F92E03E880F663F79BEDD3EF9
:102D4000CCBE663F80E8DA3ED86B673F6B10D83E5A
:102D5000A816683F4136D53E3CBF683F095AD23E6F
:102D60009165693FCA7BCF3EA7096A3F8B9BCC3EEA
:102D70007BAB6A3F53B9C93E0C4B6B3F29D5C63E6E
:102D800058E86B3F15EFC33E5E836C3F1E07C13EA4
:102D90001D1C6D3F4A1DBE3E93B26D3FA031BB3E30
:102DA000BE466E3F2A44B83E9ED86E3FEC54B53EB8
:102DB00030686F3FEF63B23E73F56F3F3A71AF3EDD
:102DC0006680703FD47CAC3E0809713FC486A93E42
:102DD000578F713F128FA63E5213723FC595A33E87
:102DE000F894723FE59AA03E4714733F789E9D3E4B
:102DF0003F91733F86A09A3EDD0B743F17A1973E2B
:102E00002284743F31A0943E0BFA743FDD9D913EC5
:102E1000976D753F229A8E3EC6DE753F07958B3EB5
:102E2000974D763F938E883E07BA763FCE86853E95
:102E30001724773FC07D823EC58B773FE1E67E3E1B
:102E400010F1773FCCCF783EF853783F51B6723EC1
:102E50007BB4783F7F9A6C3E9812793F667C663EE1
:102E60004E6E793F135C603E9DC7793F97395A3E5D
:102E7000841E7A3F0115543E02737A3F60EE4D3E48
:102E800016C57A3FC2C5473EBE147B3F379B413EC5
:102E9000FC617B3FCF6E3B3ECDAC7B3F9840353EE7
:102EA00031F57B3FA2102F3E283B7C3FFCDE283EC5
:102EB000B07E7C3FB6AB223EC9BF7C3FDE761C3E77
:102EC00073FE7C3F8340163EAC3A7D3FB708103E10
:102ED00074747D3F86CF093ECCAB7D3F0295033EA7
:102EE000B1E07D3F73B2FA3D24137E3F7638EE3D6C
:102EF00023437E3F2EBCE13DB0707E3FB93DD53DC2
:102F0000C99B7E3F36BDC83D6DC47E3FC33ABC3DC4
:102F10009DEA7E3F80B6AF3D580E7F3F8C30A33D8B
:102F20009D2F7F3F05A9963D6D4E7F3F0A208A3D2C
:102F3000C76A7F3F742B7B3DAB847F3F6814623D43
:102F4000189C7F3F2FFB483D0FB17F3F07E02F3D8F
:102F50008FC37F3F2CC3163D98D37F3FB949FB3CBD
:102F600029E17F3FB00AC93C43EC7F3FB6C9963C9C
:102F7000E6F47F3F900E493C11FB7F3F890FC93B30
:102F8000C4FE7F3F000000000000803F890FC9BBE6
:102F9000C4FE7F3F900E49BC11FB7F3FB6C996BC73
:102FA000E6F47F3FB00AC9BC43EC7F3FB949FBBCA4
:102FB00029E17F3F2CC316BD98D37F3F07E02FBD8B
:102FC0008FC37F3F2FFB48BD0FB17F3F681462BDA9
:102FD000189C7F3F742B7BBDAB847F3F0A208ABD4A
:102FE000C76A7F3F05A996BD6D4E7F3F8C30A3BD5C
:102FF0009D2F7F3F80B6AFBD580E7F3FC33ABCBD0B
:103000009DEA7E3F36BDC8BD6DC47E3FB93DD5BD8E
:10301000C99B7E3F2EBCE1BDB0707E3F7638EEBDD1
:1030200023437E3F73B2FABD24137E3F029503BE55
:10303000B1E07D3F86CF09BECCAB7D3FB70810BE67
:1030400074747D3F834016BEAC3A7D3FDE761CBE75
:1030500073FE7C3FB6AB22BEC9BF7C3FFCDE28BE00
:10306000B07E7C3FA2102FBE283B7C3F984035BEEF
:1030700031F57B3FCF6E3BBECDAC7B3F379B41BE36
:10308000FC617B3FC2C547BEBE147B3F60EE4DBEB8
:1030900016C57A3F011554BE02737A3F97395ABE5E
:1030A000841E7A3F135C60BE9DC7793F667C66BE16
:1030B0004E6E793F7F9A6CBE9812793F51B672BEC0
:1030C0007BB4783FCCCF78BEF853783FE1E67EBE44
:1030D00010F1773FC07D82BEC58B773FCE8685BE1F
:1030E0001724773F938E88BE07BA763F07958BBE2D
:1030F000974D763F229A8EBEC6DE753FDD9D91BE0E
:10310000976D753F31A094BE0BFA743F17A197BE1F
:103110002284743F86A09ABEDD0B743F789E9DBECC
:103120003F91733FE59AA0BE4714733FC595A3BE78
:10313000F894723F128FA6BE5213723FC486A9BE86
:10314000578F713FD47CACBE0809713F3A71AFBE56
:103150006680703FEF63B2BE73F56F3FEC54B5BE4F
:1031600030686F3F2A44B8BE9ED86E3FA031BBBEC8
:10317000BE466E3F4A1DBEBE93B26D3F1E07C1BE26
:103180001D1C6D3F15EFC3BE5E836C3F29D5C6BEC7
:1031900058E86B3F53B9C9BE0C4B6B3F8B9BCCBE01
:1031A0007BAB6A3FCA7BCFBEA7096A3F095AD2BE32
:1031B0009165693F4136D5BE3CBF683F6B10D8BEB4
:1031C000A816683F80E8DABED86B673F79BEDDBEDF
:1031D000CCBE663F4F92E0BE880F663FFA63E3BE07
:1031E0000B5E653F7533E6BE59AA643FB700E9BE82
:1031F00073F4633FBBCBEBBE5A3C633F7994EEBEA6
:103200001082623FEA5AF1BE98C5613F071FF4BEC3
:10321000F206613FCBE0F6BE2146603F2DA0F9BE2D
:1032200027835F3F275DFCBE05BE5E3FB217FFBE32
:10323000BEF65D3FE4E700BF532D5D3FB14202BFE4
:10324000C7615C3F3D9C03BF1A945B3F84F404BF9D
:1032500050C45A3F824B06BF6AF2593F36A107BF9E
:103260006A1E593F9BF508BF5348583FAD480ABFF7
:103270002670573F6B9A0BBFE595563FD0EA0CBFBF
:1032800093B9553FDA390EBF31DB543F84870FBF06
:10329000C3FA533FCDD310BF4918533FB01E12BFDE
:1032A000C633523F2A6813BF3D4D513F39B014BF5A
:1032B000AF64503FD9F615BF1F7A4F3F073C17BF89
:1032C000908D4E3FC07F18BF029F4D3F00C219BF77
:1032D00079AE4C3FC6021BBFF8BB4B3F0C421CBF34
:1032E0007FC74A3FD17F1DBF12D1493F12BC1EBFCD
:1032F000B3D8483FCBF61FBF65DE473FF92F21BF4C
:103300002AE2463F996722BF03E4453FA99D23BFB8
:10331000F5E3443F25D224BF00E2433F0A0526BF20
:1033200029DE423F563627BF70D8413F056628BF89
:10333000DAD0403F159429BF67C73F3F82C02ABFFC
:103340001BBC3E3F4AEB2BBFF9AE3D3F69142DBF7E
:1033500003A03C3FDE3B2EBF3B8F3B3FA5612FBF11
:10336000A47C3A3FBB8530BF4268393F1DA831BFBE
:103370001652383FC9C832BF233A373FBCE733BF84
:103380006C20363FF30435BFF304353F6C2036BF65
:10339000BCE7333F233A37BFC9C8323F165238BF64
:1033A0001DA8313F426839BFBB85303FA47C3ABF7E
:1033B000A5612F3F3B8F3BBFDE3B2E3F03A03CBFB1
:1033C00069142D3FF9AE3DBF4AEB2B3F1BBC3EBFFE
:1033D00082C02A3F67C73FBF1594293FDAD040BF5C
:1033E0000566283F70D841BF5636273F29DE42BFC9
:1033F0000A05263F00E243BF25D2243FF5E344BF40
:10340000A99D233F03E445BF9967223F2AE246BFB7
:10341000F92F213F65DE47BFCBF61F3FB3D848BF2A
:1034200012BC1E3F12D149BFD17F1D3F7FC74ABF8B
:103430000C421C3FF8BB4BBFC6021B3F79AE4CBFD2
:1034400000C2193F029F4DBFC07F183F908D4EBFF5
:10345000073C173F1F7A4FBFD9F6153FAF6450BFE7
:1034600039B0143F3D4D51BF2A68133FC63352BF98
:10347000B01E123F491853BFCDD3103FC3FA53BFFC
:1034800084870F3F31DB54BFDA390E3F93B955BF04
:10349000D0EA0C3FE59556BF6B9A0B3F267057BF9D
:1034A000AD480A3F534858BF9BF5083F6A1E59BFB5
:1034B00036A1073F6AF259BF824B063F50C45ABF3C
:1034C00084F4043F1A945BBF3D9C033FC7615CBF1B
:1034D000B142023F532D5DBFE4E7003FBEF65DBF42
:1034E000B217FF3E05BE5EBF275DFC3E27835FBF70
:1034F0002DA0F93E214660BFCBE0F63EF20661BF4B
:10350000071FF43E98C561BFEA5AF13E108262BFC0
:103510007994EE3E5A3C63BFBBCBEB3E73F463BF82
:10352000B700E93E59AA64BF7533E63E0B5E65BF3E
:10353000FA63E33E880F66BF4F92E03ECCBE66BFA3
:1035400079BEDD3ED86B67BF80E8DA3EA81668BF5B
:103550006B10D83E3CBF68BF4136D53E916569BF10
:10356000095AD23EA7096ABFCA7BCF3E7BAB6ABF6E
:103570008B9BCC3E0C4B6BBF53B9C93E58E86BBF1D
:1035800029D5C63E5E836CBF15EFC33E1D1C6DBFC3
:103590001E07C13E93B26DBF4A1DBE3EBE466EBF02
:1035A000A031BB3E9ED86EBF2A44B83E30686FBF84
:1035B000EC54B53E73F56FBFEF63B23E668070BFEB
:1035C0003A71AF3E080971BFD47CAC3E578F71BFD2
:1035D000C486A93E521372BF128FA63EF89472BFE2
:1035E000C595A33E471473BFE59AA03E3F9173BFB4
:1035F000789E9D3EDD0B74BF86A09A3E228474BFE8
:1036000017A1973E0BFA74BF31A0943E976D75BF1A
:10361000DD9D913EC6DE75BF229A8E3E974D76BFE8
:1036200007958B3E07BA76BF938E883E172477BFE7
:10363000CE86853EC58B77BFC07D823E10F177BFB9
:10364000E1E67E3EF85378BFCCCF783E7BB478BFBE
:1036500051B6723E981279BF7F9A6C3E4E6E79BF1A
:10366000667C663E9DC779BF135C603E841E7ABF50
:1036700097395A3E02737ABF0115543E16C57ABF78
:1036800060EE4D3EBE147BBFC2C5473EFC617BBFB2
:10369000379B413ECDAC7BBFCF6E3B3E31F57BBF10
:1036A0009840353E283B7CBFA2102F3EB07E7CBFA9
:1036B000FCDE283EC9BF7CBFB6AB223E73FE7CBF9A
:1036C000DE761C3EAC3A7DBF8340163E74747DBFEF
:1036D000B708103ECCAB7DBF86CF093EB1E07DBFC1
:1036E0000295033E24137EBF73B2FA3D23437EBF8F
:1036F0007638EE3DB0707EBF2EBCE13DC99B7EBFEB
:10370000B93DD53D6DC47EBF36BDC83D9DEA7EBF87
:10371000C33ABC3D580E7FBF80B6AF3D9D2F7FBFE3
:103720008C30A33D6D4E7FBF05A9963DC76A7FBF14
:103730000A208A3DAB847FBF742B7B3D189C7FBFE2
:103740006814623D0FB17FBF2FFB483D8FC37FBF21
:1037500007E02F3D98D37FBF2CC3163D29E17FBFE3
:10376000B949FB3C43EC7FBFB00AC93CE6F47FBFDC
:10377000B6C9963C11FB7FBF900E493CC4FE7FBF8B
:10378000890FC93B000080BF00000000C4FE7FBF5E
:10379000890FC9BB11FB7FBF900E49BCE6F47FBF08
:1037A000B6C996BC43EC7FBFB00AC9BC29E17FBF54
:1037B000B949FBBC98D37FBF2CC316BD8FC37FBF55
:1037C00007E02FBD0FB17FBF2FFB48BD189C7FBF07
:1037D000681462BDAB847FBF742B7BBDC76A7FBF9B
:1037E0000A208ABD6D4E7FBF05A996BD9D2F7FBF64
:1037F0008C30A3BD580E7FBF80B6AFBD9DEA7EBFA3
:10380000C33ABCBD6DC47EBF36BDC8BDC99B7EBFBB
:10381000B93DD5BDB0707EBF2EBCE1BD23437EBF98
:103820007638EEBD24137EBF73B2FABDB1E07DBF22
:10383000029503BECCAB7DBF86CF09BE74747DBF3D
:10384000B70810BEAC3A7DBF834016BE73FE7CBF86
:10385000DE761CBEC9BF7CBFB6AB22BEB07E7CBFCD
:10386000FCDE28BE283B7CBFA2102FBE31F57BBFFB
:10387000984035BECDAC7BBFCF6E3BBEFC617BBFFD
:10388000379B41BEBE147BBFC2C547BE16C57ABFBB
:1038900060EE4DBE02737ABF011554BE841E7ABF1E
:1038A00097395ABE9DC779BF135C60BE4E6E79BF13
:1038B000667C66BE981279BF7F9A6CBE7BB478BF77
:1038C00051B672BEF85378BFCCCF78BE10F177BF37
:1038D000E1E67EBEC58B77BFC07D82BE172477BF71
:1038E000CE8685BE07BA76BF938E88BE974D76BFCB
:1038F00007958BBEC6DE75BF229A8EBE976D75BFCB
:10390000DD9D91BE0BFA74BF31A094BE228474BFBA
:1039100017A197BEDD0B74BF86A09ABE3F9173BFFF
:10392000789E9DBE471473BFE59AA0BEF89472BFFF
:10393000C595A3BE521372BF128FA6BE578F71BF1B
:10394000C486A9BE080971BFD47CACBE668070BFB6
:103950003A71AFBE73F56FBFEF63B2BE30686FBF31
:10396000EC54B5BE9ED86EBF2A44B8BEBE466EBFEC
:10397000A031BBBE93B26DBF4A1DBEBE1D1C6DBF44
:103980001E07C1BE5E836CBF15EFC3BE58E86BBF98
:1039900029D5C6BE0C4B6BBF53B9C9BE7BAB6ABF42
:1039A0008B9BCCBEA7096ABFCA7BCFBE916569BF9E
:1039B000095AD2BE3CBF68BF4136D5BEA81668BF03
:1039C0006B10D8BED86B67BF80E8DABECCBE66BFCE
:1039D00079BEDDBE880F66BF4F92E0BE0B5E65BF4D
:1039E000FA63E3BE59AA64BF7533E6BE73F463BFDE
:1039F000B700E9BE5A3C63BFBBCBEBBE108262BFCF
:103A00007994EEBE98C561BFEA5AF1BEF20661BF75
:103A1000071FF4BE214660BFCBE0F6BE27835FBF21
:103A20002DA0F9BE05BE5EBF275DFCBEBEF65DBF24
:103A3000B217FFBE532D5DBFE4E700BFC7615CBF97
:103A4000B14202BF1A945BBF3D9C03BF50C45ABF32
:103A500084F404BF6AF259BF824B06BF6A1E59BF85
:103A600036A107BF534858BF9BF508BF267057BF04
:103A7000AD480ABFE59556BF6B9A0BBF93B955BFCA
:103A8000D0EA0CBF31DB54BFDA390EBFC3FA53BFE3
:103A900084870FBF491853BFCDD310BFC63352BF61
:103AA000B01E12BF3D4D51BF2A6813BFAF6450BF57
:103AB00039B014BF1F7A4FBFD9F615BF908D4EBFD6
:103AC000073C17BF029F4DBFC07F18BF79AE4CBFE8
:103AD00000C219BFF8BB4BBFC6021BBF7FC74ABF9E
:103AE0000C421CBF12D149BFD17F1DBFB3D848BF04
:103AF00012BC1EBF65DE47BFCBF61FBF2AE246BF22
:103B0000F92F21BF03E445BF996722BFF5E344BF06
:103B1000A99D23BF00E243BF25D224BF29DE42BFB7
:103B20000A0526BF70D841BF563627BFDAD040BF3E
:103B3000056628BF67C73FBF159429BF1BBC3EBFA2
:103B400082C02ABFF9AE3DBF4AEB2BBF03A03CBFEA
:103B500069142DBF3B8F3BBFDE3B2EBFA47C3ABF19
:103B6000A5612FBF426839BFBB8530BF165238BF31
:103B70001DA831BF233A37BFC9C832BF6C2036BF3A
:103B8000BCE733BFF30435BFF30435BFBCE733BF35
:103B90006C2036BFC9C832BF233A37BF1DA831BF1A
:103BA000165238BFBB8530BF426839BFA5612FBFF1
:103BB000A47C3ABFDE3B2EBF3B8F3BBF69142DBFB9
:103BC00003A03CBF4AEB2BBFF9AE3DBF82C02ABF6A
:103BD0001BBC3EBF159429BF67C73FBF056628BF02
:103BE000DAD040BF563627BF70D841BF0A0526BF7E
:103BF00029DE42BF25D224BF00E243BFA99D23BFD7
:103C0000F5E344BF996722BF03E445BFF92F21BF05
:103C10002AE246BFCBF61FBF65DE47BF12BC1EBF00
:103C2000B3D848BFD17F1DBF12D149BF0C421CBFC2
:103C30007FC74ABFC6021BBFF8BB4BBF00C219BF3C
:103C400079AE4CBFC07F18BF029F4DBF073C17BF66
:103C5000908D4EBFD9F615BF1F7A4FBF39B014BF34
:103C6000AF6450BF2A6813BF3D4D51BFB01E12BF95
:103C7000C63352BFCDD310BF491853BF84870FBF7F
:103C8000C3FA53BFDA390EBF31DB54BFD0EA0CBFE1
:103C900093B955BF6B9A0BBFE59556BFAD480ABFA8
:103CA000267057BF9BF508BF534858BF36A107BFC2
:103CB0006A1E59BF824B06BF6AF259BF84F404BF23
:103CC00050C45ABF3D9C03BF1A945BBFB14202BFB0
:103CD000C7615CBFE4E700BF532D5DBFB217FFBEF5
:103CE000BEF65DBF275DFCBE05BE5EBF2DA0F9BE62
:103CF00027835FBFCBE0F6BE214660BF071FF4BE3F
:103D0000F20661BFEA5AF1BE98C561BF7994EEBE72
:103D1000108262BFBBCBEBBE5A3C63BFB700E9BEAB
:103D200073F463BF7533E6BE59AA64BFFA63E3BE9A
:103D30000B5E65BF4F92E0BE880F66BF79BEDDBEE9
:103D4000CCBE66BF80E8DABED86B67BF6B10D8BE4A
:103D5000A81668BF4136D5BE3CBF68BF095AD2BE5F
:103D6000916569BFCA7BCFBEA7096ABF8B9BCCBEDA
:103D70007BAB6ABF53B9C9BE0C4B6BBF29D5C6BE5E
:103D800058E86BBF15EFC3BE5E836CBF1E07C1BE94
:103D90001D1C6DBF4A1DBEBE93B26DBFA031BBBE20
:103DA000BE466EBF2A44B8BE9ED86EBFEC54B5BEA8
:103DB00030686FBFEF63B2BE73F56FBF3A71AFBECD
:103DC000668070BFD47CACBE080971BFC486A9BE32
:103DD000578F71BF128FA6BE521372BFC595A3BE77
:103DE000F89472BFE59AA0BE471473BF789E9DBE3B
:103DF0003F9173BF86A09ABEDD0B74BF17A197BE1B
:103E0000228474BF31A094BE0BFA74BFDD9D91BEB5
:103E1000976D75BF229A8EBEC6DE75BF07958BBEA5
:103E2000974D76BF938E88BE07BA76BFCE8685BE85
:103E3000172477BFC07D82BEC58B77BFE1E67EBE0B
:103E400010F177BFCCCF78BEF85378BF51B672BEB1
:103E50007BB478BF7F9A6CBE981279BF667C66BED1
:103E60004E6E79BF135C60BE9DC779BF97395ABE4D
:103E7000841E7ABF011554BE02737ABF60EE4DBE38
:103E800016C57ABFC2C547BEBE147BBF379B41BEB5
:103E9000FC617BBFCF6E3BBECDAC7BBF984035BED7
:103EA00031F57BBFA2102FBE283B7CBFFCDE28BEB5
:103EB000B07E7CBFB6AB22BEC9BF7CBFDE761CBE67
:103EC00073FE7CBF834016BEAC3A7DBFB70810BE00
:103ED00074747DBF86CF09BECCAB7DBF029503BE97
:103EE000B1E07DBF73B2FABD24137EBF7638EEBD5C
:103EF00023437EBF2EBCE1BDB0707EBFB93DD5BDB2
:103F0000C99B7EBF36BDC8BD6DC47EBFC33ABCBDB4
:103F10009DEA7EBF80B6AFBD580E7FBF8C30A3BD7B
:103F20009D2F7FBF05A996BD6D4E7FBF0A208ABD1C
:103F3000C76A7FBF742B7BBDAB847FBF681462BD33
:103F4000189C7FBF2FFB48BD0FB17FBF07E02FBD7F
:103F50008FC37FBF2CC316BD98D37FBFB949FBBCAD
:103F600029E17FBFB00AC9BC43EC7FBFB6C996BC8C
:103F7000E6F47FBF900E49BC11FB7FBF890FC9BB20
:103F8000C4FE7FBF00000080000080BF890FC93BD6
:103F9000C4FE7FBF900E493C11FB7FBFB6C9963C63
:103FA000E6F47FBFB00AC93C43EC7FBFB949FB3C94
:103FB00029E17FBF2CC3163D98D37FBF07E02F3D7B
:103FC0008FC37FBF2FFB483D0FB17FBF6814623D99
:103FD000189C7FBF742B7B3DAB847FBF0A208A3D3A
:103FE000C76A7FBF05A9963D6D4E7FBF8C30A33D4C
:103FF0009D2F7FBF80B6AF3D580E7FBFC33ABC3DFB
:104000009DEA7EBF36BDC83D6DC47EBFB93DD53D7E
:10401000C99B7EBF2EBCE13DB0707EBF7638EE3DC1
:1040200023437EBF73B2FA3D24137EBF0295033E45
:10403000B1E07DBF86CF093ECCAB7DBFB708103E57
:1040400074747DBF8340163EAC3A7DBFDE761C3E65
:1040500073FE7CBFB6AB223EC9BF7CBFFCDE283EF0
:10406000B07E7CBFA2102F3E283B7CBF9840353EDF
:1040700031F57BBFCF6E3B3ECDAC7BBF379B413E26
:10408000FC617BBFC2C5473EBE147BBF60EE4D3EA8
:1040900016C57ABF0115543E02737ABF97395A3E4E
:1040A000841E7ABF135C603E9DC779BF667C663E06
:1040B0004E6E79BF7F9A6C3E981279BF51B6723EB0
:1040C0007BB478BFCCCF783EF85378BFE1E67E3E34
:1040D00010F177BFC07D823EC58B77BFCE86853E0F
:1040E000172477BF938E883E07BA76BF07958B3E1D
:1040F000974D76BF229A8E3EC6DE75BFDD9D913EFE
:10410000976D75BF31A0943E0BFA74BF17A1973E0F
:10411000228474BF86A09A3EDD0B74BF789E9D3EBC
:104120003F9173BFE59AA03E471473BFC595A33E68
:10413000F89472BF128FA63E521372BFC486A93E76
:10414000578F71BFD47CAC3E080971BF3A71AF3E46
:10415000668070BFEF63B23E73F56FBFEC54B53E3F
:1041600030686FBF2A44B83E9ED86EBFA031BB3EB8
:10417000BE466EBF4A1DBE3E93B26DBF1E07C13E16
:104180001D1C6DBF15EFC33E5E836CBF29D5C63EB7
:1041900058E86BBF53B9C93E0C4B6BBF8B9BCC3EF1
:1041A0007BAB6ABFCA7BCF3EA7096ABF095AD23E22
:1041B000916569BF4136D53E3CBF68BF6B10D83EA4
:1041C000A81668BF80E8DA3ED86B67BF79BEDD3ECF
:1041D000CCBE66BF4F92E03E880F66BFFA63E33EF7
:1041E0000B5E65BF7533E63E59AA64BFB700E93E72
:1041F00073F463BFBBCBEB3E5A3C63BF7994EE3E96
:10420000108262BFEA5AF13E98C561BF071FF43EB3
:10421000F20661BFCBE0F63E214660BF2DA0F93E1D
:1042200027835FBF275DFC3E05BE5EBFB217FF3E22
:10423000BEF65DBFE4E7003F532D5DBFB142023FD4
:10424000C7615CBF3D9C033F1A945BBF84F4043F8D
:1042500050C45ABF824B063F6AF259BF36A1073F8E
:104260006A1E59BF9BF5083F534858BFAD480A3FE7
:10427000267057BF6B9A0B3FE59556BFD0EA0C3FAF
:1042800093B955BFDA390E3F31DB54BF84870F3FF6
:10429000C3FA53BFCDD3103F491853BFB01E123FCE
:1042A000C63352BF2A68133F3D4D51BF39B0143F4A
:1042B000AF6450BFD9F6153F1F7A4FBF073C173F79
:1042C000908D4EBFC07F183F029F4DBF00C2193F67
:1042D00079AE4CBFC6021B3FF8BB4BBF0C421C3F24
:1042E0007FC74ABFD17F1D3F12D149BF12BC1E3FBD
:1042F000B3D848BFCBF61F3F65DE47BFF92F213F3C
:104300002AE246BF9967223F03E445BFA99D233FA8
:10431000F5E344BF25D2243F00E243BF0A05263F10
:1043200029DE42BF5636273F70D841BF0566283F79
:10433000DAD040BF1594293F67C73FBF82C02A3FEC
:104340001BBC3EBF4AEB2B3FF9AE3DBF69142D3F6E
:1043500003A03CBFDE3B2E3F3B8F3BBFA5612F3F01
:10436000A47C3ABFBB85303F426839BF1DA8313FAE
:10437000165238BFC9C8323F233A37BFBCE7333F74
:104380006C2036BFF304353FF30435BF6C20363F55
:10439000BCE733BF233A373FC9C832BF1652383F54
:1043A0001DA831BF4268393FBB8530BFA47C3A3F6E
:1043B000A5612FBF3B8F3B3FDE3B2EBF03A03C3FA1
:1043C00069142DBFF9AE3D3F4AEB2BBF1BBC3E3FEE
:1043D00082C02ABF67C73F3F159429BFDAD0403F4C
:1043E000056628BF70D8413F563627BF29DE423FB9
:1043F0000A0526BF00E2433F25D224BFF5E3443F30
:10440000A99D23BF03E4453F996722BF2AE2463FA7
:10441000F92F21BF65DE473FCBF61FBFB3D8483F1A
:1044200012BC1EBF12D1493FD17F1DBF7FC74A3F7B
:104430000C421CBFF8BB4B3FC6021BBF79AE4C3FC2
:1044400000C219BF029F4D3FC07F18BF908D4E3FE5
:10445000073C17BF1F7A4F3FD9F615BFAF64503FD7
:1044600039B014BF3D4D513F2A6813BFC633523F88
:10447000B01E12BF4918533FCDD310BFC3FA533FEC
:1044800084870FBF31DB543FDA390EBF93B9553FF4
:10449000D0EA0CBFE595563F6B9A0BBF2670573F8D
:1044A000AD480ABF5348583F9BF508BF6A1E593FA5
:1044B00036A107BF6AF2593F824B06BF50C45A3F2C
:1044C00084F404BF1A945B3F3D9C03BFC7615C3F0B
:1044D000B14202BF532D5D3FE4E700BFBEF65D3F32
:1044E000B217FFBE05BE5E3F275DFCBE27835F3F60
:1044F0002DA0F9BE2146603FCBE0F6BEF206613F3B
:10450000071FF4BE98C5613FEA5AF1BE1082623FB0
:104510007994EEBE5A3C633FBBCBEBBE73F4633F72
:10452000B700E9BE59AA643F7533E6BE0B5E653F2E
:10453000FA63E3BE880F663F4F92E0BECCBE663F93
:1045400079BEDDBED86B673F80E8DABEA816683F4B
:104550006B10D8BE3CBF683F4136D5BE9165693F00
:10456000095AD2BEA7096A3FCA7BCFBE7BAB6A3F5E
:104570008B9BCCBE0C4B6B3F53B9C9BE58E86B3F0D
:1045800029D5C6BE5E836C3F15EFC3BE1D1C6D3FB3
:104590001E07C1BE93B26D3F4A1DBEBEBE466E3FF2
:1045A000A031BBBE9ED86E3F2A44B8BE30686F3F74
:1045B000EC54B5BE73F56F3FEF63B2BE6680703FDB
:1045C0003A71AFBE0809713FD47CACBE578F713FC2
:1045D000C486A9BE5213723F128FA6BEF894723FD2
:1045E000C595A3BE4714733FE59AA0BE3F91733FA4
:1045F000789E9DBEDD0B743F86A09ABE2284743FD8
:1046000017A197BE0BFA743F31A094BE976D753F0A
:10461000DD9D91BEC6DE753F229A8EBE974D763FD8
:1046200007958BBE07BA763F938E88BE1724773FD7
:10463000CE8685BEC58B773FC07D82BE10F1773FA9
:10464000E1E67EBEF853783FCCCF78BE7BB4783FAE
:1046500051B672BE9812793F7F9A6CBE4E6E793F0A
:10466000667C66BE9DC7793F135C60BE841E7A3F40
:1046700097395ABE02737A3F011554BE16C57A3F68
:1046800060EE4DBEBE147B3FC2C547BEFC617B3FA2
:10469000379B41BECDAC7B3FCF6E3BBE31F57B3F00
:1046A000984035BE283B7C3FA2102FBEB07E7C3F99
:1046B000FCDE28BEC9BF7C3FB6AB22BE73FE7C3F8A
:1046C000DE761CBEAC3A7D3F834016BE74747D3FDF
:1046D000B70810BECCAB7D3F86CF09BEB1E07D3FB1
:1046E000029503BE24137E3F73B2FABD23437E3F7F
:1046F0007638EEBDB0707E3F2EBCE1BDC99B7E3FDB
:10470000B93DD5BD6DC47E3F36BDC8BD9DEA7E3F77
:10471000C33ABCBD580E7F3F80B6AFBD9D2F7F3FD3
:104720008C30A3BD6D4E7F3F05A996BDC76A7F3F04
:104730000A208ABDAB847F3F742B7BBD189C7F3FD2
:10474000681462BD0FB17F3F2FFB48BD8FC37F3F11
:1047500007E02FBD98D37F3F2CC316BD29E17F3FD3
:10476000B949FBBC43EC7F3FB00AC9BCE6F47F3FCC
:10477000B6C996BC11FB7F3F900E49BCC4FE7F3F7B
:10478000890FC9BB0000803F00000000B1FF7F3FE0
:10479000C70F493BC4FE7F3F890FC93B39FD7F3FAF
:1047A00059CB163C11FB7F3F900E493C4AF87F3FA6
:1047B0004B517B3CE6F47F3FB6C9963CE3F07F3F2C
:1047C00069EAAF3C43EC7F3FB00AC93C05E77F3F55
:1047D0007B2AE23C29E17F3FB949FB3CAFDA7F3FCE
:1047E0002F340A3D98D37F3F2CC3163DE2CB7F3F49
:1047F000CC51233D8FC37F3F07E02F3D9EBA7F3FC3
:10480000D56D3C3D0FB17F3F2FFB483DE3A67F3F79
:104810000E88553D189C7F3F6814623DB1907F3FE4
:1048200038A06E3DAB847F3F742B7B3D08787F3F83
:104830000ADB833DC76A7F3F0A208A3DE95C7F3FF0
:10484000B464903D6D4E7F3F05A9963D543F7F3F38
:10485000F9EC9C3D9D2F7F3F8C30A33D491F7F3F4E
:10486000BA73A93D580E7F3F80B6AF3DC9FC7E3F6D
:10487000DAF8B53D9DEA7E3FC33ABC3DD4D77E3FD2
:10488000397CC23D6DC47E3F36BDC83D69B07E3FB8
:10489000B7FDCE3DC99B7E3FB93DD53D8B867E3F62
:1048A000377DDB3DB0707E3F2EBCE13D385A7E3F08
:1048B0009AFAE73D23437E3F7638EE3D722B7E3FEA
:1048C000C075F43D24137E3F73B2FA3D38FA7D3F44
:1048D0004577003EB1E07D3F0295033E8CC67D3FAB
:1048E0006EB2063ECCAB7D3F86CF093E6E907D3FDB
:1048F0004AEC0C3E74747D3FB708103EDE577D3F96
:10490000CA24133EAC3A7D3F8340163EDD1C7D3FFA
:10491000E05B193E73FE7C3FDE761C3E6CDF7C3F25
:104920007B911F3EC9BF7C3FB6AB223E8A9F7C3F36
:104930008CC5253EB07E7C3FFCDE283E3A5D7C3F48
:1049400004F82B3E283B7C3FA2102F3E7A187C3F78
:10495000D428323E31F57B3F9840353E4DD17B3FE8
:10496000EC57383ECDAC7B3FCF6E3B3EB2877B3FB2
:104970003E853E3EFC617B3F379B413EAB3B7B3FF0
:10498000B9B0443EBE147B3FC2C5473E37ED7A3FC7
:104990004FDA4A3E16C57A3F60EE4D3E599C7A3F4B
:1049A000F101513E02737A3F0115543E10497A3F9E
:1049B0008F27573E841E7A3F97395A3E5EF3793FE0
:1049C0001A4B5D3E9DC7793F135C603E439B793F28
:1049D000836C633E4E6E793F667C663EC040793F95
:1049E000BA8B693E9812793F7F9A6C3ED6E3783F46
:1049F000B2A86F3E7BB4783F51B6723E8684783F52
:104A00005AC3753EF853783FCCCF783ED122783FD9
:104A1000A4DB7B3E10F1773FE1E67E3EB7BE773FF9
:104A2000C0F8803EC58B773FC07D823E3A58773FC5
:104A30007002843E1724773FCE86853E5BEF763F3B
:104A4000DA0A873E07BA763F938E883E1B84763F0C
:104A5000F8118A3E974D763F07958B3E7A16763F42
:104A6000C0178D3EC6DE753F229A8E3E7BA6753FEF
:104A70002C1C903E976D753FDD9D913E1D34753F1A
:104A8000351F933E0BFA743F31A0943E62BF743FD2
:104A9000D220963E2284743F17A1973E4B48743F24
:104AA000FE20993EDD0B743F86A09A3ED9CE733F1F
:104AB000AF1F9C3E3F91733F789E9D3E0E53733FC8
:104AC000DF1C9F3E4714733FE59AA03EEBD4723F34
:104AD0008718A23EF894723FC595A33E7054723F6A
:104AE0009F12A53E5213723F128FA63E9FD1713F77
:104AF0001F0BA83E578F713FC486A93E7A4C713F69
:104B00000102AB3E0809713FD47CAC3E02C5703F48
:104B10003CF7AD3E6680703F3A71AF3E373B703F29
:104B2000CBEAB03E73F56F3FEF63B23E1BAF6F3F12
:104B3000A5DCB33E30686F3FEC54B53EB0206F3F0C
:104B4000C3CCB63E9ED86E3F2A44B83EF88F6E3F27
:104B50001EBBB93EBE466E3FA031BB3EF2FC6D3F70
:104B6000AFA7BC3E93B26D3F4A1DBE3EA1676D3FED
:104B70006F92BF3E1D1C6D3F1E07C13E07D06C3FAC
:104B8000557BC23E5E836C3F15EFC33E24366C3FBF
:104B90005C62C53E58E86B3F29D5C63EFB996B3F2A
:104BA0007C47C83E0C4B6B3F53B9C93E8CFB6A3FF8
:104BB000AE2ACB3E7BAB6A3F8B9BCC3ED95A6A3F39
:104BC000EA0BCE3EA7096A3FCA7BCF3EE4B7693FF6
:104BD0002AEBD03E9165693F095AD23EAE12693F39
:104BE00067C8D33E3CBF683F4136D53E396B683F0E
:104BF00099A3D63EA816683F6B10D83E87C1673F81
:104C0000B97CD93ED86B673F80E8DA3E9915673F9B
:104C1000C153DC3ECCBE663F79BEDD3E7167663F68
:104C2000A928DF3E880F663F4F92E03E10B7653FF0
:104C30006AFBE13E0B5E653FFA63E33E7904653F44
:104C4000FECBE43E59AA643F7533E63EAC4F643F69
:104C50005D9AE73E73F4633FB700E93EAC98633F6B
:104C60008166EA3E5A3C633FBBCBEB3E7BDF623F53
:104C70006330ED3E1082623F7994EE3E1A24623F2B
:104C8000FBF7EF3E98C5613FEA5AF13E8A66613F05
:104C900043BDF23EF206613F071FF43ECFA6603FE0
:104CA0003580F53E2146603FCBE0F63EE9E45F3FCC
:104CB000C840F83E27835F3F2DA0F93EDB205F3FD1
:104CC000F7FEFA3E05BE5E3F275DFC3EA65A5E3FFC
:104CD000BBBAFD3EBEF65D3FB217FF3E4D925D3F53
:104CE000063A003F532D5D3FE4E7003FD1C75C3FEC
:104CF0007395013FC7615C3FB142023F34FB5B3FAC
:104D00009FEF023F1A945B3F3D9C033F792C5B3F32
:104D10008948043F50C45A3F84F4043FA05B5A3F83
:104D20002CA0053F6AF2593F824B063FAD88593FA0
:104D300086F6063F6A1E593F36A1073FA1B3583F8A
:104D4000924B083F5348583F9BF5083F7FDC573F45
:104D50004E9F093F2670573FAD480A3F4803573FD3
:104D6000B7F10A3FE595563F6B9A0B3FFE27563F3A
:104D7000C9420C3F93B9553FD0EA0C3FA44A553F76
:104D800081920D3F31DB543FDA390E3F3B6B543F8C
:104D9000DBE00E3FC3FA533F84870F3FC789533F81
:104DA000D52D103F4918533FCDD3103F49A6523F50
:104DB0006B79113FC633523FB01E123FC2C0513F04
:104DC0009AC3123F3D4D513F2A68133F37D9503F98
:104DD0005F0C143FAF64503F39B0143FA8EF4F3F12
:104DE000B753153F1F7A4F3FD9F6153F17044F3F72
:104DF0009F99163F908D4E3F073C173F89164E3FB7
:104E000012DE173F029F4D3FC07F183FFD264D3FEA
:104E10000F21193F79AE4C3F00C2193F78354C3F06
:104E200093621A3FF8BB4B3FC6021B3FFA414B3F10
:104E300099A21B3F7FC74A3F0C421C3F874C4A3F09
:104E40001FE11C3F12D1493FD17F1D3F2155493FF2
:104E5000221E1E3FB3D8483F12BC1E3FCA5B483FCC
:104E60009F591F3F65DE473FCBF61F3F8560473F99
:104E70009393203F2AE2463FF92F213F5463463F58
:104E8000FBCB213F03E4453F9967223F3964453F0F
:104E9000D302233FF5E3443FA99D233F3763443FBB
:104EA0001A38243F00E2433F25D2243F5160433F5C
:104EB000CB6B253F29DE423F0A05263F895B423FF7
:104EC000E39D263F70D8413F5636273FE154413F8E
:104ED00061CE273FDAD0403F0566283F5C4C403F1B
:104EE00041FD283F67C73F3F1594293FFC413F3FA5
:104EF000802A2A3F1BBC3E3F82C02A3FC5353E3F29
:104F00001B562B3FF9AE3D3F4AEB2B3FB8273D3FA9
:104F10000F802C3F03A03C3F69142D3FD9173C3F25
:104F200059A82D3F3B8F3B3FDE3B2E3F29063B3FA1
:104F3000F7CE2E3FA47C3A3FA5612F3FACF2393F1C
:104F4000E6F32F3F4268393FBB85303F65DD383F90
:104F50002217313F1652383F1DA8313F55C6373F03
:104F6000AA38323F233A373FC9C8323F7FAD363F78
:104F70007A58333F6C20363FBCE7333FE792353FEA
:104F80008F76343FF304353FF304353F8F76343F5B
:104F9000E792353FBCE7333F6C20363F7A58333FCA
:104FA0007FAD363FC9C8323F233A373FAA38323F38
:104FB00055C6373F1DA8313F1652383F2217313FA3
:104FC00065DD383FBB85303F4268393FE6F32F3F10
:104FD000ACF2393FA5612F3FA47C3A3FF7CE2E3F7C
:104FE00029063B3FDE3B2E3F3B8F3B3F59A82D3FE1
:104FF000D9173C3F69142D3F03A03C3F0F802C3F45
:10500000B8273D3F4AEB2B3FF9AE3D3F1B562B3FA8
:10501000C5353E3F82C02A3F1BBC3E3F802A2A3F07
:10502000FC413F3F1594293F67C73F3F41FD283F63
:105030005C4C403F0566283FDAD0403F61CE273FB9
:10504000E154413F5636273F70D8413FE39D263F0C
:10505000895B423F0A05263F29DE423FCB6B253F55
:105060005160433F25D2243F00E2433F1A38243F9A
:105070003763443FA99D233FF5E3443FD302233FD9
:105080003964453F9967223F03E4453FFBCB213F0D
:105090005463463FF92F213F2AE2463F9393203F36
:1050A0008560473FCBF61F3F65DE473F9F591F3F57
:1050B000CA5B483F12BC1E3FB3D8483F221E1E3F6A
:1050C0002155493FD17F1D3F12D1493F1FE11C3F70
:1050D000874C4A3F0C421C3F7FC74A3F99A21B3F67
:1050E000FA414B3FC6021B3FF8BB4B3F93621A3F4E
:1050F00078354C3F00C2193F79AE4C3F0F21193F24
:10510000FD264D3FC07F183F029F4D3F12DE173FE7
:1051100089164E3F073C173F908D4E3F9F99163F93
:1051200017044F3FD9F6153F1F7A4F3FB753153F2E
:10513000A8EF4F3F39B0143FAF64503F5F0C143FAE
:1051400037D9503F2A68133F3D4D513F9AC3123F14
:10515000C2C0513FB01E123FC633523F6B79113F60
:1051600049A6523FCDD3103F4918533FD52D103F8C
:10517000C789533F84870F3FC3FA533FDBE00E3F9D
:105180003B6B543FDA390E3F31DB543F81920D3F88
:10519000A44A553FD0EA0C3F93B9553FC9420C3F52
:1051A000FE27563F6B9A0B3FE595563FB7F10A3FF6
:1051B0004803573FAD480A3F2670573F4E9F093F6F
:1051C0007FDC573F9BF5083F5348583F924B083FC1
:1051D000A1B3583F36A1073F6A1E593F86F6063FE6
:1051E000AD88593F824B063F6AF2593F2CA0053FDC
:1051F000A05B5A3F84F4043F50C45A3F8948043F9F
:10520000792C5B3F3D9C033F1A945B3F9FEF023F2D
:1052100034FB5B3FB142023FC7615C3F7395013F86
:10522000D1C75C3FE4E7003F532D5D3F063A003FA6
:105230004D925D3FB217FF3EBEF65D3FBBBAFD3EED
:10524000A65A5E3F275DFC3E05BE5E3FF7FEFA3E76
:10525000DB205F3F2DA0F93E27835F3FC840F83E2B
:10526000E9E45F3FCBE0F63E2146603F3580F53E06
:10527000CFA6603F071FF43EF206613F43BDF23EFA
:105280008A66613FEA5AF13E98C5613FFBF7EF3EFF
:105290001A24623F7994EE3E1082623F6330ED3E05
:1052A0007BDF623FBBCBEB3E5A3C633F8166EA3E0D
:1052B000AC98633FB700E93E73F4633F5D9AE73E05
:1052C000AC4F643F7533E63E59AA643FFECBE43EE3
:1052D0007904653FFA63E33E0B5E653F6AFBE13E9E
:1052E00010B7653F4F92E03E880F663FA928DF3E2A
:1052F0007167663F79BEDD3ECCBE663FC153DC3E82
:105300009915673F80E8DA3ED86B673FB97CD93E94
:1053100087C1673F6B10D83EA816683F99A3D63E59
:10532000396B683F4136D53E3CBF683F67C8D33EC6
:10533000AE12693F095AD23E9165693F2AEBD03ED1
:10534000E4B7693FCA7BCF3EA7096A3FEA0BCE3E6E
:10535000D95A6A3F8B9BCC3E7BAB6A3FAE2ACB3E91
:105360008CFB6A3F53B9C93E0C4B6B3F7C47C83E30
:10537000FB996B3F29D5C63E58E86B3F5C62C53E42
:1053800024366C3F15EFC33E5E836C3F557BC23EB7
:1053900007D06C3F1E07C13E1D1C6D3F6F92BF3E84
:1053A000A1676D3F4A1DBE3E93B26D3FAFA7BC3EA5
:1053B000F2FC6D3FA031BB3EBE466E3F1EBBB93E08
:1053C000F88F6E3F2A44B83E9ED86E3FC3CCB63E9F
:1053D000B0206F3FEC54B53E30686F3FA5DCB33E64
:1053E0001BAF6F3FEF63B23E73F56F3FCBEAB03E4A
:1053F000373B703F3A71AF3E6680703F3CF7AD3E41
:1054000002C5703FD47CAC3E0809713F0102AB3E3F
:105410007A4C713FC486A93E578F713F1F0BA83E3F
:105420009FD1713F128FA63E5213723F9F12A53E2D
:105430007054723FC595A33EF894723F8718A23E00
:10544000EBD4723FE59AA03E4714733FDF1C9F3EAA
:105450000E53733F789E9D3E3F91733FAF1F9C3E1E
:10546000D9CE733F86A09A3EDD0B743FFE20993E55
:105470004B48743F17A1973E2284743FD220963E3A
:1054800062BF743F31A0943E0BFA743F351F933EC8
:105490001D34753FDD9D913E976D753F2C1C903EF0
:1054A0007BA6753F229A8E3EC6DE753FC0178D3EA5
:1054B0007A16763F07958B3E974D763FF8118A3ED8
:1054C0001B84763F938E883E07BA763FDA0A873E82
:1054D0005BEF763FCE86853E1724773F7002843E91
:1054E0003A58773FC07D823EC58B773FC0F8803EFB
:1054F000B7BE773FE1E67E3E10F1773FA4DB7B3E0F
:10550000D122783FCCCF783EF853783F5AC3753ECE
:105510008684783F51B6723E7BB4783FB2A86F3E26
:10552000D6E3783F7F9A6C3E9812793FBA8B693EFA
:10553000C040793F667C663E4E6E793F836C633E29
:10554000439B793F135C603E9DC7793F1A4B5D3E9C
:105550005EF3793F97395A3E841E7A3F8F27573E34
:1055600010497A3F0115543E02737A3FF101513ED2
:10557000599C7A3F60EE4D3E16C57A3F4FDA4A3E5F
:1055800037ED7A3FC2C5473EBE147B3FB9B0443EBB
:10559000AB3B7B3F379B413EFC617B3F3E853E3EC4
:1055A000B2877B3FCF6E3B3ECDAC7B3FEC57383E66
:1055B0004DD17B3F9840353E31F57B3FD428323E7C
:1055C0007A187C3FA2102F3E283B7C3F04F82B3EEC
:1055D0003A5D7C3FFCDE283EB07E7C3F8CC5253E9C
:1055E0008A9F7C3FB6AB223EC9BF7C3F7B911F3E6A
:1055F0006CDF7C3FDE761C3E73FE7C3FE05B193E39
:10560000DD1C7D3F8340163EAC3A7D3FCA24133EED
:10561000DE577D3FB708103E74747D3F4AEC0C3E68
:105620006E907D3F86CF093ECCAB7D3F6EB2063E8D
:105630008CC67D3F0295033EB1E07D3F4577003E3D
:1056400038FA7D3F73B2FA3D24137E3FC075F43DB6
:10565000722B7E3F7638EE3D23437E3F9AFAE73D3C
:10566000385A7E3F2EBCE13DB0707E3F377DDB3D3A
:105670008B867E3FB93DD53DC99B7E3FB7FDCE3D74
:1056800069B07E3F36BDC83D6DC47E3F397CC23DAA
:10569000D4D77E3FC33ABC3D9DEA7E3FDAF8B53DA4
:1056A000C9FC7E3F80B6AF3D580E7F3FBA73A93D1F
:1056B000491F7F3F8C30A33D9D2F7F3FF9EC9C3DE0
:1056C000543F7F3F05A9963D6D4E7F3FB464903DAA
:1056D000E95C7F3F0A208A3DC76A7F3F0ADB833D42
:1056E00008787F3F742B7B3DAB847F3F38A06E3DB5
:1056F000B1907F3F6814623D189C7F3F0E88553DF6
:10570000E3A67F3F2FFB483D0FB17F3FD56D3C3D6A
:105710009EBA7F3F07E02F3D8FC37F3FCC51233D93
:10572000E2CB7F3F2CC3163D98D37F3F2F340A3DF9
:10573000AFDA7F3FB949FB3C29E17F3F7B2AE23C5E
:1057400005E77F3FB00AC93C43EC7F3F69EAAF3CC5
:10575000E3F07F3FB6C9963CE6F47F3F4B517B3C7C
:105760004AF87F3F900E493C11FB7F3F59CB163CD6
:1057700039FD7F3F890FC93BC4FE7F3FC70F493BBF
:10578000B1FF7F3F000000000000803FC70F49BB12
:10579000B1FF7F3F890FC9BBC4FE7F3F59CB16BC09
:1057A00039FD7F3F900E49BC11FB7F3F4B517BBCC5
:1057B0004AF87F3FB6C996BCE6F47F3F69EAAFBCC2
:1057C000E3F07F3FB00AC9BC43EC7F3F7B2AE2BCD9
:1057D00005E77F3FB949FBBC29E17F3F2F340ABD74
:1057E000AFDA7F3F2CC316BD98D37F3FCC5123BD8A
:1057F000E2CB7F3F07E02FBD8FC37F3FD56D3CBD20
:105800009EBA7F3F2FFB48BD0FB17F3F0E8855BD2D
:10581000E3A67F3F681462BD189C7F3F38A06EBD31
:10582000B1907F3F742B7BBDAB847F3F0ADB83BD90
:1058300008787F3F0A208ABDC76A7F3FB46490BD65
:10584000E95C7F3F05A996BD6D4E7F3FF9EC9CBD9D
:10585000543F7F3F8C30A3BD9D2F7F3FBA73A9BDBE
:10586000491F7F3F80B6AFBD580E7F3FDAF8B5BD08
:10587000C9FC7E3FC33ABCBD9DEA7E3F397CC2BDB8
:10588000D4D77E3F36BDC8BD6DC47E3FB7FDCEBD0B
:1058900069B07E3FB93DD5BDC99B7E3F377DDBBD3D
:1058A0008B867E3F2EBCE1BDB0707E3F9AFAE7BD8D
:1058B000385A7E3F7638EEBD23437E3FC075F4BD37
:1058C000722B7E3F73B2FABD24137E3F457700BE34
:1058D00038FA7D3F029503BEB1E07D3F6EB206BE51
:1058E0008CC67D3F86CF09BECCAB7D3F4AEC0CBE5B
:1058F0006E907D3FB70810BE74747D3FCA2413BEFE
:10590000DE577D3F834016BEAC3A7D3FE05B19BE5B
:10591000DD1C7D3FDE761CBE73FE7C3F7B911FBE8F
:105920006CDF7C3FB6AB22BEC9BF7C3F8CC525BEB9
:105930008A9F7C3FFCDE28BEB07E7C3F04F82BBEF5
:105940003A5D7C3FA2102FBE283B7C3FD42832BE5C
:105950007A187C3F984035BE31F57B3FEC5738BE16
:105960004DD17B3FCF6E3BBECDAC7B3F3E853EBE37
:10597000B2877B3F379B41BEFC617B3FB9B044BEE1
:10598000AB3B7B3FC2C547BEBE147B3F4FDA4ABE2E
:1059900037ED7A3F60EE4DBE16C57A3FF10151BE3C
:1059A000599C7A3F011554BE02737A3F8F2757BE28
:1059B00010497A3F97395ABE841E7A3F1A4B5DBE12
:1059C0005EF3793F135C60BE9DC7793F836C63BE15
:1059D000439B793F667C66BE4E6E793FBA8B69BE4B
:1059E000C040793F7F9A6CBE9812793FB2A86FBED3
:1059F000D6E3783F51B672BE7BB4783F5AC375BECA
:105A00008684783FCCCF78BEF853783FA4DB7BBE4A
:105A1000D122783FE1E67EBE10F1773FC0F880BE2C
:105A2000B7BE773FC07D82BEC58B773F700284BE14
:105A30003A58773FCE8685BE1724773FDA0A87BE6D
:105A40005BEF763F938E88BE07BA763FF8118ABE29
:105A50001B84763F07958BBE974D763FC0178DBE52
:105A60007A16763F229A8EBEC6DE753F2C1C90BEFB
:105A70007BA6753FDD9D91BE976D753F351F93BE2B
:105A80001D34753F31A094BE0BFA743FD22096BEF0
:105A900062BF743F17A197BE2284743FFE2099BE57
:105AA0004B48743F86A09ABEDD0B743FAF1F9CBE6F
:105AB000D9CE733F789E9DBE3F91733FDF1C9FBE42
:105AC0000E53733FE59AA0BE4714733F8718A2BEDA
:105AD000EBD4723FC595A3BEF894723F9F12A5BE4A
:105AE0007054723F128FA6BE5213723F1F0BA8BE96
:105AF0009FD1713FC486A9BE578F713F0102ABBED3
:105B00007A4C713FD47CACBE0809713F3CF7ADBE06
:105B100002C5703F3A71AFBE6680703FCBEAB0BE3F
:105B2000373B703FEF63B2BE73F56F3FA5DCB3BE8A
:105B30001BAF6F3FEC54B5BE30686F3FC3CCB6BEF1
:105B4000B0206F3F2A44B8BE9ED86E3F1EBBB9BE80
:105B5000F88F6E3FA031BBBEBE466E3FAFA7BCBE46
:105B6000F2FC6D3F4A1DBEBE93B26D3F6F92BFBE49
:105B7000A1676D3F1E07C1BE1D1C6D3F557BC2BE98
:105B800007D06C3F15EFC3BE5E836C3F5C62C5BE41
:105B900024366C3F29D5C6BE58E86B3F7C47C8BE4B
:105BA000FB996B3F53B9C9BE0C4B6B3FAE2ACBBEC2
:105BB0008CFB6A3F8B9BCCBE7BAB6A3FEA0BCEBEB5
:105BC000D95A6A3FCA7BCFBEA7096A3F2AEBD0BE2B
:105BD000E4B7693F095AD2BE9165693F67C8D3BE31
:105BE000AE12693F4136D5BE3CBF683F99A3D6BED1
:105BF000396B683F6B10D8BEA816683FB97CD9BE18
:105C000087C1673F80E8DABED86B673FC153DCBE0F
:105C10009915673F79BEDDBECCBE663FA928DFBEC1
:105C20007167663F4F92E0BE880F663F6AFBE1BE38
:105C300010B7653FFA63E3BE0B5E653FFECBE4BE83
:105C40007904653F7533E6BE59AA643F5D9AE7BEA5
:105C5000AC4F643FB700E9BE73F4633F8166EABEB0
:105C6000AC98633FBBCBEBBE5A3C633F6330EDBEA9
:105C70007BDF623F7994EEBE1082623FFBF7EFBE9E
:105C80001A24623FEA5AF1BE98C5613F43BDF2BE95
:105C90008A66613F071FF4BEF206613F3580F5BE9C
:105CA000CFA6603FCBE0F6BE2146603FC840F8BEBD
:105CB000E9E45F3F2DA0F9BE27835F3FF7FEFABE00
:105CC000DB205F3F275DFCBE05BE5E3FBBBAFDBE6D
:105CD000A65A5E3FB217FFBEBEF65D3F063A00BF52
:105CE0004D925D3FE4E700BF532D5D3F739501BFCB
:105CF000D1C75C3FB14202BFC7615C3F9FEF02BFAB
:105D000034FB5B3F3D9C03BF1A945B3F894804BF53
:105D1000792C5B3F84F404BF50C45A3F2CA005BFCC
:105D2000A05B5A3F824B06BF6AF2593F86F606BF18
:105D3000AD88593F36A107BF6A1E593F924B08BF35
:105D4000A1B3583F9BF508BF5348583F4E9F09BF2A
:105D50007FDC573FAD480ABF2670573FB7F10ABFF7
:105D60004803573F6B9A0BBFE595563FC9420CBF9E
:105D7000FE27563FD0EA0CBF93B9553F81920DBF25
:105D8000A44A553FDA390EBF31DB543FDBE00EBF8A
:105D90003B6B543F84870FBFC3FA533FD52D10BFD1
:105DA000C789533FCDD310BF4918533F6B7911BFFB
:105DB00049A6523FB01E12BFC633523F9AC312BF0C
:105DC000C2C0513F2A6813BF3D4D513F5F0C14BF05
:105DD00037D9503F39B014BFAF64503FB75315BFE8
:105DE000A8EF4F3FD9F615BF1F7A4F3F9F9916BFB7
:105DF00017044F3F073C17BF908D4E3F12DE17BF71
:105E000089164E3FC07F18BF029F4D3F0F2119BF1B
:105E1000FD264D3F00C219BF79AE4C3F93621ABFB9
:105E200078354C3FC6021BBFF8BB4B3F99A21BBF46
:105E3000FA414B3F0C421CBF7FC74A3F1FE11CBFCA
:105E4000874C4A3FD17F1DBF12D1493F221E1EBF42
:105E50002155493F12BC1EBFB3D8483F9F591FBFB1
:105E6000CA5B483FCBF61FBF65DE473F939320BF19
:105E70008560473FF92F21BF2AE2463FFBCB21BF78
:105E80005463463F996722BF03E4453FD30223BFD3
:105E90003964453FA99D23BFF5E3443F1A3824BF29
:105EA0003763443F25D224BF00E2433FCB6B25BF7D
:105EB0005160433F0A0526BF29DE423FE39D26BFCE
:105EC000895B423F563627BF70D8413F61CE27BF1E
:105ED000E154413F056628BFDAD0403F41FD28BF6D
:105EE0005C4C403F159429BF67C73F3F802A2ABFBB
:105EF000FC413F3F82C02ABF1BBC3E3F1B562BBF0D
:105F0000C5353E3F4AEB2BBFF9AE3D3F0F802CBF5E
:105F1000B8273D3F69142DBF03A03C3F59A82DBFB2
:105F2000D9173C3FDE3B2EBF3B8F3B3FF7CE2EBF0A
:105F300029063B3FA5612FBFA47C3A3FE6F32FBF64
:105F4000ACF2393FBB8530BF4268393F221731BFC1
:105F500065DD383F1DA831BF1652383FAA3832BF21
:105F600055C6373FC9C832BF233A373F7A5833BF87
:105F70007FAD363FBCE733BF6C20363F8F7634BFF2
:105F8000E792353FF30435BFF304353FE79235BF61
:105F90008F76343F6C2036BFBCE7333F7FAD36BFD2
:105FA0007A58333F233A37BFC9C8323F55C637BF47
:105FB000AA38323F165238BF1DA8313F65DD38BFC1
:105FC0002217313F426839BFBB85303FACF239BF41
:105FD000E6F32F3FA47C3ABFA5612F3F29063BBFC4
:105FE000F7CE2E3F3B8F3BBFDE3B2E3FD9173CBF4A
:105FF00059A82D3F03A03CBF69142D3FB8273DBFD2
:106000000F802C3FF9AE3DBF4AEB2B3FC5353EBF5D
:106010001B562B3F1BBC3EBF82C02A3FFC413FBFEB
:10602000802A2A3F67C73FBF1594293F5C4C40BF79
:1060300041FD283FDAD040BF0566283FE15441BF0B
:1060400061CE273F70D841BF5636273F895B42BF9C
:10605000E39D263F29DE42BF0A05263F516043BF2C
:10606000CB6B253F00E243BF25D2243F376344BFBB
:106070001A38243FF5E344BFA99D233F396445BF47
:10608000D302233F03E445BF9967223F546346BFD1
:10609000FBCB213F2AE246BFF92F213F856047BF56
:1060A0009393203F65DE47BFCBF61F3FCA5B48BFD7
:1060B0009F591F3FB3D848BF12BC1E3F215549BF4F
:1060C000221E1E3F12D149BFD17F1D3F874C4ABFC0
:1060D0001FE11C3F7FC74ABF0C421C3FFA414BBF28
:1060E00099A21B3FF8BB4BBFC6021B3F78354CBF84
:1060F00093621A3F79AE4CBF00C2193FFD264DBFD7
:106100000F21193F029F4DBFC07F183F89164EBF18
:1061100012DE173F908D4EBF073C173F17044FBF4D
:106120009F99163F1F7A4FBFD9F6153FA8EF4FBF73
:10613000B753153FAF6450BF39B0143F37D950BF84
:106140005F0C143F3D4D51BF2A68133FC2C051BF81
:106150009AC3123FC63352BFB01E123F49A652BF68
:106160006B79113F491853BFCDD3103FC78953BF37
:10617000D52D103FC3FA53BF84870F3F3B6B54BFED
:10618000DBE00E3F31DB54BFDA390E3FA44A55BF86
:1061900081920D3F93B955BFD0EA0C3FFE2756BF01
:1061A000C9420C3FE59556BF6B9A0B3F480357BF5A
:1061B000B7F10A3F267057BFAD480A3F7FDC57BF93
:1061C0004E9F093F534858BF9BF5083FA1B358BFA6
:1061D000924B083F6A1E59BF36A1073FAD8859BF91
:1061E00086F6063F6AF259BF824B063FA05B5ABF54
:1061F0002CA0053F50C45ABF84F4043F792C5BBFE8
:106200008948043F1A945BBF3D9C033F34FB5BBF4E
:106210009FEF023FC7615CBFB142023FD1C75CBF85
:106220007395013F532D5DBFE4E7003F4D925DBF85
:10623000063A003FBEF65DBFB217FF3EA65A5EBFEC
:10624000BBBAFD3E05BE5EBF275DFC3EDB205FBFE7
:10625000F7FEFA3E27835FBF2DA0F93EE9E45FBF5A
:10626000C840F83E214660BFCBE0F63ECFA660BFF7
:106270003580F53EF20661BF071FF43E8A6661BFB6
:1062800043BDF23E98C561BFEA5AF13E1A2462BF8F
:10629000FBF7EF3E108262BF7994EE3E7BDF62BF78
:1062A0006330ED3E5A3C63BFBBCBEB3EAC9863BF63
:1062B0008166EA3E73F463BFB700E93EAC4F64BF4A
:1062C0005D9AE73E59AA64BF7533E63E790465BF1F
:1062D000FECBE43E0B5E65BFFA63E33E10B765BFDD
:1062E0006AFBE13E880F66BF4F92E03E716766BF72
:1062F000A928DF3ECCBE66BF79BEDD3E991567BFDB
:10630000C153DC3ED86B67BF80E8DA3E87C167BF08
:10631000B97CD93EA81668BF6B10D83E396B68BFF0
:1063200099A3D63E3CBF68BF4136D53EAE1269BF89
:1063300067C8D33E916569BF095AD23EE4B769BFC9
:106340002AEBD03EA7096ABFCA7BCF3ED95A6ABFA3
:10635000EA0BCE3E7BAB6ABF8B9BCC3E8CFB6ABF0D
:10636000AE2ACB3E0C4B6BBF53B9C93EFB996BBFFA
:106370007C47C83E58E86BBF29D5C63E24366CBF63
:106380005C62C53E5E836CBF15EFC33E07D06CBF39
:10639000557BC23E1D1C6DBF1E07C13EA1676DBF70
:1063A0006F92BF3E93B26DBF4A1DBE3EF2FC6DBF01
:1063B000AFA7BC3EBE466EBFA031BB3EF88F6EBFDE
:1063C0001EBBB93E9ED86EBF2A44B83EB0206FBFF8
:1063D000C3CCB63E30686FBFEC54B53E1BAF6FBF49
:1063E000A5DCB33E73F56FBFEF63B23E373B70BFC2
:1063F000CBEAB03E668070BF3A71AF3E02C570BF57
:106400003CF7AD3E080971BFD47CAC3E7A4C71BFFD
:106410000102AB3E578F71BFC486A93E9FD171BFA9
:106420001F0BA83E521372BF128FA63E705472BF4C
:106430009F12A53EF89472BFC595A33EEBD472BFE0
:106440008718A23E471473BFE59AA03E0E5373BF50
:10645000DF1C9F3E3F9173BF789E9D3ED9CE73BF98
:10646000AF1F9C3EDD0B74BF86A09A3E4B4874BFA5
:10647000FE20993E228474BF17A1973E62BF74BF6D
:10648000D220963E0BFA74BF31A0943E1D3475BFE6
:10649000351F933E976D75BFDD9D913E7BA675BF01
:1064A0002C1C903EC6DE75BF229A8E3E7A1676BFB1
:1064B000C0178D3E974D76BF07958B3E1B8476BFE8
:1064C000F8118A3E07BA76BF938E883E5BEF76BF9F
:1064D000DA0A873E172477BFCE86853E3A5877BFC3
:1064E0007002843EC58B77BFC07D823EB7BE77BF4A
:1064F000C0F8803E10F177BFE1E67E3ED12278BF42
:10650000A4DB7B3EF85378BFCCCF783E868478BF3F
:106510005AC3753E7BB478BF51B6723ED6E378BF9E
:10652000B2A86F3E981279BF7F9A6C3EC04079BF87
:10653000BA8B693E4E6E79BF667C663E439B79BFDF
:10654000836C633E9DC779BF135C603E5EF379BF89
:106550001A4B5D3E841E7ABF97395A3E10497ABF66
:106560008F27573E02737ABF0115543E599C7ABF5C
:10657000F101513E16C57ABF60EE4D3E37ED7ABF50
:106580004FDA4A3EBE147BBFC2C5473EAB3B7BBF22
:10659000B9B0443EFC617BBF379B413EB2877BBFB5
:1065A0003E853E3ECDAC7BBFCF6E3B3E4DD17BBFEB
:1065B000EC57383E31F57BBF9840353E7A187CBFAA
:1065C000D428323E283B7CBFA2102F3E3A5D7CBFD0
:1065D00004F82B3EB07E7CBFFCDE283E8A9F7CBF49
:1065E0008CC5253EC9BF7CBFB6AB223E6CDF7CBFED
:1065F0007B911F3E73FE7CBFDE761C3EDD1C7DBFA3
:10660000E05B193EAC3A7DBF8340163EDE577DBF4E
:10661000CA24133E74747DBFB708103E6E907DBFD0
:106620004AEC0C3ECCAB7DBF86CF093E8CC67DBF0D
:106630006EB2063EB1E07DBF0295033E38FA7DBFE3
:106640004577003E24137EBF73B2FA3D722B7EBFA6
:10665000C075F43D23437EBF7638EE3D385A7EBF89
:106660009AFAE73DB0707EBF2EBCE13D8B867EBFBF
:10667000377DDB3DC99B7EBFB93DD53D69B07EBF4F
:10668000B7FDCE3D6DC47EBF36BDC83DD4D77EBFFD
:10669000397CC23D9DEA7EBFC33ABC3DC9FC7EBF8A
:1066A000DAF8B53D580E7FBF80B6AF3D491F7FBFBA
:1066B000BA73A93D9D2F7FBF8C30A33D543F7FBF50
:1066C000F9EC9C3D6D4E7FBF05A9963DE95C7FBF0F
:1066D000B464903DC76A7FBF0A208A3D08787FBFB7
:1066E0000ADB833DAB847FBF742B7B3DB1907FBFC2
:1066F00038A06E3D189C7FBF6814623DE3A67FBF43
:106700000E88553D0FB17FBF2FFB483D9EBA7FBF1E
:10671000D56D3C3D8FC37FBF07E02F3DE2CB7FBFF0
:10672000CC51233D98D37FBF2CC3163DAFDA7FBF3A
:106730002F340A3D29E17FBFB949FB3C05E77FBF04
:106740007B2AE23C43EC7FBFB00AC93CE3F07FBF49
:1067500069EAAF3CE6F47FBFB6C9963C4AF87FBF12
:106760004B517B3C11FB7FBF900E493C39FD7FBFF5
:1067700059CB163CC4FE7FBF890FC93BB1FF7FBF19
:10678000C70F493B000080BF00000000B1FF7FBF82
:10679000C70F49BBC4FE7FBF890FC9BB39FD7FBF8F
:1067A00059CB16BC11FB7FBF900E49BC4AF87FBF86
:1067B0004B517BBCE6F47FBFB6C996BCE3F07FBF0C
:1067C00069EAAFBC43EC7FBFB00AC9BC05E77FBF35
:1067D0007B2AE2BC29E17FBFB949FBBCAFDA7FBFAE
:1067E0002F340ABD98D37FBF2CC316BDE2CB7FBF29
:1067F000CC5123BD8FC37FBF07E02FBD9EBA7FBFA3
:10680000D56D3CBD0FB17FBF2FFB48BDE3A67FBF59
:106810000E8855BD189C7FBF681462BDB1907FBFC4
:1068200038A06EBDAB847FBF742B7BBD08787FBF63
:106830000ADB83BDC76A7FBF0A208ABDE95C7FBFD0
:10684000B46490BD6D4E7FBF05A996BD543F7FBF18
:10685000F9EC9CBD9D2F7FBF8C30A3BD491F7FBF2E
:10686000BA73A9BD580E7FBF80B6AFBDC9FC7EBF4D
:10687000DAF8B5BD9DEA7EBFC33ABCBDD4D77EBFB2
:10688000397CC2BD6DC47EBF36BDC8BD69B07EBF98
:10689000B7FDCEBDC99B7EBFB93DD5BD8B867EBF42
:1068A000377DDBBDB0707EBF2EBCE1BD385A7EBFE8
:1068B0009AFAE7BD23437EBF7638EEBD722B7EBFCA
:1068C000C075F4BD24137EBF73B2FABD38FA7DBF24
:1068D000457700BEB1E07DBF029503BE8CC67DBF8B
:1068E0006EB206BECCAB7DBF86CF09BE6E907DBFBB
:1068F0004AEC0CBE74747DBFB70810BEDE577DBF76
:10690000CA2413BEAC3A7DBF834016BEDD1C7DBFDA
:10691000E05B19BE73FE7CBFDE761CBE6CDF7CBF05
:106920007B911FBEC9BF7CBFB6AB22BE8A9F7CBF16
:106930008CC525BEB07E7CBFFCDE28BE3A5D7CBF28
:1069400004F82BBE283B7CBFA2102FBE7A187CBF58
:10695000D42832BE31F57BBF984035BE4DD17BBFC8
:10696000EC5738BECDAC7BBFCF6E3BBEB2877BBF92
:106970003E853EBEFC617BBF379B41BEAB3B7BBFD0
:10698000B9B044BEBE147BBFC2C547BE37ED7ABFA7
:106990004FDA4ABE16C57ABF60EE4DBE599C7ABF2B
:1069A000F10151BE02737ABF011554BE10497ABF7E
:1069B0008F2757BE841E7ABF97395ABE5EF379BFC0
:1069C0001A4B5DBE9DC779BF135C60BE439B79BF08
:1069D000836C63BE4E6E79BF667C66BEC04079BF75
:1069E000BA8B69BE981279BF7F9A6CBED6E378BF26
:1069F000B2A86FBE7BB478BF51B672BE868478BF32
:106A00005AC375BEF85378BFCCCF78BED12278BFB9
:106A1000A4DB7BBE10F177BFE1E67EBEB7BE77BFD9
:106A2000C0F880BEC58B77BFC07D82BE3A5877BFA5
:106A3000700284BE172477BFCE8685BE5BEF76BF1B
:106A4000DA0A87BE07BA76BF938E88BE1B8476BFEC
:106A5000F8118ABE974D76BF07958BBE7A1676BF22
:106A6000C0178DBEC6DE75BF229A8EBE7BA675BFCF
:106A70002C1C90BE976D75BFDD9D91BE1D3475BFFA
:106A8000351F93BE0BFA74BF31A094BE62BF74BFB2
:106A9000D22096BE228474BF17A197BE4B4874BF04
:106AA000FE2099BEDD0B74BF86A09ABED9CE73BFFF
:106AB000AF1F9CBE3F9173BF789E9DBE0E5373BFA8
:106AC000DF1C9FBE471473BFE59AA0BEEBD472BF14
:106AD0008718A2BEF89472BFC595A3BE705472BF4A
:106AE0009F12A5BE521372BF128FA6BE9FD171BF57
:106AF0001F0BA8BE578F71BFC486A9BE7A4C71BF49
:106B00000102ABBE080971BFD47CACBE02C570BF28
:106B10003CF7ADBE668070BF3A71AFBE373B70BF09
:106B2000CBEAB0BE73F56FBFEF63B2BE1BAF6FBFF2
:106B3000A5DCB3BE30686FBFEC54B5BEB0206FBFEC
:106B4000C3CCB6BE9ED86EBF2A44B8BEF88F6EBF07
:106B50001EBBB9BEBE466EBFA031BBBEF2FC6DBF50
:106B6000AFA7BCBE93B26DBF4A1DBEBEA1676DBFCD
:106B70006F92BFBE1D1C6DBF1E07C1BE07D06CBF8C
:106B8000557BC2BE5E836CBF15EFC3BE24366CBF9F
:106B90005C62C5BE58E86BBF29D5C6BEFB996BBF0A
:106BA0007C47C8BE0C4B6BBF53B9C9BE8CFB6ABFD8
:106BB000AE2ACBBE7BAB6ABF8B9BCCBED95A6ABF19
:106BC000EA0BCEBEA7096ABFCA7BCFBEE4B769BFD6
:106BD0002AEBD0BE916569BF095AD2BEAE1269BF19
:106BE00067C8D3BE3CBF68BF4136D5BE396B68BFEE
:106BF00099A3D6BEA81668BF6B10D8BE87C167BF61
:106C0000B97CD9BED86B67BF80E8DABE991567BF7B
:106C1000C153DCBECCBE66BF79BEDDBE716766BF48
:106C2000A928DFBE880F66BF4F92E0BE10B765BFD0
:106C30006AFBE1BE0B5E65BFFA63E3BE790465BF24
:106C4000FECBE4BE59AA64BF7533E6BEAC4F64BF49
:106C50005D9AE7BE73F463BFB700E9BEAC9863BF4B
:106C60008166EABE5A3C63BFBBCBEBBE7BDF62BF33
:106C70006330EDBE108262BF7994EEBE1A2462BF0B
:106C8000FBF7EFBE98C561BFEA5AF1BE8A6661BFE5
:106C900043BDF2BEF20661BF071FF4BECFA660BFC0
:106CA0003580F5BE214660BFCBE0F6BEE9E45FBFAC
:106CB000C840F8BE27835FBF2DA0F9BEDB205FBFB1
:106CC000F7FEFABE05BE5EBF275DFCBEA65A5EBFDC
:106CD000BBBAFDBEBEF65DBFB217FFBE4D925DBF33
:106CE000063A00BF532D5DBFE4E700BFD1C75CBFCC
:106CF000739501BFC7615CBFB14202BF34FB5BBF8C
:106D00009FEF02BF1A945BBF3D9C03BF792C5BBF12
:106D1000894804BF50C45ABF84F404BFA05B5ABF63
:106D20002CA005BF6AF259BF824B06BFAD8859BF80
:106D300086F606BF6A1E59BF36A107BFA1B358BF6A
:106D4000924B08BF534858BF9BF508BF7FDC57BF25
:106D50004E9F09BF267057BFAD480ABF480357BFB3
:106D6000B7F10ABFE59556BF6B9A0BBFFE2756BF1A
:106D7000C9420CBF93B955BFD0EA0CBFA44A55BF56
:106D800081920DBF31DB54BFDA390EBF3B6B54BF6C
:106D9000DBE00EBFC3FA53BF84870FBFC78953BF61
:106DA000D52D10BF491853BFCDD310BF49A652BF30
:106DB0006B7911BFC63352BFB01E12BFC2C051BFE4
:106DC0009AC312BF3D4D51BF2A6813BF37D950BF78
:106DD0005F0C14BFAF6450BF39B014BFA8EF4FBFF2
:106DE000B75315BF1F7A4FBFD9F615BF17044FBF52
:106DF0009F9916BF908D4EBF073C17BF89164EBF97
:106E000012DE17BF029F4DBFC07F18BFFD264DBFCA
:106E10000F2119BF79AE4CBF00C219BF78354CBFE6
:106E200093621ABFF8BB4BBFC6021BBFFA414BBFF0
:106E300099A21BBF7FC74ABF0C421CBF874C4ABFE9
:106E40001FE11CBF12D149BFD17F1DBF215549BFD2
:106E5000221E1EBFB3D848BF12BC1EBFCA5B48BFAC
:106E60009F591FBF65DE47BFCBF61FBF856047BF79
:106E7000939320BF2AE246BFF92F21BF546346BF38
:106E8000FBCB21BF03E445BF996722BF396445BFEF
:106E9000D30223BFF5E344BFA99D23BF376344BF9B
:106EA0001A3824BF00E243BF25D224BF516043BF3C
:106EB000CB6B25BF29DE42BF0A0526BF895B42BFD7
:106EC000E39D26BF70D841BF563627BFE15441BF6E
:106ED00061CE27BFDAD040BF056628BF5C4C40BFFB
:106EE00041FD28BF67C73FBF159429BFFC413FBF85
:106EF000802A2ABF1BBC3EBF82C02ABFC5353EBF09
:106F00001B562BBFF9AE3DBF4AEB2BBFB8273DBF89
:106F10000F802CBF03A03CBF69142DBFD9173CBF05
:106F200059A82DBF3B8F3BBFDE3B2EBF29063BBF81
:106F3000F7CE2EBFA47C3ABFA5612FBFACF239BFFC
:106F4000E6F32FBF426839BFBB8530BF65DD38BF70
:106F5000221731BF165238BF1DA831BF55C637BFE3
:106F6000AA3832BF233A37BFC9C832BF7FAD36BF58
:106F70007A5833BF6C2036BFBCE733BFE79235BFCA
:106F80008F7634BFF30435BFF30435BF8F7634BF3B
:106F9000E79235BFBCE733BF6C2036BF7A5833BFAA
:106FA0007FAD36BFC9C832BF233A37BFAA3832BF18
:106FB00055C637BF1DA831BF165238BF221731BF83
:106FC00065DD38BFBB8530BF426839BFE6F32FBFF0
:106FD000ACF239BFA5612FBFA47C3ABFF7CE2EBF5C
:106FE00029063BBFDE3B2EBF3B8F3BBF59A82DBFC1
:106FF000D9173CBF69142DBF03A03CBF0F802CBF25
:10700000B8273DBF4AEB2BBFF9AE3DBF1B562BBF88
:10701000C5353EBF82C02ABF1BBC3EBF802A2ABFE7
:10702000FC413FBF159429BF67C73FBF41FD28BF43
:107030005C4C40BF056628BFDAD040BF61CE27BF99
:10704000E15441BF563627BF70D841BFE39D26BFEC
:10705000895B42BF0A0526BF29DE42BFCB6B25BF35
:10706000516043BF25D224BF00E243BF1A3824BF7A
:10707000376344BFA99D23BFF5E344BFD30223BFB9
:10708000396445BF996722BF03E445BFFBCB21BFED
:10709000546346BFF92F21BF2AE246BF939320BF16
:1070A000856047BFCBF61FBF65DE47BF9F591FBF37
:1070B000CA5B48BF12BC1EBFB3D848BF221E1EBF4A
:1070C000215549BFD17F1DBF12D149BF1FE11CBF50
:1070D000874C4ABF0C421CBF7FC74ABF99A21BBF47
:1070E000FA414BBFC6021BBFF8BB4BBF93621ABF2E
:1070F00078354CBF00C219BF79AE4CBF0F2119BF04
:10710000FD264DBFC07F18BF029F4DBF12DE17BFC7
:1071100089164EBF073C17BF908D4EBF9F9916BF73
:1071200017044FBFD9F615BF1F7A4FBFB75315BF0E
:10713000A8EF4FBF39B014BFAF6450BF5F0C14BF8E
:1071400037D950BF2A6813BF3D4D51BF9AC312BFF4
:10715000C2C051BFB01E12BFC63352BF6B7911BF40
:1071600049A652BFCDD310BF491853BFD52D10BF6C
:10717000C78953BF84870FBFC3FA53BFDBE00EBF7D
:107180003B6B54BFDA390EBF31DB54BF81920DBF68
:10719000A44A55BFD0EA0CBF93B955BFC9420CBF32
:1071A000FE2756BF6B9A0BBFE59556BFB7F10ABFD6
:1071B000480357BFAD480ABF267057BF4E9F09BF4F
:1071C0007FDC57BF9BF508BF534858BF924B08BFA1
:1071D000A1B358BF36A107BF6A1E59BF86F606BFC6
:1071E000AD8859BF824B06BF6AF259BF2CA005BFBC
:1071F000A05B5ABF84F404BF50C45ABF894804BF7F
:10720000792C5BBF3D9C03BF1A945BBF9FEF02BF0D
:1072100034FB5BBFB14202BFC7615CBF739501BF66
:10722000D1C75CBFE4E700BF532D5DBF063A00BF86
:107230004D925DBFB217FFBEBEF65DBFBBBAFDBECD
:10724000A65A5EBF275DFCBE05BE5EBFF7FEFABE56
:10725000DB205FBF2DA0F9BE27835FBFC840F8BE0B
:10726000E9E45FBFCBE0F6BE214660BF3580F5BEE6
:10727000CFA660BF071FF4BEF20661BF43BDF2BEDA
:107280008A6661BFEA5AF1BE98C561BFFBF7EFBEDF
:107290001A2462BF7994EEBE108262BF6330EDBEE5
:1072A0007BDF62BFBBCBEBBE5A3C63BF8166EABEED
:1072B000AC9863BFB700E9BE73F463BF5D9AE7BEE5
:1072C000AC4F64BF7533E6BE59AA64BFFECBE4BEC3
:1072D000790465BFFA63E3BE0B5E65BF6AFBE1BE7E
:1072E00010B765BF4F92E0BE880F66BFA928DFBE0A
:1072F000716766BF79BEDDBECCBE66BFC153DCBE62
:10730000991567BF80E8DABED86B67BFB97CD9BE74
:1073100087C167BF6B10D8BEA81668BF99A3D6BE39
:10732000396B68BF4136D5BE3CBF68BF67C8D3BEA6
:10733000AE1269BF095AD2BE916569BF2AEBD0BEB1
:10734000E4B769BFCA7BCFBEA7096ABFEA0BCEBE4E
:10735000D95A6ABF8B9BCCBE7BAB6ABFAE2ACBBE71
:107360008CFB6ABF53B9C9BE0C4B6BBF7C47C8BE10
:10737000FB996BBF29D5C6BE58E86BBF5C62C5BE22
:1073800024366CBF15EFC3BE5E836CBF557BC2BE97
:1073900007D06CBF1E07C1BE1D1C6DBF6F92BFBE64
:1073A000A1676DBF4A1DBEBE93B26DBFAFA7BCBE85
:1073B000F2FC6DBFA031BBBEBE466EBF1EBBB9BEE8
:1073C000F88F6EBF2A44B8BE9ED86EBFC3CCB6BE7F
:1073D000B0206FBFEC54B5BE30686FBFA5DCB3BE44
:1073E0001BAF6FBFEF63B2BE73F56FBFCBEAB0BE2A
:1073F000373B70BF3A71AFBE668070BF3CF7ADBE21
:1074000002C570BFD47CACBE080971BF0102ABBE1F
:107410007A4C71BFC486A9BE578F71BF1F0BA8BE1F
:107420009FD171BF128FA6BE521372BF9F12A5BE0D
:10743000705472BFC595A3BEF89472BF8718A2BEE0
:10744000EBD472BFE59AA0BE471473BFDF1C9FBE8A
:107450000E5373BF789E9DBE3F9173BFAF1F9CBEFE
:10746000D9CE73BF86A09ABEDD0B74BFFE2099BE35
:107470004B4874BF17A197BE228474BFD22096BE1A
:1074800062BF74BF31A094BE0BFA74BF351F93BEA8
:107490001D3475BFDD9D91BE976D75BF2C1C90BED0
:1074A0007BA675BF229A8EBEC6DE75BFC0178DBE85
:1074B0007A1676BF07958BBE974D76BFF8118ABEB8
:1074C0001B8476BF938E88BE07BA76BFDA0A87BE62
:1074D0005BEF76BFCE8685BE172477BF700284BE71
:1074E0003A5877BFC07D82BEC58B77BFC0F880BEDB
:1074F000B7BE77BFE1E67EBE10F177BFA4DB7BBEEF
:10750000D12278BFCCCF78BEF85378BF5AC375BEAE
:10751000868478BF51B672BE7BB478BFB2A86FBE06
:10752000D6E378BF7F9A6CBE981279BFBA8B69BEDA
:10753000C04079BF667C66BE4E6E79BF836C63BE09
:10754000439B79BF135C60BE9DC779BF1A4B5DBE7C
:107550005EF379BF97395ABE841E7ABF8F2757BE14
:1075600010497ABF011554BE02737ABFF10151BEB2
:10757000599C7ABF60EE4DBE16C57ABF4FDA4ABE3F
:1075800037ED7ABFC2C547BEBE147BBFB9B044BE9B
:10759000AB3B7BBF379B41BEFC617BBF3E853EBEA4
:1075A000B2877BBFCF6E3BBECDAC7BBFEC5738BE46
:1075B0004DD17BBF984035BE31F57BBFD42832BE5C
:1075C0007A187CBFA2102FBE283B7CBF04F82BBECC
:1075D0003A5D7CBFFCDE28BEB07E7CBF8CC525BE7C
:1075E0008A9F7CBFB6AB22BEC9BF7CBF7B911FBE4A
:1075F0006CDF7CBFDE761CBE73FE7CBFE05B19BE19
:10760000DD1C7DBF834016BEAC3A7DBFCA2413BECD
:10761000DE577DBFB70810BE74747DBF4AEC0CBE48
:107620006E907DBF86CF09BECCAB7DBF6EB206BE6D
:107630008CC67DBF029503BEB1E07DBF457700BE1D
:1076400038FA7DBF73B2FABD24137EBFC075F4BD96
:10765000722B7EBF7638EEBD23437EBF9AFAE7BD1C
:10766000385A7EBF2EBCE1BDB0707EBF377DDBBD1A
:107670008B867EBFB93DD5BDC99B7EBFB7FDCEBD54
:1076800069B07EBF36BDC8BD6DC47EBF397CC2BD8A
:10769000D4D77EBFC33ABCBD9DEA7EBFDAF8B5BD84
:1076A000C9FC7EBF80B6AFBD580E7FBFBA73A9BDFF
:1076B000491F7FBF8C30A3BD9D2F7FBFF9EC9CBDC0
:1076C000543F7FBF05A996BD6D4E7FBFB46490BD8A
:1076D000E95C7FBF0A208ABDC76A7FBF0ADB83BD22
:1076E00008787FBF742B7BBDAB847FBF38A06EBD95
:1076F000B1907FBF681462BD189C7FBF0E8855BDD6
:10770000E3A67FBF2FFB48BD0FB17FBFD56D3CBD4A
:107710009EBA7FBF07E02FBD8FC37FBFCC5123BD73
:10772000E2CB7FBF2CC316BD98D37FBF2F340ABDD9
:10773000AFDA7FBFB949FBBC29E17FBF7B2AE2BC3E
:1077400005E77FBFB00AC9BC43EC7FBF69EAAFBCA5
:10775000E3F07FBFB6C996BCE6F47FBF4B517BBC5C
:107760004AF87FBF900E49BC11FB7FBF59CB16BCB6
:1077700039FD7FBF890FC9BBC4FE7FBFC70F49BB9F
:10778000B1FF7FBF00000080000080BFC70F493BF2
:10779000B1FF7FBF890FC93BC4FE7FBF59CB163CE9
:1077A00039FD7FBF900E493C11FB7FBF4B517B3CA5
:1077B0004AF87FBFB6C9963CE6F47FBF69EAAF3CA2
:1077C000E3F07FBFB00AC93C43EC7FBF7B2AE23CB9
:1077D00005E77FBFB949FB3C29E17FBF2F340A3D54
:1077E000AFDA7FBF2CC3163D98D37FBFCC51233D6A
:1077F000E2CB7FBF07E02F3D8FC37FBFD56D3C3D00
:107800009EBA7FBF2FFB483D0FB17FBF0E88553D0D
:10781000E3A67FBF6814623D189C7FBF38A06E3D11
:10782000B1907FBF742B7B3DAB847FBF0ADB833D70
:1078300008787FBF0A208A3DC76A7FBFB464903D45
:10784000E95C7FBF05A9963D6D4E7FBFF9EC9C3D7D
:10785000543F7FBF8C30A33D9D2F7FBFBA73A93D9E
:10786000491F7FBF80B6AF3D580E7FBFDAF8B53DE8
:10787000C9FC7EBFC33ABC3D9DEA7EBF397CC23D98
:10788000D4D77EBF36BDC83D6DC47EBFB7FDCE3DEB
:1078900069B07EBFB93DD53DC99B7EBF377DDB3D1D
:1078A0008B867EBF2EBCE13DB0707EBF9AFAE73D6D
:1078B000385A7EBF7638EE3D23437EBFC075F43D17
:1078C000722B7EBF73B2FA3D24137EBF4577003E14
:1078D00038FA7DBF0295033EB1E07DBF6EB2063E31
:1078E0008CC67DBF86CF093ECCAB7DBF4AEC0C3E3B
:1078F0006E907DBFB708103E74747DBFCA24133EDE
:10790000DE577DBF8340163EAC3A7DBFE05B193E3B
:10791000DD1C7DBFDE761C3E73FE7CBF7B911F3E6F
:107920006CDF7CBFB6AB223EC9BF7CBF8CC5253E99
:107930008A9F7CBFFCDE283EB07E7CBF04F82B3ED5
:107940003A5D7CBFA2102F3E283B7CBFD428323E3C
:107950007A187CBF9840353E31F57BBFEC57383EF6
:107960004DD17BBFCF6E3B3ECDAC7BBF3E853E3E17
:10797000B2877BBF379B413EFC617BBFB9B0443EC1
:10798000AB3B7BBFC2C5473EBE147BBF4FDA4A3E0E
:1079900037ED7ABF60EE4D3E16C57ABFF101513E1C
:1079A000599C7ABF0115543E02737ABF8F27573E08
:1079B00010497ABF97395A3E841E7ABF1A4B5D3EF2
:1079C0005EF379BF135C603E9DC779BF836C633EF5
:1079D000439B79BF667C663E4E6E79BFBA8B693E2B
:1079E000C04079BF7F9A6C3E981279BFB2A86F3EB3
:1079F000D6E378BF51B6723E7BB478BF5AC3753EAA
:107A0000868478BFCCCF783EF85378BFA4DB7B3E2A
:107A1000D12278BFE1E67E3E10F177BFC0F8803E0C
:107A2000B7BE77BFC07D823EC58B77BF7002843EF4
:107A30003A5877BFCE86853E172477BFDA0A873E4D
:107A40005BEF76BF938E883E07BA76BFF8118A3E09
:107A50001B8476BF07958B3E974D76BFC0178D3E32
:107A60007A1676BF229A8E3EC6DE75BF2C1C903EDB
:107A70007BA675BFDD9D913E976D75BF351F933E0B
:107A80001D3475BF31A0943E0BFA74BFD220963ED0
:107A900062BF74BF17A1973E228474BFFE20993E37
:107AA0004B4874BF86A09A3EDD0B74BFAF1F9C3E4F
:107AB000D9CE73BF789E9D3E3F9173BFDF1C9F3E22
:107AC0000E5373BFE59AA03E471473BF8718A23EBA
:107AD000EBD472BFC595A33EF89472BF9F12A53E2A
:107AE000705472BF128FA63E521372BF1F0BA83E76
:107AF0009FD171BFC486A93E578F71BF0102AB3EB3
:107B00007A4C71BFD47CAC3E080971BF3CF7AD3EE6
:107B100002C570BF3A71AF3E668070BFCBEAB03E1F
:107B2000373B70BFEF63B23E73F56FBFA5DCB33E6A
:107B30001BAF6FBFEC54B53E30686FBFC3CCB63ED1
:107B4000B0206FBF2A44B83E9ED86EBF1EBBB93E60
:107B5000F88F6EBFA031BB3EBE466EBFAFA7BC3E26
:107B6000F2FC6DBF4A1DBE3E93B26DBF6F92BF3E29
:107B7000A1676DBF1E07C13E1D1C6DBF557BC23E78
:107B800007D06CBF15EFC33E5E836CBF5C62C53E21
:107B900024366CBF29D5C63E58E86BBF7C47C83E2B
:107BA000FB996BBF53B9C93E0C4B6BBFAE2ACB3EA2
:107BB0008CFB6ABF8B9BCC3E7BAB6ABFEA0BCE3E95
:107BC000D95A6ABFCA7BCF3EA7096ABF2AEBD03E0B
:107BD000E4B769BF095AD23E916569BF67C8D33E11
:107BE000AE1269BF4136D53E3CBF68BF99A3D63EB1
:107BF000396B68BF6B10D83EA81668BFB97CD93EF8
:107C000087C167BF80E8DA3ED86B67BFC153DC3EEF
:107C1000991567BF79BEDD3ECCBE66BFA928DF3EA1
:107C2000716766BF4F92E03E880F66BF6AFBE13E18
:107C300010B765BFFA63E33E0B5E65BFFECBE43E63
:107C4000790465BF7533E63E59AA64BF5D9AE73E85
:107C5000AC4F64BFB700E93E73F463BF8166EA3E90
:107C6000AC9863BFBBCBEB3E5A3C63BF6330ED3E89
:107C70007BDF62BF7994EE3E108262BFFBF7EF3E7E
:107C80001A2462BFEA5AF13E98C561BF43BDF23E75
:107C90008A6661BF071FF43EF20661BF3580F53E7C
:107CA000CFA660BFCBE0F63E214660BFC840F83E9D
:107CB000E9E45FBF2DA0F93E27835FBFF7FEFA3EE0
:107CC000DB205FBF275DFC3E05BE5EBFBBBAFD3E4D
:107CD000A65A5EBFB217FF3EBEF65DBF063A003F32
:107CE0004D925DBFE4E7003F532D5DBF7395013FAB
:107CF000D1C75CBFB142023FC7615CBF9FEF023F8B
:107D000034FB5BBF3D9C033F1A945BBF8948043F33
:107D1000792C5BBF84F4043F50C45ABF2CA0053FAC
:107D2000A05B5ABF824B063F6AF259BF86F6063FF8
:107D3000AD8859BF36A1073F6A1E59BF924B083F15
:107D4000A1B358BF9BF5083F534858BF4E9F093F0A
:107D50007FDC57BFAD480A3F267057BFB7F10A3FD7
:107D6000480357BF6B9A0B3FE59556BFC9420C3F7E
:107D7000FE2756BFD0EA0C3F93B955BF81920D3F05
:107D8000A44A55BFDA390E3F31DB54BFDBE00E3F6A
:107D90003B6B54BF84870F3FC3FA53BFD52D103FB1
:107DA000C78953BFCDD3103F491853BF6B79113FDB
:107DB00049A652BFB01E123FC63352BF9AC3123FEC
:107DC000C2C051BF2A68133F3D4D51BF5F0C143FE5
:107DD00037D950BF39B0143FAF6450BFB753153FC8
:107DE000A8EF4FBFD9F6153F1F7A4FBF9F99163F97
:107DF00017044FBF073C173F908D4EBF12DE173F51
:107E000089164EBFC07F183F029F4DBF0F21193FFB
:107E1000FD264DBF00C2193F79AE4CBF93621A3F99
:107E200078354CBFC6021B3FF8BB4BBF99A21B3F26
:107E3000FA414BBF0C421C3F7FC74ABF1FE11C3FAA
:107E4000874C4ABFD17F1D3F12D149BF221E1E3F22
:107E5000215549BF12BC1E3FB3D848BF9F591F3F91
:107E6000CA5B48BFCBF61F3F65DE47BF9393203FF9
:107E7000856047BFF92F213F2AE246BFFBCB213F58
:107E8000546346BF9967223F03E445BFD302233FB3
:107E9000396445BFA99D233FF5E344BF1A38243F09
:107EA000376344BF25D2243F00E243BFCB6B253F5D
:107EB000516043BF0A05263F29DE42BFE39D263FAE
:107EC000895B42BF5636273F70D841BF61CE273FFE
:107ED000E15441BF0566283FDAD040BF41FD283F4D
:107EE0005C4C40BF1594293F67C73FBF802A2A3F9B
:107EF000FC413FBF82C02A3F1BBC3EBF1B562B3FED
:107F0000C5353EBF4AEB2B3FF9AE3DBF0F802C3F3E
:107F1000B8273DBF69142D3F03A03CBF59A82D3F92
:107F2000D9173CBFDE3B2E3F3B8F3BBFF7CE2E3FEA
:107F300029063BBFA5612F3FA47C3ABFE6F32F3F44
:107F4000ACF239BFBB85303F426839BF2217313FA1
:107F500065DD38BF1DA8313F165238BFAA38323F01
:107F600055C637BFC9C8323F233A37BF7A58333F67
:107F70007FAD36BFBCE7333F6C2036BF8F76343FD2
:107F8000E79235BFF304353FF30435BFE792353F41
:107F90008F7634BF6C20363FBCE733BF7FAD363FB2
:107FA0007A5833BF233A373FC9C832BF55C6373F27
:107FB000AA3832BF1652383F1DA831BF65DD383FA1
:107FC000221731BF4268393FBB8530BFACF2393F21
:107FD000E6F32FBFA47C3A3FA5612FBF29063B3FA4
:107FE000F7CE2EBF3B8F3B3FDE3B2EBFD9173C3F2A
:107FF00059A82DBF03A03C3F69142DBFB8273D3FB2
:108000000F802CBFF9AE3D3F4AEB2BBFC5353E3F3D
:108010001B562BBF1BBC3E3F82C02ABFFC413F3FCB
:10802000802A2ABF67C73F3F159429BF5C4C403F59
:1080300041FD28BFDAD0403F056628BFE154413FEB
:1080400061CE27BF70D8413F563627BF895B423F7C
:10805000E39D26BF29DE423F0A0526BF5160433F0C
:10806000CB6B25BF00E2433F25D224BF3763443F9B
:108070001A3824BFF5E3443FA99D23BF3964453F27
:10808000D30223BF03E4453F996722BF5463463FB1
:10809000FBCB21BF2AE2463FF92F21BF8560473F36
:1080A000939320BF65DE473FCBF61FBFCA5B483FB7
:1080B0009F591FBFB3D8483F12BC1EBF2155493F2F
:1080C000221E1EBF12D1493FD17F1DBF874C4A3FA0
:1080D0001FE11CBF7FC74A3F0C421CBFFA414B3F08
:1080E00099A21BBFF8BB4B3FC6021BBF78354C3F64
:1080F00093621ABF79AE4C3F00C219BFFD264D3FB7
:108100000F2119BF029F4D3FC07F18BF89164E3FF8
:1081100012DE17BF908D4E3F073C17BF17044F3F2D
:108120009F9916BF1F7A4F3FD9F615BFA8EF4F3F53
:10813000B75315BFAF64503F39B014BF37D9503F64
:108140005F0C14BF3D4D513F2A6813BFC2C0513F61
:108150009AC312BFC633523FB01E12BF49A6523F48
:108160006B7911BF4918533FCDD310BFC789533F17
:10817000D52D10BFC3FA533F84870FBF3B6B543FCD
:10818000DBE00EBF31DB543FDA390EBFA44A553F66
:1081900081920DBF93B9553FD0EA0CBFFE27563FE1
:1081A000C9420CBFE595563F6B9A0BBF4803573F3A
:1081B000B7F10ABF2670573FAD480ABF7FDC573F73
:1081C0004E9F09BF5348583F9BF508BFA1B3583F86
:1081D000924B08BF6A1E593F36A107BFAD88593F71
:1081E00086F606BF6AF2593F824B06BFA05B5A3F34
:1081F0002CA005BF50C45A3F84F404BF792C5B3FC8
:10820000894804BF1A945B3F3D9C03BF34FB5B3F2E
:108210009FEF02BFC7615C3FB14202BFD1C75C3F65
:10822000739501BF532D5D3FE4E700BF4D925D3F65
:10823000063A00BFBEF65D3FB217FFBEA65A5E3FCC
:10824000BBBAFDBE05BE5E3F275DFCBEDB205F3FC7
:10825000F7FEFABE27835F3F2DA0F9BEE9E45F3F3A
:10826000C840F8BE2146603FCBE0F6BECFA6603FD7
:108270003580F5BEF206613F071FF4BE8A66613F96
:1082800043BDF2BE98C5613FEA5AF1BE1A24623F6F
:10829000FBF7EFBE1082623F7994EEBE7BDF623F58
:1082A0006330EDBE5A3C633FBBCBEBBEAC98633F43
:1082B0008166EABE73F4633FB700E9BEAC4F643F2A
:1082C0005D9AE7BE59AA643F7533E6BE7904653FFF
:1082D000FECBE4BE0B5E653FFA63E3BE10B7653FBD
:1082E0006AFBE1BE880F663F4F92E0BE7167663F52
:1082F000A928DFBECCBE663F79BEDDBE9915673FBB
:10830000C153DCBED86B673F80E8DABE87C1673FE8
:10831000B97CD9BEA816683F6B10D8BE396B683FD0
:1083200099A3D6BE3CBF683F4136D5BEAE12693F69
:1083300067C8D3BE9165693F095AD2BEE4B7693FA9
:108340002AEBD0BEA7096A3FCA7BCFBED95A6A3F83
:10835000EA0BCEBE7BAB6A3F8B9BCCBE8CFB6A3FED
:10836000AE2ACBBE0C4B6B3F53B9C9BEFB996B3FDA
:108370007C47C8BE58E86B3F29D5C6BE24366C3F43
:108380005C62C5BE5E836C3F15EFC3BE07D06C3F19
:10839000557BC2BE1D1C6D3F1E07C1BEA1676D3F50
:1083A0006F92BFBE93B26D3F4A1DBEBEF2FC6D3FE1
:1083B000AFA7BCBEBE466E3FA031BBBEF88F6E3FBE
:1083C0001EBBB9BE9ED86E3F2A44B8BEB0206F3FD8
:1083D000C3CCB6BE30686F3FEC54B5BE1BAF6F3F29
:1083E000A5DCB3BE73F56F3FEF63B2BE373B703FA2
:1083F000CBEAB0BE6680703F3A71AFBE02C5703F37
:108400003CF7ADBE0809713FD47CACBE7A4C713FDD
:108410000102ABBE578F713FC486A9BE9FD1713F89
:108420001F0BA8BE5213723F128FA6BE7054723F2C
:108430009F12A5BEF894723FC595A3BEEBD4723FC0
:108440008718A2BE4714733FE59AA0BE0E53733F30
:10845000DF1C9FBE3F91733F789E9DBED9CE733F78
:10846000AF1F9CBEDD0B743F86A09ABE4B48743F85
:10847000FE2099BE2284743F17A197BE62BF743F4D
:10848000D22096BE0BFA743F31A094BE1D34753FC6
:10849000351F93BE976D753FDD9D91BE7BA6753FE1
:1084A0002C1C90BEC6DE753F229A8EBE7A16763F91
:1084B000C0178DBE974D763F07958BBE1B84763FC8
:1084C000F8118ABE07BA763F938E88BE5BEF763F7F
:1084D000DA0A87BE1724773FCE8685BE3A58773FA3
:1084E000700284BEC58B773FC07D82BEB7BE773F2A
:1084F000C0F880BE10F1773FE1E67EBED122783F22
:10850000A4DB7BBEF853783FCCCF78BE8684783F1F
:108510005AC375BE7BB4783F51B672BED6E3783F7E
:10852000B2A86FBE9812793F7F9A6CBEC040793F67
:10853000BA8B69BE4E6E793F667C66BE439B793FBF
:10854000836C63BE9DC7793F135C60BE5EF3793F69
:108550001A4B5DBE841E7A3F97395ABE10497A3F46
:108560008F2757BE02737A3F011554BE599C7A3F3C
:10857000F10151BE16C57A3F60EE4DBE37ED7A3F30
:108580004FDA4ABEBE147B3FC2C547BEAB3B7B3F02
:10859000B9B044BEFC617B3F379B41BEB2877B3F95
:1085A0003E853EBECDAC7B3FCF6E3BBE4DD17B3FCB
:1085B000EC5738BE31F57B3F984035BE7A187C3F8A
:1085C000D42832BE283B7C3FA2102FBE3A5D7C3FB0
:1085D00004F82BBEB07E7C3FFCDE28BE8A9F7C3F29
:1085E0008CC525BEC9BF7C3FB6AB22BE6CDF7C3FCD
:1085F0007B911FBE73FE7C3FDE761CBEDD1C7D3F83
:10860000E05B19BEAC3A7D3F834016BEDE577D3F2E
:10861000CA2413BE74747D3FB70810BE6E907D3FB0
:108620004AEC0CBECCAB7D3F86CF09BE8CC67D3FED
:108630006EB206BEB1E07D3F029503BE38FA7D3FC3
:10864000457700BE24137E3F73B2FABD722B7E3F86
:10865000C075F4BD23437E3F7638EEBD385A7E3F69
:108660009AFAE7BDB0707E3F2EBCE1BD8B867E3F9F
:10867000377DDBBDC99B7E3FB93DD5BD69B07E3F2F
:10868000B7FDCEBD6DC47E3F36BDC8BDD4D77E3FDD
:10869000397CC2BD9DEA7E3FC33ABCBDC9FC7E3F6A
:1086A000DAF8B5BD580E7F3F80B6AFBD491F7F3F9A
:1086B000BA73A9BD9D2F7F3F8C30A3BD543F7F3F30
:1086C000F9EC9CBD6D4E7F3F05A996BDE95C7F3FEF
:1086D000B46490BDC76A7F3F0A208ABD08787F3F97
:1086E0000ADB83BDAB847F3F742B7BBDB1907F3FA2
:1086F00038A06EBD189C7F3F681462BDE3A67F3F23
:108700000E8855BD0FB17F3F2FFB48BD9EBA7F3FFE
:10871000D56D3CBD8FC37F3F07E02FBDE2CB7F3FD0
:10872000CC5123BD98D37F3F2CC316BDAFDA7F3F1A
:108730002F340ABD29E17F3FB949FBBC05E77F3FE4
:108740007B2AE2BC43EC7F3FB00AC9BCE3F07F3F29
:1087500069EAAFBCE6F47F3FB6C996BC4AF87F3FF2
:108760004B517BBC11FB7F3F900E49BC39FD7F3FD5
:1087700059CB16BCC4FE7F3F890FC9BBB1FF7F3FF9
:10878000C70F49BB08004000180048001000400017
:1087900028005000200040003800580030004800F9
:1087A0005800680048006000680070000800400041
:1087B000100080001800C000200040002800480081
:1087C000300088003800C800400080004800500099
:1087D0005800D000500090006000C0006800D00039
:1087E000700098007800D8008800C0009000A000B9
:1087F000A800D0009800E000B000D000B800E80069
:10880000D800F000C800E000E800F00008004000D8
:10881000100080001800C000200000012800400166
:10882000300080013800C001500088005800C800A6
:108830006000080168004801700088017800C801E4
:108840009800D000A0001001A8005001B0009001D5
:10885000B800D001E0001801E8005801F0009801CC
:10886000F800D801280160013001A0013801E001C1
:108870007001A8017801E801B801F00108000002C8
:1088800010004000180040022000800028008002F4
:108890003000C0003800C002400000014800000362
:1088A00050004001580040036000800168008003D0
:1088B0007000C0017800C003800000028800080238
:1088C0009000000398004802A0000802A800880257
:1088D000B000C800B800C802C0000801C800080302
:1088E000D0004801D8004803E0008801E800880370
:1088F000F000C801F800C80308011002100140018F
:1089000018015002200100032801900230014801A3
:108910003801D00248011003580150036001900152
:10892000680190037001D0017801D00380014002FA
:10893000880118029001400398015802A0014802E2
:10894000A8019802B0014803B801D802C001500242
:10895000C8011803D0015003D8015803E0015802A0
:10896000E8019803F0015803F801D8030802200237
:1089700010024002180260022802A00230026002C7
:108980003802E00240020003480220035002400384
:1089900058026003600220036802A00370026003B3
:1089A0007802E0038802A002900280039802A003EC
:1089B000B0028803B802E802C0028003C80228039C
:1089C000D0029003D8026803E002A003E802A803E3
:1089D000F0029803F802E8030803200310034003A1
:1089E00018036003280388033003600338039803E7
:1089F00048036003580370036803B0037803F0036F
:108A00008803A0039003C0039803E003B003C803E6
:108A1000B803E803C803E003D803F003080000022A
:108A2000100000041800000620004000280040024A
:108A300030004004380040064000800048008002BA
:108A400050008004580080066000C0006800C0022A
:108A50007000C0047800C006800000018800000398
:108A60009000000598000007A0004001A800400306
:108A7000B0004005B8004007C0008001C800800376
:108A8000D0008005D8008007E000C001E800C003E6
:108A9000F000C005F800C00700010002080108024C
:108AA000100108041801080620018002280148026C
:108AB000300148043801480640010003480188029B
:108AC0005001880458018806600180036801C802CB
:108AD0007001C8047801C8068001080288010803F3
:108AE0009001080598010807A0018802A801480321
:108AF000B0014805B8014807C0010803C801880350
:108B0000D0018805D8018807E0018803E801C8037F
:108B1000F001C805F801C8070802100200020004AD
:108B200010021004180210062002800428025002CD
:108B300030025004380250064002000548029002FC
:108B40005002900458029006600280056802D0022C
:108B50007002D0047802D006800208048802100354
:108B60009002100598021007A0028804A802500382
:108B7000B0025005B8025007C0020805C8029003B1
:108B8000D0029005D8029007E0028805E802D003E1
:108B9000F002D005F802D007000300060803100613
:108BA00010031804180318062003800628039006F3
:108BB00030035804380358064003000748031007E1
:108BC00050039804580398066003800768039007D1
:108BD0007003D8047803D8068003080688031806B3
:108BE0009003180598031807A0038806A8039806A1
:108BF000B0035805B8035807C0030807C80318078F
:108C0000D0039805D8039807E0038807E80398077E
:108C1000F003D805F803D8070804800410042004E2
:108C20001804200628048005300460043804600617
:108C300040040006480488045004A0045804A00618
:108C400060041006680488057004E0047804E006F7
:108C5000880480069004200598042007A0040806D4
:108C6000A8048007B0046005B8046007C0042006AB
:108C7000C8048806D004A005D804A007E00418069C
:108C8000E8048807F004E005F804E007080520057B
:108C9000100580051805280628059005300588056B
:108CA000380568064005000748052007500580077D
:108CB0005805A80660050807680598057005880727
:108CC0007805E8068805900698052807A005280677
:108CD000A8059007B0052807B8056807C005100764
:108CE000C8059806D0059007D805A807E00518071D
:108CF000E8059807F0059807F805E8071806300614
:108D00003806700640060007480680075006080728
:108D10005806B00660061007680690077006180728
:108D20007806F0068806A00698063007A806A00771
:108D3000B0068807B8067007C0062007C806A00757
:108D4000D0062807D806B007E0063007E806A807CF
:108D5000F0069807F806F007480750073807980705
:108D600050076007580770076007C0076807D007FB
:108D70007807F0077007E007B807F007A807B00703
:108D8000D807F007C807E007E807F0070800000267
:108D90001000000418000006200000082800000A47
:108DA0003000000C3800000E480040025000400423
:108DB00058004006600040086800400A7000400CFF
:108DC0007800400E880080029000800498008006A1
:108DD000A0008008A800800AB000800CB800800EB7
:108DE000C800C002D000C004D800C006E000C0081F
:108DF000E800C00AF000C00CF800C00E0801000333
:108E00001001000518010007200100092801000BCE
:108E10003001000D3801000F4801400350014005AA
:108E200058014007600140096801400B7001400D86
:108E30007801400F88018003900180059801800728
:108E4000A0018009A801800BB001800DB801800F3E
:108E5000C801C003D001C005D801C007E001C009A6
:108E6000E801C00BF001C00DF801C00F10020804AA
:108E700018020806200208082802080A3002080C16
:108E80003802080E5002480458024806600248089A
:108E90006802480A7002480C7802480E9002880462
:108EA00098028806A0028808A802880AB002880CE6
:108EB000B802880ED002C804D802C806E002C8086A
:108EC000E802C80AF002C80CF802C80E1003080530
:108ED00018030807200308092803080B3003080DAE
:108EE0003803080F50034805580348076003480932
:108EF0006803480B7003480D7803480F90038805FA
:108F000098038807A0038809A803880BB003880D7D
:108F1000B803880FD003C805D803C807E003C80901
:108F2000E803C80BF003C80DF803C80F18041006B7
:108F3000200410082804100A3004100C3804100E05
:108F400058045006600450086804500A7004500C1D
:108F50007804500E98049006A0049008A804900A83
:108F6000B004900CB804900ED804D006E004D008E9
:108F7000E804D00AF004D00CF804D00E180510074D
:108F8000200510092805100B3005100D3805100FAD
:108F900058055007600550096805500B7005500DC5
:108FA0007805500F98059007A0059009A805900B2B
:108FB000B005900DB805900FD805D007E005D00991
:108FC000E805D00BF005D00DF805D00F20061808E5
:108FD0002806180A3006180C3806180E60065808BD
:108FE0006806580A7006580C7806580EA0069808AD
:108FF000A806980AB006980CB806980EE006D8089D
:10900000E806D80AF006D80CF806D80E200718098A
:109010002807180B3007180D3807180F6007580974
:109020006807580B7007580D7807580FA007980964
:10903000A807980BB007980DB807980FE007D80954
:10904000E807D80BF007D80DF807D80F2808200A32
:109050003008200C3808200E6808600A7008600C80
:109060007808600EA808A00AB008A00CB808A00EE6
:10907000E808E00AF008E00CF808E00E2809200BE8
:109080003009200D3809200F6809600B7009600D48
:109090007809600FA809A00BB009A00DB809A00FAE
:1090A000E809E00BF009E00DF809E00F300A280CA0
:1090B000380A280E700A680C780A680EB00AA80CE4
:1090C000B80AA80EF00AE80CF80AE80E300B280DD2
:1090D000380B280F700B680D780B680FB00BA80DBC
:1090E000B80BA80FF00BE80DF80BE80F380C300E9A
:1090F000780C700EB80CB00EF80CF00E380D300F66
:10910000780D700FB80DB00FF80DF00F08000010BB
:1091100010000002180000122000000428000014B3
:109120003000000638000016400000084800001813
:109130005000000A5800001A6000000C6800001C73
:109140007000000E7800001E8000000888004010AB
:109150009000400298004012A0004004A800401473
:10916000B0004006B8004016C0004008C8004018D3
:10917000D000400AD800401AE000400CE800401C33
:10918000F000400EF800401E0001000808018010A9
:10919000100180021801801220018004280180142F
:1091A000300180063801801640018008480180188F
:1091B0005001800A5801801A6001800C6801801CEF
:1091C0007001800E7801801E800140088801C01067
:1091D0009001C0029801C012A001C004A801C014EF
:1091E000B001C006B801C016C001C008C801C0184F
:1091F000D001C00AD801C01AE001C00CE801C01CAF
:10920000F001C00EF801C01E0002000808020011A3
:1092100010020003180200132002000528020015A6
:109220003002000738020017400200094802001906
:109230005002000B5802001B6002000D6802001D66
:109240007002000F7802001F80028008880240111F
:109250009002400398024013A0024005A802401566
:10926000B0024007B8024017C0024009C8024019C6
:10927000D002400BD802401BE002400DE802401D26
:10928000F002400FF802401F00034008080380115D
:109290001003800318038013200380052803801522
:1092A0003003800738038017400380094803801982
:1092B0005003800B5803801B6003800D6803801DE2
:1092C0007003800F7803801F8003C0088803C011DB
:1092D0009003C0039803C013A003C005A803C015E2
:1092E000B003C007B803C017C003C009C803C01942
:1092F000D003C00BD803C01BE003C00DE803C01DA2
:10930000F003C00FF803C01F000400100804081089
:10931000100400111804081220040810280408146E
:1093200030040806380408164004080848040818E1
:109330005004080A5804081A6004080C6804081C41
:109340007004080E7804081E800400188804481071
:109350009004001998044812A0040818A80448149E
:10936000B0044806B8044816C0044808C8044818A1
:10937000D004480AD804481AE004480CE804481C01
:10938000F004480EF804481E000540100805881037
:10939000100540111805881220054810280588146A
:1093A000300588063805881640058808480588185D
:1093B0005005880A5805881A6005880C6805881CBD
:1093C0007005880E7805881E800540188805C8102D
:1093D000900540199805C812A0054818A805C8149A
:1093E000B005C806B805C816C005C808C805C8181D
:1093F000D005C80AD805C81AE005C80CE805C81C7D
:10940000F005C80EF805C81E0006801008060811F1
:109410001006801118060813200688102806081563
:1094200030060807380608174006080948060819D4
:109430005006080B5806081B6006080D6806081D34
:109440007006080F7806081F8006801888064811E5
:109450009006801998064813A0068818A806481593
:10946000B0064807B8064817C0064809C806481994
:10947000D006480BD806481BE006480DE806481DF4
:10948000F006480FF806481F0007C01008078811AB
:109490001007C011180788132007C810280788155F
:1094A0003007880738078817400788094807881950
:1094B0005007880B5807881B6007880D6807881DB0
:1094C0007007880F7807881F8007C0188807C811A1
:1094D0009007C0199807C813A007C818A807C8158F
:1094E000B007C807B807C817C007C809C807C81910
:1094F000D007C80BD807C81BE007C80DE807C81D70
:10950000F007C80FF807C81F080810101008400817
:1095100018081012200800112808101430088011B3
:1095200038081016480810185008100A5808101A61
:109530006008100C6808101C7008100E7808101EC7
:109540008008000A880850109008000B98085012F4
:10955000A008080AA8085014B008080BB80850164C
:10956000C008100AC8085018D008500AD808501A65
:10957000E008500CE808501CF008500EF808501E87
:109580000809901010098009180990122009001983
:109590002809901430098019380990164009000BE9
:1095A000480990185009900A5809901A6009900CBF
:1095B0006809901C7009900E7809901E8009400A75
:1095C0008809D0109009400B9809D012A009480AC8
:1095D000A809D014B009480BB809D016C009500A20
:1095E000C809D018D009D00AD809D01AE009D00C7F
:1095F000E809D01CF009D00EF809D01E080A101195
:10960000180A1013200A4011280A1015300AC01138
:10961000380A1017480A1019500A100B580A101B64
:10962000600A100D680A101D700A100F780A101FCA
:10963000880A5011900A800B980A5013A00A501102
:10964000A80A5015B00A880BB80A5017C00A800B38
:10965000C80A5019D00A500BD80A501BE00A500D06
:10966000E80A501DF00A500FF80A501F080B90111D
:10967000180B9013200B4019280B9015300BC019B4
:10968000380B9017480B9019500B900B580B901BF0
:10969000600B900D680B901D700B900F780B901F56
:1096A000880BD011900BC00B980BD013A00B501946
:1096B000A80BD015B00BC80BB80BD017C80BD0191E
:1096C000D80BD01BE00BD00DE80BD01DF00BD00F4A
:1096D000F80BD01F000C0012080C1810100C00130F
:1096E000180C1812200C0812280C1814300C08132F
:1096F000380C1816400C1012480C1818500C101387
:10970000580C181A600C1812680C181C700C180EE3
:10971000780C181E800C001A880C5810900C001B36
:10972000980C5812A00C081AA80C5814B00C081B5E
:10973000B80C5816C00C101AC80C5818D00C101BB6
:10974000D80C581AE00C181AE80C581CF00C580EDB
:10975000F80C581E000D4012080D9810100D401303
:10976000180D9812200D4812280D9814300D48132A
:10977000380D9816400D5012480D9818500D501382
:10978000580D981A600D5812680D981C700D980E9F
:10979000780D981E800D401A880DD810900D401B32
:1097A000980DD812A00D481AA80DD814B00D481B5A
:1097B000B80DD816C00D501AC80DD818D00D501BB2
:1097C000D80DD81AE00D581AE80DD81CF00DD80E97
:1097D000F80DD81E000E8012080E1811100E8013FE
:1097E000180E1813200E8812280E1815300E881324
:1097F000380E1817400E9012480E1819500E90137C
:10980000580E181B600E9812680E181D700E180F57
:10981000780E181F800E801A880E5811900E801B2B
:10982000980E5813A00E881AA80E5815B00E881B53
:10983000B80E5817C00E901AC80E5819D00E901BAB
:10984000D80E581BE00E981AE80E581DF00E580F4F
:10985000F80E581F000FC012080F9811100FC013F8
:10986000180F9813200FC812280F9815300FC8131F
:10987000380F9817400FD012480F9819500FD01377
:10988000580F981B600FD812680F981D700F980F13
:10989000780F981F800FC01A880FD811900FC01B27
:1098A000980FD813A00FC81AA80FD815B00FC81B4F
:1098B000B80FD817C00FD01AC80FD819D00FD01BA7
:1098C000D80FD81BE00FD81AE80FD81DF00FD81BFF
:1098D000F80FD81F08102010101040101810201278
:1098E0002810201430108810381020164010001155
:1098F00048102018501040115810201A60100812FB
:109900006810201C701088127810201E8010001221
:10991000881008129010401298106012A0102012A7
:10992000A8106014B0106012B8106016C0100013B8
:10993000C8106018D0104013D810601AE010181228
:10994000E810601CF0109812F810601E0811201228
:10995000101140111811A012201108182811A0147C
:10996000301188183811A0164811A0185811A01AE3
:109970006011081A6811A01C7011881A7811A01EB5
:109980008011101288111812901150129811E012C3
:10999000A0111818A811E014B0119818B811E01609
:1099A000C0111013C811E018D0115013D811E01ACB
:1099B000E011181AE811E01CF011981AF811E01ED5
:1099C000001200180812081810124018181220135C
:1099D0002012201828122015301260183812201773
:1099E0004012001948122019501240195812201B19
:1099F000601220196812201D7012C8127812201FE0
:109A00008012001A8812081A9012401A98126013D5
:109A1000A012201AA8126015B012601AB8126017AE
:109A2000C012001BC8126019D012401BD812601B54
:109A3000E012201BE812601DF012601BF812601F7C
:109A40000013101808131818101350181813A01327
:109A5000201348182813A0153013C8183813A0175E
:109A6000401310194813A019501350195813A01B74
:109A70006013481A6813A01D7013C81A7813A01F2A
:109A80008013101A8813181A9013501A9813E013A1
:109A9000A0135818A813E015B013D818B813E0177E
:109AA000C013101BC813E019D013501BD813E01BB0
:109AB000E013581AE813E01DF013D81AF813E01F4A
:109AC000081420141014001518142015301408154B
:109AD000381428164014001548142818501410156E
:109AE0005814281A601420156814281C70141815AE
:109AF0007814281E8014001C8814201C9014001D4B
:109B00009814201DA014081CA814281CB014081DAB
:109B1000B8146816C014101CC8146818D014101D8E
:109B2000D814681AE014181CE814681CF014181DE6
:109B3000F814681E08152015101540151815601525
:109B4000201528182815281C301548153815A81672
:109B50004815A8185815A81A6015281A6815A81CC1
:109B60007015A81A7815A81E8015401C8815601C51
:109B70009015401D9815601DA015481CA815681C5F
:109B8000B015481DB815E816C015501CC815E818C2
:109B9000D015501DD815E81AE015581CE815E81C1A
:109BA000F015581DF815E81E0016001C0816081CB4
:109BB0001016401C1816481C2016201C2816281C9D
:109BC0003016601C381628174016001D4816281934
:109BD0005016401D5816281B6016201D6816281D9B
:109BE0007016601D7816281F8016801C8816A01C11
:109BF0009016801D9816A01DA016881CA816A81CDB
:109C0000B016881DB8166817C016901CC8166819BB
:109C1000D016901DD816681BE016981CE816681D13
:109C2000F016981DF816681F0017101C0817181C4E
:109C30001017501C1817581C201768182817681C74
:109C40003017E8183817A8174017101D4817A8191B
:109C50005017501D5817A81B6017681A6817A81DC1
:109C60007017E81A7817A81F8017C01C8817E01C07
:109C70009017C01D9817E01DA017C81CA817E81C56
:109C8000B017C81DB817E817C017D01CC817E819B7
:109C9000D017D01DD817E81BE017D81CE817E81D0F
:109CA000F017D81DF817E81F181860183018481852
:109CB0003818601C5818301A6818301C7018181A98
:109CC0007818301E8018001A8818081A9018001B7F
:109CD00098186019A018201AA818281AB018201B64
:109CE000B818601DC018101AC818181AD018101B00
:109CF000D818701AE018301AE818701CF018581AA2
:109D0000F818701E081920191819601A2819081D4A
:109D1000301988193819881D4819201B5819B01A8C
:109D20006019081B6819B01C7019881B7819B01EBF
:109D30008019401A8819481A9019401B9819601BFD
:109D4000A019601AA819181DB019601BB819981D20
:109D5000C019501AC819581AD019501BD819F01A1E
:109D6000E019181BE819F01CF019981BF819F01EDF
:109D7000381A701C581A301B681A301D701A181BBC
:109D8000781A301F901AC01A981AC81AB01AE01A16
:109D9000B81AE81AC01A801BC81A881BD01AC01B30
:109DA000D81A701BE01AA01BE81A701DF01AE01BED
:109DB000F81A701F281B481D381BC81D481B601B44
:109DC000581BB01B681BB01D701BC81B781BB01F35
:109DD000901BC01B981BC81BA81B581DB01BE01B69
:109DE000B81BD81DD81BF01BE81BF01DF81BF01F7B
:109DF000081C201C181C301C381C681C481C601CCB
:109E0000581C701C781C381E801C001E881C201ECC
:109E1000901C001F981C201FA01C081EA81C281E98
:109E2000B01C081FB81C281FC01C101EC81C301EE8
:109E3000D01C101FD81C301FE01C181EE81C381E38
:109E4000F01C181FF81C781E081D201D181D301D41
:109E5000381DA81D481D601D581D701D681D281F38
:109E6000781DB81E801D401E881D601E901D401F5D
:109E7000981D601FA01D481EA81D681EB01D481F0C
:109E8000B81D681FC01D501EC81D701ED01D501F5C
:109E9000D81D701FE01D581EE81D781EF01D581FAC
:109EA000F81DF81E081E201E181E301E481E601EBB
:109EB000581E701E781E381F881EA01E901E801F00
:109EC000981EA01FB01E881FB81EA81FC01E801F8E
:109ED000C81E881FD01E901FD81EB01FE01EA01FD6
:109EE000E81EA81FF01E981FF81E781F081F201FCD
:109EF000181F301F481F601F581F701F781FB81F82
:109F0000881FA01F901FC01F981FE01FB01FC81FF1
:109F1000B81FE81FC81FE01FD81FF01F080000105F
:109F2000100000201800003020000002280000125D
:109F300030000022380000324000000448000014C5
:109F4000500000245800003460000006680000162D
:109F50007000002678000036800000088800001895
:109F60009000002898000038A000000AA800001AFD
:109F7000B000002AB800003AC000000CC800001C65
:109F8000D000002CD800003CE000000EE800001ECD
:109F9000F000002EF800003E00010004080140100F
:109FA00010014020180140302001400228014012D9
:109FB0003001402238014032400140044801401441
:109FC00050014024580140346001400668014016A9
:109FD0007001402678014036800140088801401811
:109FE0009001402898014038A001400AA801401A79
:109FF000B001402AB801403AC001400CC801401CE1
:10A00000D001402CD801403CE001400EE801401E48
:10A01000F001402EF801403E0002000808028010C6
:10A020001002802018028030200280022802801254
:10A0300030028022380280324002800448028014BC
:10A040005002802458028034600280066802801624
:10A05000700280267802803680028008880280188C
:10A060009002802898028038A002800AA802801AF4
:10A07000B002802AB802803AC002800CC802801C5C
:10A08000D002802CD802803CE002800EE802801EC4
:10A09000F002802EF802803E0003000C0803C0107E
:10A0A0001003C0201803C0302003800C2803C01206
:10A0B0003003C0223803C0324003C0044803C01438
:10A0C0005003C0245803C0346003C0066803C016A0
:10A0D0007003C0267803C0368003C0088803C01808
:10A0E0009003C0289803C038A003C00AA803C01A70
:10A0F000B003C02AB803C03AC003C00CC803C01CD8
:10A10000D003C02CD803C03CE003C00EE803C01E3F
:10A11000F003C02EF803C03E080400111004002113
:10A12000180400312004000C28040013300400231C
:10A13000380400334004000548040015500400258D
:10A1400058040035600400076804001770040027F5
:10A15000780400378004000988040019900400295D
:10A1600098040039A004000BA804001BB004002BC5
:10A17000B804003BC004000DC804001DD004002D2D
:10A18000D804003DE004000FE804001FF004002F95
:10A19000F804003F08054011100540211805403122
:10A1A0002005000D280540133005402338054033B5
:10A1B00048054015500540255805403560054007C5
:10A1C000680540177005402778054037800540092D
:10A1D000880540199005402998054039A005400B95
:10A1E000A805401BB005402BB805403BC005400DFD
:10A1F000C805401DD005402DD805403DE005400F65
:10A20000E805401FF005402FF805403F00064008D4
:10A210000806801110068021180680312006C0082B
:10A220002806801330068023380680334006400914
:10A230004806801550068025580680356006800740
:10A2400068068017700680277806803780068009A8
:10A25000880680199006802998068039A006800B10
:10A26000A806801BB006802BB806803BC006800D78
:10A27000C806801DD006802DD806803DE006800FE0
:10A28000E806801FF006802FF806803F0007400C8C
:10A290000807C0111007C0211807C0312007C00CE3
:10A2A0002807C0133007C0233807C0334007400DCC
:10A2B0004807C0155007C0255807C0356007C007BC
:10A2C0006807C0177007C0277807C0378007C00924
:10A2D0008807C0199007C0299807C039A007C00B8C
:10A2E000A807C01BB007C02BB807C03BC007C00DF4
:10A2F000C807C01DD007C02DD807C03DE007C00F5C
:10A30000E807C01FF007C02FF807C03F0008001083
:10A3100008080810100808201808083020088010C5
:10A3200028080812300808223808083240080011AE
:10A330004808081450080824580808346008801198
:10A34000680808167008082678080836800808107B
:10A35000880808189008082898080838A008080AEB
:10A36000A808081AB008082AB808083AC008080C53
:10A37000C808081CD008082CD808083CE008080EBB
:10A38000E808081EF008082EF808083E0009001426
:10A39000080948101009482018094830200980147D
:10A3A0002809481230094822380948324009001566
:10A3B0004809481450094824580948346009801550
:10A3C0006809481670094826780948368009081433
:10A3D000880948189009482898094838A009480A67
:10A3E000A809481AB009482AB809483AC009480CCF
:10A3F000C809481CD009482CD809483CE009480E37
:10A40000E809481EF009482EF809483E000A0018DD
:10A41000080A8810100A8820180A8830200A801834
:10A42000280A8812300A8822380A8832400A00191D
:10A43000480A8814500A8824580A8834600A801907
:10A44000680A8816700A8826780A8836800A0818EA
:10A45000880A8818900A8828980A8838A00A8818D4
:10A46000A80A881AB00A882AB80A883AC00A880C4A
:10A47000C80A881CD00A882CD80A883CE00A880EB2
:10A48000E80A881EF00A882EF80A883E000B001C95
:10A49000080BC810100BC820180BC830200B801CEC
:10A4A000280BC812300BC822380BC832400B001DD5
:10A4B000480BC814500BC824580BC834600B801DBF
:10A4C000680BC816700BC826780BC836800B081CA2
:10A4D000880BC818900BC828980BC838A00B881C8C
:10A4E000A80BC81AB00BC82AB80BC83AC00BC80CC6
:10A4F000C80BC81CD00BC82CD80BC83CE00BC80E2E
:10A50000E80BC81EF00BC82EF80BC83E000C40101C
:10A51000080C0811100C0821180C0831200CC01070
:10A52000280C0813300C0823380C0833400C401159
:10A53000480C0815500C0825580C0835600CC01143
:10A54000680C0817700C0827780C0837800C481026
:10A55000880C0819900C0829980C0839A00CC81010
:10A56000A80C081BB00C082BB80C083BC00C080D3D
:10A57000C80C081DD00C082DD80C083DE00C080FA5
:10A58000E80C081FF00C082FF80C083F000D4014D1
:10A59000080D4811100D4821180D4831200DC01428
:10A5A000280D4813300D4823380D4833400D401511
:10A5B000480D4815500D4825580D4835600DC015FB
:10A5C000680D4817700D4827780D4837800D4814DE
:10A5D000880D4819900D4829980D4839A00DC814C8
:10A5E000A80D481BB00D482BB80D483BC00D4815B1
:10A5F000C80D481DD00D482DD80D483DE00D480F21
:10A60000E80D481FF00D482FF80D483F000E401888
:10A61000080E8811100E8821180E8831200EC018DF
:10A62000280E8813300E8823380E8833400E4019C8
:10A63000480E8815500E8825580E8835600EC019B2
:10A64000680E8817700E8827780E8837800E481895
:10A65000880E8819900E8829980E8839A00EC8187F
:10A66000A80E881BB00E882BB80E883BC00E481968
:10A67000C80E881DD00E882DD80E883DE00E880F9C
:10A68000E80E881FF00E882FF80E883F000F401C40
:10A69000080FC811100FC821180FC831200FC01C97
:10A6A000280FC813300FC823380FC833400F401D80
:10A6B000480FC815500FC825580FC835600FC01D6A
:10A6C000680FC817700FC827780FC837800F481C4D
:10A6D000880FC819900FC829980FC839A00FC81C37
:10A6E000A80FC81BB00FC82BB80FC83BC00F481D20
:10A6F000C80FC81DD00FC82DD80FC83DE00FC81D0A
:10A70000E80FC81FF00FC82FF80FC83F0010002037
:10A710000810101010101020181010302010802079
:10A720002810101230101022381010324010002162
:10A73000481010145010102458101034601080214C
:10A74000681010167010102678101036801008202F
:10A75000881010189010102898101038A010882019
:10A76000A810101AB010102AB810103AC010082102
:10A77000C810101CD010102CD810103CE0108821EC
:10A78000E810101EF010102EF810103E00110024DA
:10A79000081110241011502018115030201180245D
:10A7A000281150123011502238115032401100251A
:10A7B0004811501450115024581150346011802504
:10A7C00068115016701150267811503680110824E7
:10A7D000881150189011502898115038A0118824D1
:10A7E000A811501AB011502AB811503AC0110825BA
:10A7F000C811501CD011502CD811503CE0118825A4
:10A80000E811501EF011502EF811503E0012002891
:10A810000812102810129020181290302012802850
:10A8200028129012301290223812903240120029D1
:10A8300048129014501290245812903460128029BB
:10A84000681290167012902678129036801208289E
:10A85000881290189012902898129038A012882888
:10A86000A812901AB012902AB812903AC012082971
:10A87000C812901CD012902CD812903CE01288295B
:10A88000E812901EF012902EF812903E0013002C49
:10A890000813102C1013D0201813D0302013802C44
:10A8A0002813902C3013D0223813D0324013002DAF
:10A8B0004813D0145013D0245813D0346013802D73
:10A8C0006813D0167013D0267813D0368013082C56
:10A8D0008813D0189013D0289813D038A013882C40
:10A8E000A813D01AB013D02AB813D03AC013082D29
:10A8F000C813D01CD013D02CD813D03CE013882D13
:10A90000E813D01EF013D02EF813D03E00144020D0
:10A910000814502010141021181410312014C020D5
:10A920002814D02030141023381410334014402140
:10A930004814101550141025581410356014C021F7
:10A9400068141017701410277814103780144820DA
:10A95000881410199014102998141039A014C820C4
:10A96000A814101BB014102BB814103BC0144821AD
:10A97000C814101DD014102DD814103DE014C82197
:10A98000E814101FF014102FF814103F0015402485
:10A990000815502410155021181550312015C024C9
:10A9A0002815D02430155023381550334015402534
:10A9B0004815501550155025581550356015C025AF
:10A9C0006815501770155027781550378015482492
:10A9D000881550199015502998155039A015C8247C
:10A9E000A815501BB015502BB815503BC015482565
:10A9F000C815501DD015502DD815503DE015C8254F
:10AA0000E815501FF015502FF815503F001640283C
:10AA10000816502810169021181690312016C028BC
:10AA20002816D02830169023381690334016402927
:10AA30004816502950169025581690356016C02992
:10AA40006816901770169027781690378016482849
:10AA5000881690199016902998169039A016C82833
:10AA6000A816901BB016902BB816903BC01648291C
:10AA7000C816901DD016902DD816903DE016C82906
:10AA8000E816901FF016902FF816903F0017402CF4
:10AA90000817502C1017D0211817D0312017C02CB0
:10AAA0002817D02C3017D0233817D0334017402D1B
:10AAB0004817502D5017D0255817D0356017C02D86
:10AAC0006817D0177017D0277817D0378017482C01
:10AAD0008817D0199017D0299817D039A017C82CEB
:10AAE000A817D01BB017D02BB817D03BC017482DD4
:10AAF000C817D01DD017D02DD817D03DE017C82DBE
:10AB0000E817D01FF017D02FF817D03F00180030EB
:10AB10000818103010181820181818302018803015
:10AB20002818903030181822381818324018003180
:10AB300048181031501818245818183460188031EB
:10AB40006818903170181826781818368018083050
:10AB5000881818309018182898181838A0188830B5
:10AB6000A818181AB018182AB818183AC0180831B6
:10AB7000C818181CD018182CD818183CE0188831A0
:10AB8000E818181EF018182EF818183E001900348E
:10AB90000819103410195820181958302019803409
:10ABA0002819903430195822381958324019003574
:10ABB00048191035501958245819583460198035DF
:10ABC0006819903570195826781958368019083444
:10ABD000881918349019582898195838A0198834A9
:10ABE000A819581AB019582AB819583AC01908356E
:10ABF000C819581CD019582CD819583CE019883558
:10AC0000E819581EF019582EF819583E001A003845
:10AC1000081A1038101A9820181A9830201A8038FC
:10AC2000281A9038301A9822381A9832401A003967
:10AC3000481A1039501A9824581A9834601A8039D2
:10AC4000681A9039701A9826781A9836801A083837
:10AC5000881A1838901A9828981A9838A01A88389C
:10AC6000A81A9838B01A982AB81A983AC01A083907
:10AC7000C81A981CD01A982CD81A983CE01A88390F
:10AC8000E81A981EF01A982EF81A983E001B003CFD
:10AC9000081B103C101BD820181BD830201B803CF0
:10ACA000281B903C301BD822381BD832401B003D5B
:10ACB000481B103D501BD824581BD834601B803DC6
:10ACC000681B903D701BD826781BD836801B083C2B
:10ACD000881B183C901BD828981BD838A01B883C90
:10ACE000A81B983CB01BD82AB81BD83AC01B083DFB
:10ACF000C81BD81CD01BD82CD81BD83CE01B883DC7
:10AD0000E81BD81EF01BD82EF81BD83E001C403084
:10AD1000081C5030101C1821181C1831201CC03081
:10AD2000281CD030301C1823381C1833401C4031EC
:10AD3000481C5031501C1825581C1835601CC03157
:10AD4000681CD031701C1827781C1837801C4830BC
:10AD5000881C5830901C1829981C1839A01CC83021
:10AD6000A81CD830B01C182BB81C183BC01C48318C
:10AD7000C81C181DD01C182DD81C183DE01CC8314B
:10AD8000E81C181FF01C182FF81C183F001D403439
:10AD9000081D5034101D5821181D5831201DC03475
:10ADA000281DD034301D5823381D5833401D4035E0
:10ADB000481D5035501D5825581D5835601DC0354B
:10ADC000681DD035701D5827781D5837801D4834B0
:10ADD000881D5834901D5829981D5839A01DC83415
:10ADE000A81DD834B01D582BB81D583BC01D483580
:10ADF000C81D5835D01D582DD81D583DE01DC835EB
:10AE0000E81D581FF01D582FF81D583F001E4038F0
:10AE1000081E5038101E9821181E9831201EC03868
:10AE2000281ED038301E9823381E9833401E4039D3
:10AE3000481E5039501E9825581E9835601EC0393E
:10AE4000681ED039701E9827781E9837801E4838A3
:10AE5000881E5838901E9829981E9839A01EC83808
:10AE6000A81ED838B01E982BB81E983BC01E483973
:10AE7000C81E5839D01E982DD81E983DE01EC839DE
:10AE8000E81E981FF01E982FF81E983F001F403CA8
:10AE9000081F503C101FD821181FD831201FC03C5C
:10AEA000281FD03C301FD823381FD833401F403DC7
:10AEB000481F503D501FD825581FD835601FC03D32
:10AEC000681FD03D701FD827781FD837801F483C97
:10AED000881F583C901FD829981FD839A01FC83CFC
:10AEE000A81FD83CB01FD82BB81FD83BC01F483D67
:10AEF000C81F583DD01FD82DD81FD83DE01FC83DD2
:10AF0000E81FD83DF01FD82FF81FD83F0820802019
:10AF100010202020182020302820802830202022B7
:10AF200038202032402000214820C02050202024FA
:10AF300058202034602010246820C028702020264B
:10AF400078202036882080309020202898202038B3
:10AF5000A0200830A8208038B020202AB820203A2D
:10AF6000C0200821C820C030D020202CD820203C70
:10AF7000E0200831E820C038F020202EF820203EC4
:10AF80000021002408218021102110241821603084
:10AF9000202120242821802930216022382160327C
:10AFA000402100254821C0215021602458216034CF
:10AFB000602150246821C0297021602678216036E4
:10AFC00080210824882180319021602898216038D0
:10AFD000A0210834A8218039B021602AB821603A24
:10AFE000C0210825C821C031D021602CD821603C67
:10AFF000E0210835E821C039F021602EF821603EBB
:10B000000022003008228030102208301822A030A0
:10B0100020221030282288283022A0223822A03274
:10B02000402240304822C0305022A0245822A03470
:10B03000602250306822C8287022A0267822A036CC
:10B0400080222030882288309022A0289822A038A0
:10B05000A0221830A8228838B022A02AB822A03A0C
:10B06000C0226030C822C830D022A02CD822A03CF8
:10B07000E0221831E822C838F022A02EF822A03EA3
:10B080000023003108238031102308311823E030D9
:10B090002023103128238829302318313823E03227
:10B0A000402340314823C0315023E0245823E0346A
:10B0B000602350316823C8297023E0267823E036C6
:10B0C00080231824882388319023E0289823E038AF
:10B0D000A0231834A8238839B023E02AB823E03A03
:10B0E000C0231825C823C831D023E02CD823E03C46
:10B0F000E0231835E823C839F023E02EF823E03E9A
:10B100000824802410242024182420312824802C72
:10B110003024103138242033402400254824C02412
:10B120005024202558242035602410256824C02C64
:10B1300070242027782420378824803490242029E4
:10B1400098242039A0244830A824803CB024202B07
:10B15000B824203BC0240825C824C034D024202D86
:10B16000D824203DE0244831E824C03CF024202F9E
:10B17000F824203F0825802510252025182560313A
:10B180002825802D30255031382560334825C025AD
:10B1900050256025582560356825C02D702560270D
:10B1A0007825603788258035902560299825603975
:10B1B000A0254834A825803DB025602BB825603BEC
:10B1C000C825C035D025602DD825603DE0254835FF
:10B1D000E825C03DF025602FF825603F00260034AB
:10B1E00008268034102608341826A0312026103472
:10B1F0002826882C302618343826A03340264034A0
:10B200004826C034502648345826A035602650348D
:10B210006826C82C7026A0277826A03780262034E0
:10B22000882688349026A0299826A039A026583050
:10B23000A826883CB026A02BB826A03BC0266034A8
:10B24000C826C834D026A02DD826A03DE0265831E7
:10B25000E826C83CF026A02FF826A03F002700359E
:10B2600008278035102708351827E03120271035AA
:10B270002827882D302718353827E03340274035D8
:10B280004827C035502748355827E03560275035C6
:10B290006827C82D7027E0277827E03780272035DA
:10B2A000882788359027E0299827E039A027583447
:10B2B000A827883DB027E02BB827E03BC0276035A2
:10B2C000C827C835D027E02DD827E03DE0275835DE
:10B2D000E827C83DF027E02FF827E03F082820287E
:10B2E00010288028182828302828902830288828D6
:10B2F000382828324028002C4828202C5028802C20
:10B30000582828346028082C6828D0287028882CD1
:10B31000782828368828903098282838A02828307F
:10B32000A8289038B028282AB828283AC028102CF5
:10B33000C828D030D028282CD828283CE028182C21
:10B34000E828D038F028282EF828283E0029002C9C
:10B350000829082C1029102C182968302029202CA5
:10B36000282990293029D030382968324029402CAA
:10B370004829602C5029C02C582968346029482C51
:10B380006829D0297029C82C782968368029802C12
:10B39000882990319029282C98296838A0292834A8
:10B3A000A8299039B029682AB829683AC029502CB0
:10B3B000C829D031D029682CD829683CE029582CDC
:10B3C000E829D039F029682EF829683E002A00388B
:10B3D000082A2038102A8038182AA830202A08384D
:10B3E000282A2838302A8838382AA832402A003CAF
:10B3F000482A203C502A803C582AA834602A083C1D
:10B40000682A283C702A883C782AA836802A103876
:10B41000882A9830902A9038982AA838A02A183874
:10B42000A82A9838B02A9838B82AA83AC02A103CD6
:10B43000C82AD830D02AA82CD82AA83CE02A183C00
:10B44000E82AD838F02AA82EF82AA83E002B40383F
:10B45000082B6038102BC038182BE830202B4838C8
:10B46000282B6838302BC838382BE832402B403C2A
:10B47000482B603C502BC03C582BE834602B483C98
:10B48000682B683C702BC83C782BE836802B5038F2
:10B49000882B9831902BD038982BE838A02B58382F
:10B4A000A82B9839B02BD838B82BE83AC02B503C91
:10B4B000C82BD831D02BE82CD82BE83CE02B583CBB
:10B4C000E82BD839F02BE82EF82BE83E082C202C5E
:10B4D000102C802C182C2831282C902C302C9031BA
:10B4E000382C2833402C002D482C202D502C802D1A
:10B4F000582C2835602C082D682CD02C702C882DC9
:10B50000782C2837882C9034982C2839A02C683037
:10B51000A82C903CB02C6838B82C283BC02C102D9F
:10B52000C82CD034D02C282DD82C283DE02C182D18
:10B53000E82CD03CF02C282FF82C283F082D202D6B
:10B54000102D802D182D6831282D902D302DD031C3
:10B55000382D6833482D602D502DC02D582D68355D
:10B56000682DD02D702DC82D782D6837882D9035F9
:10B57000982D6839A02D6834A82D903DB02D683CD9
:10B58000B82D683BC82DD035D82D683DE02D6835E5
:10B59000E82DD03DF02D682FF82D683F002E0039A2
:10B5A000082E2039102E8039182EA831202E083967
:10B5B000282E2839302E8839382EA833402E003DC9
:10B5C000482E203D502E803D582EA835602E083D37
:10B5D000682E283D702E883D782EA837802E103991
:10B5E000882E9834902E9039982EA839A02E18398C
:10B5F000A82E983CB02E9839B82EA83BC02E103DEE
:10B60000C82ED834D02E903DD82EA83DE02E183D1F
:10B61000E82ED83CF02EA82FF82EA83F002F403956
:10B62000082F6039102FC039182FE831202F4839E2
:10B63000282F6839302FC839382FE833402F403D44
:10B64000482F603D502FC03D582FE835602F483DB2
:10B65000682F683D702FC83D782FE837802F50390C
:10B66000882F9835902FD039982FE839A02F583946
:10B67000A82F983DB02FD839B82FE83BC02F503DA8
:10B68000C82FD835D02FD03DD82FE83DE02F583DDA
:10B69000E82FD83DF02FD83DF82FE83F1830303054
:10B6A00038303032403000314830083150301031BD
:10B6B00058303034603020316830283170301834E0
:10B6C000783030368830A03098303038A830A03804
:10B6D000B0308838B830303AC0308031C830E030CF
:10B6E000D0309031D830303CE0308831E830E0382C
:10B6F000F0308839F830303E0031003408310834F9
:10B7000010311034183118342031203428312834C5
:10B7100030313034383170324031003548310835FD
:10B72000503110355831703460312035683128354A
:10B730007031583478317036803180348831A0319E
:10B740009031903498317038A0318834A831A039C4
:10B75000B031883CB831703AC0318035C831E03101
:10B76000D0319035D831703CE0318835E831E0395E
:10B77000F031883DF831703E0032003808328038B0
:10B780001032083818328838203210382832903871
:10B79000303218383832B032403240384832C0384F
:10B7A000503248385832B034603250386832D0386D
:10B7B000703258387832B036803220388832A0382B
:10B7C000903228389832B038A0323038A832A838B1
:10B7D000B0329838B832B03AC0326038C832E03847
:10B7E000D0326838D832B03CE0327038E832E838CD
:10B7F000F0329839F832B03E0033003908338039DE
:10B8000010330839183388392033103928339039E8
:10B810003033183938339839403340394833C039D8
:10B82000503348395833F034603350396833D039A5
:10B83000703358397833F036803320398833A03963
:10B84000903328399833F038A0339834A833A83986
:10B85000B033983CB833F03AC0336039C833E0397C
:10B86000D0336839D833F03CE0339835E833E839E1
:10B87000F033983DF833F03E18343034383418390A
:10B88000403400354834083550341035583430359C
:10B8900060342035683428357034183578343037C2
:10B8A0008834A03498343039A834A03CB034C83837
:10B8B000B834303BC0348035C834E034D0349035AF
:10B8C000D834303DE0348835E834E03CF034C839D1
:10B8D000F834303F183530353835583958357035EB
:10B8E000783570378835A03598357039A835A03D42
:10B8F000B035C83CB835703BC835E035D835703DFB
:10B90000E835E03DF035C83DF835703F0036003C85
:10B910000836803C1036083C1836883C2036103CEF
:10B920002836903C3036183C3836983C4036403CFF
:10B930004836C03C5036483C5836C83C6036503CCF
:10B940006836D03C7036583C7836B0378036203C6C
:10B950008836A03C9036283C9836B039A036303C2A
:10B96000A836A83CB036D838B836B03BC036603CB4
:10B97000C836E03CD036683CD836B03DE036703C46
:10B98000E836E83CF036D839F836B03F0037003DAD
:10B990000837803D1037083D1837883D2037103D67
:10B9A0002837903D3037183D3837983D4037403D77
:10B9B0004837C03D5037483D5837C83D6037503D47
:10B9C0006837D03D7037583D7837F0378037203DA5
:10B9D0008837A03D9037283D9837F039A037303D63
:10B9E000A837A83DB037D83CB837F03BC037603DEA
:10B9F000C837E03DD037683DD837F03DE037703D7F
:10BA0000E837E83DF037D83DF837F03F3838983818
:10BA10004038003948380839503810395838183902
:10BA20006038203968382839703830397838983C8F
:10BA3000A838B038B838383AC0388039C83888396A
:10BA4000D0389039D838383CE038A039E838F03868
:10BA5000F838383EF038A8390039003C0839083C3D
:10BA60001039103C1839183C2039203C2839283C22
:10BA70003039303C3839383C4039003D4839083D90
:10BA80005039103D5839183D6039203D6839283DFE
:10BA90007039303D7839D83C8039803C8839883CD1
:10BAA0009039903C9839983CA039A03CA839B039DD
:10BAB000B839783AB039A83CC039803DC839883D9A
:10BAC000D039903DD839783CE039A03DE839F0399B
:10BAD000F839783EF039A83D083A103A103A203A41
:10BAE000183A303A203A803A283A903A303AA03A16
:10BAF000383AB03A403A003B483A103B503A203B83
:10BB0000583A303B603A803B683A903B703AA03BF1
:10BB1000783AB03B883AA03A983AB03AA83AB03A64
:10BB2000C03A083BC83A183BD03A283BD83AB83C10
:10BB3000E03A883BE83A983BF03AA83BF83AB83EFE
:10BB4000003B003E083B103E103B203E183B303E81
:10BB5000203B803E283B903E303BA03E383BB03EF1
:10BB6000403B003F483B103F503B203F583B303F5D
:10BB7000603B803F683B903F703BA03F783BB03FCD
:10BB8000803B083E883B183E903B283E983B383E21
:10BB9000A03B883EA83B983EB03BA83EB83BB83E91
:10BBA000C03B083FC83B183FD03B283FD83BF83C40
:10BBB000E03B883FE83B983FF03BA83FF83BF83E2E
:10BBC000383C983C403C003D483C083D503C103DD2
:10BBD000583C183D603C203D683C283D703C303D61
:10BBE000783C983DA83CB03CB83CB03EC03C803D61
:10BBF000C83C883DD03C903DD83C383DE03CA03D21
:10BC0000E83CF03CF03CA83DF83C383F383D983DDE
:10BC1000783DD83DA83DB03DB83DB03FE83DF03D52
:10BC2000083E803EF83D783F103E803E183E883EFC
:10BC3000203E803E283E903E303E883E383E983E34
:10BC4000403E003F483E203F503E803F583EA03F90
:10BC5000603E083F683E283F703E883F783EA83FE0
:10BC6000883EA03E983EA83EC03E103FA83EB03E53
:10BC7000C83E303FD03E903FD83EB03FE03E183FF8
:10BC8000E83E383FF03E983F083F803FF83EB83FDF
:10BC9000103F803F183F883F203F803F283F903F24
:10BCA000303F883F383F983F483F503F503F603FCC
:10BCB000583F703F603FC03F683FD03F703FE03F1C
:10BCC000783FF03F883FA03F983FA83FA83FB03F54
:10BCD000D83FF03FC83FE03FE83FF03F00000000A2
:10BCE0000000803FC2C5473EBE147B3F15EFC33EF8
:10BCF0005E836C3FDA390E3F31DB543FF304353F4E
:10BD0000F304353F31DB543FDA390E3F5E836C3F3D
:10BD100015EFC33EBE147B3FC2C5473E0000803FC7
:10BD200000000000BE147B3FC2C547BE5E836C3F6F
:10BD300015EFC3BE31DB543FDA390EBFF304353F94
:10BD4000F30435BFDA390E3F31DB54BF15EFC33E84
:10BD50005E836CBFC2C5473EBE147BBF00000000BF
:10BD60000000803F36BDC83D6DC47E3FC2C5473E22
:10BD7000BE147B3F31A0943E0BFA743F15EFC33ED7
:10BD80005E836C3FEA5AF13E98C5613FDA390E3F57
:10BD900031DB543F9967223F03E4453FF304353FCD
:10BDA000F304353F03E4453F9967223F31DB543FBD
:10BDB000DA390E3F98C5613FEA5AF13E5E836C3F27
:10BDC00015EFC33E0BFA743F31A0943EBE147B3F87
:10BDD000C2C5473E6DC47E3F36BDC83D0000803FB2
:10BDE000000000006DC47E3F36BDC8BDBE147B3F61
:10BDF000C2C547BE0BFA743F31A094BE5E836C3F50
:10BE000015EFC3BE98C5613FEA5AF1BE31DB543F1E
:10BE1000DA390EBF03E4453F996722BFF304353F8B
:10BE2000F30435BF9967223F03E445BFDA390E3F7B
:10BE300031DB54BFEA5AF13E98C561BF15EFC33EEE
:10BE40005E836CBF31A0943E0BFA74BFC2C5473EFF
:10BE5000BE147BBF36BDC83D6DC47EBF0000000070
:10BE60000000803F2FFB483D0FB17F3F36BDC83DEE
:10BE70006DC47E3F8340163EAC3A7D3FC2C5473E0F
:10BE8000BE147B3FCCCF783EF853783F31A0943E30
:10BE90000BFA743FD47CAC3E0809713F15EFC33EEA
:10BEA0005E836C3F80E8DA3ED86B673FEA5AF13E2A
:10BEB00098C5613F3D9C033F1A945B3FDA390E3FC2
:10BEC00031DB543FC07F183F029F4D3F9967223FAF
:10BED00003E4453F4AEB2B3FF9AE3D3FF304353FCA
:10BEE000F304353FF9AE3D3F4AEB2B3F03E4453FBA
:10BEF0009967223F029F4D3FC07F183F31DB543F7F
:10BF0000DA390E3F1A945B3F3D9C033F98C5613F71
:10BF1000EA5AF13ED86B673F80E8DA3E5E836C3FB9
:10BF200015EFC33E0809713FD47CAC3E0BFA743F59
:10BF300031A0943EF853783FCCCF783EBE147B3F7F
:10BF4000C2C5473EAC3A7D3F8340163E6DC47E3F3E
:10BF500036BDC83D0FB17F3F2FFB483D0000803FFD
:10BF6000000000000FB17F3F2FFB48BD6DC47E3F36
:10BF700036BDC8BDAC3A7D3F834016BEBE147B3F84
:10BF8000C2C547BEF853783FCCCF78BE0BFA743F9A
:10BF900031A094BE0809713FD47CACBE5E836C3F77
:10BFA00015EFC3BED86B673F80E8DABE98C5613F26
:10BFB000EA5AF1BE1A945B3F3D9C03BF31DB543F0C
:10BFC000DA390EBF029F4D3FC07F18BF03E4453FE3
:10BFD000996722BFF9AE3D3F4AEB2BBFF304353FD3
:10BFE000F30435BF4AEB2B3FF9AE3DBF9967223FC3
:10BFF00003E445BFC07F183F029F4DBFDA390E3FB3
:10C0000031DB54BF3D9C033F1A945BBFEA5AF13EBB
:10C0100098C561BF80E8DA3ED86B67BF15EFC33EB5
:10C020005E836CBFD47CAC3E080971BF31A0943EE6
:10C030000BFA74BFCCCF783EF85378BFC2C5473EE9
:10C04000BE147BBF8340163EAC3A7DBF36BDC83DB3
:10C050006DC47EBF2FFB483D0FB17FBF00000000C5
:10C060000000803FB00AC93C43EC7F3F2FFB483DB6
:10C070000FB17F3F05A9963D6D4E7F3F36BDC83D50
:10C080006DC47E3F73B2FA3D24137E3F8340163E5B
:10C09000AC3A7D3FA2102F3E283B7C3FC2C5473EB5
:10C0A000BE147B3F135C603E9DC7793FCCCF783E8A
:10C0B000F853783F938E883E07BA763F31A0943E7E
:10C0C0000BFA743FE59AA03E4714733FD47CAC3E14
:10C0D0000809713F2A44B83E9ED86E3F15EFC33E13
:10C0E0005E836C3FCA7BCF3EA7096A3F80E8DA3E99
:10C0F000D86B673F7533E63E59AA643FEA5AF13E72
:10C1000098C5613F275DFC3E05BE5E3F3D9C033FF9
:10C110001A945B3F9BF5083F5348583FDA390E3F6E
:10C1200031DB543F2A68133F3D4D513FC07F183FDC
:10C13000029F4D3FD17F1D3F12D1493F9967223F5A
:10C1400003E4453F5636273F70D8413F4AEB2B3F2B
:10C15000F9AE3D3FBB85303F4268393FF304353F80
:10C16000F304353F4268393FBB85303FF9AE3D3F70
:10C170004AEB2B3F70D8413F5636273F03E4453FFB
:10C180009967223F12D1493FD17F1D3F029F4D3F0A
:10C19000C07F183F3D4D513F2A68133F31DB543F6C
:10C1A000DA390E3F5348583F9BF5083F1A945B3FDE
:10C1B0003D9C033F05BE5E3F275DFC3E98C5613F49
:10C1C000EA5AF13E59AA643F7533E63ED86B673FA1
:10C1D00080E8DA3EA7096A3FCA7BCF3E5E836C3FA8
:10C1E00015EFC33E9ED86E3F2A44B83E0809713F02
:10C1F000D47CAC3E4714733FE59AA03E0BFA743FE3
:10C2000031A0943E07BA763F938E883EF853783F2C
:10C21000CCCF783E9DC7793F135C603EBE147B3F18
:10C22000C2C5473E283B7C3FA2102F3EAC3A7D3F23
:10C230008340163E24137E3F73B2FA3D6DC47E3FA9
:10C2400036BDC83D6D4E7F3F05A9963D0FB17F3F7E
:10C250002FFB483D43EC7F3FB00AC93C0000803FC4
:10C260000000000043EC7F3FB00AC9BC0FB17F3F24
:10C270002FFB48BD6D4E7F3F05A996BD6DC47E3F27
:10C2800036BDC8BD24137E3F73B2FABDAC3A7D3FC4
:10C29000834016BE283B7C3FA2102FBEBE147B3FBE
:10C2A000C2C547BE9DC7793F135C60BEF853783F57
:10C2B000CCCF78BE07BA763F938E88BE0BFA743F18
:10C2C00031A094BE4714733FE59AA0BE0809713FA0
:10C2D000D47CACBE9ED86E3F2A44B8BE5E836C3F11
:10C2E00015EFC3BEA7096A3FCA7BCFBED86B673FB5
:10C2F00080E8DABE59AA643F7533E6BE98C5613F4F
:10C30000EA5AF1BE05BE5E3F275DFCBE1A945B3F54
:10C310003D9C03BF5348583F9BF508BF31DB543F5A
:10C32000DA390EBF3D4D513F2A6813BF029F4D3F82
:10C33000C07F18BF12D1493FD17F1DBF03E4453FE5
:10C34000996722BF70D8413F563627BFF9AE3D3FAF
:10C350004AEB2BBF4268393FBB8530BFF304353F02
:10C36000F30435BFBB85303F426839BF4AEB2B3FF2
:10C37000F9AE3DBF5636273F70D841BF9967223F7F
:10C3800003E445BFD17F1D3F12D149BFC07F183F95
:10C39000029F4DBF2A68133F3D4D51BFDA390E3F12
:10C3A00031DB54BF9BF5083F534858BF3D9C033FCA
:10C3B0001A945BBF275DFC3E05BE5EBFEA5AF13EA4
:10C3C00098C561BF7533E63E59AA64BF80E8DA3E7E
:10C3D000D86B67BFCA7BCF3EA7096ABF15EFC33EC4
:10C3E0005E836CBF2A44B83E9ED86EBFD47CAC3E00
:10C3F000080971BFE59AA03E471473BF31A0943E6F
:10C400000BFA74BF938E883E07BA76BFCCCF783EC6
:10C41000F85378BF135C603E9DC779BFC2C5473EE5
:10C42000BE147BBFA2102F3E283B7CBF8340163E2C
:10C43000AC3A7DBF73B2FA3D24137EBF36BDC83D12
:10C440006DC47EBF05A9963D6D4E7FBF2FFB483D55
:10C450000FB17FBFB00AC93C43EC7FBF00000000B2
:10C460000000803F900E493C11FB7F3FB00AC93C61
:10C4700043EC7F3F2CC3163D98D37F3F2FFB483DB5
:10C480000FB17F3F742B7B3DAB847F3F05A9963D69
:10C490006D4E7F3F80B6AF3D580E7F3F36BDC83DE5
:10C4A0006DC47E3F2EBCE13DB0707E3F73B2FA3D5D
:10C4B00024137E3F86CF093ECCAB7D3F8340163EA2
:10C4C000AC3A7D3FB6AB223EC9BF7C3FA2102F3EA7
:10C4D000283B7C3FCF6E3B3ECDAC7B3FC2C5473E49
:10C4E000BE147B3F0115543E02737A3F135C603EDD
:10C4F0009DC7793F7F9A6C3E9812793FCCCF783EAA
:10C50000F853783FC07D823EC58B773F938E883E3F
:10C5100007BA763F229A8E3EC6DE753F31A0943E22
:10C520000BFA743F86A09A3EDD0B743FE59AA03E5D
:10C530004714733F128FA63E5213723FD47CAC3E19
:10C540000809713FEF63B23E73F56F3F2A44B83E6E
:10C550009ED86E3F4A1DBE3E93B26D3F15EFC33E5F
:10C560005E836C3F53B9C93E0C4B6B3FCA7BCF3ED9
:10C57000A7096A3F4136D53E3CBF683F80E8DA3EB6
:10C58000D86B673F4F92E03E880F663F7533E63EBB
:10C5900059AA643FBBCBEB3E5A3C633FEA5AF13E9B
:10C5A00098C5613FCBE0F63E2146603F275DFC3EEB
:10C5B00005BE5E3FE4E7003F532D5D3F3D9C033FDA
:10C5C0001A945B3F824B063F6AF2593F9BF5083F46
:10C5D0005348583F6B9A0B3FE595563FDA390E3F6B
:10C5E00031DB543FCDD3103F4918533F2A68133FE6
:10C5F0003D4D513FD9F6153F1F7A4F3FC07F183F41
:10C60000029F4D3FC6021B3FF8BB4B3FD17F1D3FF2
:10C6100012D1493FCBF61F3F65DE473F9967223F66
:10C6200003E4453F25D2243F00E2433F5636273FEF
:10C6300070D8413F1594293F67C73F3F4AEB2B3FD6
:10C64000F9AE3D3FDE3B2E3F3B8F3B3FBB85303F4E
:10C650004268393FC9C8323F233A373FF304353F78
:10C66000F304353F233A373FC9C8323F4268393F68
:10C67000BB85303F3B8F3B3FDE3B2E3FF9AE3D3F1E
:10C680004AEB2B3F67C73F3F1594293F70D8413F86
:10C690005636273F00E2433F25D2243F03E4453F7F
:10C6A0009967223F65DE473FCBF61F3F12D1493FD6
:10C6B000D17F1D3FF8BB4B3FC6021B3F029F4D3F42
:10C6C000C07F183F1F7A4F3FD9F6153F3D4D513F70
:10C6D0002A68133F4918533FCDD3103F31DB543FF5
:10C6E000DA390E3FE595563F6B9A0B3F5348583F5A
:10C6F0009BF5083F6AF2593F824B063F1A945B3F15
:10C700003D9C033F532D5D3FE4E7003F05BE5E3F88
:10C71000275DFC3E2146603FCBE0F63E98C5613F79
:10C72000EA5AF13E5A3C633FBBCBEB3E59AA643F09
:10C730007533E63E880F663F4F92E03ED86B673F09
:10C7400080E8DA3E3CBF683F4136D53EA7096A3FE4
:10C75000CA7BCF3E0C4B6B3F53B9C93E5E836C3FE7
:10C7600015EFC33E93B26D3F4A1DBE3E9ED86E3F4D
:10C770002A44B83E73F56F3FEF63B23E0809713F3C
:10C78000D47CAC3E5213723F128FA63E4714733FC7
:10C79000E59AA03EDD0B743F86A09A3E0BFA743FEB
:10C7A00031A0943EC6DE753F229A8E3E07BA763F90
:10C7B000938E883EC58B773FC07D823EF853783F8D
:10C7C000CCCF783E9812793F7F9A6C3E9DC7793FD7
:10C7D000135C603E02737A3F0115543EBE147B3FEA
:10C7E000C2C5473ECDAC7B3FCF6E3B3E283B7C3F36
:10C7F000A2102F3EC9BF7C3FB6AB223EAC3A7D3F74
:10C800008340163ECCAB7D3F86CF093E24137E3F4E
:10C8100073B2FA3DB0707E3F2EBCE13D6DC47E3FE9
:10C8200036BDC83D580E7F3F80B6AF3D6D4E7F3F51
:10C8300005A9963DAB847F3F742B7B3D0FB17F3FB5
:10C840002FFB483D98D37F3F2CC3163D43EC7F3FE1
:10C85000B00AC93C11FB7F3F900E493C0000803F6D
:10C860000000000011FB7F3F900E49BC43EC7F3F6E
:10C87000B00AC9BC98D37F3F2CC316BD0FB17F3F10
:10C880002FFB48BDAB847F3F742B7BBD6D4E7F3F3C
:10C8900005A996BD580E7F3F80B6AFBD6DC47E3FE3
:10C8A00036BDC8BDB0707E3F2EBCE1BD24137E3FB7
:10C8B00073B2FABDCCAB7D3F86CF09BEAC3A7D3FAB
:10C8C000834016BEC9BF7C3FB6AB22BE283B7C3F2F
:10C8D000A2102FBECDAC7B3FCF6E3BBEBE147B3FC4
:10C8E000C2C547BE02737A3F011554BE9DC7793F4A
:10C8F000135C60BE9812793F7F9A6CBEF853783F04
:10C90000CCCF78BEC58B773FC07D82BE07BA763F5D
:10C91000938E88BEC6DE753F229A8EBE0BFA743F98
:10C9200031A094BEDD0B743F86A09ABE4714733FBE
:10C93000E59AA0BE5213723F128FA6BE0809713F3E
:10C94000D47CACBE73F56F3FEF63B2BE9ED86E3F32
:10C950002A44B8BE93B26D3F4A1DBEBE5E836C3F93
:10C9600015EFC3BE0C4B6B3F53B9C9BEA7096A3F55
:10C97000CA7BCFBE3CBF683F4136D5BED86B673F50
:10C9800080E8DABE880F663F4F92E0BE59AA643F46
:10C990007533E6BE5A3C633FBBCBEBBE98C5613FE7
:10C9A000EA5AF1BE2146603FCBE0F6BE05BE5E3FCF
:10C9B000275DFCBE532D5D3FE4E700BF1A945B3F4B
:10C9C0003D9C03BF6AF2593F824B06BF5348583F14
:10C9D0009BF508BFE595563F6B9A0BBF31DB543F83
:10C9E000DA390EBF4918533FCDD310BF3D4D513FEB
:10C9F0002A6813BF1F7A4F3FD9F615BF029F4D3FDC
:10CA0000C07F18BFF8BB4B3FC6021BBF12D1493FC6
:10CA1000D17F1DBF65DE473FCBF61FBF03E4453F17
:10CA2000996722BF00E2433F25D224BF70D8413F1F
:10CA3000563627BF67C73F3F159429BFF9AE3D3F24
:10CA40004AEB2BBF3B8F3B3FDE3B2EBF4268393F5B
:10CA5000BB8530BF233A373FC9C832BFF304353FE7
:10CA6000F30435BFC9C8323F233A37BFBB85303FD7
:10CA7000426839BFDE3B2E3F3B8F3BBF4AEB2B3F2B
:10CA8000F9AE3DBF1594293F67C73FBF5636273FD4
:10CA900070D841BF25D2243F00E243BF9967223FAF
:10CAA00003E445BFCBF61F3F65DE47BFD17F1D3F87
:10CAB00012D149BFC6021B3FF8BB4BBFC07F183F16
:10CAC000029F4DBFD9F6153F1F7A4FBF2A68133F0B
:10CAD0003D4D51BFCDD3103F491853BFDA390E3FFA
:10CAE00031DB54BF6B9A0B3FE59556BF9BF5083F72
:10CAF000534858BF824B063F6AF259BF3D9C033FE3
:10CB00001A945BBFE4E7003F532D5DBF275DFC3EF9
:10CB100005BE5EBFCBE0F63E214660BFEA5AF13E5D
:10CB200098C561BFBBCBEB3E5A3C63BF7533E63E55
:10CB300059AA64BF4F92E03E880F66BF80E8DA3E94
:10CB4000D86B67BF4136D53E3CBF68BFCA7BCF3E7E
:10CB5000A7096ABF53B9C93E0C4B6BBF15EFC33E63
:10CB60005E836CBF4A1DBE3E93B26DBF2A44B83E81
:10CB70009ED86EBFEF63B23E73F56FBFD47CAC3E00
:10CB8000080971BF128FA63E521372BFE59AA03EEC
:10CB9000471473BF86A09A3EDD0B74BF31A0943E4C
:10CBA0000BFA74BF229A8E3EC6DE75BF938E883E06
:10CBB00007BA76BFC07D823EC58B77BFCCCF783EAB
:10CBC000F85378BF7F9A6C3E981279BF135C603E31
:10CBD0009DC779BF0115543E02737ABFC2C5473E57
:10CBE000BE147BBFCF6E3B3ECDAC7BBFA2102F3EB1
:10CBF000283B7CBFB6AB223EC9BF7CBF8340163EFC
:10CC0000AC3A7DBF86CF093ECCAB7DBF73B2FA3D57
:10CC100024137EBF2EBCE13DB0707EBF36BDC83D43
:10CC20006DC47EBF80B6AF3D580E7FBF05A9963D4F
:10CC30006D4E7FBF742B7B3DAB847FBF2FFB483D88
:10CC40000FB17FBF2CC3163D98D37FBFB00AC93C3C
:10CC500043EC7FBF900E493C11FB7FBF00000000FA
:10CC60000000803F890FC93BC4FE7F3F900E493CC6
:10CC700011FB7F3FB6C9963CE6F47F3FB00AC93C42
:10CC800043EC7F3FB949FB3C29E17F3F2CC3163D74
:10CC900098D37F3F07E02F3D8FC37F3F2FFB483D59
:10CCA0000FB17F3F6814623D189C7F3F742B7B3D22
:10CCB000AB847F3F0A208A3DC76A7F3F05A9963D26
:10CCC0006D4E7F3F8C30A33D9D2F7F3F80B6AF3DA3
:10CCD000580E7F3FC33ABC3D9DEA7E3F36BDC83DFE
:10CCE0006DC47E3FB93DD53DC99B7E3F2EBCE13D25
:10CCF000B0707E3F7638EE3D23437E3F73B2FA3DFF
:10CD000024137E3F0295033EB1E07D3F86CF093E6E
:10CD1000CCAB7D3FB708103E74747D3F8340163E18
:10CD2000AC3A7D3FDE761C3E73FE7C3FB6AB223EC6
:10CD3000C9BF7C3FFCDE283EB07E7C3FA2102F3E68
:10CD4000283B7C3F9840353E31F57B3FCF6E3B3EE4
:10CD5000CDAC7B3F379B413EFC617B3FC2C5473E2C
:10CD6000BE147B3F60EE4D3E16C57A3F0115543E22
:10CD700002737A3F97395A3E841E7A3F135C603EB5
:10CD80009DC7793F667C663E4E6E793F7F9A6C3ECA
:10CD90009812793F51B6723E7BB4783FCCCF783E43
:10CDA000F853783FE1E67E3E10F1773FC07D823E4A
:10CDB000C58B773FCE86853E1724773F938E883E7E
:10CDC00007BA763F07958B3E974D763F229A8E3E67
:10CDD000C6DE753FDD9D913E976D753F31A0943E57
:10CDE0000BFA743F17A1973E2284743F86A09A3EA7
:10CDF000DD0B743F789E9D3E3F91733FE59AA03EC8
:10CE00004714733FC595A33EF894723F128FA63E18
:10CE10005213723FC486A93E578F713FD47CAC3EFB
:10CE20000809713F3A71AF3E6680703FEF63B23ED2
:10CE300073F56F3FEC54B53E30686F3F2A44B83EFF
:10CE40009ED86E3FA031BB3EBE466E3F4A1DBE3EE1
:10CE500093B26D3F1E07C13E1D1C6D3F15EFC33ED3
:10CE60005E836C3F29D5C63E58E86B3F53B9C93E37
:10CE70000C4B6B3F8B9BCC3E7BAB6A3FCA7BCF3E60
:10CE8000A7096A3F095AD23E9165693F4136D53EAE
:10CE90003CBF683F6B10D83EA816683F80E8DA3E7A
:10CEA000D86B673F79BEDD3ECCBE663F4F92E03E19
:10CEB000880F663FFA63E33E0B5E653F7533E63EDF
:10CEC00059AA643FB700E93E73F4633FBBCBEB3E26
:10CED0005A3C633F7994EE3E1082623FEA5AF13E3B
:10CEE00098C5613F071FF43EF206613FCBE0F63E76
:10CEF0002146603F2DA0F93E27835F3F275DFC3E22
:10CF000005BE5E3FB217FF3EBEF65D3FE4E7003F61
:10CF1000532D5D3FB142023FC7615C3F3D9C033FE3
:10CF20001A945B3F84F4043F50C45A3F824B063F3F
:10CF30006AF2593F36A1073F6A1E593F9BF5083FE9
:10CF40005348583FAD480A3F2670573F6B9A0B3FF6
:10CF5000E595563FD0EA0C3F93B9553FDA390E3F7D
:10CF600031DB543F84870F3FC3FA533FCDD3103F8B
:10CF70004918533FB01E123FC633523F2A68133F31
:10CF80003D4D513F39B0143FAF64503FD9F6153F86
:10CF90001F7A4F3F073C173F908D4E3FC07F183F91
:10CFA000029F4D3F00C2193F79AE4C3FC6021B3F66
:10CFB000F8BB4B3F0C421C3F7FC74A3FD17F1D3F10
:10CFC00012D1493F12BC1E3FB3D8483FCBF61F3F9A
:10CFD00065DE473FF92F213F2AE2463F9967223F0E
:10CFE00003E4453FA99D233FF5E3443F25D2243F79
:10CFF00000E2433F0A05263F29DE423F5636273FDF
:10D0000070D8413F0566283FDAD0403F1594293F4C
:10D0100067C73F3F82C02A3F1BBC3E3F4AEB2B3FC6
:10D02000F9AE3D3F69142D3F03A03C3FDE3B2E3F50
:10D030003B8F3B3FA5612F3FA47C3A3FBB85303FF0
:10D040004268393F1DA8313F1652383FC9C8323FA8
:10D05000233A373FBCE7333F6C20363FF304353F7C
:10D06000F304353F6C20363FBCE7333F233A373F6C
:10D07000C9C8323F1652383F1DA8313F4268393F78
:10D08000BB85303FA47C3A3FA5612F3F3B8F3B3FA0
:10D09000DE3B2E3F03A03C3F69142D3FF9AE3D3FE0
:10D0A0004AEB2B3F1BBC3E3F82C02A3F67C73F3F36
:10D0B0001594293FDAD0403F0566283F70D8413F9C
:10D0C0005636273F29DE423F0A05263F00E2433F0E
:10D0D00025D2243FF5E3443FA99D233F03E4453F88
:10D0E0009967223F2AE2463FF92F213F65DE473FFD
:10D0F000CBF61F3FB3D8483F12BC1E3F12D1493F69
:10D10000D17F1D3F7FC74A3F0C421C3FF8BB4B3FBE
:10D11000C6021B3F79AE4C3F00C2193F029F4D3FF4
:10D12000C07F183F908D4E3F073C173F1F7A4F3FFF
:10D13000D9F6153FAF64503F39B0143F3D4D513FD4
:10D140002A68133FC633523FB01E123F4918533F5F
:10D15000CDD3103FC3FA533F84870F3F31DB543F99
:10D16000DA390E3F93B9553FD0EA0C3FE595563F6B
:10D170006B9A0B3F2670573FAD480A3F5348583FC4
:10D180009BF5083F6A1E593F36A1073F6AF2593F97
:10D19000824B063F50C45A3F84F4043F1A945B3FCD
:10D1A0003D9C033FC7615C3FB142023F532D5D3F51
:10D1B000E4E7003FBEF65D3FB217FF3E05BE5E3FAF
:10D1C000275DFC3E27835F3F2DA0F93E2146603F4F
:10D1D000CBE0F63EF206613F071FF43E98C5613F83
:10D1E000EA5AF13E1082623F7994EE3E5A3C633F28
:10D1F000BBCBEB3E73F4633FB700E93E59AA643FF3
:10D200007533E63E0B5E653FFA63E33E880F663F8B
:10D210004F92E03ECCBE663F79BEDD3ED86B673FA5
:10D2200080E8DA3EA816683F6B10D83E3CBF683FE6
:10D230004136D53E9165693F095AD23EA7096A3FFA
:10D24000CA7BCF3E7BAB6A3F8B9BCC3E0C4B6B3F8C
:10D2500053B9C93E58E86B3F29D5C63E5E836C3F43
:10D2600015EFC33E1D1C6D3F1E07C13E93B26D3FBF
:10D270004A1DBE3EBE466E3FA031BB3E9ED86E3FAD
:10D280002A44B83E30686F3FEC54B53E73F56F3FAB
:10D29000EF63B23E6680703F3A71AF3E0809713F5E
:10D2A000D47CAC3E578F713FC486A93E5213723F67
:10D2B000128FA63EF894723FC595A33E4714733F64
:10D2C000E59AA03E3F91733F789E9D3EDD0B743FF3
:10D2D00086A09A3E2284743F17A1973E0BFA743FB2
:10D2E00031A0943E976D753FDD9D913EC6DE753F42
:10D2F000229A8E3E974D763F07958B3E07BA763F32
:10D30000938E883E1724773FCE86853EC58B773F28
:10D31000C07D823E10F1773FE1E67E3EF853783FD4
:10D32000CCCF783E7BB4783F51B6723E9812793FAD
:10D330007F9A6C3E4E6E793F667C663E9DC7793F14
:10D34000135C603E841E7A3F97395A3E02737A3FDF
:10D350000115543E16C57A3F60EE4D3EBE147B3F2C
:10D36000C2C5473EFC617B3F379B413ECDAC7B3F16
:10D37000CF6E3B3E31F57B3F9840353E283B7C3FAE
:10D38000A2102F3EB07E7C3FFCDE283EC9BF7C3F12
:10D39000B6AB223E73FE7C3FDE761C3EAC3A7D3F50
:10D3A0008340163E74747D3FB708103ECCAB7D3F82
:10D3B00086CF093EB1E07D3F0295033E24137E3FB8
:10D3C00073B2FA3D23437E3F7638EE3DB0707E3F28
:10D3D0002EBCE13DC99B7E3FB93DD53D6DC47E3F2E
:10D3E00036BDC83D9DEA7E3FC33ABC3D580E7F3FE7
:10D3F00080B6AF3D9D2F7F3F8C30A33D6D4E7F3F6C
:10D4000005A9963DC76A7F3F0A208A3DAB847F3FCE
:10D41000742B7B3D189C7F3F6814623D0FB17F3FAA
:10D420002FFB483D8FC37F3F07E02F3D98D37F3FC1
:10D430002CC3163D29E17F3FB949FB3C43EC7F3FBC
:10D44000B00AC93CE6F47F3FB6C9963C11FB7F3F6A
:10D45000900E493CC4FE7F3F890FC93B0000803FCE
:10D4600000000000C4FE7F3F890FC9BB11FB7F3F56
:10D47000900E49BCE6F47F3FB6C996BC43EC7F3FB3
:10D48000B00AC9BC29E17F3FB949FBBC98D37F3FB3
:10D490002CC316BD8FC37F3F07E02FBD0FB17F3F69
:10D4A0002FFB48BD189C7F3F681462BDAB847F3F53
:10D4B000742B7BBDC76A7F3F0A208ABD6D4E7F3FBC
:10D4C00005A996BD9D2F7F3F8C30A3BD580E7F3F91
:10D4D00080B6AFBD9DEA7E3FC33ABCBD6DC47E3F02
:10D4E00036BDC8BDC99B7E3FB93DD5BDB0707E3F3E
:10D4F0002EBCE1BD23437E3F7638EEBD24137E3F34
:10D5000073B2FABDB1E07D3F029503BECCAB7D3F67
:10D5100086CF09BE74747D3FB70810BEAC3A7D3F1C
:10D52000834016BE73FE7C3FDE761CBEC9BF7C3FC7
:10D53000B6AB22BEB07E7C3FFCDE28BE283B7C3FE3
:10D54000A2102FBE31F57B3F984035BECDAC7B3F5E
:10D55000CF6E3BBEFC617B3F379B41BEBE147B3F21
:10D56000C2C547BE16C57A3F60EE4DBE02737A3F14
:10D57000011554BE841E7A3F97395ABE9DC7793F24
:10D58000135C60BE4E6E793F667C66BE9812793F32
:10D590007F9A6CBE7BB4783F51B672BEF853783F29
:10D5A000CCCF78BE10F1773FE1E67EBEC58B773FEA
:10D5B000C07D82BE1724773FCE8685BE07BA763FF0
:10D5C000938E88BE974D763F07958BBEC6DE753F1E
:10D5D000229A8EBE976D753FDD9D91BE0BFA743F0A
:10D5E00031A094BE2284743F17A197BEDD0B743F17
:10D5F00086A09ABE3F91733F789E9DBE4714733FAD
:10D60000E59AA0BEF894723FC595A3BE5213723F2F
:10D61000128FA6BE578F713FC486A9BE0809713FFD
:10D62000D47CACBE6680703F3A71AFBE73F56F3F7D
:10D63000EF63B2BE30686F3FEC54B5BE9ED86E3F0C
:10D640002A44B8BEBE466E3FA031BBBE93B26D3F0A
:10D650004A1DBEBE1D1C6D3F1E07C1BE5E836C3FD2
:10D6600015EFC3BE58E86B3F29D5C6BE0C4B6B3FC8
:10D6700053B9C9BE7BAB6A3F8B9BCCBEA7096A3F3F
:10D68000CA7BCFBE9165693F095AD2BE3CBF683F95
:10D690004136D5BEA816683F6B10D8BED86B673F21
:10D6A00080E8DABECCBE663F79BEDDBE880F663F3D
:10D6B0004F92E0BE0B5E653FFA63E3BE59AA643F3A
:10D6C0007533E6BE73F4633FB700E9BE5A3C633F6F
:10D6D000BBCBEBBE1082623F7994EEBE98C5613F32
:10D6E000EA5AF1BEF206613F071FF4BE2146603FD1
:10D6F000CBE0F6BE27835F3F2DA0F9BE05BE5E3F9F
:10D70000275DFCBEBEF65D3FB217FFBE532D5D3FE9
:10D71000E4E700BFC7615C3FB14202BF1A945B3FC0
:10D720003D9C03BF50C45A3F84F404BF6AF2593F82
:10D73000824B06BF6A1E593F36A107BF5348583F68
:10D740009BF508BF2670573FAD480ABFE595563F89
:10D750006B9A0BBF93B9553FD0EA0CBF31DB543FF6
:10D76000DA390EBFC3FA533F84870FBF4918533FBE
:10D77000CDD310BFC633523FB01E12BF3D4D513FF7
:10D780002A6813BFAF64503F39B014BF1F7A4F3FB0
:10D79000D9F615BF908D4E3F073C17BF029F4D3FF6
:10D7A000C07F18BF79AE4C3F00C219BFF8BB4B3FDA
:10D7B000C6021BBF7FC74A3F0C421CBF12D1493F64
:10D7C000D17F1DBFB3D8483F12BC1EBF65DE473FA7
:10D7D000CBF61FBF2AE2463FF92F21BF03E4453FA6
:10D7E000996722BFF5E3443FA99D23BF00E2433F71
:10D7F00025D224BF29DE423F0A0526BF70D8413F0B
:10D80000563627BFDAD0403F056628BF67C73F3F7F
:10D81000159429BF1BBC3E3F82C02ABFF9AE3D3FD5
:10D820004AEB2BBF03A03C3F69142DBF3B8F3B3F0E
:10D83000DE3B2EBFA47C3A3FA5612FBF4268393F33
:10D84000BB8530BF1652383F1DA831BF233A373F42
:10D85000C9C832BF6C20363FBCE733BFF304353F45
:10D86000F30435BFBCE7333F6C2036BFC9C8323F35
:10D87000233A37BF1DA8313F165238BFBB85303F12
:10D88000426839BFA5612F3FA47C3ABFDE3B2E3FE3
:10D890003B8F3BBF69142D3F03A03CBF4AEB2B3F9E
:10D8A000F9AE3DBF82C02A3F1BBC3EBF1594293F45
:10D8B00067C73FBF0566283FDAD040BF5636273FCF
:10D8C00070D841BF0A05263F29DE42BF25D2243F3A
:10D8D00000E243BFA99D233FF5E344BF9967223F80
:10D8E00003E445BFF92F213F2AE246BFCBF61F3F95
:10D8F00065DE47BF12BC1E3FB3D848BFD17F1D3F76
:10D9000012D149BF0C421C3F7FC74ABFC6021B3F12
:10D91000F8BB4BBF00C2193F79AE4CBFC07F183F68
:10D92000029F4DBF073C173F908D4EBFD9F6153F64
:10D930001F7A4FBF39B0143FAF6450BF2A68133FFE
:10D940003D4D51BFB01E123FC63352BFCDD3103F25
:10D95000491853BF84870F3FC3FA53BFDA390E3FCC
:10D9600031DB54BFD0EA0C3F93B955BF6B9A0B3FE4
:10D97000E59556BFAD480A3F267057BF9BF5083F57
:10D98000534858BF36A1073F6A1E59BF824B063F16
:10D990006AF259BF84F4043F50C45ABF3D9C033F10
:10D9A0001A945BBFB142023FC7615CBFE4E7003F2E
:10D9B000532D5DBFB217FF3EBEF65DBF275DFC3E37
:10D9C00005BE5EBF2DA0F93E27835FBFCBE0F63ECC
:10D9D000214660BF071FF43EF20661BFEA5AF13EDE
:10D9E00098C561BF7994EE3E108262BFBBCBEB3E1F
:10D9F0005A3C63BFB700E93E73F463BF7533E63E3C
:10DA000059AA64BFFA63E33E0B5E65BF4F92E03EE6
:10DA1000880F66BF79BEDD3ECCBE66BF80E8DA3EC9
:10DA2000D86B67BF6B10D83EA81668BF4136D53E8D
:10DA30003CBF68BF095AD23E916569BFCA7BCF3EE1
:10DA4000A7096ABF8B9BCC3E7BAB6ABF53B9C93E6B
:10DA50000C4B6BBF29D5C63E58E86BBF15EFC33ED4
:10DA60005E836CBF1E07C13E1D1C6DBF4A1DBE3EBE
:10DA700093B26DBFA031BB3EBE466EBF2A44B83ED6
:10DA80009ED86EBFEC54B53E30686FBFEF63B23EB8
:10DA900073F56FBF3A71AF3E668070BFD47CAC3E09
:10DAA000080971BFC486A93E578F71BF128FA63E69
:10DAB000521372BFC595A33EF89472BFE59AA03E7B
:10DAC000471473BF789E9D3E3F9173BF86A09A3ED8
:10DAD000DD0B74BF17A1973E228474BF31A0943E22
:10DAE0000BFA74BFDD9D913E976D75BF229A8E3EF5
:10DAF000C6DE75BF07958B3E974D76BF938E883EE9
:10DB000007BA76BFCE86853E172477BFC07D823E9A
:10DB1000C58B77BFE1E67E3E10F177BFCCCF783E74
:10DB2000F85378BF51B6723E7BB478BF7F9A6C3E93
:10DB3000981279BF667C663E4E6E79BF135C603E7C
:10DB40009DC779BF97395A3E841E7ABF0115543E4E
:10DB500002737ABF60EE4D3E16C57ABFC2C5473E1E
:10DB6000BE147BBF379B413EFC617BBFCF6E3B3E0B
:10DB7000CDAC7BBF9840353E31F57BBFA2102F3E28
:10DB8000283B7CBFFCDE283EB07E7CBFB6AB223E8D
:10DB9000C9BF7CBFDE761C3E73FE7CBF8340163E51
:10DBA000AC3A7DBFB708103E74747DBF86CF093E86
:10DBB000CCAB7DBF0295033EB1E07DBF73B2FA3DB1
:10DBC00024137EBF7638EE3D23437EBF2EBCE13D5D
:10DBD000B0707EBFB93DD53DC99B7EBF36BDC83D47
:10DBE0006DC47EBFC33ABC3D9DEA7EBF80B6AF3DEB
:10DBF000580E7FBF8C30A33D9D2F7FBF05A9963D5A
:10DC00006D4E7FBF0A208A3DC76A7FBF742B7B3D64
:10DC1000AB847FBF6814623D189C7FBF2FFB483DDB
:10DC20000FB17FBF07E02F3D8FC37FBF2CC3163DD1
:10DC300098D37FBFB949FB3C29E17FBFB00AC93CFB
:10DC400043EC7FBFB6C9963CE6F47FBF900E493CDB
:10DC500011FB7FBF890FC93BC4FE7FBF00000000DE
:10DC60000000803FC70F493BB1FF7F3F890FC93B91
:10DC7000C4FE7F3F59CB163C39FD7F3F900E493C97
:10DC800011FB7F3F4B517B3C4AF87F3FB6C9963C26
:10DC9000E6F47F3F69EAAF3CE3F07F3FB00AC93C5E
:10DCA00043EC7F3F7B2AE23C05E77F3FB949FB3CE1
:10DCB00029E17F3F2F340A3DAFDA7F3F2CC3163D69
:10DCC00098D37F3FCC51233DE2CB7F3F07E02F3DF0
:10DCD0008FC37F3FD56D3C3D9EBA7F3F2FFB483DB4
:10DCE0000FB17F3F0E88553DE3A67F3F6814623D2C
:10DCF000189C7F3F38A06E3DB1907F3F742B7B3DD9
:10DD0000AB847F3F0ADB833D08787F3F0A208A3D52
:10DD1000C76A7F3FB464903DE95C7F3F05A9963DAB
:10DD20006D4E7F3FF9EC9C3D543F7F3F8C30A33DCF
:10DD30009D2F7F3FBA73A93D491F7F3F80B6AF3DFE
:10DD4000580E7F3FDAF8B53DC9FC7E3FC33ABC3D73
:10DD50009DEA7E3F397CC23DD4D77E3F36BDC83D6B
:10DD60006DC47E3FB7FDCE3D69B07E3FB93DD53D28
:10DD7000C99B7E3F377DDB3D8B867E3F2EBCE13DE0
:10DD8000B0707E3F9AFAE73D385A7E3F7638EE3DD6
:10DD900023437E3FC075F43D722B7E3F73B2FA3D44
:10DDA00024137E3F4577003E38FA7D3F0295033EBF
:10DDB000B1E07D3F6EB2063E8CC67D3F86CF093E08
:10DDC000CCAB7D3F4AEC0C3E6E907D3FB708103ED9
:10DDD00074747D3FCA24133EDE577D3F8340163E58
:10DDE000AC3A7D3FE05B193EDD1C7D3FDE761C3E9C
:10DDF00073FE7C3F7B911F3E6CDF7C3FB6AB223EC7
:10DE0000C9BF7C3F8CC5253E8A9F7C3FFCDE283EF7
:10DE1000B07E7C3F04F82B3E3A5D7C3FA2102F3E43
:10DE2000283B7C3FD428323E7A187C3F9840353ED0
:10DE300031F57B3FEC57383E4DD17B3FCF6E3B3EBB
:10DE4000CDAC7B3F3E853E3EB2877B3F379B413E1C
:10DE5000FC617B3FB9B0443EAB3B7B3FC2C5473E14
:10DE6000BE147B3F4FDA4A3E37ED7A3F60EE4D3EBF
:10DE700016C57A3FF101513E599C7A3F0115543E37
:10DE800002737A3F8F27573E10497A3F97395A3E9F
:10DE9000841E7A3F1A4B5D3E5EF3793F135C603E11
:10DEA0009DC7793F836C633E439B793F667C663EAA
:10DEB0004E6E793FBA8B693EC040793F7F9A6C3E87
:10DEC0009812793FB2A86F3ED6E3783F51B6723EC2
:10DED0007BB4783F5AC3753E8684783FCCCF783E7A
:10DEE000F853783FA4DB7B3ED122783FE1E67E3ECB
:10DEF00010F1773FC0F8803EB7BE773FC07D823ECD
:10DF0000C58B773F7002843E3A58773FCE86853E78
:10DF10001724773FDA0A873E5BEF763F938E883E81
:10DF200007BA763FF8118A3E1B84763F07958B3EF1
:10DF3000974D763FC0178D3E7A16763F229A8E3ED9
:10DF4000C6DE753F2C1C903E7BA6753FDD9D913E45
:10DF5000976D753F351F933E1D34753F31A0943E3C
:10DF60000BFA743FD220963E62BF743F17A1973ED2
:10DF70002284743FFE20993E4B48743F86A09A3E0F
:10DF8000DD0B743FAF1F9C3ED9CE733F789E9D3E04
:10DF90003F91733FDF1C9F3E0E53733FE59AA03EB7
:10DFA0004714733F8718A23EEBD4723FC595A33E3A
:10DFB000F894723F9F12A53E7054723F128FA63E96
:10DFC0005213723F1F0BA83E9FD1713FC486A93EDA
:10DFD000578F713F0102AB3E7A4C713FD47CAC3E0F
:10DFE0000809713F3CF7AD3E02C5703F3A71AF3E44
:10DFF0006680703FCBEAB03E373B703FEF63B23E86
:10E0000073F56F3FA5DCB33E1BAF6F3FEC54B53EDD
:10E0100030686F3FC3CCB63EB0206F3F2A44B83E55
:10E020009ED86E3F1EBBB93EF88F6E3FA031BB3EFF
:10E03000BE466E3FAFA7BC3EF2FC6D3F4A1DBE3EE2
:10E0400093B26D3F6F92BF3EA1676D3F1E07C13E09
:10E050001D1C6D3F557BC23E07D06C3F15EFC33E84
:10E060005E836C3F5C62C53E24366C3F29D5C63E5C
:10E0700058E86B3F7C47C83EFB996B3F53B9C93E9C
:10E080000C4B6B3FAE2ACB3E8CFB6A3F8B9BCC3E4E
:10E090007BAB6A3FEA0BCE3ED95A6A3FCA7BCF3E82
:10E0A000A7096A3F2AEBD03EE4B7693F095AD23E3E
:10E0B0009165693F67C8D33EAE12693F4136D53E90
:10E0C0003CBF683F99A3D63E396B683F6B10D83E82
:10E0D000A816683FB97CD93E87C1673F80E8DA3E21
:10E0E000D86B673FC153DC3E9915673F79BEDD3E73
:10E0F000CCBE663FA928DF3E7167663F4F92E03E87
:10E10000880F663F6AFBE13E10B7653FFA63E33E66
:10E110000B5E653FFECBE43E7904653F7533E63E1A
:10E1200059AA643F5D9AE73EAC4F643FB700E93EB1
:10E1300073F4633F8166EA3EAC98633FBBCBEB3E32
:10E140005A3C633F6330ED3E7BDF623F7994EE3EA5
:10E150001082623FFBF7EF3E1A24623FEA5AF13E1B
:10E1600098C5613F43BDF23E8A66613F071FF43E9A
:10E17000F206613F3580F53ECFA6603FCBE0F63E2C
:10E180002146603FC840F83EE9E45F3F2DA0F93EDC
:10E1900027835F3FF7FEFA3EDB205F3F275DFC3EB3
:10E1A00005BE5E3FBBBAFD3EA65A5E3FB217FF3EBC
:10E1B000BEF65D3F063A003F4D925D3FE4E7003F0B
:10E1C000532D5D3F7395013FD1C75C3FB142023F84
:10E1D000C7615C3F9FEF023F34FB5B3F3D9C033FC9
:10E1E0001A945B3F8948043F792C5B3F84F4043FD9
:10E1F00050C45A3F2CA0053FA05B5A3F824B063FBC
:10E200006AF2593F86F6063FAD88593F36A1073F6F
:10E210006A1E593F924B083FA1B3583F9BF5083FF8
:10E220005348583F4E9F093F7FDC573FAD480A3F58
:10E230002670573FB7F10A3F4803573F6B9A0B3F91
:10E24000E595563FC9420C3FFE27563FD0EA0C3FAA
:10E2500093B9553F81920D3FA44A553FDA390E3F9D
:10E2600031DB543FDBE00E3F3B6B543F84870F3F75
:10E27000C3FA533FD52D103FC789533FCDD3103F2D
:10E280004918533F6B79113F49A6523FB01E123FC8
:10E29000C633523F9AC3123FC2C0513F2A68133F50
:10E2A0003D4D513F5F0C143F37D9503F39B0143FBB
:10E2B000AF64503FB753153FA8EF4F3FD9F6153F16
:10E2C0001F7A4F3F9F99163F17044F3F073C173F58
:10E2D000908D4E3F12DE173F89164E3FC07F183F8C
:10E2E000029F4D3F0F21193FFD264D3F00C2193FB0
:10E2F00079AE4C3F93621A3F78354C3FC6021B3FC4
:10E30000F8BB4B3F99A21B3FFA414B3F0C421C3FCD
:10E310007FC74A3F1FE11C3F874C4A3FD17F1D3FCB
:10E3200012D1493F221E1E3F2155493F12BC1E3FBC
:10E33000B3D8483F9F591F3FCA5B483FCBF61F3FAA
:10E3400065DE473F9393203F8560473FF92F213F8C
:10E350002AE2463FFBCB213F5463463F9967223F69
:10E3600003E4453FD302233F3964453FA99D233F42
:10E37000F5E3443F1A38243F3763443F25D2243F16
:10E3800000E2433FCB6B253F5160433F0A05263FE8
:10E3900029DE423FE39D263F895B423F5636273FB9
:10E3A00070D8413F61CE273FE154413F0566283F89
:10E3B000DAD0403F41FD283F5C4C403F1594293F57
:10E3C00067C73F3F802A2A3FFC413F3F82C02A3F28
:10E3D0001BBC3E3F1B562B3FC5353E3F4AEB2B3FF8
:10E3E000F9AE3D3F0F802C3FB8273D3F69142D3FCC
:10E3F00003A03C3F59A82D3FD9173C3FDE3B2E3FA1
:10E400003B8F3B3FF7CE2E3F29063B3FA5612F3F79
:10E41000A47C3A3FE6F32F3FACF2393FBB85303F57
:10E420004268393F2217313F65DD383F1DA8313F33
:10E430001652383FAA38323F55C6373FC9C8323F17
:10E44000233A373F7A58333F7FAD363FBCE7333FFF
:10E450006C20363F8F76343FE792353FF304353FEB
:10E46000F304353FE792353F8F76343F6C20363FDB
:10E47000BCE7333F7FAD363F7A58333F233A373FCF
:10E48000C9C8323F55C6373FAA38323F1652383FC7
:10E490001DA8313F65DD383F2217313F4268393FC3
:10E4A000BB85303FACF2393FE6F32F3FA47C3A3FC7
:10E4B000A5612F3F29063B3FF7CE2E3F3B8F3B3FC9
:10E4C000DE3B2E3FD9173C3F59A82D3F03A03C3FD0
:10E4D00069142D3FB8273D3F0F802C3FF9AE3D3FDB
:10E4E0004AEB2B3FC5353E3F1B562B3F1BBC3E3FE7
:10E4F00082C02A3FFC413F3F802A2A3F67C73F3FF7
:10E500001594293F5C4C403F41FD283FDAD0403F05
:10E510000566283FE154413F61CE273F70D8413F17
:10E520005636273F895B423FE39D263F29DE423F27
:10E530000A05263F5160433FCB6B253F00E2433F36
:10E5400025D2243F3763443F1A38243FF5E3443F44
:10E55000A99D233F3964453FD302233F03E4453F50
:10E560009967223F5463463FFBCB213F2AE2463F57
:10E57000F92F213F8560473F9393203F65DE473F5A
:10E58000CBF61F3FCA5B483F9F591F3FB3D8483F58
:10E5900012BC1E3F2155493F221E1E3F12D1493F4A
:10E5A000D17F1D3F874C4A3F1FE11C3F7FC74A3F39
:10E5B0000C421C3FFA414B3F99A21B3FF8BB4B3F1B
:10E5C000C6021B3F78354C3F93621A3F79AE4C3FF1
:10E5D00000C2193FFD264D3F0F21193F029F4D3FBD
:10E5E000C07F183F89164E3F12DE173F908D4E3F79
:10E5F000073C173F17044F3F9F99163F1F7A4F3F25
:10E60000D9F6153FA8EF4F3FB753153FAF64503FC2
:10E6100039B0143F37D9503F5F0C143F3D4D513F47
:10E620002A68133FC2C0513F9AC3123FC633523FBC
:10E63000B01E123F49A6523F6B79113F4918533F14
:10E64000CDD3103FC789533FD52D103FC3FA533F59
:10E6500084870F3F3B6B543FDBE00E3F31DB543F81
:10E66000DA390E3FA44A553F81920D3F93B9553F89
:10E67000D0EA0C3FFE27563FC9420C3FE595563F76
:10E680006B9A0B3F4803573FB7F10A3F2670573F3D
:10E69000AD480A3F7FDC573F4E9F093F5348583FE4
:10E6A0009BF5083FA1B3583F924B083F6A1E593F64
:10E6B00036A1073FAD88593F86F6063F6AF2593FBB
:10E6C000824B063FA05B5A3F2CA0053F50C45A3FE7
:10E6D00084F4043F792C5B3F8948043F1A945B3FE4
:10E6E0003D9C033F34FB5B3F9FEF023FC7615C3FB4
:10E6F000B142023FD1C75C3F7395013F532D5D3F4F
:10E70000E4E7003F4D925D3F063A003FBEF65D3FB5
:10E71000B217FF3EA65A5E3FBBBAFD3E05BE5E3F46
:10E72000275DFC3EDB205F3FF7FEFA3E27835F3F1D
:10E730002DA0F93EE9E45F3FC840F83E2146603F26
:10E74000CBE0F63ECFA6603F3580F53EF206613F56
:10E75000071FF43E8A66613F43BDF23E98C5613FA4
:10E76000EA5AF13E1A24623FFBF7EF3E1082623F05
:10E770007994EE3E7BDF623F6330ED3E5A3C633F6F
:10E78000BBCBEB3EAC98633F8166EA3E73F4633FDC
:10E79000B700E93EAC4F643F5D9AE73E59AA643F3B
:10E7A0007533E63E7904653FFECBE43E0B5E653F84
:10E7B000FA63E33E10B7653F6AFBE13E880F663FB0
:10E7C0004F92E03E7167663FA928DF3ECCBE663FB0
:10E7D00079BEDD3E9915673FC153DC3ED86B673F7C
:10E7E00080E8DA3E87C1673FB97CD93EA816683F0A
:10E7F0006B10D83E396B683F99A3D63E3CBF683F4B
:10E800004136D53EAE12693F67C8D33E9165693F38
:10E81000095AD23EE4B7693F2AEBD03EA7096A3FC6
:10E82000CA7BCF3ED95A6A3FEA0BCE3E7BAB6A3FEA
:10E830008B9BCC3E8CFB6A3FAE2ACB3E0C4B6B3F96
:10E8400053B9C93EFB996B3F7C47C83E58E86B3FC4
:10E8500029D5C63E24366C3F5C62C53E5E836C3F64
:10E8600015EFC33E07D06C3F557BC23E1D1C6D3F6C
:10E870001E07C13EA1676D3F6F92BF3E93B26D3FD1
:10E880004A1DBE3EF2FC6D3FAFA7BC3EBE466E3F8A
:10E89000A031BB3EF88F6E3F1EBBB93E9ED86E3F87
:10E8A0002A44B83EB0206F3FC3CCB63E30686F3FBD
:10E8B000EC54B53E1BAF6F3FA5DCB33E73F56F3F25
:10E8C000EF63B23E373B703FCBEAB03E6680703FAD
:10E8D0003A71AF3E02C5703F3CF7AD3E0809713F4B
:10E8E000D47CAC3E7A4C713F0102AB3E578F713FF6
:10E8F000C486A93E9FD1713F1F0BA83E5213723FA1
:10E90000128FA63E7054723F9F12A53EF894723F3C
:10E91000C595A33EEBD4723F8718A23E4714733FC0
:10E92000E59AA03E0E53733FDF1C9F3E3F91733F1D
:10E93000789E9D3ED9CE733FAF1F9C3EDD0B743F4A
:10E9400086A09A3E4B48743FFE20993E2284743F35
:10E9500017A1973E62BF743FD220963E0BFA743FD8
:10E9600031A0943E1D34753F351F933E976D753F22
:10E97000DD9D913E7BA6753F2C1C903EC6DE753F0B
:10E98000229A8E3E7A16763FC0178D3E974D763F7F
:10E9900007958B3E1B84763FF8118A3E07BA763F77
:10E9A000938E883E5BEF763FDA0A873E1724773FE7
:10E9B000CE86853E3A58773F7002843EC58B773FBE
:10E9C000C07D823EB7BE773FC0F8803E10F1773FF2
:10E9D000E1E67E3ED122783FA4DB7B3EF853783FD0
:10E9E000CCCF783E8684783F5AC3753E7BB4783F5F
:10E9F00051B6723ED6E3783FB2A86F3E9812793F87
:10EA00007F9A6C3EC040793FBA8B693E4E6E793F2B
:10EA1000667C663E439B793F836C633E9DC7793F2E
:10EA2000135C603E5EF3793F1A4B5D3E841E7A3F75
:10EA300097395A3E10497A3F8F27573E02737A3FE3
:10EA40000115543E599C7A3FF101513E16C57A3F5B
:10EA500060EE4D3E37ED7A3F4FDA4A3EBE147B3FC3
:10EA6000C2C5473EAB3B7B3FB9B0443EFC617B3FF8
:10EA7000379B413EB2877B3F3E853E3ECDAC7B3FE0
:10EA8000CF6E3B3E4DD17B3FEC57383E31F57B3F5F
:10EA90009840353E7A187C3FD428323E283B7C3F54
:10EAA000A2102F3E3A5D7C3F04F82B3EB07E7C3FA7
:10EAB000FCDE283E8A9F7C3F8CC5253EC9BF7C3F3B
:10EAC000B6AB223E6CDF7C3F7B911F3E73FE7C3FEA
:10EAD000DE761C3EDD1C7D3FE05B193EAC3A7D3F9F
:10EAE0008340163EDE577D3FCA24133E74747D3F3B
:10EAF000B708103E6E907D3F4AEC0C3ECCAB7D3F9C
:10EB000086CF093E8CC67D3F6EB2063EB1E07D3FAA
:10EB10000295033E38FA7D3F4577003E24137E3F41
:10EB200073B2FA3D722B7E3FC075F43D23437E3FA6
:10EB30007638EE3D385A7E3F9AFAE73DB0707E3F18
:10EB40002EBCE13D8B867E3F377DDB3DC99B7E3F02
:10EB5000B93DD53D69B07E3FB7FDCE3D6DC47E3F2A
:10EB600036BDC83DD4D77E3F397CC23D9DEA7E3F4D
:10EB7000C33ABC3DC9FC7E3FDAF8B53D580E7F3F35
:10EB800080B6AF3D491F7F3FBA73A93D9D2F7F3FA0
:10EB90008C30A33D543F7F3FF9EC9C3D6D4E7F3F51
:10EBA00005A9963DE95C7F3FB464903DC76A7F3F0D
:10EBB0000A208A3D08787F3F0ADB833DAB847F3F94
:10EBC000742B7B3DB1907F3F38A06E3D189C7F3FFA
:10EBD0006814623DE3A67F3F0E88553D0FB17F3F2D
:10EBE0002FFB483D9EBA7F3FD56D3C3D8FC37F3F95
:10EBF00007E02F3DE2CB7F3FCC51233D98D37F3FB1
:10EC00002CC3163DAFDA7F3F2F340A3D29E17F3F09
:10EC1000B949FB3C05E77F3F7B2AE23C43EC7F3F61
:10EC2000B00AC93CE3F07F3F69EAAF3CE6F47F3FBE
:10EC3000B6C9963C4AF87F3F4B517B3C11FB7F3F66
:10EC4000900E493C39FD7F3F59CB163CC4FE7F3FB7
:10EC5000890FC93BB1FF7F3FC70F493B0000803F91
:10EC600000000000B1FF7F3FC70F49BBC4FE7F3FDC
:10EC7000890FC9BB39FD7F3F59CB16BC11FB7F3FC4
:10EC8000900E49BC4AF87F3F4B517BBCE6F47F3F76
:10EC9000B6C996BCE3F07F3F69EAAFBC43EC7F3F67
:10ECA000B00AC9BC05E77F3F7B2AE2BC29E17F3F70
:10ECB000B949FBBCAFDA7F3F2F340ABD98D37F3F01
:10ECC0002CC316BDE2CB7F3FCC5123BD8FC37F3F0A
:10ECD00007E02FBD9EBA7F3FD56D3CBD0FB17F3F92
:10ECE0002FFB48BDE3A67F3F0E8855BD189C7F3F94
:10ECF000681462BDB1907F3F38A06EBDAB847F3F8A
:10ED0000742B7BBD08787F3F0ADB83BDC76A7F3FDA
:10ED10000A208ABDE95C7F3FB46490BD6D4E7F3FA1
:10ED200005A996BD543F7F3FF9EC9CBD9D2F7F3FC9
:10ED30008C30A3BD491F7F3FBA73A9BD580E7F3FDA
:10ED400080B6AFBDC9FC7E3FDAF8B5BD9DEA7E3F17
:10ED5000C33ABCBDD4D77E3F397CC2BD6DC47E3FB3
:10ED600036BDC8BD69B07E3FB7FDCEBDC99B7E3FF5
:10ED7000B93DD5BD8B867E3F377DDBBDB0707E3F14
:10ED80002EBCE1BD385A7E3F9AFAE7BD23437E3F51
:10ED90007638EEBD722B7E3FC075F4BD24137E3FE6
:10EDA00073B2FABD38FA7D3F457700BEB1E07D3FD2
:10EDB000029503BE8CC67D3F6EB206BECCAB7D3FD6
:10EDC00086CF09BE6E907D3F4AEC0CBE74747D3FC9
:10EDD000B70810BEDE577D3FCA2413BEAC3A7D3F54
:10EDE000834016BEDD1C7D3FE05B19BE73FE7C3F99
:10EDF000DE761CBE6CDF7C3F7B911FBEC9BF7C3FB3
:10EE0000B6AB22BE8A9F7C3F8CC525BEB07E7C3FC0
:10EE1000FCDE28BE3A5D7C3F04F82BBE283B7C3FDD
:10EE2000A2102FBE7A187C3FD42832BE31F57B3F2A
:10EE3000984035BE4DD17B3FEC5738BECDAC7B3FC3
:10EE4000CF6E3BBEB2877B3F3E853EBEFC617B3FC3
:10EE5000379B41BEAB3B7B3FB9B044BEBE147B3F4A
:10EE6000C2C547BE37ED7A3F4FDA4ABE16C57A3F74
:10EE700060EE4DBE599C7A3FF10151BE02737A3F5C
:10EE8000011554BE10497A3F8F2757BE841E7A3F22
:10EE900097395ABE5EF3793F1A4B5DBE9DC7793FE5
:10EEA000135C60BE439B793F836C63BE4E6E793FBB
:10EEB000667C66BEC040793FBA8B69BE9812793FC6
:10EEC0007F9A6CBED6E3783FB2A86FBE7BB4783F22
:10EED00051B672BE8684783F5AC375BEF853783FE8
:10EEE000CCCF78BED122783FA4DB7BBE10F1773F38
:10EEF000E1E67EBEB7BE773FC0F880BEC58B773FE8
:10EF0000C07D82BE3A58773F700284BE1724773F97
:10EF1000CE8685BE5BEF763FDA0A87BE07BA763FBC
:10EF2000938E88BE1B84763FF8118ABE974D763F3C
:10EF300007958BBE7A16763FC0178DBEC6DE753F2D
:10EF4000229A8EBE7BA6753F2C1C90BE976D753F96
:10EF5000DD9D91BE1D34753F351F93BE0BFA743F86
:10EF600031A094BE62BF743FD22096BE2284743F0B
:10EF700017A197BE4B48743FFE2099BEDD0B743F2E
:10EF800086A09ABED9CE733FAF1F9CBE3F91733F00
:10EF9000789E9DBE0E53733FDF1C9FBE4714733F88
:10EFA000E59AA0BEEBD4723F8718A2BEF894723FD8
:10EFB000C595A3BE7054723F9F12A5BE5213723FF7
:10EFC000128FA6BE9FD1713F1F0BA8BE578F713FF6
:10EFD000C486A9BE7A4C713F0102ABBE0809713FDD
:10EFE000D47CACBE02C5703F3CF7ADBE6680703FBE
:10EFF0003A71AFBE373B703FCBEAB0BE73F56F3F9F
:10F00000EF63B2BE1BAF6F3FA5DCB3BE30686F3F8E
:10F01000EC54B5BEB0206F3FC3CCB6BE9ED86E3F99
:10F020002A44B8BEF88F6E3F1EBBB9BEBE466E3FC7
:10F03000A031BBBEF2FC6D3FAFA7BCBE93B26D3F2B
:10F040004A1DBEBEA1676D3F6F92BFBE1D1C6D3FC6
:10F050001E07C1BE07D06C3F557BC2BE5E836C3FAE
:10F0600015EFC3BE24366C3F5C62C5BE58E86B3FEB
:10F0700029D5C6BEFB996B3F7C47C8BE0C4B6B3F86
:10F0800053B9C9BE8CFB6A3FAE2ACBBE7BAB6A3F8D
:10F090008B9BCCBED95A6A3FEA0BCEBEA7096A3F0A
:10F0A000CA7BCFBEE4B7693F2AEBD0BE9165693F0A
:10F0B000095AD2BEAE12693F67C8D3BE3CBF683F93
:10F0C0004136D5BE396B683F99A3D6BEA816683FB6
:10F0D0006B10D8BE87C1673FB97CD9BED86B673F7C
:10F0E00080E8DABE9915673FC153DCBECCBE663FEF
:10F0F00079BEDDBE7167663FA928DFBE880F663F17
:10F100004F92E0BE10B7653F6AFBE1BE0B5E653F04
:10F11000FA63E3BE7904653FFECBE4BE59AA643FBF
:10F120007533E6BEAC4F643F5D9AE7BE73F4633F50
:10F13000B700E9BEAC98633F8166EABE5A3C633FC4
:10F14000BBCBEBBE7BDF623F6330EDBE1082623F24
:10F150007994EEBE1A24623FFBF7EFBE98C5613F7B
:10F16000EA5AF1BE8A66613F43BDF2BEF206613FD4
:10F17000071FF4BECFA6603F3580F5BE2146603F35
:10F18000CBE0F6BEE9E45F3FC840F8BE27835F3FAF
:10F190002DA0F9BEDB205F3FF7FEFABE05BE5E3F45
:10F1A000275DFCBEA65A5E3FBBBAFDBEBEF65D3F04
:10F1B000B217FFBE4D925D3F063A00BF532D5D3F33
:10F1C000E4E700BFD1C75C3F739501BFC7615C3FF7
:10F1D000B14202BF34FB5B3F9FEF02BF1A945B3F1B
:10F1E0003D9C03BF792C5B3F894804BF50C45A3F04
:10F1F00084F404BFA05B5A3F2CA005BF6AF2593FBC
:10F20000824B06BFAD88593F86F606BF6A1E593F3E
:10F2100036A107BFA1B3583F924B08BF5348583F90
:10F220009BF508BF7FDC573F4E9F09BF2670573FB5
:10F23000AD480ABF4803573FB7F10ABFE595563FAF
:10F240006B9A0BBFFE27563FC9420CBF93B9553F7F
:10F25000D0EA0CBFA44A553F81920DBF31DB543F29
:10F26000DA390EBF3B6B543FDBE00EBFC3FA533FAE
:10F2700084870FBFC789533FD52D10BF4918533F0F
:10F28000CDD310BF49A6523F6B7911BFC633523F51
:10F29000B01E12BFC2C0513F9AC312BF3D4D513F75
:10F2A0002A6813BF37D9503F5F0C14BFAF64503F7B
:10F2B00039B014BFA8EF4F3FB75315BF1F7A4F3F68
:10F2C000D9F615BF17044F3F9F9916BF908D4E3F3B
:10F2D000073C17BF89164E3F12DE17BF029F4D3FF6
:10F2E000C07F18BFFD264D3F0F2119BF79AE4C3F9F
:10F2F00000C219BF78354C3F93621ABFF8BB4B3F31
:10F30000C6021BBFFA414B3F99A21BBF7FC74A3FB2
:10F310000C421CBF874C4A3F1FE11CBF12D1493F22
:10F32000D17F1DBF2155493F221E1EBFB3D8483F84
:10F3300012BC1EBFCA5B483F9F591FBF65DE473FD7
:10F34000CBF61FBF8560473F939320BF2AE2463F1D
:10F35000F92F21BF5463463FFBCB21BF03E4453F58
:10F36000996722BF3964453FD30223BFF5E3443F89
:10F37000A99D23BF3763443F1A3824BF00E2433FAF
:10F3800025D224BF5160433FCB6B25BF29DE423FCE
:10F390000A0526BF895B423FE39D26BF70D8413FE7
:10F3A000563627BFE154413F61CE27BFDAD0403FF8
:10F3B000056628BF5C4C403F41FD28BF67C73F3F03
:10F3C000159429BFFC413F3F802A2ABF1BBC3E3F0A
:10F3D00082C02ABFC5353E3F1B562BBFF9AE3D3F0D
:10F3E0004AEB2BBFB8273D3F0F802CBF03A03C3F0B
:10F3F00069142DBFD9173C3F59A82DBF3B8F3B3F08
:10F40000DE3B2EBF29063B3FF7CE2EBFA47C3A3F02
:10F41000A5612FBFACF2393FE6F32FBF4268393FF9
:10F42000BB8530BF65DD383F221731BF1652383FEC
:10F430001DA831BF55C6373FAA3832BF233A373FE0
:10F44000C9C832BF7FAD363F7A5833BF6C20363FD4
:10F45000BCE733BFE792353F8F7634BFF304353FC7
:10F46000F30435BF8F76343FE79235BFBCE7333FB7
:10F470006C2036BF7A58333F7FAD36BFC9C8323FA4
:10F48000233A37BFAA38323F55C637BF1DA8313F90
:10F49000165238BF2217313F65DD38BFBB85303F7C
:10F4A000426839BFE6F32F3FACF239BFA5612F3F69
:10F4B000A47C3ABFF7CE2E3F29063BBFDE3B2E3F52
:10F4C0003B8F3BBF59A82D3FD9173CBF69142D3F37
:10F4D00003A03CBF0F802C3FB8273DBF4AEB2B3F1A
:10F4E000F9AE3DBF1B562B3FC5353EBF82C02A3FFC
:10F4F0001BBC3EBF802A2A3FFC413FBF1594293FD9
:10F5000067C73FBF41FD283F5C4C40BF0566283FB1
:10F51000DAD040BF61CE273FE15441BF5636273F86
:10F5200070D841BFE39D263F895B42BF0A05263F55
:10F5300029DE42BFCB6B253F516043BF25D2243F1C
:10F5400000E243BF1A38243F376344BFA99D233FDD
:10F55000F5E344BFD302233F396445BF9967223F97
:10F5600003E445BFFBCB213F546346BFF92F213F46
:10F570002AE246BF9393203F856047BFCBF61F3FEB
:10F5800065DE47BF9F591F3FCA5B48BF12BC1E3F85
:10F59000B3D848BF221E1E3F215549BFD17F1D3F12
:10F5A00012D149BF1FE11C3F874C4ABF0C421C3F90
:10F5B0007FC74ABF99A21B3FFA414BBFC6021B3F00
:10F5C000F8BB4BBF93621A3F78354CBF00C2193F5E
:10F5D00079AE4CBF0F21193FFD264DBFC07F183FAC
:10F5E000029F4DBF12DE173F89164EBF073C173FE3
:10F5F000908D4EBF9F99163F17044FBFD9F6153F08
:10F600001F7A4FBFB753153FA8EF4FBF39B0143F14
:10F61000AF6450BF5F0C143F37D950BF2A68133F07
:10F620003D4D51BF9AC3123FC2C051BFB01E123FE1
:10F63000C63352BF6B79113F49A652BFCDD3103F9D
:10F64000491853BFD52D103FC78953BF84870F3F3B
:10F65000C3FA53BFDBE00E3F3B6B54BFDA390E3FBA
:10F6600031DB54BF81920D3FA44A55BFD0EA0C3F15
:10F6700093B955BFC9420C3FFE2756BF6B9A0B3F4B
:10F68000E59556BFB7F10A3F480357BFAD480A3F5B
:10F69000267057BF4E9F093F7FDC57BF9BF5083F41
:10F6A000534858BF924B083FA1B358BF36A1073FFC
:10F6B0006A1E59BF86F6063FAD8859BF824B063F8A
:10F6C0006AF259BF2CA0053FA05B5ABF84F4043FE7
:10F6D00050C45ABF8948043F792C5BBF3D9C033F0F
:10F6E0001A945BBF9FEF023F34FB5BBFB142023F06
:10F6F000C7615CBF7395013FD1C75CBFE4E7003FC2
:10F70000532D5DBF063A003F4D925DBFB217FF3EDD
:10F71000BEF65DBFBBBAFD3EA65A5EBF275DFC3E8E
:10F7200005BE5EBFF7FEFA3EDB205FBF2DA0F93EAF
:10F7300027835FBFC840F83EE9E45FBFCBE0F63EF9
:10F74000214660BF3580F53ECFA660BF071FF43E5F
:10F75000F20661BF43BDF23E8A6661BFEA5AF13EDE
:10F7600098C561BFFBF7EF3E1A2462BF7994EE3E65
:10F77000108262BF6330ED3E7BDF62BFBBCBEB3EEE
:10F780005A3C63BF8166EA3EAC9863BFB700E93E6E
:10F7900073F463BF5D9AE73EAC4F64BF7533E63EDA
:10F7A00059AA64BFFECBE43E790465BFFA63E33E29
:10F7B0000B5E65BF6AFBE13E10B765BF4F92E03E4E
:10F7C000880F66BFA928DF3E716766BF79BEDD3E40
:10F7D000CCBE66BFC153DC3E991567BF80E8DA3EF8
:10F7E000D86B67BFB97CD93E87C167BF6B10D83E65
:10F7F000A81668BF99A3D63E396B68BF4136D53E7F
:10F800003CBF68BF67C8D33EAE1269BF095AD23E3B
:10F81000916569BF2AEBD03EE4B769BFCA7BCF3E92
:10F82000A7096ABFEA0BCE3ED95A6ABF8B9BCC3E72
:10F830007BAB6ABFAE2ACB3E8CFB6ABF53B9C93ED5
:10F840000C4B6BBF7C47C83EFB996BBF29D5C63EAE
:10F8500058E86BBF5C62C53E24366CBF15EFC33EF3
:10F860005E836CBF557BC23E07D06CBF1E07C13E96
:10F870001D1C6DBF6F92BF3EA1676DBF4A1DBE3E8E
:10F8800093B26DBFAFA7BC3EF2FC6DBFA031BB3ED3
:10F89000BE466EBF1EBBB93EF88F6EBF2A44B83E4F
:10F8A0009ED86EBFC3CCB63EB0206FBFEC54B53E01
:10F8B00030686FBFA5DCB33E1BAF6FBFEF63B23ED6
:10F8C00073F56FBFCBEAB03E373B70BF3A71AF3EC6
:10F8D000668070BF3CF7AD3E02C570BFD47CAC3EC5
:10F8E000080971BF0102AB3E7A4C71BFC486A93EC4
:10F8F000578F71BF1F0BA83E9FD171BF128FA63EBD
:10F90000521372BF9F12A53E705472BFC595A33E9D
:10F91000F89472BF8718A23EEBD472BFE59AA03E5E
:10F92000471473BFDF1C9F3E0E5373BF789E9D3EEE
:10F930003F9173BFAF1F9C3ED9CE73BF86A09A3E46
:10F94000DD0B74BFFE20993E4B4874BF17A1973E54
:10F95000228474BFD220963E62BF74BF31A0943E11
:10F960000BFA74BF351F933E1D3475BFDD9D913E6C
:10F97000976D75BF2C1C903E7BA675BF229A8E3E5C
:10F98000C6DE75BFC0178D3E7A1676BF07958B3ED3
:10F99000974D76BFF8118A3E1B8476BF938E883EC2
:10F9A00007BA76BFDA0A873E5BEF76BFCE86853E22
:10F9B000172477BF7002843E3A5877BFC07D823EDD
:10F9C000C58B77BFC0F8803EB7BE77BFE1E67E3E0D
:10F9D00010F177BFA4DB7B3ED12278BFCCCF783E3D
:10F9E000F85378BF5AC3753E868478BF51B6723ECD
:10F9F0007BB478BFB2A86F3ED6E378BF7F9A6C3EE7
:10FA0000981279BFBA8B693EC04079BF667C663E6A
:10FA10004E6E79BF836C633E439B79BF135C603E3F
:10FA20009DC779BF1A4B5D3E5EF379BF97395A3E49
:10FA3000841E7ABF8F27573E10497ABF0115543E66
:10FA400002737ABFF101513E599C7ABF60EE4D3E80
:10FA500016C57ABF4FDA4A3E37ED7ABFC2C5473E78
:10FA6000BE147BBFB9B0443EAB3B7BBF379B413E2E
:10FA7000FC617BBF3E853E3EB2877BBFCF6E3B3E87
:10FA8000CDAC7BBFEC57383E4DD17BBF9840353E67
:10FA900031F57BBFD428323E7A187CBFA2102F3EAE
:10FAA000283B7CBF04F82B3E3A5D7CBFFCDE283E41
:10FAB000B07E7CBF8CC5253E8A9F7CBFB6AB223E04
:10FAC000C9BF7CBF7B911F3E6CDF7CBFDE761C3ED6
:10FAD00073FE7CBFE05B193EDD1C7DBF8340163E9C
:10FAE000AC3A7DBFCA24133EDE577DBFB708103E37
:10FAF00074747DBF4AEC0C3E6E907DBF86CF093E8C
:10FB0000CCAB7DBF6EB2063E8CC67DBF0295033E78
:10FB1000B1E07DBF4577003E38FA7DBF73B2FA3D54
:10FB200024137EBFC075F43D722B7EBF7638EE3D48
:10FB300023437EBF9AFAE73D385A7EBF2EBCE13D93
:10FB4000B0707EBF377DDB3D8B867EBFB93DD53D36
:10FB5000C99B7EBFB7FDCE3D69B07EBF36BDC83DF7
:10FB60006DC47EBF397CC23DD4D77EBFC33ABC3D95
:10FB70009DEA7EBFDAF8B53DC9FC7EBF80B6AF3DD9
:10FB8000580E7FBFBA73A93D491F7FBF8C30A33D7C
:10FB90009D2F7FBFF9EC9C3D543F7FBF05A9963D4B
:10FBA0006D4E7FBFB464903DE95C7FBF0A208A3D03
:10FBB000C76A7FBF0ADB833D08787FBF742B7B3D1C
:10FBC000AB847FBF38A06E3DB1907FBF6814623DAB
:10FBD000189C7FBF0E88553DE3A67FBF2FFB483D95
:10FBE0000FB17FBFD56D3C3D9EBA7FBF07E02F3D73
:10FBF0008FC37FBFCC51233DE2CB7FBF2CC3163DCB
:10FC000098D37FBF2F340A3DAFDA7FBFB949FB3CA1
:10FC100029E17FBF7B2AE23C05E77FBFB00AC93CF0
:10FC200043EC7FBF69EAAF3CE3F07FBFB6C9963CC7
:10FC3000E6F47FBF4B517B3C4AF87FBF900E493CB6
:10FC400011FB7FBF59CB163C39FD7FBF890FC93BE4
:10FC5000C4FE7FBFC70F493BB1FF7FBF000000005C
:10FC60000000803FD40FC93AECFF7F3FC70F493BEC
:10FC7000B1FF7F3FC1CB963B4EFF7F3F890FC93B12
:10FC8000C4FE7F3F3053FB3B13FE7F3F59CB163CF6
:10FC900039FD7F3F02ED2F3C39FC7F3F900E493C00
:10FCA00011FB7F3F0030623CC1F97F3F4B517B3CF1
:10FCB0004AF87F3F38398A3CACF67F3FB6C9963C5C
:10FCC000E6F47F3F1C5AA33CF8F27F3F69EAAF3C61
:10FCD000E3F07F3F9B7ABC3CA7EE7F3FB00AC93C74
:10FCE00043EC7F3FA69AD53CB8E97F3F7B2AE23CB4
:10FCF00005E77F3F2DBAEE3C2BE47F3FB949FB3C43
:10FD000029E17F3F90EC033D00DE7F3F2F340A3D29
:10FD1000AFDA7F3FB87B103D37D77F3F2CC3163D0E
:10FD200098D37F3F880A1D3DD1CF7F3FCC51233DE3
:10FD3000E2CB7F3FF698293DCCC77F3F07E02F3DC0
:10FD40008FC37F3FFC26363D2ABF7F3FD56D3C3DAC
:10FD50009EBA7F3F91B4423DEAB57F3F2FFB483DBD
:10FD60000FB17F3FAF414F3D0DAC7F3F0E88553DFA
:10FD7000E3A67F3F4CCE5B3D91A17F3F6814623D7F
:10FD8000189C7F3F625A683D78967F3F38A06E3D51
:10FD9000B1907F3FE9E5743DC28A7F3F742B7B3D84
:10FDA000AB847F3F6CB8803D6D7E7F3F0ADB833D37
:10FDB00008787F3F94FD863D7B717F3F0A208A3D16
:10FDC000C76A7F3F6A428D3DEC637F3FB464903DDC
:10FDD000E95C7F3FE786933DBF557F3F05A9963D90
:10FDE0006D4E7F3F0ACB993DF4467F3FF9EC9C3D39
:10FDF000543F7F3FCF0EA03D8D377F3F8C30A33DDA
:10FE00009D2F7F3F3052A63D87277F3FBA73A93D84
:10FE1000491F7F3F2B95AC3DE4167F3F80B6AF3D39
:10FE2000580E7F3FBBD7B23DA4057F3FDAF8B53D02
:10FE3000C9FC7E3FDD19B93DC7F37E3FC33ABC3DE7
:10FE40009DEA7E3F8D5BBF3D4CE17E3F397CC23DEC
:10FE5000D4D77E3FC69CC53D34CE7E3F36BDC83D1F
:10FE60006DC47E3F86DDCB3D7FBA7E3FB7FDCE3D84
:10FE700069B07E3FC81DD23D2DA67E3FB93DD53D20
:10FE8000C99B7E3F895DD83D3D917E3F377DDB3DFF
:10FE90008B867E3FC49CDE3DB17B7E3F2EBCE13D28
:10FEA000B0707E3F76DBE43D88657E3F9AFAE73DA1
:10FEB000385A7E3F9A19EB3DC14E7E3F7638EE3D73
:10FEC00023437E3F2E57F13D5E377E3FC075F43DA4
:10FED000722B7E3F2C94F73D5E1F7E3F73B2FA3D3E
:10FEE00024137E3F92D0FD3DC2067E3F4577003E03
:10FEF00038FA7D3F2E06023E88ED7D3F0295033E97
:10FF0000B1E07D3FC223053EB2D37D3F6EB2063ED7
:10FF10008CC67D3F0541083E40B97D3F86CF093EF6
:10FF2000CCAB7D3FF35D0B3E309E7D3F4AEC0C3EFB
:10FF30006E907D3F8B7A0E3E85827D3FB708103EE6
:10FF400074747D3FCC96113E3D667D3FCA24133EBE
:10FF5000DE577D3FB2B2143E59497D3F8340163E85
:10FF6000AC3A7D3F3DCE173ED82B7D3FE05B193E3E
:10FF7000DD1C7D3F6BE91A3EBC0D7D3FDE761C3EED
:10FF800073FE7C3F38041E3E03EF7C3F7B911F3E97
:10FF90006CDF7C3FA51E213EAECF7C3FB6AB223E40
:10FFA000C9BF7C3FAD38243EBDAF7C3F8CC5253EEC
:10FFB0008A9F7C3F5152273E318F7C3FFCDE283E9A
:10FFC000B07E7C3F8D6B2A3E086E7C3F04F82B3E52
:10FFD0003A5D7C3F61842D3E444C7C3FA2102F3E15
:10FFE000283B7C3FC99C303EE5297C3FD428323EEB
:10FFF0007A187C3FC4B4333EE9067C3F9840353ED6
:020000040805ED
:1000000031F57B3F50CC363E53E37B3FEC57383ED7
:100010004DD17B3F6CE3393E20BF7B3FCF6E3B3EF3
:10002000CDAC7B3F15FA3C3E539A7B3F3E853E3E2E
:10003000B2877B3F4910403EEA747B3F379B413E8D
:10004000FC617B3F0726433EE74E7B3FB9B0443E11
:10005000AB3B7B3F4D3B463E48287B3FC2C5473EBE
:10006000BE147B3F1850493E0E017B3F4FDA4A3E9B
:1000700037ED7A3F67644C3E3AD97A3F60EE4D3EA9
:1000800016C57A3F38784F3ECBB07A3FF101513EEA
:10009000599C7A3F898B523EC1877A3F0115543E65
:1000A00002737A3F589E553E1C5E7A3F8F27573E1B
:1000B00010497A3FA4B0583EDD337A3F97395A3E13
:1000C000841E7A3F6AC25B3E04097A3F1A4B5D3E4A
:1000D0005EF3793FA8D35E3E91DD793F135C603ECD
:1000E0009DC7793F5CE4613E83B1793F836C633E99
:1000F000439B793F86F4643EDC84793F667C663EB0
:100100004E6E793F2204683E9A57793FBA8B693E1A
:10011000C040793F2F136B3EBF29793F7F9A6C3ED9
:100120009812793FAB216E3E4AFB783FB2A86F3EF2
:10013000D6E3783F942F713E3BCC783F51B6723E68
:100140007BB4783FE83C743E939C783F5AC3753E3D
:100150008684783FA649773E526C783FCCCF783E74
:10016000F853783FCB557A3E773B783FA4DB7B3E14
:10017000D122783F56617D3E040A783FE1E67E3E1B
:1001800010F1773F2236803EF7D7773FC0F8803EA8
:10019000B7BE773F4ABB813E51A5773FC07D823EC7
:1001A000C58B773F2240833E1372773F7002843EB7
:1001B0003A58773FAAC4843E3C3E773FCE86853E80
:1001C0001724773FDF48863ECC09773FDA0A873E1F
:1001D0005BEF763FC1CC873EC4D4763F938E883E9A
:1001E00007BA763F5050893E249F763FF8118A3EE9
:1001F0001B84763F8AD38A3EEC68763F07958B3E18
:10020000974D763F6E568C3E1B32763FC0178D3E23
:100210007A16763FFCD88D3EB3FA753F229A8E3E11
:10022000C6DE753F325B8F3EB3C2753F2C1C903EDD
:100230007BA6753F10DD903E1C8A753FDD9D913E8B
:10024000976D753F945E923EED50753F351F933E1E
:100250001D34753FBFDF933E2717753F31A0943E95
:100260000BFA743F8D60953EC9DC743FD220963EF8
:1002700062BF743F00E1963ED5A1743F17A1973E3F
:100280002284743F1661983E4966743FFE20993E71
:100290004B48743FCEE0993E272A743F86A09A3E91
:1002A000DD0B743F27609B3E6EED733FAF1F9C3E9E
:1002B000D9CE733F20DF9C3E1FB0733F789E9D3E9A
:1002C0003F91733FB85D9E3E3972733FDF1C9F3E86
:1002D0000E53733FEEDB9F3EBE33733FE59AA03E65
:1002E0004714733FC259A13EACF4723F8718A23E37
:1002F000EBD4723F33D7A23E04B5723FC595A33EFF
:10030000F894723F3F54A43EC774723F9F12A53EBB
:100310007054723FE5D0A53EF433723F128FA63E73
:100320005213723F254DA73E8CF2713F1F0BA83E22
:100330009FD1713FFEC8A83E8EB0713FC486A93ED2
:10034000578F713F6F44AA3EFB6D713F0102AB3E78
:100350007A4C713F77BFAB3ED42A713FD47CAC3E20
:100360000809713F153AAD3E17E7703F3CF7AD3EC7
:1003700002C5703F49B4AE3EC6A2703F3A71AF3E6F
:100380006680703F102EB03EE15D703FCBEAB03E1C
:10039000373B703F6BA7B13E6718703FEF63B23ECB
:1003A00073F56F3F5820B33E5AD26F3FA5DCB33E82
:1003B0001BAF6F3FD698B43EB88B6F3FEC54B53E41
:1003C00030686F3FE610B63E83446F3FC3CCB63E05
:1003D000B0206F3F8488B73EBAFC6E3F2A44B83ED7
:1003E0009ED86E3FB2FFB83E5DB46E3F1EBBB93EB5
:1003F000F88F6E3F6E76BA3E6D6B6E3FA031BB3E9E
:10040000BE466E3FB6ECBB3EEB216E3FAFA7BC3E97
:10041000F2FC6D3F8B62BD3ED5D76D3F4A1DBE3E9F
:1004200093B26D3FEBD7BE3E2D8D6D3F6F92BF3EB9
:10043000A1676D3FD54CC03EF2416D3F1E07C13EE6
:100440001D1C6D3F48C1C13E24F66C3F557BC23E2A
:1004500007D06C3F4435C33EC5A96C3F15EFC33E82
:100460005E836C3FC8A8C43ED45C6C3F5C62C53EF2
:1004700024366C3FD21BC63E500F6C3F29D5C63E7A
:1004800058E86B3F628EC73E3BC16B3F7C47C83E1E
:10049000FB996B3F7700C93E95726B3F53B9C93EDC
:1004A0000C4B6B3F1072CA3E5E236B3FAE2ACB3EB5
:1004B0008CFB6A3F2CE3CB3E95D36A3F8B9BCC3EB3
:1004C0007BAB6A3FCA53CD3E3C836A3FEA0BCE3ECC
:1004D000D95A6A3FEAC3CE3E52326A3FCA7BCF3E08
:1004E000A7096A3F8A33D03ED7E0693F2AEBD03E66
:1004F000E4B7693FAAA2D13ECC8E693F095AD23EE9
:100500009165693F4811D33E323C693F67C8D33E8D
:10051000AE12693F647FD43E07E9683F4136D53E5D
:100520003CBF683FFDECD53E4C95683F99A3D63E55
:10053000396B683F135AD73E0341683F6B10D83E72
:10054000A816683FA3C6D83E2AEC673FB97CD93EBF
:1005500087C1673FAD32DA3EC196673F80E8DA3E39
:10056000D86B673F319EDB3ECA40673FC153DC3EDC
:100570009915673F2E09DD3E45EA663F79BEDD3EAF
:10058000CCBE663FA273DE3E3093663FA928DF3EB5
:100590007167663F8DDDDF3E8E3B663F4F92E03EEA
:1005A000880F663FEE46E13E5EE3653F6AFBE13E53
:1005B00010B7653FC4AFE23EA08A653FFA63E33EF1
:1005C0000B5E653F0E18E43E5431653FFECBE43EC2
:1005D0007904653FCB7FE53E7BD7643F7533E63ECC
:1005E00059AA643FFBE6E63E147D643F5D9AE73E10
:1005F000AC4F643F9C4DE83E2122643FB700E93E8A
:1006000073F4633FAEB3E93EA1C6633F8166EA3E41
:10061000AC98633F3019EB3E956A633FBBCBEB3E32
:100620005A3C633F217EEC3EFC0D633F6330ED3E60
:100630007BDF623F80E2ED3ED7B0623F7994EE3ED1
:100640001082623F4C46EF3E2653623FFBF7EF3E7F
:100650001A24623F85A9F03EEAF4613FEA5AF13E6E
:1006600098C5613F290CF23E2296613F43BDF23EA0
:100670008A66613F386EF33ED036613F071FF43E15
:10068000F206613FB1CFF43EF2D6603F3580F53ED1
:10069000CFA6603F9330F63E8976603FCBE0F63ED2
:1006A0002146603FDC90F73E9615603FC840F83E1B
:1006B000E9E45F3F8EF0F83E19B45F3F2DA0F93EAC
:1006C00027835F3FA54FFA3E12525F3FF7FEFA3E87
:1006D000DB205F3F22AEFB3E81EF5E3F275DFC3EAD
:1006E00005BE5E3F040CFD3E678C5E3FBBBAFD3E1F
:1006F000A65A5E3F4A69FE3EC3285E3FB217FF3EE0
:10070000BEF65D3FF3C5FF3E97C45D3F063A003F2E
:100710004D925D3FFF90003FE15F5D3FE4E7003FAA
:10072000532D5D3FB53E013FA3FA5C3F7395013FFA
:10073000D1C75C3F1CEC013FDD945C3FB142023FFE
:10074000C7615C3F3299023F8E2E5C3F9FEF023FB4
:1007500034FB5B3FF845033FB8C75B3F3D9C033F1D
:100760001A945B3F6DF2033F5A605B3F8948043F38
:10077000792C5B3F919E043F75F85A3F84F4043F07
:1007800050C45A3F624A053F09905A3F2CA0053F8A
:10079000A05B5A3FE2F5053F16275A3F824B063FC2
:1007A0006AF2593F0EA1063F9CBD593F86F6063FAF
:1007B000AD88593FE84B073F9C53593F36A1073F4F
:1007C0006A1E593F6FF6073F17E9583F924B083FA3
:1007D000A1B3583FA1A0083F0B7E583F9BF5083FAF
:1007E0005348583F7F4A093F7912583F4E9F093F6F
:1007F0007FDC573F09F4093F63A6573FAD480A3FE6
:100800002670573F3D9D0A3FC739573FB7F10A3F12
:100810004803573F1C460B3FA7CC563F6B9A0B3FF4
:10082000E595563FA5EE0B3F025F563FC9420C3F90
:10083000FE27563FD7960C3FD9F0553FD0EA0C3FE4
:1008400093B9553FB33E0D3F2C82553F81920D3FEA
:10085000A44A553F38E60D3FFB12553FDA390E3FAB
:1008600031DB543F658D0E3F47A3543FDBE00E3F25
:100870003B6B543F3B340F3F0F33543F84870F3F54
:10088000C3FA533FB8DA0F3F55C2533FD52D103F3F
:10089000C789533FDC80103F1851533FCDD3103FE1
:1008A0004918533FA726113F59DF523F6B79113F3B
:1008B00049A6523F19CC113F186D523FB01E123F4E
:1008C000C633523F3071123F54FA513F9AC3123F20
:1008D000C2C0513FEE15133F1087513F2A68133FA6
:1008E0003D4D513F50BA133F4A13513F5F0C143FE7
:1008F00037D9503F585E143F039F503F39B0143FE3
:10090000AF64503F0402153F3B2A503FB753153F99
:10091000A8EF4F3F54A5153FF4B44F3FD9F6153F0C
:100920001F7A4F3F4748163F2B3F4F3F9F99163F37
:1009300017044F3FDFEA163FE4C84E3F073C173F1E
:10094000908D4E3F188D173F1C524E3F12DE173FC1
:1009500089164E3FF52E183FD5DA4D3FC07F183F20
:10096000029F4D3F73D0183F10634D3F0F21193F39
:10097000FD264D3F9471193FCBEA4C3F00C2193F11
:1009800079AE4C3F55121A3F08724C3F93621A3FA2
:1009900078354C3FB8B21A3FC7F84B3FC6021B3FF1
:1009A000F8BB4B3FBB521B3F097F4B3F99A21B3FFC
:1009B000FA414B3F5FF21B3FCC044B3F0C421C3FC4
:1009C0007FC74A3FA2911C3F138A4A3F1FE11C3F49
:1009D000874C4A3F84301D3FDC0E4A3FD17F1D3F8C
:1009E00012D1493F06CF1D3F2993493F221E1E3F8A
:1009F0002155493F266D1E3FFA16493F12BC1E3F46
:100A0000B3D8483FE50A1F3F4E9A483F9F591F3FC2
:100A1000CA5B483F41A81F3F271D483FCBF61F3FF9
:100A200065DE473F3B45203F849F473F9393203FF0
:100A30008560473FD2E1203F6721473FF92F213FA3
:100A40002AE2463F067E213FCEA2463FFBCB213F16
:100A50005463463FD719223FBB23463F9967223F45
:100A600003E4453F43B5223F2DA4453FD302233F36
:100A70003964453F4B50233F2624453FA99D233FE2
:100A8000F5E3443FEEEA233FA5A3443F1A38243F51
:100A90003763443F2C85243FAB22443F25D2243F7B
:100AA00000E2433F041F253F38A1433FCB6B253F66
:100AB0005160433F77B8253F4C1F433F0A05263F0F
:100AC00029DE423F8451263FE89C423FE39D263F7A
:100AD000895B423F2AEA263F0B1A423F5636273FA0
:100AE00070D8413F6882273FB796413F61CE273F8C
:100AF000E154413F401A283FEC12413F0566283F30
:100B0000DAD0403FB0B1283FA98E403F41FD283F99
:100B10005C4C403FB848293FF009403F1594293FBD
:100B200067C73F3F57DF293FC0843F3F802A2A3FA6
:100B3000FC413F3F8E752A3F1BFF3E3F82C02A3F4C
:100B40001BBC3E3F5B0B2B3FFF783E3F1B562B3FB2
:100B5000C5353E3FBFA02B3F6EF23D3F4AEB2B3FDA
:100B6000F9AE3D3FB9352C3F676B3D3F0F802C3FC1
:100B7000B8273D3F49CA2C3FECE33C3F69142D3F69
:100B800003A03C3F6F5E2D3FFC5B3C3F59A82D3FCF
:100B9000D9173C3F29F22D3F98D33B3FDE3B2E3FF8
:100BA0003B8F3B3F78852E3FC14A3B3FF7CE2E3FE0
:100BB00029063B3F5B182F3F75C13A3FA5612F3F88
:100BC000A47C3A3FD3AA2F3FB7373A3FE6F32F3FF3
:100BD000ACF2393FDE3C303F85AD393FBB85303F1D
:100BE0004268393F7CCE303FE122393F2217313F06
:100BF00065DD383FAD5F313FCB97383F1DA8313FB2
:100C00001652383F71F0313F430C383FAA38323F1B
:100C100055C6373FC780323F4A80373FC9C8323F49
:100C2000233A373FAF10333FDFF3363F7A58333F35
:100C30007FAD363F29A0333F0467363FBCE7333FE3
:100C40006C20363F342F343FB8D9353F8F76343F50
:100C5000E792353FCFBD343FFB4B353FF304353F83
:100C6000F304353FFB4B353FCFBD343FE792353F73
:100C70008F76343FB8D9353F342F343F6C20363F20
:100C8000BCE7333F0467363F29A0333F7FAD363F93
:100C90007A58333FDFF3363FAF10333F233A373FC5
:100CA000C9C8323F4A80373FC780323F55C6373FB9
:100CB000AA38323F430C383F71F0313F1652383F6B
:100CC0001DA8313FCB97383FAD5F313F65DD383FE1
:100CD0002217313FE122393F7CCE303F4268393F15
:100CE000BB85303F85AD393FDE3C303FACF2393F0C
:100CF000E6F32F3FB7373A3FD3AA2F3FA47C3A3FC2
:100D0000A5612F3F75C13A3F5B182F3F29063B3F36
:100D1000F7CE2E3FC14A3B3F78852E3F3B8F3B3F6E
:100D2000DE3B2E3F98D33B3F29F22D3FD9173C3F66
:100D300059A82D3FFC5B3C3F6F5E2D3F03A03C3F1D
:100D400069142D3FECE33C3F49CA2C3FB8273D3F97
:100D50000F802C3F676B3D3FB9352C3FF9AE3D3FCF
:100D60004AEB2B3F6EF23D3FBFA02B3FC5353E3FC8
:100D70001B562B3FFF783E3F5B0B2B3F1BBC3E3F80
:100D800082C02A3F1BFF3E3F8E752A3FFC413F3FFA
:100D9000802A2A3FC0843F3F57DF293F67C73F3F34
:100DA0001594293FF009403FB848293F5C4C403F2B
:100DB00041FD283FA98E403FB0B1283FDAD0403FE7
:100DC0000566283FEC12413F401A283FE154413F5D
:100DD00061CE273FB796413F6882273F70D8413F99
:100DE0005636273F0B1A423F2AEA263F895B423F8D
:100DF000E39D263FE89C423F8451263F29DE423F47
:100E00000A05263F4C1F433F77B8253F5160433FBB
:100E1000CB6B253F38A1433F041F253F00E2433FF2
:100E200025D2243FAB22443F2C85243F3763443FE7
:100E30001A38243FA5A3443FEEEA233FF5E3443F9D
:100E4000A99D233F2624453F4B50233F3964453F0E
:100E5000D302233F2DA4453F43B5223F03E4453F42
:100E60009967223FBB23463FD719223F5463463F31
:100E7000FBCB213FCEA2463F067E213F2AE2463FE2
:100E8000F92F213F6721473FD2E1203F8560473F4F
:100E90009393203F849F473F3B45203F65DE473F7C
:100EA000CBF61F3F271D483F41A81F3FCA5B483F65
:100EB0009F591F3F4E9A483FE50A1F3FB3D8483F0E
:100EC00012BC1E3FFA16493F266D1E3F2155493F71
:100ED000221E1E3F2993493F06CF1D3F12D1493F95
:100EE000D17F1D3FDC0E4A3F84301D3F874C4A3F77
:100EF0001FE11C3F138A4A3FA2911C3F7FC74A3F14
:100F00000C421C3FCC044B3F5FF21B3FFA414B3F6E
:100F100099A21B3F097F4B3FBB521B3FF8BB4B3F86
:100F2000C6021B3FC7F84B3FB8B21A3F78354C3F5B
:100F300093621A3F08724C3F55121A3F79AE4C3FEC
:100F400000C2193FCBEA4C3F9471193FFD264D3F3B
:100F50000F21193F10634D3F73D0183F029F4D3F43
:100F6000C07F183FD5DA4D3FF52E183F89164E3F0A
:100F700012DE173F1C524E3F188D173F908D4E3F8B
:100F8000073C173FE4C84E3FDFEA163F17044F3FC8
:100F90009F99163F2B3F4F3F4748163F1F7A4F3FC1
:100FA000D9F6153FF4B44F3F54A5153FA8EF4F3F76
:100FB000B753153F3B2A503F0402153FAF64503FE3
:100FC00039B0143F039F503F585E143F37D9503F0C
:100FD0005F0C143F4A13513F50BA133F3D4D513FF0
:100FE0002A68133F1087513FEE15133FC2C0513F8F
:100FF0009AC3123F54FA513F3071123FC633523FE9
:10100000B01E123F186D523F19CC113F49A6523FF6
:101010006B79113F59DF523FA726113F4918533FC3
:10102000CDD3103F1851533FDC80103FC789533F49
:10103000D52D103F55C2533FB8DA0F3FC3FA533F87
:1010400084870F3F0F33543F3B340F3F3B6B543F7C
:10105000DBE00E3F47A3543F658D0E3F31DB543F2D
:10106000DA390E3FFB12553F38E60D3FA44A553F93
:1010700081920D3F2C82553FB33E0D3F93B9553FB2
:10108000D0EA0C3FD9F0553FD7960C3FFE27563F8C
:10109000C9420C3F025F563FA5EE0B3FE595563F18
:1010A0006B9A0B3FA7CC563F1C460B3F4803573F5C
:1010B000B7F10A3FC739573F3D9D0A3F2670573F5A
:1010C000AD480A3F63A6573F09F4093F7FDC573F0D
:1010D0004E9F093F7912583F7F4A093F5348583F76
:1010E0009BF5083F0B7E583FA1A0083FA1B3583F96
:1010F000924B083F17E9583F6FF6073F6A1E593F6A
:1011000036A1073F9C53593FE84B073FAD88593FF5
:1011100086F6063F9CBD593F0EA1063F6AF2593F35
:10112000824B063F16275A3FE2F5053FA05B5A3F28
:101130002CA0053F09905A3F624A053F50C45A3FD0
:1011400084F4043F75F85A3F919E043F792C5B3F2D
:101150008948043F5A605B3F6DF2033F1A945B3F3E
:101160003D9C033FB8C75B3FF845033F34FB5B3F03
:101170009FEF023F8E2E5C3F3299023FC7615C3F7A
:10118000B142023FDD945C3F1CEC013FD1C75C3FA4
:101190007395013FA3FA5C3FB53E013F532D5D3F80
:1011A000E4E7003FE15F5D3FFF90003F4D925D3F10
:1011B000063A003F97C45D3FF3C5FF3EBEF65D3F74
:1011C000B217FF3EC3285E3F4A69FE3EA65A5E3F05
:1011D000BBBAFD3E678C5E3F040CFD3E05BE5E3F24
:1011E000275DFC3E81EF5E3F22AEFB3EDB205F3F92
:1011F000F7FEFA3E12525F3FA54FFA3E27835F3F4C
:101200002DA0F93E19B45F3F8EF0F83EE9E45F3F50
:10121000C840F83E9615603FDC90F73E2146603F9F
:10122000CBE0F63E8976603F9330F63ECFA6603F36
:101230003580F53EF2D6603FB1CFF43EF206613F15
:10124000071FF43ED036613F386EF33E8A66613F39
:1012500043BDF23E2296613F290CF23E98C5613FA4
:10126000EA5AF13EEAF4613F85A9F03E1A24623F52
:10127000FBF7EF3E2653623F4C46EF3E1082623F43
:101280007994EE3ED7B0623F80E2ED3E7BDF623F75
:101290006330ED3EFC0D633F217EEC3E5A3C633FE4
:1012A000BBCBEB3E956A633F3019EB3EAC98633F96
:1012B0008166EA3EA1C6633FAEB3E93E73F4633F85
:1012C000B700E93E2122643F9C4DE83EAC4F643FAD
:1012D0005D9AE73E147D643FFBE6E63E59AA643F13
:1012E0007533E63E7BD7643FCB7FE53E7904653FAF
:1012F000FECBE43E5431653F0E18E43E0B5E653F85
:10130000FA63E33EA08A653FC4AFE23E10B7653F93
:101310006AFBE13E5EE3653FEE46E13E880F663FD5
:101320004F92E03E8E3B663F8DDDDF3E7167663F4C
:10133000A928DF3E3093663FA273DE3ECCBE663FF7
:1013400079BEDD3E45EA663F2E09DD3E9915673FD1
:10135000C153DC3ECA40673F319EDB3ED86B673FDE
:1013600080E8DA3EC196673FAD32DA3E87C1673F1B
:10137000B97CD93E2AEC673FA3C6D83EA816683F81
:101380006B10D83E0341683F135AD73E396B683F14
:1013900099A3D63E4C95683FFDECD53E3CBF683FD7
:1013A0004136D53E07E9683F647FD43EAE12693FBF
:1013B00067C8D33E323C693F4811D33E9165693FCF
:1013C000095AD23ECC8E693FAAA2D13EE4B7693F0A
:1013D0002AEBD03ED7E0693F8A33D03EA7096A3F67
:1013E000CA7BCF3E52326A3FEAC3CE3ED95A6A3FE9
:1013F000EA0BCE3E3C836A3FCA53CD3E7BAB6A3F8D
:101400008B9BCC3E95D36A3F2CE3CB3E8CFB6A3F53
:10141000AE2ACB3E5E236B3F1072CA3E0C4B6B3F35
:1014200053B9C93E95726B3F7700C93EFB996B3F3C
:101430007C47C83E3BC16B3F628EC73E58E86B3F5E
:1014400029D5C63E500F6C3FD21BC63E24366C3F9A
:101450005C62C53ED45C6C3FC8A8C43E5E836C3FF2
:1014600015EFC33EC5A96C3F4435C33E07D06C3F62
:10147000557BC23E24F66C3F48C1C13E1D1C6D3FEA
:101480001E07C13EF2416D3FD54CC03EA1676D3F86
:101490006F92BF3E2D8D6D3FEBD7BE3E93B26D3F39
:1014A0004A1DBE3ED5D76D3F8B62BD3EF2FC6D3FFF
:1014B000AFA7BC3EEB216E3FB6ECBB3EBE466E3FD7
:1014C000A031BB3E6D6B6E3F6E76BA3EF88F6E3FBD
:1014D0001EBBB93E5DB46E3FB2FFB83E9ED86E3FB4
:1014E0002A44B83EBAFC6E3F8488B73EB0206F3FB6
:1014F000C3CCB63E83446F3FE610B63E30686F3FC4
:10150000EC54B53EB88B6F3FD698B43E1BAF6F3FDF
:10151000A5DCB33E5AD26F3F5820B33E73F56F3F00
:10152000EF63B23E6718703F6BA7B13E373B703F29
:10153000CBEAB03EE15D703F102EB03E6680703F5A
:101540003A71AF3EC6A2703F49B4AE3E02C5703F8D
:101550003CF7AD3E17E7703F153AAD3E0809713FC5
:10156000D47CAC3ED42A713F77BFAB3E7A4C713FFE
:101570000102AB3EFB6D713F6F44AA3E578F713F36
:10158000C486A93E8EB0713FFEC8A83E9FD1713F70
:101590001F0BA83E8CF2713F254DA73E5213723FA0
:1015A000128FA63EF433723FE5D0A53E7054723FD1
:1015B0009F12A53EC774723F3F54A43EF894723FF9
:1015C000C595A33E04B5723F33D7A23EEBD4723F1C
:1015D0008718A23EACF4723FC259A13E4714733F34
:1015E000E59AA03EBE33733FEEDB9F3E0E53733F42
:1015F000DF1C9F3E3972733FB85D9E3E3F91733F43
:10160000789E9D3E1FB0733F20DF9C3ED9CE733F36
:10161000AF1F9C3E6EED733F27609B3EDD0B743F1A
:1016200086A09A3E272A743FCEE0993E4B48743FED
:10163000FE20993E4966743F1661983E2284743FAD
:1016400017A1973ED5A1743F00E1963E62BF743F5B
:10165000D220963EC9DC743F8D60953E0BFA743FF4
:1016600031A0943E2717753FBFDF933E1D34753F71
:10167000351F933EED50753F945E923E976D753FDA
:10168000DD9D913E1C8A753F10DD903E7BA6753F27
:101690002C1C903EB3C2753F325B8F3EC6DE753F59
:1016A000229A8E3EB3FA753FFCD88D3E7A16763F6D
:1016B000C0178D3E1B32763F6E568C3E974D763F5F
:1016C00007958B3EEC68763F8AD38A3E1B84763F33
:1016D000F8118A3E249F763F5050893E07BA763FE4
:1016E000938E883EC4D4763FC1CC873E5BEF763F75
:1016F000DA0A873ECC09773FDF48863E1724773FDA
:10170000CE86853E3C3E773FAAC4843E3A58773F1A
:101710007002843E1372773F2240833EC58B773F31
:10172000C07D823E51A5773F4ABB813EB7BE773F21
:10173000C0F8803EF7D7773F2236803E10F1773FE2
:10174000E1E67E3E040A783F56617D3ED122783F35
:10175000A4DB7B3E773B783FCB557A3EF853783F0E
:10176000CCCF783E526C783FA649773E8684783F4E
:101770005AC3753E939C783FE83C743E7BB4783FF7
:1017800051B6723E3BCC783F942F713ED6E3783F02
:10179000B2A86F3E4AFB783FAB216E3E9812793F6C
:1017A0007F9A6C3EBF29793F2F136B3EC040793F33
:1017B000BA8B693E9A57793F2204683E4E6E793F54
:1017C000667C663EDC84793F86F4643E439B793FC9
:1017D000836C633E83B1793F5CE4613E9DC7793F92
:1017E000135C603E91DD793FA8D35E3E5EF3793FA6
:1017F0001A4B5D3E04097A3F6AC25B3E841E7A3F03
:1018000097395A3EDD337A3FA4B0583E10497A3FAB
:101810008F27573E1C5E7A3F589E553E02737A3F93
:101820000115543EC1877A3F898B523E599C7A3FBD
:10183000F101513ECBB07A3F38784F3E16C57A3F22
:1018400060EE4D3E3AD97A3F67644C3E37ED7A3FC1
:101850004FDA4A3E0E017B3F1850493EBE147B3F93
:10186000C2C5473E48287B3F4D3B463EAB3B7B3F96
:10187000B9B0443EE74E7B3F0726433EFC617B3FC9
:10188000379B413EEA747B3F4910403EB2877B3F25
:101890003E853E3E539A7B3F15FA3C3ECDAC7B3FA6
:1018A000CF6E3B3E20BF7B3F6CE3393E4DD17B3F4B
:1018B000EC57383E53E37B3F50CC363E31F57B3F0F
:1018C0009840353EE9067C3FC4B4333E7A187C3FED
:1018D000D428323EE5297C3FC99C303E283B7C3FE2
:1018E000A2102F3E444C7C3F61842D3E3A5D7C3FEC
:1018F00004F82B3E086E7C3F8D6B2A3EB07E7C3F09
:10190000FCDE283E318F7C3F5152273E8A9F7C3F30
:101910008CC5253EBDAF7C3FAD38243EC9BF7C3F62
:10192000B6AB223EAECF7C3FA51E213E6CDF7C3F96
:101930007B911F3E03EF7C3F38041E3E73FE7C3FCD
:10194000DE761C3EBC0D7D3F6BE91A3EDD1C7D3F03
:10195000E05B193ED82B7D3F3DCE173EAC3A7D3F34
:101960008340163E59497D3FB2B2143EDE577D3F5B
:10197000CA24133E3D667D3FCC96113E74747D3F74
:10198000B708103E85827D3F8B7A0E3E6E907D3F7C
:101990004AEC0C3E309E7D3FF35D0B3ECCAB7D3F71
:1019A00086CF093E40B97D3F0541083E8CC67D3F4C
:1019B0006EB2063EB2D37D3FC223053EB1E07D3F0D
:1019C0000295033E88ED7D3F2E06023E38FA7D3FAC
:1019D0004577003EC2067E3F92D0FD3D24137E3FF8
:1019E00073B2FA3D5E1F7E3F2C94F73D722B7E3F13
:1019F000C075F43D5E377E3F2E57F13D23437E3F59
:101A00007638EE3DC14E7E3F9A19EB3D385A7E3F07
:101A10009AFAE73D88657E3F76DBE43DB0707E3F15
:101A20002EBCE13DB17B7E3FC49CDE3D8B867E3F7C
:101A3000377DDB3D3D917E3F895DD83DC99B7E3F33
:101A4000B93DD53D2DA67E3FC81DD23D69B07E3F34
:101A5000B7FDCE3D7FBA7E3F86DDCB3D6DC47E3F78
:101A600036BDC83D34CE7E3FC69CC53DD4D77E3FF3
:101A7000397CC23D4CE17E3F8D5BBF3D9DEA7E3FA0
:101A8000C33ABC3DC7F37E3FDD19B93DC9FC7E3F7B
:101A9000DAF8B53DA4057F3FBBD7B23D580E7F3F76
:101AA00080B6AF3DE4167F3F2B95AC3D491F7F3F8D
:101AB000BA73A93D87277F3F3052A63D9D2F7F3FB8
:101AC0008C30A33D8D377F3FCF0EA03D543F7F3FED
:101AD000F9EC9C3DF4467F3F0ACB993D6D4E7F3F2C
:101AE00005A9963DBF557F3FE786933DE95C7F3F63
:101AF000B464903DEC637F3F6A428D3DC76A7F3F8F
:101B00000A208A3D7B717F3F94FD863D08787F3FA8
:101B10000ADB833D6D7E7F3F6CB8803DAB847F3FA9
:101B2000742B7B3DC28A7F3FE9E5743DB1907F3FD6
:101B300038A06E3D78967F3F625A683D189C7F3F83
:101B40006814623D91A17F3F4CCE5B3DE3A67F3F91
:101B50000E88553D0DAC7F3FAF414F3D0FB17F3FEC
:101B60002FFB483DEAB57F3F91B4423D9EBA7F3F8F
:101B7000D56D3C3D2ABF7F3FFC26363D8FC37F3F5E
:101B800007E02F3DCCC77F3FF698293DE2CB7F3F52
:101B9000CC51233DD1CF7F3F880A1D3D98D37F3F55
:101BA0002CC3163D37D77F3FB87B103DAFDA7F3F60
:101BB0002F340A3D00DE7F3F90EC033D29E17F3F5B
:101BC000B949FB3C2BE47F3F2DBAEE3C05E77F3F54
:101BD0007B2AE23CB8E97F3FA69AD53C43EC7F3FA5
:101BE000B00AC93CA7EE7F3F9B7ABC3CE3F07F3F45
:101BF00069EAAF3CF8F27F3F1C5AA33CE6F47F3F12
:101C0000B6C9963CACF67F3F38398A3C4AF87F3FEC
:101C10004B517B3CC1F97F3F0030623C11FB7F3F61
:101C2000900E493C39FC7F3F02ED2F3C39FD7F3F50
:101C300059CB163C13FE7F3F3053FB3BC4FE7F3F26
:101C4000890FC93B4EFF7F3FC1CB963BB1FF7F3F22
:101C5000C70F493BECFF7F3FD40FC93A0000803FDC
:101C600000000000ECFF7F3FD40FC9BAB1FF7F3FF7
:101C7000C70F49BB4EFF7F3FC1CB96BBC4FE7F3F22
:101C8000890FC9BB13FE7F3F3053FBBB39FD7F3F3C
:101C900059CB16BC39FC7F3F02ED2FBC11FB7F3FB7
:101CA000900E49BCC1F97F3F003062BC4AF87F3FCB
:101CB0004B517BBCACF67F3F38398ABCE6F47F3FA2
:101CC000B6C996BCF8F27F3F1C5AA3BCE3F07F3F35
:101CD00069EAAFBCA7EE7F3F9B7ABCBC43EC7F3F79
:101CE000B00AC9BCB8E97F3FA69AD5BC05E77F3FDB
:101CF0007B2AE2BC2BE47F3F2DBAEEBC29E17F3F7B
:101D0000B949FBBC00DE7F3F90EC03BDAFDA7F3FFB
:101D10002F340ABD37D77F3FB87B10BD98D37F3FA4
:101D20002CC316BDD1CF7F3F880A1DBDE2CB7F3FBC
:101D3000CC5123BDCCC77F3FF69829BD8FC37F3FD1
:101D400007E02FBD2ABF7F3FFC2636BD9EBA7F3FEE
:101D5000D56D3CBDEAB57F3F91B442BD0FB17F3F29
:101D60002FFB48BD0DAC7F3FAF414FBDE3A67F3F8A
:101D70000E8855BD91A17F3F4CCE5BBD189C7F3F27
:101D8000681462BD78967F3F625A68BDB1907F3F0C
:101D900038A06EBDC28A7F3FE9E574BDAB847F3F4A
:101DA000742B7BBD6D7E7F3F6CB880BD08787F3F14
:101DB0000ADB83BD7B717F3F94FD86BDC76A7F3F91
:101DC0000A208ABDEC637F3F6A428DBDE95C7F3F9C
:101DD000B46490BDBF557F3FE78693BD6D4E7F3F96
:101DE00005A996BDF4467F3F0ACB99BD543F7F3F7E
:101DF000F9EC9CBD8D377F3FCF0EA0BD9D2F7F3F5F
:101E00008C30A3BD87277F3F3052A6BD491F7F3F3F
:101E1000BA73A9BDE4167F3F2B95ACBD580E7F3F2A
:101E200080B6AFBDA4057F3FBBD7B2BDC9FC7E3F26
:101E3000DAF8B5BDC7F37E3FDD19B9BD9DEA7E3F37
:101E4000C33ABCBD4CE17E3F8D5BBFBDD4D77E3F66
:101E5000397CC2BD34CE7E3FC69CC5BD6DC47E3FBD
:101E600036BDC8BD7FBA7E3F86DDCBBD69B07E3F43
:101E7000B7FDCEBD2DA67E3FC81DD2BDC99B7E3FFE
:101E8000B93DD5BD3D917E3F895DD8BD8B867E3FF6
:101E9000377DDBBDB17B7E3FC49CDEBDB0707E3F35
:101EA0002EBCE1BD88657E3F76DBE4BD385A7E3FBF
:101EB0009AFAE7BDC14E7E3F9A19EBBD23437E3FA0
:101EC0007638EEBD5E377E3F2E57F1BD722B7E3FDA
:101ED000C075F4BD5E1F7E3F2C94F7BD24137E3F7A
:101EE00073B2FABDC2067E3F92D0FDBD38FA7D3F87
:101EF000457700BE88ED7D3F2E0602BEB1E07D3FF6
:101F0000029503BEB2D37D3FC22305BE8CC67D3F82
:101F10006EB206BE40B97D3F054108BECCAB7D3FE9
:101F200086CF09BE309E7D3FF35D0BBE6E907D3F38
:101F30004AEC0CBE85827D3F8B7A0EBE74747D3F69
:101F4000B70810BE3D667D3FCC9611BEDE577D3F83
:101F5000CA2413BE59497D3FB2B214BEAC3A7D3F8C
:101F6000834016BED82B7D3F3DCE17BEDD1C7D3F86
:101F7000E05B19BEBC0D7D3F6BE91ABE73FE7C3F72
:101F8000DE761CBE03EF7C3F38041EBE6CDF7C3F58
:101F90007B911FBEAECF7C3FA51E21BEC9BF7C3F3B
:101FA000B6AB22BEBDAF7C3FAD3824BE8A9F7C3F1E
:101FB0008CC525BE318F7C3F515227BEB07E7C3F01
:101FC000FCDE28BE086E7C3F8D6B2ABE3A5D7C3FEE
:101FD00004F82BBE444C7C3F61842DBE283B7C3FE3
:101FE000A2102FBEE5297C3FC99C30BE7A187C3FE9
:101FF000D42832BEE9067C3FC4B433BE31F57B3F02
:10200000984035BE53E37B3F50CC36BE4DD17B3F2D
:10201000EC5738BE20BF7B3F6CE339BECDAC7B3F75
:10202000CF6E3BBE539A7B3F15FA3CBEB2877B3FD7
:102030003E853EBEEA747B3F491040BEFC617B3F5B
:10204000379B41BEE74E7B3F072643BEAB3B7B3F02
:10205000B9B044BE48287B3F4D3B46BEBE147B3FD3
:10206000C2C547BE0E017B3F185049BE37ED7A3FCF
:102070004FDA4ABE3AD97A3F67644CBE16C57A3FFA
:1020800060EE4DBECBB07A3F38784FBE599C7A3F58
:10209000F10151BEC1877A3F898B52BE02737A3FEC
:1020A000011554BE1C5E7A3F589E55BE10497A3FBA
:1020B0008F2757BEDD337A3FA4B058BE841E7A3FC7
:1020C00097395ABE04097A3F6AC25BBE5EF3793F14
:1020D0001A4B5DBE91DD793FA8D35EBE9DC7793FA7
:1020E000135C60BE83B1793F5CE461BE439B793F82
:1020F000836C63BEDC84793F86F464BE4E6E793FA8
:10210000667C66BE9A57793F220468BEC040793F1C
:10211000BA8B69BEBF29793F2F136BBE9812793FE6
:102120007F9A6CBE4AFB783FAB216EBED6E3783F08
:10213000B2A86FBE3BCC783F942F71BE7BB4783F82
:1021400051B672BE939C783FE83C74BE8684783F5B
:102150005AC375BE526C783FA64977BEF853783F94
:10216000CCCF78BE773B783FCB557ABED122783F33
:10217000A4DB7BBE040A783F56617DBE10F1773F39
:10218000E1E67EBEF7D7773F223680BEB7BE773F07
:10219000C0F880BE51A5773F4ABB81BEC58B773F53
:1021A000C07D82BE1372773F224083BE3A58773F8C
:1021B000700284BE3C3E773FAAC484BE1724773F9A
:1021C000CE8685BECC09773FDF4886BE5BEF763F83
:1021D000DA0A87BEC4D4763FC1CC87BE07BA763F41
:1021E000938E88BE249F763F505089BE1B84763FD5
:1021F000F8118ABEEC68763F8AD38ABE974D763F47
:1022000007958BBE1B32763F6E568CBE7A16763F94
:10221000C0178DBEB3FA753FFCD88DBEC6DE753FC4
:10222000229A8EBEB3C2753F325B8FBE7BA6753FCE
:102230002C1C90BE1C8A753F10DD90BE976D753FBB
:10224000DD9D91BEED50753F945E92BE1D34753F8D
:10225000351F93BE2717753FBFDF93BE0BFA743F40
:1022600031A094BEC9DC743F8D6095BE62BF743FDF
:10227000D22096BED5A1743F00E196BE2284743F61
:1022800017A197BE4966743F166198BE4B48743FCC
:10229000FE2099BE272A743FCEE099BEDD0B743F25
:1022A00086A09ABE6EED733F27609BBED9CE733F6A
:1022B000AF1F9CBE1FB0733F20DF9CBE3F91733F9A
:1022C000789E9DBE3972733FB85D9EBE0E53733FBC
:1022D000DF1C9FBEBE33733FEEDB9FBE4714733FD0
:1022E000E59AA0BEACF4723FC259A1BEEBD4723FD6
:1022F0008718A2BE04B5723F33D7A2BEF894723FCE
:10230000C595A3BEC774723F3F54A4BE7054723FBC
:102310009F12A5BEF433723FE5D0A5BE5213723FA3
:10232000128FA6BE8CF2713F254DA7BE9FD1713F83
:102330001F0BA8BE8EB0713FFEC8A8BE578F713F5D
:10234000C486A9BEFB6D713F6F44AABE7A4C713F33
:102350000102ABBED42A713F77BFABBE0809713F03
:10236000D47CACBE17E7703F153AADBE02C5703FD6
:102370003CF7ADBEC6A2703F49B4AEBE6680703FAA
:102380003A71AFBEE15D703F102EB0BE373B703F7B
:10239000CBEAB0BE6718703F6BA7B1BE73F56F3F55
:1023A000EF63B2BE5AD26F3F5820B3BE1BAF6F3F30
:1023B000A5DCB3BEB88B6F3FD698B4BE30686F3F14
:1023C000EC54B5BE83446F3FE610B6BEB0206F3FFD
:1023D000C3CCB6BEBAFC6E3F8488B7BE9ED86E3FF3
:1023E0002A44B8BE5DB46E3FB2FFB8BEF88F6E3FF0
:1023F0001EBBB9BE6D6B6E3F6E76BABEBE466E3FFB
:10240000A031BBBEEB216E3FB6ECBBBEF2FC6D3F14
:10241000AFA7BCBED5D76D3F8B62BDBE93B26D3F3B
:102420004A1DBEBE2D8D6D3FEBD7BEBEA1676D3F71
:102430006F92BFBEF2416D3FD54CC0BE1D1C6D3FBB
:102440001E07C1BE24F66C3F48C1C1BE07D06C3F19
:10245000557BC2BEC5A96C3F4435C3BE5E836C3F8D
:1024600015EFC3BED45C6C3FC8A8C4BE24366C3F15
:102470005C62C5BE500F6C3FD21BC6BE58E86B3FB6
:1024800029D5C6BE3BC16B3F628EC7BEFB996B3F71
:102490007C47C8BE95726B3F7700C9BE0C4B6B3F43
:1024A00053B9C9BE5E236B3F1072CABE8CFB6A3F34
:1024B000AE2ACBBE95D36A3F2CE3CBBE7BAB6A3F43
:1024C0008B9BCCBE3C836A3FCA53CDBED95A6A3F70
:1024D000EA0BCEBE52326A3FEAC3CEBEA7096A3FBC
:1024E000CA7BCFBED7E0693F8A33D0BEE4B7693F2D
:1024F0002AEBD0BECC8E693FAAA2D1BE9165693FBE
:10250000095AD2BE323C693F4811D3BEAE12693F70
:1025100067C8D3BE07E9683F647FD4BE3CBF683F4D
:102520004136D5BE4C95683FFDECD5BE396B683F52
:1025300099A3D6BE0341683F135AD7BEA816683F79
:102540006B10D8BE2AEC673FA3C6D8BE87C1673FD1
:10255000B97CD9BEC196673FAD32DABED86B673F52
:1025600080E8DABECA40673F319EDBBE9915673FFF
:10257000C153DCBE45EA663F2E09DDBECCBE663FD8
:1025800079BEDDBE3093663FA273DEBE7167663FE3
:10259000A928DFBE8E3B663F8DDDDFBE880F663F1C
:1025A0004F92E0BE5EE3653FEE46E1BE10B7653F89
:1025B0006AFBE1BEA08A653FC4AFE2BE0B5E653F29
:1025C000FA63E3BE5431653F0E18E4BE7904653FFB
:1025D000FECBE4BE7BD7643FCB7FE5BE59AA643F08
:1025E0007533E6BE147D643FFBE6E6BEAC4F643F48
:1025F0005D9AE7BE2122643F9C4DE8BE73F4633FC1
:10260000B700E9BEA1C6633FAEB3E9BEAC98633F75
:102610008166EABE956A633F3019EBBE5A3C633F60
:10262000BBCBEBBEFC0D633F217EECBE7BDF623F8C
:102630006330EDBED7B0623F80E2EDBE1082623FF4
:102640007994EEBE2653623F4C46EFBE1A24623F99
:10265000FBF7EFBEEAF4613F85A9F0BE98C5613F84
:10266000EA5AF1BE2296613F290CF2BE8A66613FAA
:1026700043BDF2BED036613F386EF3BEF206613F15
:10268000071FF4BEF2D6603FB1CFF4BECFA6603FC5
:102690003580F5BE8976603F9330F6BE2146603FB7
:1026A000CBE0F6BE9615603FDC90F7BEE9E45F3FF5
:1026B000C840F8BE19B45F3F8EF0F8BE27835F3F75
:1026C0002DA0F9BE12525F3FA54FFABEDB205F3F3F
:1026D000F7FEFABE81EF5E3F22AEFBBE05BE5E3F57
:1026E000275DFCBE678C5E3F040CFDBEA65A5E3FB4
:1026F000BBBAFDBEC3285E3F4A69FEBEBEF65D3F63
:10270000B217FFBE97C45D3FF3C5FFBE4D925D3F5C
:10271000063A00BFE15F5D3FFF9000BF532D5D3F74
:10272000E4E700BFA3FA5C3FB53E01BFD1C75C3F01
:10273000739501BFDD945C3F1CEC01BFC7615C3F3A
:10274000B14202BF8E2E5C3F329902BF34FB5B3F29
:102750009FEF02BFB8C75B3FF84503BF1A945B3FCA
:102760003D9C03BF5A605B3F6DF203BF792C5B3F1A
:10277000894804BF75F85A3F919E04BF50C45A3F20
:1027800084F404BF09905A3F624A05BFA05B5A3FD8
:102790002CA005BF16275A3FE2F505BF6AF2593F44
:1027A000824B06BF9CBD593F0EA106BFAD88593F65
:1027B00086F606BF9C53593FE84B07BF6A1E593F38
:1027C00036A107BF17E9583F6FF607BFA1B3583FBF
:1027D000924B08BF0B7E583FA1A008BF5348583FFB
:1027E0009BF508BF7912583F7F4A09BF7FDC573FEE
:1027F0004E9F09BF63A6573F09F409BF2670573F94
:10280000AD480ABFC739573F3D9D0ABF4803573FF0
:10281000B7F10ABFA7CC563F1C460BBFE595563F04
:102820006B9A0BBF025F563FA5EE0BBFFE27563FCC
:10283000C9420CBFD9F0553FD7960CBF93B9553F4D
:10284000D0EA0CBF2C82553FB33E0DBFA44A553F82
:1028500081920DBFFB12553F38E60DBF31DB543F6F
:10286000DA390EBF47A3543F658D0EBF3B6B543F13
:10287000DBE00EBF0F33543F3B340FBFC3FA533F6F
:1028800084870FBF55C2533FB8DA0FBFC789533F84
:10289000D52D10BF1851533FDC8010BF4918533F4E
:1028A000CDD310BF59DF523FA72611BF49A6523FD3
:1028B0006B7911BF186D523F19CC11BFC633523F0F
:1028C000B01E12BF54FA513F307112BFC2C0513F07
:1028D0009AC312BF1087513FEE1513BF3D4D513FB4
:1028E0002A6813BF4A13513F50BA13BF37D9503F1C
:1028F0005F0C14BF039F503F585E14BFAF64503F3E
:1029000039B014BF3B2A503F040215BFA8EF4F3F18
:10291000B75315BFF4B44F3F54A515BF1F7A4F3FAF
:10292000D9F615BF2B3F4F3F474816BF17044F3FFF
:102930009F9916BFE4C84E3FDFEA16BF908D4E3F09
:10294000073C17BF1C524E3F188D17BF89164E3FCC
:1029500012DE17BFD5DA4D3FF52E18BF029F4D3F4F
:10296000C07F18BF10634D3F73D018BFFD264D3F89
:102970000F2119BFCBEA4C3F947119BF79AE4C3F80
:1029800000C219BF08724C3F55121ABF78354C3F30
:1029900093621ABFC7F84B3FB8B21ABFF8BB4B3FA0
:1029A000C6021BBF097F4B3FBB521BBFFA414B3FC7
:1029B00099A21BBFCC044B3F5FF21BBF7FC74A3FAE
:1029C0000C421CBF138A4A3FA2911CBF874C4A3F4E
:1029D0001FE11CBFDC0E4A3F84301DBF12D1493FAE
:1029E000D17F1DBF2993493F06CF1DBF2155493FC8
:1029F000221E1EBFFA16493F266D1EBFB3D8483FA0
:102A000012BC1EBF4E9A483FE50A1FBFCA5B483F33
:102A10009F591FBF271D483F41A81FBF65DE473F85
:102A2000CBF61FBF849F473F3B4520BF8560473F94
:102A3000939320BF6721473FD2E120BF2AE2463F60
:102A4000F92F21BFCEA2463F067E21BF5463463FE9
:102A5000FBCB21BFBB23463FD71922BF03E4453F31
:102A6000996722BF2DA4453F43B522BF3964453F36
:102A7000D30223BF2624453F4B5023BFF5E3443FF9
:102A8000A99D23BFA5A3443FEEEA23BF3763443F7C
:102A90001A3824BFAB22443F2C8524BF00E2433FB9
:102AA00025D224BF38A1433F041F25BF5160433FB7
:102AB000CB6B25BF4C1F433F77B825BF29DE423F74
:102AC0000A0526BFE89C423F845126BF895B423FEE
:102AD000E39D26BF0B1A423F2AEA26BF70D8413F2A
:102AE000563627BFB796413F688227BFE154413F22
:102AF00061CE27BFEC12413F401A28BFDAD0403FD9
:102B0000056628BFA98E403FB0B128BF5C4C403F4E
:102B100041FD28BFF009403FB84829BF67C73F3F84
:102B2000159429BFC0843F3F57DF29BFFC413F3F79
:102B3000802A2ABF1BFF3E3F8E752ABF1BBC3E3F2B
:102B400082C02ABFFF783E3F5B0B2BBFC5353E3F9F
:102B50001B562BBF6EF23D3FBFA02BBFF9AE3D3FD2
:102B60004AEB2BBF676B3D3FB9352CBFB8273D3FC4
:102B70000F802CBFECE33C3F49CA2CBF03A03C3F75
:102B800069142DBFFC5B3C3F6F5E2DBFD9173C3FE6
:102B900059A82DBF98D33B3F29F22DBF3B8F3B3F18
:102BA000DE3B2EBFC14A3B3F78852EBF29063B3F07
:102BB000F7CE2EBF75C13A3F5B182FBFA47C3A3FBA
:102BC000A5612FBFB7373A3FD3AA2FBFACF2393F29
:102BD000E6F32FBF85AD393FDE3C30BF4268393F59
:102BE000BB8530BFE122393F7CCE30BF65DD383F49
:102BF000221731BFCB97383FAD5F31BF1652383FF8
:102C00001DA831BF430C383F71F031BF55C6373F67
:102C1000AA3832BF4A80373FC78032BF233A373F96
:102C2000C9C832BFDFF3363FAF1033BF7FAD363F89
:102C30007A5833BF0467363F29A033BF6C20363F34
:102C4000BCE733BFB8D9353F342F34BFE792353FA7
:102C50008F7634BFFB4B353FCFBD34BFF304353FD8
:102C6000F30435BFCFBD343FFB4B35BF8F76343FC8
:102C7000E79235BF342F343FB8D935BFBCE7333F77
:102C80006C2036BF29A0333F046736BF7A58333FE4
:102C90007FAD36BFAF10333FDFF336BFC9C8323F19
:102CA000233A37BFC780323F4A8037BFAA38323F06
:102CB00055C637BF71F0313F430C38BF1DA8313FB7
:102CC000165238BFAD5F313FCB9738BF2217313F27
:102CD00065DD38BF7CCE303FE12239BFBB85303F58
:102CE000426839BFDE3C303F85AD39BFE6F32F3F48
:102CF000ACF239BFD3AA2F3FB7373ABFA5612F3FF8
:102D0000A47C3ABF5B182F3F75C13ABFF7CE2E3F68
:102D100029063BBF78852E3FC14A3BBFDE3B2E3F95
:102D20003B8F3BBF29F22D3F98D33BBF59A82D3F86
:102D3000D9173CBF6F5E2D3FFC5B3CBF69142D3F34
:102D400003A03CBF49CA2C3FECE33CBF0F802C3FA3
:102D5000B8273DBFB9352C3F676B3DBF4AEB2B3FD2
:102D6000F9AE3DBFBFA02B3F6EF23DBF1B562B3FC0
:102D7000C5353EBF5B0B2B3FFF783EBF82C02A3F6D
:102D80001BBC3EBF8E752A3F1BFF3EBF802A2A3FD9
:102D9000FC413FBF57DF293FC0843FBF1594293F07
:102DA00067C73FBFB848293FF00940BF41FD283FF2
:102DB0005C4C40BFB0B1283FA98E40BF0566283F9C
:102DC000DAD040BF401A283FEC1241BF61CE273F06
:102DD000E15441BF6882273FB79641BF5636273F2F
:102DE00070D841BF2AEA263F0B1A42BFE39D263F17
:102DF000895B42BF8451263FE89C42BF0A05263FBB
:102E000029DE42BF77B8253F4C1F43BFCB6B253F20
:102E1000516043BF041F253F38A143BF25D2243F43
:102E200000E243BF2C85243FAB2244BF1A38243F25
:102E3000376344BFEEEA233FA5A344BFA99D233FC8
:102E4000F5E344BF4B50233F262445BFD302233F25
:102E5000396445BF43B5223F2DA445BF9967223F42
:102E600003E445BFD719223FBB2346BFFBCB213F1D
:102E7000546346BF067E213FCEA246BFF92F213FB5
:102E80002AE246BFD2E1203F672147BF9393203F0C
:102E9000856047BF3B45203F849F47BFCBF61F3F20
:102EA00065DE47BF41A81F3F271D48BF9F591F3FF1
:102EB000CA5B48BFE50A1F3F4E9A48BF12BC1E3F7F
:102EC000B3D848BF266D1E3FFA1649BF221E1E3FCB
:102ED000215549BF06CF1D3F299349BFD17F1D3FD3
:102EE00012D149BF84301D3FDC0E4ABF1FE11C3F99
:102EF000874C4ABFA2911C3F138A4ABF0C421C3F19
:102F00007FC74ABF5FF21B3FCC044BBF99A21B3F58
:102F1000FA414BBFBB521B3F097F4BBFC6021B3F51
:102F2000F8BB4BBFB8B21A3FC7F84BBF93621A3F0A
:102F300078354CBF55121A3F08724CBF00C2193F7A
:102F400079AE4CBF9471193FCBEA4CBF0F21193FAA
:102F5000FD264DBF73D0183F10634DBFC07F183F93
:102F6000029F4DBFF52E183FD5DA4DBF12DE173F39
:102F700089164EBF188D173F1C524EBF073C173F96
:102F8000908D4EBFDFEA163FE4C84EBF9F99163FB3
:102F900017044FBF4748163F2B3F4FBFD9F6153F89
:102FA0001F7A4FBF54A5153FF4B44FBFB753153F19
:102FB000A8EF4FBF0402153F3B2A50BF39B0143F62
:102FC000AF6450BF585E143F039F50BF5F0C143F67
:102FD00037D950BF50BA133F4A1351BF2A68133F25
:102FE0003D4D51BFEE15133F108751BF9AC3123F9D
:102FF000C2C051BF3071123F54FA51BFB01E123FD0
:10300000C63352BF19CC113F186D52BF6B79113FB7
:1030100049A652BFA726113F59DF52BFCDD3103F5B
:10302000491853BFDC80103F185153BFD52D103FB6
:10303000C78953BFB8DA0F3F55C253BF84870F3FCC
:10304000C3FA53BF3B340F3F0F3354BFDBE00E3F97
:103050003B6B54BF658D0E3F47A354BFDA390E3F1B
:1030600031DB54BF38E60D3FFB1255BF81920D3F57
:10307000A44A55BFB33E0D3F2C8255BFD0EA0C3F4A
:1030800093B955BFD7960C3FD9F055BFC9420C3FF5
:10309000FE2756BFA5EE0B3F025F56BF6B9A0B3F54
:1030A000E59556BF1C460B3FA7CC56BFB7F10A3F6C
:1030B000480357BF3D9D0A3FC73957BFAD480A3F38
:1030C000267057BF09F4093F63A657BF4E9F093FBB
:1030D0007FDC57BF7F4A093F791258BF9BF5083FF5
:1030E000534858BFA1A0083F0B7E58BF924B083FE2
:1030F000A1B358BF6FF6073F17E958BF36A1073F86
:103100006A1E59BFE84B073F9C5359BF86F6063FDE
:10311000AD8859BF0EA1063F9CBD59BF824B063FEB
:103120006AF259BFE2F5053F16275ABF2CA0053FAA
:10313000A05B5ABF624A053F09905ABF84F4043F1E
:1031400050C45ABF919E043F75F85ABF8948043F46
:10315000792C5BBF6DF2033F5A605BBF3D9C033F20
:103160001A945BBFF845033FB8C75BBF9FEF023FB0
:1031700034FB5BBF3299023F8E2E5CBFB142023FEF
:10318000C7615CBF1CEC013FDD945CBF7395013FE0
:10319000D1C75CBFB53E013FA3FA5CBFE4E7003F87
:1031A000532D5DBFFF90003FE15F5DBF063A003FDA
:1031B0004D925DBFF3C5FF3E97C45DBFB217FF3EA2
:1031C000BEF65DBF4A69FE3EC3285EBFBBBAFD3E88
:1031D000A65A5EBF040CFD3E678C5EBF275DFC3EB9
:1031E00005BE5EBF22AEFB3E81EF5EBFF7FEFA3E3C
:1031F000DB205FBFA54FFA3E12525FBF2DA0F93E04
:1032000027835FBF8EF0F83E19B45FBFC840F83E19
:10321000E9E45FBFDC90F73E961560BFCBE0F63E79
:10322000214660BF9330F63E897660BF3580F53E1B
:10323000CFA660BFB1CFF43EF2D660BF071FF43E09
:10324000F20661BF386EF33ED03661BF43BDF23E39
:103250008A6661BF290CF23E229661BFEA5AF13EAE
:1032600098C561BF85A9F03EEAF461BFFBF7EF3E68
:103270001A2462BF4C46EF3E265362BF7994EE3E5D
:10328000108262BF80E2ED3ED7B062BF6330ED3E98
:103290007BDF62BF217EEC3EFC0D63BFBBCBEB3E10
:1032A0005A3C63BF3019EB3E956A63BF8166EA3EC4
:1032B000AC9863BFAEB3E93EA1C663BFB700E93EB9
:1032C00073F463BF9C4DE83E212264BF5D9AE73EE4
:1032D000AC4F64BFFBE6E63E147D64BF7533E63E4B
:1032E00059AA64BFCB7FE53E7BD764BFFECBE43EEB
:1032F000790465BF0E18E43E543165BFFA63E33EBE
:103300000B5E65BFC4AFE23EA08A65BF6AFBE13ECB
:1033100010B765BFEE46E13E5EE365BF4F92E03E0B
:10332000880F66BF8DDDDF3E8E3B66BFA928DF3E7E
:10333000716766BFA273DE3E309366BF79BEDD3E25
:10334000CCBE66BF2E09DD3E45EA66BFC153DC3EFA
:10335000991567BF319EDB3ECA4067BF80E8DA3E01
:10336000D86B67BFAD32DA3EC19667BFB97CD93E34
:1033700087C167BFA3C6D83E2AEC67BF6B10D83E93
:10338000A81668BF135AD73E034168BF99A3D63E1B
:10339000396B68BFFDECD53E4C9568BF4136D53ED4
:1033A0003CBF68BF647FD43E07E968BF67C8D33EAF
:1033B000AE1269BF4811D33E323C69BF095AD23EB2
:1033C000916569BFAAA2D13ECC8E69BF2AEBD03EDF
:1033D000E4B769BF8A33D03ED7E069BFCA7BCF3E2E
:1033E000A7096ABFEAC3CE3E52326ABFEA0BCE3E9D
:1033F000D95A6ABFCA53CD3E3C836ABF8B9BCC3E31
:103400007BAB6ABF2CE3CB3E95D36ABFAE2ACB3EE3
:103410008CFB6ABF1072CA3E5E236BBF53B9C93EB4
:103420000C4B6BBF7700C93E95726BBF7C47C83EA3
:10343000FB996BBF628EC73E3BC16BBF29D5C63EB1
:1034400058E86BBFD21BC63E500F6CBF5C62C53ED6
:1034500024366CBFC8A8C43ED45C6CBF15EFC33E15
:103460005E836CBF4435C33EC5A96CBF557BC23E6D
:1034700007D06CBF48C1C13E24F66CBF1E07C13ED9
:103480001D1C6DBFD54CC03EF2416DBF6F92BF3E5B
:10349000A1676DBFEBD7BE3E2D8D6DBF4A1DBE3EF1
:1034A00093B26DBF8B62BD3ED5D76DBFAFA7BC3E9B
:1034B000F2FC6DBFB6ECBB3EEB216EBFA031BB3E54
:1034C000BE466EBF6E76BA3E6D6B6EBF1EBBB93E1A
:1034D000F88F6EBFB2FFB83E5DB46EBF2A44B83EEF
:1034E0009ED86EBF8488B73EBAFC6EBFC3CCB63ED2
:1034F000B0206FBFE610B63E83446FBFEC54B53EBC
:1035000030686FBFD698B43EB88B6FBFA5DCB33EB2
:103510001BAF6FBF5820B33E5AD26FBFEF63B23EAE
:1035200073F56FBF6BA7B13E671870BFCBEAB03EB3
:10353000373B70BF102EB03EE15D70BF3A71AF3EB9
:10354000668070BF49B4AE3EC6A270BF3CF7AD3EC8
:1035500002C570BF153AAD3E17E770BFD47CAC3ED4
:10356000080971BF77BFAB3ED42A71BF0102AB3EE1
:103570007A4C71BF6F44AA3EFB6D71BFC486A93EF1
:10358000578F71BFFEC8A83E8EB071BF1F0BA83EFB
:103590009FD171BF254DA73E8CF271BF128FA63E01
:1035A000521372BFE5D0A53EF43372BF9F12A53E01
:1035B000705472BF3F54A43EC77472BFC595A33EFA
:1035C000F89472BF33D7A23E04B572BF8718A23EEB
:1035D000EBD472BFC259A13EACF472BFE59AA03ED3
:1035E000471473BFEEDB9F3EBE3373BFDF1C9F3EAD
:1035F0000E5373BFB85D9E3E397273BF789E9D3E79
:103600003F9173BF20DF9C3E1FB073BFAF1F9C3E36
:10361000D9CE73BF27609B3E6EED73BF86A09A3EE6
:10362000DD0B74BFCEE0993E272A74BFFE20993E81
:103630004B4874BF1661983E496674BF17A1973E08
:10364000228474BF00E1963ED5A174BFD220963E7D
:1036500062BF74BF8D60953EC9DC74BF31A0943EDB
:103660000BFA74BFBFDF933E271775BF351F933E1C
:103670001D3475BF945E923EED5075BFDD9D913E49
:10368000976D75BF10DD903E1C8A75BF2C1C903E57
:103690007BA675BF325B8F3EB3C275BF229A8E3E4A
:1036A000C6DE75BFFCD88D3EB3FA75BFC0178D3E20
:1036B0007A1676BF6E568C3E1B3276BF07958B3ED0
:1036C000974D76BF8AD38A3EEC6876BFF8118A3E62
:1036D0001B8476BF5050893E249F76BF938E883ED0
:1036E00007BA76BFC1CC873EC4D476BFDA0A873E1C
:1036F0005BEF76BFDF48863ECC0977BFCE86853E3E
:10370000172477BFAAC4843E3C3E77BF7002843E34
:103710003A5877BF2240833E137277BFC07D823E06
:10372000C58B77BF4ABB813E51A577BFC0F8803EAD
:10373000B7BE77BF2236803EF7D777BFE1E67E3E41
:1037400010F177BF56617D3E040A78BFA4DB7B3E53
:10375000D12278BFCB557A3E773B78BFCCCF783E2D
:10376000F85378BFA649773E526C78BF5AC3753E6E
:10377000868478BFE83C743E939C78BF51B6723E15
:103780007BB478BF942F713E3BCC78BFB2A86F3E1C
:10379000D6E378BFAB216E3E4AFB78BF7F9A6C3E82
:1037A000981279BF2F136B3EBF2979BFBA8B693E40
:1037B000C04079BF2204683E9A5779BF667C663E56
:1037C0004E6E79BF86F4643EDC8479BF836C633EC1
:1037D000439B79BF5CE4613E83B179BF135C603E7B
:1037E0009DC779BFA8D35E3E91DD79BF1A4B5D3E80
:1037F0005EF379BF6AC25B3E04097ABF97395A3ECD
:10380000841E7ABFA4B0583EDD337ABF8F27573E5F
:1038100010497ABF589E553E1C5E7ABF0115543E32
:1038200002737ABF898B523EC1877ABFF101513E44
:10383000599C7ABF38784F3ECBB07ABF60EE4D3E90
:1038400016C57ABF67644C3E3AD97ABF4FDA4A3E12
:1038500037ED7ABF1850493E0E017BBFC2C5473EC7
:10386000BE147BBF4D3B463E48287BBFB9B0443EAB
:10387000AB3B7BBF0726433EE74E7BBF379B413EBA
:10388000FC617BBF4910403EEA747BBF3E853E3EF3
:10389000B2877BBF15FA3C3E539A7BBFCF6E3B3E4F
:1038A000CDAC7BBF6CE3393E20BF7BBFEC57383ECD
:1038B0004DD17BBF50CC363E53E37BBF9840353E65
:1038C00031F57BBFC4B4333EE9067CBFD428323E19
:1038D0007A187CBFC99C303EE5297CBFA2102F3EE0
:1038E000283B7CBF61842D3E444C7CBF04F82B3EBA
:1038F0003A5D7CBF8D6B2A3E086E7CBFFCDE283EA5
:10390000B07E7CBF5152273E318F7CBF8CC5253E97
:103910008A9F7CBFAD38243EBDAF7CBFB6AB223E94
:10392000C9BF7CBFA51E213EAECF7CBF7B911F3E91
:103930006CDF7CBF38041E3E03EF7CBFDE761C3E8E
:1039400073FE7CBF6BE91A3EBC0D7DBFE05B193E88
:10395000DD1C7DBF3DCE173ED82B7DBF8340163E7C
:10396000AC3A7DBFB2B2143E59497DBFCA24133E62
:10397000DE577DBFCC96113E3D667DBFB708103E39
:1039800074747DBF8B7A0E3E85827DBF4AEC0C3EFF
:103990006E907DBFF35D0B3E309E7DBF86CF093EAE
:1039A000CCAB7DBF0541083E40B97DBF6EB2063E3F
:1039B0008CC67DBFC223053EB2D37DBF0295033EB8
:1039C000B1E07DBF2E06023E88ED7DBF4577003E0B
:1039D00038FA7DBF92D0FD3DC2067EBF73B2FA3D7C
:1039E00024137EBF2C94F73D5E1F7EBFC075F43D4F
:1039F000722B7EBF2E57F13D5E377EBF7638EE3D8F
:103A000023437EBF9A19EB3DC14E7EBF9AFAE73D34
:103A1000385A7EBF76DBE43D88657EBF2EBCE13D33
:103A2000B0707EBFC49CDE3DB17B7EBF377DDB3D89
:103A30008B867EBF895DD83D3D917EBFB93DD53D2A
:103A4000C99B7EBFC81DD23D2DA67EBFB7FDCE3D12
:103A500069B07EBF86DDCB3D7FBA7EBF36BDC83D37
:103A60006DC47EBFC69CC53D34CE7EBF397CC23D91
:103A7000D4D77EBF8D5BBF3D4CE17EBFC33ABC3D1A
:103A80009DEA7EBFDD19B93DC7F37EBFDAF8B53DCB
:103A9000C9FC7EBFBBD7B23DA4057FBF80B6AF3D9A
:103AA000580E7FBF2B95AC3DE4167FBFBA73A93D7E
:103AB000491F7FBF3052A63D87277FBF8C30A33D73
:103AC0009D2F7FBFCF0EA03D8D377FBFF9EC9C3D72
:103AD000543F7FBF0ACB993DF4467FBF05A9963D71
:103AE0006D4E7FBFE786933DBF557FBFB464903D69
:103AF000E95C7FBF6A428D3DEC637FBF0A208A3D4F
:103B0000C76A7FBF94FD863D7B717FBF0ADB833D23
:103B100008787FBF6CB8803D6D7E7FBF742B7B3D86
:103B2000AB847FBFE9E5743DC28A7FBF38A06E3D9C
:103B3000B1907FBF625A683D78967FBF6814623D3E
:103B4000189C7FBF4CCE5B3D91A17FBF0E88553D39
:103B5000E3A67FBFAF414F3D0DAC7FBF2FFB483D7C
:103B60000FB17FBF91B4423DEAB57FBFD56D3C3DFB
:103B70009EBA7FBFFC26363D2ABF7FBF07E02F3DA0
:103B80008FC37FBFF698293DCCC77FBFCC51233D63
:103B9000E2CB7FBF880A1D3DD1CF7FBF2CC3163D2E
:103BA00098D37FBFB87B103D37D77FBF2F340A3DF6
:103BB000AFDA7FBF90EC033D00DE7FBFB949FB3C2D
:103BC00029E17FBF2DBAEE3C2BE47FBF7B2AE23C8C
:103BD00005E77FBFA69AD53CB8E97FBFB00AC93CCC
:103BE00043EC7FBF9B7ABC3CA7EE7FBF69EAAF3C4A
:103BF000E3F07FBF1C5AA33CF8F27FBFB6C9963CE6
:103C0000E6F47FBF38398A3CACF67FBF4B517B3C32
:103C10004AF87FBF0030623CC1F97FBF900E493C3B
:103C200011FB7FBF02ED2F3C39FC7FBF59CB163C07
:103C300039FD7FBF3053FB3B13FE7FBF890FC93B6C
:103C4000C4FE7FBFC1CB963B4EFF7FBFC70F493B32
:103C5000B1FF7FBFD40FC93AECFF7FBF0000000067
:103C60004C5555555555A53F7751C1166CC156BF9A
:103C70009015CB19A001FA3EAD529C804F7E92BEAA
:103C8000C4B1B4BD9EEE213ED43888BEE9FAA8BDC9
:103C900000004054FB21F93F3163621A61B4D03D0A
:103CA0000000601A61B4D03D7370032E8A19A33BE3
:103CB0000000002E8A19A33BC14920259A837B3935
:103CC00000000000000000006E83F9A22915444E98
:103CD000D15727FCC0DD34F5999562DB4190433C18
:103CE000AB6351FE61C5BBDE3A6E24B7E0D24D42F4
:103CF000EA2E49061C92D1091CEB1DFE3EA729B1F4
:103D0000F53582E88444BB2E26709CE9417E5FB481
:103D100039D69139F43953838B5F849C3B28F9BDA4
:103D2000FF97F81F0F9805DE8B112FEF1F6D0A5AB2
:103D3000CF7E366DB709CB27663F464F2DEA5F9E93
:103D4000C7BA27757BF1E5EBF739073DEA92528A4E
:103D5000B15FFB6B085D8D1FA6F810111111813F3B
:103D6000D561C119A0012ABF7DFEB157E31DC73E31
:103D7000EB9C2B8AE6E55ABE7CD5CF5A3AD9E53D75
:103D80005043313420534420494E5354455220006F
:103D900052413000524131004D58543230383800D1
:103DA0005452494741000000545249474200000024
:103DB00048433539352044415441204C494E450053
:103DC00048433539355F53434C5200004C45445FFE
:103DD0004C494748540000005647410A3830302AC1
:103DE000363030004C43440A3830302A3438300002
:103DF0005647410A3634302A343830004C43440A9E
:103E00003438302A32373200316D732020200000E0
:103E1000356D7320202000003575732020200000B0
:103E200031306D732020000035306D73202000008C
:103E300032356D7320200000313075732020000072
:103E40003530757320200000323575732020000056
:103E50003130306D732000003230306D732000003F
:103E6000322E356D7320000035306E732000000057
:103E7000312E307573200000313030757320000012
:103E800032303075732000003530307573200000FB
:103E9000322E35757320000031303056000000009E
:103EA0003130560032305600353056003156000061
:103EB00032560000355600003130306D560000009B
:103EC0003230306D560000003530306D5600000045
:103ED00031306D560000000032306D560000000099
:103EE00035306D56000000003130306E7300000038
:103EF0003530306E730000003235306E73000000D4
:103F000052554E20200000002052554E20200A20FD
:103F100053544F502020000053544F5020000000B5
:103F20002053617665200A205761766520000000E5
:103F30004348312B000000004348322B00000000B2
:103F40004348312D000000004348322D000000009E
:103F50004D00000053696E676C650000204D617470
:103F600068200A4D65617375726500004374726C58
:103F70000A537769746368004374726C2F6E5377C9
:103F8000697463680000000035303075730000000C
:103F9000204175746F0A2053657400005265616496
:103FA00079000000B5A5B4CEB4A5B7A2000000000A
:103FB000B2E2C1BFCAFDD1A700000000D4CBD0D06F
:103FC000CDA3D6B900000000BFD8D6C6C7D0BBBBB2
:103FD00000000000B1A3B4E6B2A8D0CE00000000FB
:103FE000D4CBD0D000000000D7D4B6AFB5F7BDDA3F
:103FF00000000000B5C8B4FD0000000050756C73EF
:10400000650A20436E742020000000004F464620C1
:1040100000000000696E662000000000205065610D
:104020006B200A205065616B200000004175746FA1
:104030002000000020506F732D200A2044757479F1
:104040002000000058313000434831005831000052
:104050004348320041202A204200000041202B200A
:104060004200000041202D204200000041202F206E
:104070004200000041430000444300005065724488
:10408000000000004F464600536D617274414900C4
:104090004F4E00004672655100000000524D530023
:1040A000592D5400582D59003173656300000000EC
:1040B0003273656300000000357365630000000023
:1040C00066696E6400000000506572696F640000EC
:1040D0006C616E6775616765000000005061727306
:1040E00065000000736176650000000046616C6C3D
:1040F000696E6700526973696E670000456E676C90
:104100006973680020506F732D200A20576964740A
:10411000680000005057696474680000506B2D50AF
:104120006B0000004E6F726D616C00004D696E692E
:104130006D756D004D6178696D756D0042696E0039
:104140004D696E00426D700054696D65200A4375BB
:1041500072736F720000000020416D70200A437579
:1041600072736F7200000000466F726D6174000020
:10417000502D436E740000005065727369737400B3
:10418000507265636973650A41646A7573740000EF
:104190004D617800467265712D0A75656E63790010
:1041A000502D447574790000BBD6B8B4B3F6B3A7EC
:1041B00000000000D7EED0A1D6B50000B7E5B7E506
:1041C000D6B50000D7EEB4F3D6B50000B4A2B4E67D
:1041D000C9E8B1B800000000BBF9CFDFD0A3D7BC5D
:1041E00000000000B7B1CCE5D6D0CEC4000000007E
:1041F000BCF2CCE5D6D0CEC400000000C6B5C2CA21
:1042000000000000D6DCC6DA00000000D4A4C1F42F
:10421000B9A6C4DC00000000D4A4C1F40000000072
:1042200068616C5F6770696F000000006578697491
:104230005F7472696700000068616C5F64616300AD
:1042400068616C5F6969630074696D657200000084
:1042500074687265616400006465765F696E697494
:10426000000000006C6564006B3234633032000083
:10427000746F756368000000616E616C6F675F73D7
:10428000616D706C650000006F73635F756900009D
:104290006F73635F746872656164000063616C6969
:1042A00062726174650000006F73635F74687265A9
:1042B000616400006F73635F77696E5F696E697434
:1042C000000000006F73635F646163006F73635F7E
:1042D00077696E5F6D7367006775690078440508DC
:1042E00000000020080E0000FA1A0208E84705083E
:1042F000080E00205005010048AA020820420508C7
:10430000A50F030800000000000000000E000000E0
:104310002C420508474A0308000000000000000086
:104320000C00000038420508150F030800000000CB
:104330000000000009000000404205080D110308BC
:1043400000000000000000000300000048420508D3
:10435000158A030800000000000000000F000000A4
:1043600050420508CD9D0308A99D030800000000E8
:104370000F0000005842050825C402080000000094
:1043800000000000050000006442050891150308C4
:1043900000000000000000000A000000684205085C
:1043A000E1140308DD140308000000000900000008
:1043B00070420508C1A303080000000000000000CF
:1043C00004000000784205081D1A030800000000E0
:1043D000000000000F00000088420508A53B03080C
:1043E00000000000000000000600000090420508E8
:1043F00000000000418203080000000009000000E6
:104400009C420508C9B30208B5B3020800000000C9
:1044100008000000A84205082F6703083567030855
:104420000000000004000000B4420508A99503083C
:1044300000000000000000000E000000C44205085B
:10444000D93E030800000000000000000F0000003B
:10445000CC420508C99503080000000000000000D8
:104460000E000000D8420508350A0308B90D0308FC
:104470000000000005000000112C90D00304720120
:104480003210690C0120592815245050503C20103E
:104490001004140753B71428282814FFFFFF1A0725
:1044A0000434E7E303490C09120429200912041417
:1044B000C7C3C3140703032C0101FF3F113CA0A095
:1044C000A0083CCD0BF05009120409141609172F4F
:1044D0001904295C89843C07030704BC0CCE190429
:1044E000BC0903FB0429F01232120A145A5A5A2446
:1044F00080808019031407BEBE1BBEBEEC2282144E
:104500005650BC14423CC814B0AB963C41414128C3
:104510001142BA1AE62C197419342937413C7878BB
:10452000780404FF96969601FF01BB3CFCFCFC045A
:1045300014B65024142020203C2828280414C8C86D
:1045400004143C8C14148464643C6464041C549807
:1045500098983C6060040C1A641C391422FC1408FE
:10456000C0C024C0C0043BC8C8301132C8590414AC
:1045700050505004FF20101001FF01FF01AC1AFF42
:1045800001092024091C28100860E00120030535DA
:10459000180902081E08503C0F052E236750200DF5
:1045A000181A1E1489280A302EBB0A037402331D00
:1045B000223230082A1C5A94C5020713B51F1390E3
:1045C0002813773213623F135250021752400A0FDA
:1045D0000F03061042F80F14000B141A18161412C9
:1045E000100E0C0A08280929282422201F1E1D202D
:1045F0001506050402A9B829C799015112301AF805
:104600000414F001300523E80230011ED03E0508F5
:10461000B804811201120A120412051AD814BAC081
:10462000181214120612071AE014BAC8181A320423
:10463000212944BAAC1812641A03062944BAB018E6
:1046400032C8120229449AB418212BF40178294463
:10465000BAA0182BE803782944BAA4181CD0070282
:10466000622944BAA8182B8813782944BA98182BC1
:1046700010277801181EC83F0508BC041AE8041A60
:10468000A4041AB0041AD404691C1A30041EAC3DE8
:10469000050840085A380C1A48081A6C041A08040D
:1046A0001A90041A54041A5C045A20380A197838EB
:1046B0001A9C041A50042A882C19045A18141AE057
:1046C000041AC0045AF444013542F8031020410290
:1046D0004701180A784105080C400508A8041AB0DB
:1046E000041AB8041A14041A88041A90041A8404C8
:1046F0001A68241AA0081AA4041AD0041AFC041A6E
:10470000F0141AE4045AC024292C1AE4041A44149C
:104710001A3C041AA8041ACC041AD80469481A448A
:10472000041A4C041A78041A74041A48041A50041F
:104730001AF4041AEC041A2C041A24301B543F6493
:1047400019081E04420508BC081AC4041AB4041A45
:104750001810E9049A0C041A5C401A64041A5404F0
:104760009A6C601A943C1AC8081A1C041A340C1A61
:104770002C042A9C0C19041A040C1AFC701ADC0C68
:104780001A580C1A48041A800409174C19042A7C78
:104790004C29D819045A404C1AA0081A14041A704B
:1047A00004294CA3FFFF290BCDD0FF0120120132B9
:1047B000364DA803080A72048F092C0308E8031079
:1047C000CB69901036E5830308647205CB3D1C204D
:1047D000CB756B204B3111106920CB9D5170CBE113
:0847E00093308B4D0E20000008
:040000050802035991
:00000001FF
