:020000040800F2
:10000000300A0020F58B0008F50C0008F70C0008FA
:10001000FB0C0008FF0C0008030D000800000000A6
:10002000000000000000000000000000070D0008B4
:10003000090D0008000000000B0D00080D0D000860
:100040000F8C00080F8C00080F8C00080F8C000824
:100050000F8C00080F8C00080F8C00080F8C000814
:100060000F8C00080F8C00080F8C00080F8C000804
:100070000F8C00080F8C00080F8C00080F8C0008F4
:100080000F8C00080F8C00080F8C00080F8C0008E4
:100090000F8C00080F8C00080F8C00080F8C0008D4
:1000A0000F8C00080F8C00080F8C00080F8C0008C4
:1000B0000F8C00080F8C00080F8C00080F8C0008B4
:1000C0000F8C00080F8C00080F8C00080F8C0008A4
:1000D0000F8C0008698B00080F8C00080F8C00083B
:1000E0000F8C00080F8C00080F8C00080F8C000884
:1000F0000F8C00080F8C00080F8C00080F8C000874
:100100000F8C00080F8C00080F8C00080F8C000863
:100110000F8C00080F8C00080F8C00080F8C000853
:100120000F8C00080F8C00080F8C00080F8C000843
:1001300000F002F800F045F80AA090E8000C8244B4
:100140008344AAF10107DA4501D100F03AF8AFF291
:10015000090EBAE80F0013F0010F18BFFB1A43F0A5
:100160000103184704D5000024D50000103A24BF2D
:1001700078C878C1FAD8520724BF30C830C144BF0C
:1001800004680C607047000000230024002500264E
:10019000103A28BF78C1FBD8520728BF30C148BFEA
:1001A0000B60704764290AF0BD8778290AF0F6874A
:1001B00073290BF03A81002070471FB51FBD10B5A1
:1001C00010BD0BF04DF91146FFF7F7FF00F08FFC63
:1001D0000BF06BF903B4FFF7F2FF03BC08F06AFC05
:1001E00070B5D2B0C82103A80BF06CF84FF6FF70C1
:1001F00001F061FD4FF47840FA490880FAA0182117
:100200000B46C822CDE900102821642005F0D4FB5C
:100210000020F449088005F00AFC05F0C4FCF5490B
:1002200008700846007868B9F3A00AF031FFF6A01C
:1002300010210B46C822CDE900106421282005F0CA
:10024000BBFB0CE0F6A00AF023FFF9A010210B463F
:10025000C822CDE900106421282005F0ADFB05F08F
:1002600007FEE44908700846007868B9F5A00AF06E
:100270000FFFF8A010210B46C822CDE90010822103
:10028000282005F099FB0CE0F8A00AF001FFFBA084
:1002900010210B46C822CDE900108221282005F04C
:1002A0008BFB48A9002005F0E7FE05F0B0FF05F044
:1002B000AEFFD04908700846007868B9F5A00AF08A
:1002C000E7FEF9A010210B46C822CDE90010A021BD
:1002D000282005F071FB0CE0FAA00AF0D9FEFEA080
:1002E00010210B46C822CDE90010A021282005F0DE
:1002F00063FB1F20BB490880FEA010210B46C822CB
:10030000CDE90010BE21282005F056FB00251CE099
:1003100008F02DFA06460020102103233246CDE9CD
:100320000010BE21782005F0D9FA4FF4FA7008F0D9
:1003300094FB33462A46F2A1F4480AF0B5FEF3498D
:1003400003A80AF0B3FF681CC5B2142DE0DD03A9B1
:10035000EFA00AF09DFE35AAEFA138A807F0DCFA5D
:10036000002874D1EFA010210B46C822CDE900105F
:10037000DC21282005F020FB38A9F0A00AF088FE37
:1003800038AAF2A1E1480AF08FFEE04810210B469E
:100390004FF49672CDE90010FA21282005F00CFBED
:1003A000EEA040990AF074FEF1A1D848409A0AF0F4
:1003B0007BFED64810210B464FF49672CDE9001013
:1003C0004FF48C71282005F0F7FA08F093F803AA8F
:1003D000C82138A807F0E6FE0446002C23D0E8A088
:1003E0000AF056FEEAA010210B46C822CDE9001003
:1003F0004FF49B71282005F0DFFA2146EAA00AF0AD
:1004000047FE2246EEA1C1480AF04EFEBF48102129
:100410000B464FF49672CDE900104FF4AA712820D4
:1004200005F0CAFA0EE0ECA00AF032FEEEA01021B0
:100430000B464FF49672CDE900104FF49B712820C3
:1004400005F0BAFA38A808F048F80DE0FFE7EBA08D
:100450000AF01EFEEFA010210B46C822CDE90010C5
:10046000DC21282005F0A8FA08F044F80BE0002071
:1004700008F030F920B14FF6FF7001F01CFC03E0EA
:100480000A2008F0EAFAF2E752B070BD00B5A5B054
:10049000202103A80AF016FF4FF6FF7001F00BFCB5
:1004A0004FF478404F490880E0A018210B46C8223D
:1004B000CDE900102821642005F07EFA002049498A
:1004C000088005F0B4FA05F06EFB4A49087008464A
:1004D000007868B948A00AF0DBFD4BA010210B465C
:1004E000C822CDE900106421282005F065FA0CE04F
:1004F0004BA00AF0CDFD4EA010210B46C822CDE93D
:1005000000106421282005F057FA05F0B1FC3949A4
:1005100008700846007868B94AA00AF0B9FD4DA0F5
:1005200010210B46C822CDE900108221282005F0B9
:1005300043FA0CE04DA00AF0ABFD50A010210B4691
:10054000C822CDE900108221282005F035FA1BA928
:10055000002005F091FD05F05AFE05F058FE2549F2
:1005600008700846007868B94AA00AF091FD4EA0CC
:1005700010210B46C822CDE90010A021282005F04B
:100580001BFA0DE04FA00AF083FD53A010210B468B
:100590004FF49672CDE90010A021282005F00CFA46
:1005A00001230022A4A10BA806F053FF11490870F3
:1005B00008460078002813D1A2A00AF069FDA5A082
:1005C00010210B464FF49672CDE90010BE21282071
:1005D00005F0F2F90BA959A00AF05AFD0BAA47E160
:1005E00088E1000022000020575249544520544120
:1005F000534B0000080000204348333735B3F5CA99
:10060000BCBBAFB3C9B9A600434833373520496EE8
:1006100069743A20205375636365737300000000AA
:100620004348333735B3F5CABCBBAFCAA7B0DC000B
:10063000434833373520496E69743A202066616932
:100640006C65640055C5CCB3F5CABCBBAFB3C9B9C2
:10065000A6000000555F6469736820496E69743AAA
:1006600020205375636365737300000055C5CCB3D8
:10067000F5CABCBBAFCAA7B0DC000000555F646917
:10068000736820496E69743A20204661696C65641C
:1006900000000000CEC4BCFECFB5CDB3B3F5CABCDC
:1006A000BBAFB3C9B9A60A007A6E4641545F496E22
:1006B000697420496E69743A2020537563636573C9
:1006C00073000000CEC4BCFECFB5CDB3B3F5CABC39
:1006D000BBAFCAA7B0DC0A007A6E4641545F496ED0
:1006E000697420496E69743A20204661696C6564BA
:1006F000000000004C53454E535F56414C3A0000F9
:1007000025643A202025640D00000000DC00002054
:10071000746578743A2573002F6164632E7478745D
:10072000000000004372656174652046696C653A9B
:10073000202053756363657373000000CEC4BCFE54
:10074000C3FBCEAA3A25730D0A00000046696C650A
:10075000206E616D653A202025730000CEC4BCFE7A
:10076000B4F3D0A13A2564286279746573290A002C
:1007700046696C652053697A653A202025644200F9
:10078000D0B4C8EBCAFDBEDDB3C9B9A60A000000EB
:10079000577269746520446174613A20205375630F
:1007A0006365737300000000D0B4C8EBCAFDBEDD02
:1007B000B4F3D0A13A2564286279746573290A00DC
:1007C00057726974652044617461204C656E67746A
:1007D000683A202025644200D0B4C8EBCAFDBEDDD3
:1007E000CAA7B0DC0A000000577269746520446132
:1007F00074613A20204661696C6564006661696CC9
:1008000020746F206372656174652066696C652E63
:100810000A0000004372656174652046696C653AA0
:1008200020204661696C6564000000005245414427
:10083000205441534B0000002F74696D652E74786D
:1008400074000000B4F2BFAACEC4BCFEB3C9B9A6FE
:100850000D0A000046696C65206F70656E65642046
:100860007375636365737366756C6C790000000063
:10087000AFF22811AE480AF017FCAD4810210B4624
:100880004FF49672CDE90010DC21282005F094F891
:1008900003AB122200210BA805F0F7FEAFF24410C3
:1008A00013990AF0F5FBAFF23811A148139A0AF038
:1008B000FBFB9F4810210B464FF49672CDE90010C8
:1008C000FA21282005F078F803A99AA00AF0E0FBA5
:1008D00003AA9CA196480AF0E7FB954810210B4615
:1008E0004FF49672CDE900104FF48C71282005F07A
:1008F00063F80DE097A00AF0CBFB9AA010210B46FD
:100900004FF49672CDE90010BE21282005F054F86E
:100910000BA807F0E2FD07F0EDFD0BE0002007F06B
:10092000D9FE20B14FF6FF7001F0C5F903E00A20AF
:1009300008F093F8F2E725B000BD00B58BB005F0E4
:1009400076F805F030F98C4908700846007820B92F
:10095000AFF25C300AF09CFB03E0AFF23C300AF0EF
:1009600097FB012005F080F805F0F0F88249087047
:100970000846017881A00AF08BFB7F48027884A1A9
:100980006B480AF091FB05F073FA7B490870084642
:10099000007820B9AFF254300AF07AFB04E0AFF2ED
:1009A00034300AF075FB3EE001A9002005F064FB3D
:1009B00005F02DFC7BA002990AF06AFB7DA001994D
:1009C0000AF066FB81A003990AF062FB85A00499F6
:1009D0000AF05EFB89A005990AF05AFB8CA00699E3
:1009E0000AF056FB91A007990AF052FB96A00999CC
:1009F0000AF04EFB059A09985043039A5043810A26
:100A000097A00AF045FB07F075FD0BE0002007F00A
:100A100061FE20B14FF6FF7001F04DF903E00A20AE
:100A200008F01BF8F2E70BB000BD1CB54FF478409E
:100A30009049088090A018210B46F022CDE90010C3
:100A40005021282004F0B8FF00208A49088090A097
:100A500010210B46F022CDE90010AA213C2004F021
:100A6000ABFF91A010210B46F022CDE90010C82168
:100A70003C2004F0A1FF92A010210B46F022CDE90A
:100A80000010E6213C2004F097FF94A010210B46B3
:100A9000F022CDE900104FF482713C2004F08CFF6D
:100AA0009248006814309149086008460068B0F523
:100AB000803F01D3002008608C4800886D49088081
:100AC0004FF490734FF48772A021322004F0BFFDE1
:100AD0001CBD10B507F084FF4FF4A06008F0AAF821
:100AE0004FF4E13007F0F4FF00F002FA10BDFFF719
:100AF000F0FFFFF722FF19E0FFF797FF002000F05B
:100B000011FA7B49087008460078012806D00228AF
:100B100007D0032808D1FFF710FF06E0FFF7B6FC67
:100B200003E0FFF75DFB00E000BF00BFE4E700006B
:100B3000DC000020CEC4BCFEC4DAC8DD3A25730D4B
:100B40000A000000436F6E74656E743A20202573AE
:100B500000000000B4F2BFAACEC4BCFECAA7B0DC3D
:100B60000A0000004661696C20746F206F70656E2A
:100B70002066696C65000000080000204348333798
:100B80003520B0E6B1BE3A305825780D0A00000095
:100B9000434833373520566973696F6E3A202030E9
:100BA0005825780055C5CCC8DDC1BF3A256C644BCB
:100BB000420D0A0055C5CCD2FDB5BCC9C8C7F8BAAC
:100BC000C53A256C644B420D0A00000055C5CCC3E4
:100BD000BFB8F6C9C8C7F8B4F3D0A13A256C6442CF
:100BE0000D0A000055C5CC464154B1EDD5BCC9C86D
:100BF000C7F8CAFD3A256C640D0A000055C5CCC380
:100C0000BFB4D8C9C8C7F8CAFD3A256C640D0A003C
:100C100055C5CCCAD7B8F6464154B1EDCBF9D4DAB4
:100C2000C9C8C7F83A256C640D0A000055C5CCCA7E
:100C3000D7B8F6C4BFC2BCCBF9D4DAC9C8C7F83A32
:100C4000256C640D0A00000055C5CCBFD5CFD0B4CB
:100C5000D8B5C4CAFDC1BF3A256C640D0A000000B6
:100C600055C5CCBFC9D3C3C8DDC1BF3A256C644BE1
:100C7000420D0A0022000020554469736B20436F27
:100C80006E74726F6C2053797374656D0000000090
:100C9000574B55503A2020496E697469616C697AE6
:100CA0006174696F6E0000004B4559303A20205244
:100CB00065616420496E666F726D6174696F6E0064
:100CC0004B4559313A2020577269746520496E6648
:100CD0006F726D6174696F6E000000005450414482
:100CE0003A202052657475726E00000004000020E6
:100CF00000000020704700BFFEE700BFFEE700BF16
:100D0000FEE700BFFEE7704770477047704700007E
:100D10000CB50020019000906C48006840F48030D1
:100D20006A49086000BF6948006800F4003000901C
:100D30000198401C0190009818B90198B0F5A06F77
:100D4000F1D16248006800F4003010B10120009039
:100D500001E0002000900098012843D15C48006821
:100D600040F010005A4908600846006820F003006F
:100D700008600846006840F0020008605348406878
:100D8000524948600846406848600846406840F458
:100D9000806048600846406820F47C10486008463F
:100DA000406840F4E81048600846006840F08070F1
:100DB000086000BF4548006800F000700028F9D0C6
:100DC0004248406820F003004049486008464068B7
:100DD00040F00200486000BF3C48406800F00C0052
:100DE0000828F9D10CBD10B5FFF792FF10BD10B562
:100DF0003648006840F00100344908600846406801
:100E00003449084031494860084600683249084082
:100E10002E4908600846006820F4802008600846D3
:100E2000406820F4FE0048604FF41F008860FFF720
:100E3000DAFF4FF000602949086010BD10B50021AD
:100E400000200022214B5B6803F00C0121B1042932
:100E500006D0082928D107E0214B224C236027E047
:100E60001F4B204C236023E0184B5B6803F4701089
:100E7000164B5B6803F48032022303EB904022B9E7
:100E8000194B4343174C23600DE0104B5B6803F490
:100E9000003323B1144B4343124C236003E0104B47
:100EA0004343104C236003E00D4B0E4C236000BF06
:100EB00000BF064B5B68C3F303130C4CE15C094BAA
:100EC0001B68CB40074C236010BD0000001002409F
:100ED000002002400000FFF8FFFFF6FE08ED00E0F2
:100EE00000127A000C00002000093D0010000020D4
:100EF00008B50121442008F02DFD1820ADF80000B0
:100F000048208DF8030069462C4808F067FA012054
:100F1000ADF8000028208DF803006946284808F045
:100F20005DFA08BD10B5044614B1012025490870CA
:100F30002448007858B31021204808F0E2FA50B154
:100F400008211E4808F0DDFA28B101211C4808F0EC
:100F5000D8FA01281BD10A2007F07FFD002019498B
:100F600008701021154808F0CCFA08B9012010BD0E
:100F70000821124808F0C5FA08B90220F7E7012154
:100F80000F4808F0BEFA012815D10320EFE7102121
:100F90000A4808F0B6FA01280DD10821074808F0E0
:100FA000B0FA012807D10121054808F0AAFA10B9C2
:100FB0000120044908700020D9E700000018014012
:100FC0000008014020000020F74908807047F649DA
:100FD000891C0880704708B5F348801C0088009081
:100FE000BDF8000008BDF04A1080921C11807047C7
:100FF00010B504462046FFF7E7FF052007F009FD7E
:10100000FFF7E9FF10BDE9480089E749088070470C
:10101000E549891C0880704730B5014601F01F047E
:10102000C1F34513CA0AE50205EB43151544A8B2FE
:1010300030BD00BF011EA0F10102D0B2FAD170474D
:1010400010B503460C46D948808849F241318842A0
:1010500005D0D648808845F21031884214D1D34952
:101060004889FFF7B1FF1812FFF7B1FFD8B2FFF7B9
:10107000AEFFCE498889FFF7A7FF2012FFF7A7FF31
:10108000E0B2FFF7A4FFABE0C848808846F6040151
:1010900088421DD1C5488079012804D1C348008801
:1010A000401EC01A83B2C1494889FFF78DFF18124C
:1010B000FFF78DFFD8B2FFF78AFFBC498889FFF799
:1010C00083FF2012FFF783FFE0B2FFF780FF87E086
:1010D000B648808841F66311884247D1B348807989
:1010E000A8B9B2480088401EC01A83B2AF494889E7
:1010F000FFF76AFF0020FFF76AFF0020FFF767FF96
:101100001812FFF764FFD8B2FFF761FF16E0A74996
:101110004889FFF759FF1812FFF759FFD8B2FFF7B8
:1011200056FFA2490988491EC1F30F20FFF74FFF60
:101130009E490978491EC8B2FFF749FF9B49888933
:10114000FFF742FF2012FFF742FFE0B2FFF73FFF39
:1011500096494988491EC1F30F20FFF738FF93498C
:101160008978491EC8B2FFF732FF39E08F4880887E
:1011700045F21051884220D18C494889FFF724FF5D
:101180001812FFF724FF89494989491C88B2FFF7E3
:101190001BFFD8B2FFF71BFF84498889FFF714FFB4
:1011A0002012FFF714FF81498989491C88B2FFF793
:1011B0000BFFE0B2FFF70BFF12E07C4880790128BB
:1011C00004D17A480088401EC01A83B27749488902
:1011D0001946FFF708FF754988892146FFF703FF85
:1011E00010BD2DE9F04105460E4600240027A0461B
:1011F0006E480088A84203DD6C484088B04202DC9B
:101200000020BDE8F08131462846FFF719FF674806
:10121000808849F24131884211D06448808846F67E
:10122000040188420BD06148808845F21031884221
:1012300005D05E48808841F66311884203D12E2094
:10124000FFF7C2FE0DE05948808845F210518842F0
:1012500004D14FF43850FFF7B7FE02E02220FFF729
:10126000B3FE5248808849F22031884202D10220E0
:10127000FFF7DFFEFFF7AFFE04464C48808841F6DB
:101280006311884201D12046BBE70220FFF7D1FE5F
:10129000FFF7A1FE04464548808849F24131884263
:1012A0000BD04248808845F21031884205D03F4833
:1012B000808845F2105188420AD10220FFF7B9FE1A
:1012C000FFF789FE8046E7B24FF6FF7000EA072776
:1012D0003648808849F22531884216D033488088C4
:1012E00044F23551884210D030488088091F884226
:1012F0000BD02E4880884BF20551884205D02B48F0
:1013000080884CF20551884201D1204679E7274870
:10131000808849F2413188420BD02448808845F2C8
:101320001031884205D02148808845F2105188420A
:1013300007D1E012C002B91240EA411040EAE820A9
:101340005FE72046FFF768FE5BE700B51748808837
:1013500049F24131884211D01448808846F6040190
:1013600088420BD01148808845F21031884205D060
:101370000E48808841F66311884203D12920FFF787
:1013800023FE0FE00948808845F21051884204D1BD
:101390004FF42450FFF718FE04E040F273110720C9
:1013A000FFF721FE00BD0000FE07006CFA000020E0
:1013B00000B5FD48808849F24131884211D0FA4891
:1013C000808846F6040188420BD0F748808845F2B1
:1013D0001031884205D0F448808841F66311884274
:1013E00003D12820FFF7F0FD0EE0EF48808845F29A
:1013F0001051884204D14FF42050FFF7E5FD03E07F
:1014000000210720FFF7EFFD00BD70B50446002363
:101410000026E548807901280BD1E348808846F60C
:101420000401884205D0E048808841F66311884273
:1014300008D1DD488079F0B9DB48808841F6631136
:10144000884218D1082C15D2DFE804F00406080AF7
:101450000C0E101206240DE007240BE0042409E012
:10146000052407E0012405E0002403E0032401E053
:10147000022400BF00BFCC48808849F24131884235
:1014800017D0C948808846F60401884211D0C64862
:10149000808845F2103188420BD0C348808845F2DD
:1014A0001051884205D0C048808841F663118842B7
:1014B0007ED1082C1CD2DFE804F00406090C0F12C0
:1014C000151800BF14E043F0800311E043F040031F
:1014D0000EE043F0C0030BE043F0200308E043F0CC
:1014E000600305E043F0A00302E043F0E00300BF27
:1014F00000BFAD48808845F21051884202D14FF4B8
:10150000585600E03626A848808845F210318842B7
:101510000DD0A548808845F21051884207D0A248D6
:10152000808841F66311884201D043F008039E4849
:10153000808846F60401884201D143F0020319462F
:101540003046FFF750FD9848808841F66311884285
:101550001DD003F0200068B1934800889249498863
:10156000884214DA9048058840888F4908800846E8
:1015700045800CE08C4800888B494988884206DD0C
:1015800089480588408888490880084645808648FB
:10159000808845F21051884254D183494889FFF729
:1015A00013FD0020FFF713FD7F494989491C00E026
:1015B00077E088B2FFF708FD0020FFF708FD7A49C1
:1015C0004989891C88B2FFF7FFFC77490988491EC1
:1015D000C1F30F20FFF7FBFC73494989C91C88B28E
:1015E000FFF7F2FC70490978491EC8B2FFF7EFFC1B
:1015F0006D498889FFF7E8FC0020FFF7E8FC6A499D
:101600008989491C88B2FFF7DFFC0020FFF7DFFC67
:1016100065498989891C88B2FFF7D6FC62494988E7
:10162000491EC1F30F20FFF7D2FC5F498989C91C0D
:1016300088B2FFF7C9FC5C498978491EC8B2FFF738
:10164000C6FC55E058494889FFF7BEFC0020FFF76B
:10165000BEFC0020FFF7BBFC53490988491EC1F3BB
:101660000F20FFF7B4FC50490978491EC8B2FFF7B4
:10167000AEFC4D498889FFF7A7FC0020FFF7A7FCC7
:101680000020FFF7A4FC48494988491EC1F30F20F8
:10169000FFF79DFC44498978491EC8B2FFF797FCC3
:1016A00026E0082C1CD2DFE804F004070A0D0F1214
:1016B000151843F0300313E043F0100310E043F03B
:1016C00020030DE000BF0BE043F0380308E043F0D7
:1016D000280305E043F0180302E043F0080300BFCD
:1016E00000BF032643F4805319463046FFF77BFCC6
:1016F00070BD30B504460D4629462046FFF7A0FCD4
:10170000FFF781FC294800882949088030BD30B5A1
:1017100003460C4615462448808849F241318842E8
:1017200005D02148808845F21031884214D11E49E5
:101730004889FFF749FC1812FFF749FCD8B2FFF7B8
:1017400046FC19498889FFF73FFC2012FFF73FFC50
:10175000E0B2FFF73CFC93E01348808845F210515B
:10176000884227D110494889FFF72EFC1812FFF74D
:101770002EFC0D494989491C88B2FFF725FCD8B2D7
:10178000FFF725FC08498889FFF71EFC2012FFF7A8
:101790001EFC05498989491C88B2FFF715FCE0B297
:1017A000FFF715FC6CE00000FA000020220000208A
:1017B0000008006CFC48808841F66311884228D1FB
:1017C000F948807920B9F8480088401EC01A83B2D1
:1017D000F5494889FFF7F8FB1812FFF7F8FBD8B274
:1017E000FFF7F5FB1812FFF7F2FBD8B2FFF7EFFB9C
:1017F000ED498889FFF7E8FB2012FFF7E8FBE0B22C
:10180000FFF7E5FB2012FFF7E2FBE0B2FFF7DFFB9B
:1018100036E0E548808846F6040188421DD1E2485A
:101820008079012804D1E0480088401EC01A83B2A4
:10183000DD494889FFF7C8FB1812FFF7C8FBD8B28B
:10184000FFF7C5FBD8498889FFF7BEFB2012FFF7D9
:10185000BEFBE0B2FFF7BBFB12E0D3488079012862
:1018600004D1D1480088401EC01A83B2CE494889AD
:101870001946FFF7B8FBCC4988892146FFF7B3FB2F
:10188000C9480089C9490880881C058030BD2DE9F8
:10189000F0470446BE20FFF797FB0520FFF797FBB4
:1018A00020460AF06CF807464FF06632C04B0AF04B
:1018B00079F805460AF036F81FFA80F94846FFF72E
:1018C00086FB0120FFF783FBFF20FFF780FB002052
:1018D000FFF77DFB0020FFF77AFBBDE8F08710B52E
:1018E0000446002C66D1B0498871F02008804FF47E
:1018F000A07048800846808849F2413188420BD068
:10190000A948808846F60401884205D0A648808808
:1019100045F2103188421AD12C20A34908812A208F
:1019200048812B2088810846808846F60401884239
:1019300005D09D48808845F21031884206D14FF489
:10194000A070994908804FF4F0704880A1E0964853
:10195000808845F21051884210D14FF4305092499E
:1019600008814FF4285048814FF42C5088814FF45F
:10197000F07008804FF4487048808AE08A48808878
:1019800041F6631188420DD12C20874908812B2014
:1019900048812A2088814FF4F07008804FF4487005
:1019A000488076E02220804908812020488121203B
:1019B00088816EE001207C4988714FF4A070088016
:1019C000F02048800846808849F24131884205D09D
:1019D0007548808845F21031884207D12C20724921
:1019E00008812A2048812B2088813FE06E4880882A
:1019F00046F60401884207D12C206B4908812B2030
:101A000048812A20888131E06748808845F210515A
:101A1000884210D14FF43050634908814FF4285068
:101A200048814FF42C5088814FF4487008804FF45F
:101A3000F07048801AE05C48808841F66311884263
:101A40000DD12C20584908812A2048812B208881DB
:101A50004FF4487008804FF4F070488006E0222070
:101A60005149088121204881202088814E48808862
:101A700046F60401884205D04B48808845F2103173
:101A8000884206D14FF4F070474908804FF4A070A7
:101A900048800020FFF7B9FC10BD2DE9F04F86B05B
:101AA00004460D469046994604EB0800401E86B257
:101AB00005EB0900401E87B23B48808849F241315E
:101AC000884215D03848808845F2103188420FD0BE
:101AD0003548808846F60401884209D0324880792A
:101AE000012826D13048808841F66311884220D1F0
:101AF0002D494889FFF768FA2012FFF768FAE0B22B
:101B0000FFF765FA3012FFF762FAF0B2FFF75FFAFB
:101B100025498889FFF758FA2812FFF758FAE8B2E2
:101B2000FFF755FA3812FFF752FAF8B2FFF74FFAFB
:101B3000BEE01D48808841F6631188423AD11A48B8
:101B40000088A0EB0800001B84B205EB0900401ED2
:101B50001FFA80F914494889FFF736FA2012FFF777
:101B600036FAE0B2FFF733FA04EB0801491EC1F37D
:101B70000F20FFF72CFA04EB0801491EC8B2FFF74B
:101B800026FA09498889FFF71FFA2812FFF71FFA7A
:101B9000E8B2FFF71CFA4FEA2920FFF718FA09F01C
:101BA000FF00FFF714FA83E0FA000020FE07006C44
:101BB00066660440FE48808845F21051884244D150
:101BC000FB494889FFF700FA2012FFF700FAF849AD
:101BD0004989491C88B2FFF7F7F9E0B2FFF7F7F936
:101BE000F3494989891C88B2FFF7EEF93012FFF7F3
:101BF000EEF9EF494989C91C88B2FFF7E5F9F0B25F
:101C0000FFF7E5F9EA498889FFF7DEF92812FFF7BF
:101C1000DEF9E7498989491C88B2FFF7D5F9E8B2AE
:101C2000FFF7D5F9E2498989891C88B2FFF7CCF919
:101C30003812FFF7CCF9DE498989C91C88B2FFF751
:101C4000C3F9F8B2FFF7C3F932E0D9488079012827
:101C50000ED1AA46BB46D6480088801B401E80B2E3
:101C60000190D3480088001B401E80B2009003E022
:101C7000A246B3460195009750200590512004904C
:101C8000522003905320029051460598FFF7ABF97C
:101C900059460498FFF7A7F901990398FFF7A3F9AC
:101CA00000990298FFF79FF929462046FFF7C8F9E7
:101CB00006B0BDE8F08F70B504460026BC48058824
:101CC00040884543BA48808846F60401884216D1C8
:101CD000B7488079012812D10020B54988712A209F
:101CE00048812B20888100210846FFF7A9F90120AF
:101CF000AF4988712B2048812A20888103E0002188
:101D00000846FFF79DF9FFF77EF9002602E0A94893
:101D10000480761CAE42FAD370BD00B59FB001219D
:101D2000080207F00AFE01214FF4B47007F012FE1A
:101D30000120ADF8780010208DF87B0003208DF88D
:101D40007A001EA99C4807F049FB4CF23370ADF8AD
:101D5000780018208DF87B0003208DF87A001EA9EA
:101D6000964807F03BFB4FF68070ADF878001820DE
:101D70008DF87B0003208DF87A001EA9904807F0AB
:101D80002DFB41F20100ADF8780018208DF87B00A2
:101D900003208DF87A001EA98A4807F01FFB012056
:101DA0000890002009900F200A9000200B900C90C2
:101DB0000D900E900190029003200390002004905B
:101DC00005900690079006200F900020109011902B
:101DD00010201290002013901590149016901790D8
:101DE0004FF480501890002019904FF480401A90C2
:101DF00000201B9008A81C9001A81D900FA806F0B9
:101E0000D3FF0121062007F037F9322006F025FE26
:101E10000020FFF7EDF86649888008468088FF2893
:101E20000ADB084680884FF6FF71884204D060487C
:101E30008088B0F5134F7CD1D320FFF7C5F8FFF7AA
:101E4000CAF85B498880FFF7C6F859498880FFF7D0
:101E5000C2F857498880084680884FF6FF7101EA2A
:101E6000002053498880FFF7B6F851498988084314
:101E70004F4988800846808849F24131884258D0CD
:101E8000BF20FFF7A1F8FFF7A6F849498880FFF7C0
:101E9000A2F847498880FFF79EF845498880FFF7F8
:101EA0009AF843498880084680884FF6FF7101EA16
:101EB00000203F498880FFF78EF83D498988084314
:101EC0003B4988800846808846F60401884230D025
:101ED000D420FFF779F8FFF77EF835498880FFF7BF
:101EE0007AF833498880FFF776F8314988800846C8
:101EF00080884FF6FF7101EA00202D498880FFF7A6
:101F00006AF82B49898808432949888008468088CF
:101F100045F21031884263D04FF45A40FFF754F82D
:101F2000FFF759F8224988804FF45B40FFF74CF8DF
:101F300000E055E0FFF74FF81D498880084680888B
:101F40004FF6FF7101EA0020194988804FF45C4088
:101F5000FFF73AF8FFF73FF8154989880843144915
:101F6000888008468088B0F5004F02D145F21050B5
:101F700088800F48808845F21051884230D0A120D7
:101F8000FFF722F8FFF727F809498880FFF723F8C1
:101F900007498880084680884FF6FF7101EA0020D3
:101FA00003498880FFF717F80149898808430BE047
:101FB000FA0000200008006C000C014000140140F1
:101FC0000018014000200140FE49888008468088B2
:101FD00045F26171884203D141F66310F949888066
:101FE000F8488188F8A009F053F8F648808849F24B
:101FF000413188427ED1CF20FEF7E6FF0020FEF778
:10200000E6FFC120FEF7E3FF3020FEF7E0FFED2002
:10201000FEF7DAFF6420FEF7DAFF0320FEF7D7FFB2
:102020001220FEF7D4FF8120FEF7D1FFE820FEF753
:10203000CBFF8520FEF7CBFF1020FEF7C8FF7A20EC
:10204000FEF7C5FFCB20FEF7BFFF3920FEF7BFFF2D
:102050002C20FEF7BCFF0020FEF7B9FF3420FEF76E
:10206000B6FF0220FEF7B3FFF720FEF7ADFF2020FA
:10207000FEF7ADFFEA20FEF7A7FF0020FEF7A7FF5F
:102080000020FEF7A4FFC020FEF79EFF1B20FEF7F6
:102090009EFFC120FEF798FF0120FEF798FFC520A4
:1020A000FEF792FF3020FEF792FF3020FEF78FFF01
:1020B000C720FEF789FFB720FEF789FF3620FEF71D
:1020C00083FF4820FEF783FF3A20FEF77DFF55206F
:1020D000FEF77DFFB120FEF777FF0020FEF777FFC8
:1020E0001A20FEF774FFB620FEF76EFF0A20FEF7F7
:1020F0006EFF00E097E0A220FEF769FFF220FEF7F6
:1021000063FF0020FEF763FF2620FEF75DFF01203E
:10211000FEF75DFFE020FEF757FF0F20FEF757FFA9
:102120002A20FEF754FF2820FEF751FF0820FEF773
:102130004EFF0E20FEF74BFF0820FEF748FF54200D
:10214000FEF745FFA920FEF742FF4320FEF73FFFC1
:102150000A20FEF73CFF0F20FEF739FF0020FEF7B4
:1021600036FF0020FEF733FF0020FEF730FF00208F
:10217000FEF72DFFE120FEF727FF0020FEF727FFE7
:102180001520FEF724FF1720FEF721FF0720FEF79A
:102190001EFF1120FEF71BFF0620FEF718FF2B2065
:1021A000FEF715FF5620FEF712FF3C20FEF70FFF4B
:1021B0000520FEF70CFF1020FEF709FF0F20FEF7A9
:1021C00006FF3F20FEF703FF3F20FEF700FF0F2032
:1021D000FEF7FDFE2B20FEF7F7FE0020FEF7F7FED0
:1021E0000020FEF7F4FE0120FEF7F1FE3F20FEF78F
:1021F000EEFE2A20FEF7E8FE0020FEF7E8FE0020B3
:10220000FEF7E5FE0020FEF7E2FEEF20FEF7DFFE20
:102210001120FEF7D9FE782006F01FFC2920FEF7DA
:10222000D3FE03F022B96748808846F6040188424D
:102230007ED11120FEF7C8FE142006F00EFCD0203F
:10224000FEF7C2FE0720FEF7C2FE4220FEF7BFFEE9
:102250001D20FEF7BCFED120FEF7B6FE0020FEF7E3
:10226000B6FE1A20FEF7B3FE0920FEF7B0FED2201C
:10227000FEF7AAFE0120FEF7AAFE2220FEF7A7FE27
:10228000C020FEF7A1FE1020FEF7A1FE3B20FEF7C6
:102290009EFE0020FEF79BFE0220FEF798FE112016
:1022A000FEF795FEC520FEF78FFE0320FEF78FFE9A
:1022B000C820FEF789FE0020FEF789FE2520FEF7E4
:1022C00086FE2120FEF783FE0520FEF780FE00201B
:1022D000FEF77DFE0A20FEF77AFE6520FEF777FE08
:1022E0002520FEF774FE7720FEF771FE5020FEF7E2
:1022F0006EFE0F20FEF76BFE0020FEF768FEF82052
:10230000FEF762FE0120FEF762FEFE20FEF75CFE95
:102310000020FEF75CFE0220FEF759FE2020FEF7AB
:1023200053FE3620FEF750FE0820FEF750FE00E078
:102330002AE03A20FEF748FE5520FEF748FE2B2003
:10234000FEF742FE0020FEF742FE0020FEF73FFEB1
:102350000120FEF73CFE3F20FEF739FE2A20FEF763
:1023600033FE0020FEF733FE0020FEF730FE012092
:10237000FEF72DFEDF20FEF72AFE782006F06DFB2B
:102380002920FEF721FE4CE70E48808845F21031E7
:10239000884240F08487ED20FEF716FE0120FEF70C
:1023A00016FEFE20FEF713FEEE20FEF70DFEDE20E9
:1023B000FEF70DFE2120FEF70AFEF120FEF704FED7
:1023C000012009E0FA000020204C43442049443A0F
:1023D00025780D0A00000000FEF7F9FDDF20FEF76A
:1023E000F3FD1020FEF7F3FDC420FEF7EDFD8F2076
:1023F000FEF7EDFDC620FEF7E7FD0020FEF7E7FD46
:10240000E220FEF7E4FDE220FEF7E1FDE220FEF728
:10241000DEFDBF20FEF7D8FDAA20FEF7D8FDB020D4
:10242000FEF7D2FD0D20FEF7D2FD0020FEF7CFFD16
:102430000D20FEF7CCFD0020FEF7C9FD1120FEF7B0
:10244000C6FD0020FEF7C3FD1920FEF7C0FD0020E9
:10245000FEF7BDFD2120FEF7BAFD0020FEF7B7FD17
:102460002D20FEF7B4FD0020FEF7B1FD3D20FEF764
:10247000AEFD0020FEF7ABFD5D20FEF7A8FD0020BD
:10248000FEF7A5FD5D20FEF7A2FD0020FEF79FFDF3
:10249000B120FEF799FD8020FEF799FD0020FEF7A0
:1024A00096FD8B20FEF793FD0020FEF790FD962011
:1024B000FEF78DFD0020FEF78AFDB220FEF784FDB9
:1024C0000020FEF784FD0020FEF781FD0220FEF7CC
:1024D0007EFD0020FEF77BFD0320FEF778FD002047
:1024E000FEF775FDB320FEF76FFD0020FEF76FFDD0
:1024F0000020FEF76CFD0020FEF769FD0020FEF7CE
:1025000066FD0020FEF763FD0020FEF760FD002061
:10251000FEF75DFD0020FEF75AFD0020FEF757FD97
:102520000020FEF754FD0020FEF751FD0020FEF7CD
:102530004EFD0020FEF74BFD0020FEF748FD002079
:10254000FEF745FD0020FEF742FD0020FEF73FFDAF
:102550000020FEF73CFD0020FEF739FD0020FEF7CD
:1025600036FD0020FEF733FD0020FEF730FD002091
:10257000FEF72DFD0020FEF72AFDB420FEF724FD16
:102580008B20FEF724FD0020FEF721FD9620FEF7AC
:102590001EFD0020FEF71BFDA120FEF718FD002008
:1025A000FEF715FDB520FEF70FFD0220FEF70FFD2B
:1025B0000020FEF70CFD0320FEF709FD0020FEF7CA
:1025C00006FD0420FEF703FD0020FEF700FDB62007
:1025D000FEF7FAFC0020FEF7FAFC0020FEF7F7FCFD
:1025E000B720FEF7F1FC0020FEF7F1FC0020FEF71B
:1025F000EEFC3F20FEF7EBFC0020FEF7E8FC5E203F
:10260000FEF7E5FC0020FEF7E2FC6420FEF7DFFCAD
:102610000020FEF7DCFC8C20FEF7D9FC0020FEF742
:10262000D6FCAC20FEF7D3FC0020FEF7D0FCDC206B
:10263000FEF7CDFC0020FEF7CAFC7020FEF7C7FCB9
:102640000020FEF7C4FC9020FEF7C1FC0020FEF73E
:10265000BEFCEB20FEF7BBFC0020FEF7B8FCDC2044
:10266000FEF7B5FC0020FEF7B2FCB820FEF7ACFC8C
:102670000020FEF7ACFC0020FEF7A9FC0020FEF7CE
:10268000A6FC0020FEF7A3FC0020FEF7A0FC002023
:10269000FEF79DFC0020FEF79AFC0020FEF797FC59
:1026A000BA20FEF791FC2420FEF791FC0020FEF7F3
:1026B0008EFC0020FEF78BFC0020FEF788FCC1207A
:1026C000FEF782FC2020FEF782FC0020FEF77FFC54
:1026D0005420FEF77CFC0020FEF779FCFF20FEF77B
:1026E00076FC0020FEF773FCC220FEF76DFC0A208A
:1026F000FEF76DFC0020FEF76AFC0420FEF767FC85
:102700000020FEF764FCC320FEF75EFC3C20FEF7D1
:102710005EFC0020FEF75BFC3A20FEF758FC002030
:10272000FEF755FC3920FEF752FC0020FEF74FFC67
:102730003720FEF74CFC0020FEF749FC3C20FEF75A
:1027400046FC0020FEF743FC3620FEF740FC00204C
:10275000FEF73DFC3220FEF73AFC0020FEF737FC86
:102760002F20FEF734FC0020FEF731FC2C20FEF772
:102770002EFC0020FEF72BFC2920FEF728FC002071
:10278000FEF725FC2620FEF722FC0020FEF71FFCAA
:102790002420FEF71CFC0020FEF719FC2420FEF785
:1027A00016FC0020FEF713FC2320FEF710FC00208F
:1027B000FEF70DFC3C20FEF70AFC0020FEF707FCAC
:1027C0003620FEF704FC0020FEF701FC3220FEF765
:1027D000FEFB0020FEF7FBFB2F20FEF7F8FB00209E
:1027E000FEF7F5FB2C20FEF7F2FB0020FEF7EFFBD7
:1027F0002920FEF7ECFB0020FEF7E9FB2620FEF780
:10280000E6FB0020FEF7E3FB2420FEF7E0FB0020C0
:10281000FEF7DDFB2420FEF7DAFB0020FEF7D7FBF6
:102820002320FEF7D4FB0020FEF7D1FBC420FEF7E7
:10283000CBFB6220FEF7CBFB0020FEF7C8FB052098
:10284000FEF7C5FB0020FEF7C2FB8420FEF7BFFBAE
:102850000020FEF7BCFBF020FEF7B9FB0020FEF7DE
:10286000B6FB1820FEF7B3FB0020FEF7B0FBA42058
:10287000FEF7ADFB0020FEF7AAFB1820FEF7A7FB32
:102880000020FEF7A4FB5020FEF7A1FB0020FEF77E
:102890009EFB0C20FEF79BFB0020FEF798FB172009
:1028A000FEF795FB0020FEF792FB9520FEF78FFBCD
:1028B0000020FEF78CFBF320FEF789FB0020FEF7DB
:1028C00086FBE620FEF783FB0020FEF780FBC52099
:1028D000FEF77AFB3220FEF77AFB0020FEF777FB4B
:1028E0004420FEF774FB0020FEF771FB6520FEF725
:1028F0006EFB0020FEF76BFB7620FEF768FB0020E6
:10290000FEF765FB8820FEF762FB0020FEF75FFB09
:10291000C620FEF759FB2020FEF759FB0020FEF7EA
:1029200056FB1720FEF753FB0020FEF750FB01205B
:10293000FEF74DFB0020FEF74AFBC720FEF744FBE5
:102940000020FEF744FB0020FEF741FB0020FEF7CD
:102950003EFB0020FEF73BFBC820FEF735FB0020C6
:10296000FEF735FB0020FEF732FB0020FEF72FFBC1
:102970000020FEF72CFBC920FEF726FB0020FEF707
:1029800026FB0020FEF723FB0020FEF720FB0020A3
:10299000FEF71DFB0020FEF71AFB0020FEF717FBD9
:1029A0000020FEF714FB0020FEF711FB0020FEF7CD
:1029B0000EFB0020FEF70BFB0020FEF708FB0020BB
:1029C000FEF705FB0020FEF702FB0020FEF7FFFAF2
:1029D0000020FEF7FCFA0020FEF7F9FAE020FEF7EF
:1029E000F3FA1620FEF7F3FA0020FEF7F0FA1C20A7
:1029F000FEF7EDFA0020FEF7EAFA2120FEF7E7FAEB
:102A00000020FEF7E4FA3620FEF7E1FA0020FEF798
:102A1000DEFA4620FEF7DBFA0020FEF7D8FA522055
:102A2000FEF7D5FA0020FEF7D2FA6420FEF7CFFABF
:102A30000020FEF7CCFA7A20FEF7C9FA0020FEF754
:102A4000C6FA8B20FEF7C3FA0020FEF7C0FA9920E1
:102A5000FEF7BDFA0020FEF7BAFAA820FEF7B7FA93
:102A60000020FEF7B4FAB920FEF7B1FA0020FEF715
:102A7000AEFAC420FEF7ABFA0020FEF7A8FACA208F
:102A8000FEF7A5FA0020FEF7A2FAD220FEF79FFA81
:102A90000020FEF79CFAD920FEF799FA0020FEF7F5
:102AA00096FAE020FEF793FA0020FEF790FAF32062
:102AB000FEF78DFA0020FEF78AFAE120FEF784FA8D
:102AC0001620FEF784FA0020FEF781FA1C20FEF79C
:102AD0007EFA0020FEF77BFA2220FEF778FA00202B
:102AE000FEF775FA3620FEF772FA0020FEF76FFA4D
:102AF0004520FEF76CFA0020FEF769FA5220FEF737
:102B000066FA0020FEF763FA6420FEF760FA002000
:102B1000FEF75DFA7A20FEF75AFA0020FEF757FA20
:102B20008B20FEF754FA0020FEF751FA9920FEF7A9
:102B30004EFA0020FEF74BFAA820FEF748FA0020D4
:102B4000FEF745FAB920FEF742FA0020FEF73FFAF9
:102B5000C420FEF73CFA0020FEF739FACA20FEF73F
:102B600036FA0020FEF733FAD220FEF730FA0020C2
:102B7000FEF72DFAD820FEF72AFA0020FEF727FAF2
:102B8000E020FEF724FA0020FEF721FAF320FEF7FA
:102B90001EFA0020FEF71BFAE220FEF715FA0520C8
:102BA000FEF715FA0020FEF712FA0B20FEF70FFAD7
:102BB0000020FEF70CFA1B20FEF709FA0020FEF7B2
:102BC00006FA3420FEF703FA0020FEF700FA44204C
:102BD000FEF7FDF90020FEF7FAF94F20FEF7F7F9AE
:102BE0000020FEF7F4F96120FEF7F1F90020FEF76E
:102BF000EEF97920FEF7EBF90020FEF7E8F98820DE
:102C0000FEF7E5F90020FEF7E2F99720FEF7DFF97D
:102C10000020FEF7DCF9A620FEF7D9F90020FEF728
:102C2000D6F9B720FEF7D3F90020FEF7D0F9C2207D
:102C3000FEF7CDF90020FEF7CAF9C720FEF7C7F965
:102C40000020FEF7C4F9D120FEF7C1F90020FEF7FD
:102C5000BEF9D620FEF7BBF90020FEF7B8F9DD205B
:102C6000FEF7B5F90020FEF7B2F9F320FEF7AFF951
:102C70000020FEF7ACF9E320FEF7A6F90520FEF7E9
:102C8000A6F90020FEF7A3F90A20FEF7A0F900201C
:102C9000FEF79DF91C20FEF79AF90020FEF797F940
:102CA0003320FEF794F90020FEF791F94420FEF757
:102CB0008EF90020FEF78BF95020FEF788F90020EE
:102CC000FEF785F96220FEF782F90020FEF77FF912
:102CD0007820FEF77CF90020FEF779F98820FEF7CE
:102CE00076F90020FEF773F99720FEF770F90020BF
:102CF000FEF76DF9A620FEF76AF90020FEF767F9E6
:102D0000B720FEF764F90020FEF761F9C220FEF754
:102D10005EF90020FEF75BF9C720FEF758F90020A6
:102D2000FEF755F9D120FEF752F90020FEF74FF9D2
:102D3000D520FEF74CF90020FEF749F9DD20FEF71B
:102D400046F90020FEF743F9F320FEF740F9002092
:102D5000FEF73DF9E420FEF737F90120FEF737F9D9
:102D60000020FEF734F90120FEF731F90020FEF7CC
:102D70002EF90220FEF72BF90020FEF728F92A2071
:102D8000FEF725F90020FEF722F93C20FEF71FF997
:102D90000020FEF71CF94B20FEF719F90020FEF782
:102DA00016F95D20FEF713F90020FEF710F97420E4
:102DB000FEF70DF90020FEF70AF98420FEF707F967
:102DC0000020FEF704F99320FEF701F90020FEF73A
:102DD000FEF8A220FEF7FBF80020FEF7F8F8B3207B
:102DE000FEF7F5F80020FEF7F2F8BE20FEF7EFF848
:102DF0000020FEF7ECF8C420FEF7E9F80020FEF70B
:102E0000E6F8CD20FEF7E3F80020FEF7E0F8D32047
:102E1000FEF7DDF80020FEF7DAF8DD20FEF7D7F840
:102E20000020FEF7D4F8F320FEF7D1F80020FEF7DB
:102E3000CEF8E520FEF7C8F80020FEF7C8F800201D
:102E4000FEF7C5F80020FEF7C2F80020FEF7BFF835
:102E50000220FEF7BCF80020FEF7B9F82920FEF7A3
:102E6000B6F80020FEF7B3F83C20FEF7B0F80020DB
:102E7000FEF7ADF84B20FEF7AAF80020FEF7A7F802
:102E80005D20FEF7A4F80020FEF7A1F87420FEF7FD
:102E90009EF80020FEF79BF88420FEF798F80020AB
:102EA000FEF795F89320FEF792F80020FEF78FF8D2
:102EB000A220FEF78CF80020FEF789F8B320FEF779
:102EC00086F80020FEF783F8BE20FEF780F8002089
:102ED000FEF77DF8C420FEF77AF80020FEF777F8B9
:102EE000CD20FEF774F80020FEF771F8D320FEF72E
:102EF0006EF80020FEF76BF8DC20FEF768F8002083
:102F0000FEF765F8F320FEF762F80020FEF75FF8A1
:102F1000E620FEF759F81120FEF759F80020FEF7D9
:102F200056F83420FEF753F80020FEF750F85620EC
:102F3000FEF74DF80020FEF74AF87620FEF747F836
:102F40000020FEF744F87720FEF741F80020FEF756
:102F50003EF86620FEF73BF80020FEF738F88820A0
:102F6000FEF735F80020FEF732F89920FEF72FF82B
:102F70000020FEF72CF8BB20FEF729F80020FEF712
:102F800026F89920FEF723F80020FEF720F86620A7
:102F9000FEF71DF80020FEF71AF85520FEF717F887
:102FA0000020FEF714F85520FEF711F80020FEF778
:102FB0000EF84520FEF70BF80020FEF708F8432036
:102FC000FEF705F80020FEF702F84420FDF7FFFFAA
:102FD0000020FDF7FCFFE720FDF7F6FF3220FDF7AC
:102FE000F6FF0020FDF7F3FF5520FDF7F0FF00206E
:102FF000FDF7EDFF7620FDF7EAFF0020FDF7E7FF84
:103000006620FDF7E4FF0020FDF7E1FF6720FDF7F4
:10301000DEFF0020FDF7DBFF6720FDF7D8FF002073
:10302000FDF7D5FF8720FDF7D2FF0020FDF7CFFF8A
:103030009920FDF7CCFF0020FDF7C9FFBB20FDF76D
:10304000C6FF0020FDF7C3FF9920FDF7C0FF002059
:10305000FDF7BDFF7720FDF7BAFF0020FDF7B7FFB2
:103060004420FDF7B4FF0020FDF7B1FF5620FDF727
:10307000AEFF0020FDF7ABFF2320FDF7A8FF0020E7
:10308000FDF7A5FF3320FDF7A2FF0020FDF79FFF0E
:103090004520FDF79CFF0020FDF799FFE820FDF794
:1030A00093FF0020FDF793FF0020FDF790FF99208C
:1030B000FDF78DFF0020FDF78AFF8720FDF787FFD2
:1030C0000020FDF784FF8820FDF781FF0020FDF739
:1030D0007EFF7720FDF77BFF0020FDF778FF66205D
:1030E000FDF775FF0020FDF772FF8820FDF76FFFE9
:1030F0000020FDF76CFFAA20FDF769FF0020FDF717
:1031000066FFBB20FDF763FF0020FDF760FF9920FD
:10311000FDF75DFF0020FDF75AFF6620FDF757FF22
:103120000020FDF754FF5520FDF751FF0020FDF76B
:103130004EFF5520FDF74BFF0020FDF748FF4420D0
:10314000FDF745FF0020FDF742FF4420FDF73FFF5C
:103150000020FDF73CFF5520FDF739FF0020FDF76B
:1031600036FFE920FDF730FFAA20FDF730FF0020F1
:10317000FDF72DFF0020FDF72AFF0020FDF727FFB8
:103180000020FDF721FFAA20FDF721FFCF20FDF74A
:103190001BFF0020FDF71BFF0020FDF718FF00209C
:1031A000FDF715FF0020FDF712FF0020FDF70FFFD0
:1031B0000020FDF70CFF0020FDF709FF0020FDF7C0
:1031C00006FF0020FDF703FF0020FDF700FF0020B1
:1031D000FDF7FDFE0020FDF7FAFE0020FDF7F7FEEB
:1031E0000020FDF7F4FE0020FDF7F1FE0020FDF7C2
:1031F000EEFE0020FDF7EBFEF020FDF7E5FE0020DF
:10320000FDF7E5FE5020FDF7E2FE0020FDF7DFFEB2
:103210000020FDF7DCFE0020FDF7D9FEF320FDF7CE
:10322000D3FE0020FDF7D3FEF920FDF7CDFE0620EA
:10323000FDF7CDFE1020FDF7CAFE2920FDF7C7FEE1
:103240000020FDF7C4FE3A20FDF7BEFE5520FDF735
:10325000BEFE1120FDF7B8FE642005F0FEFB29201C
:10326000FDF7B2FE3520FDF7AFFE0020FDF7AFFE03
:103270005120FDF7A9FEFF20FDF7A9FE5320FDF721
:10328000A3FE2C20FDF7A3FE5520FDF79DFE822016
:10329000FDF79DFE2C20FDF797FE02F0E6B8FE48F4
:1032A000808845F2105188427ED155214FF47040FC
:1032B000FDF799FEAA214FF20100FDF794FE52217D
:1032C0004FF20200FDF78FFE08214FF20300FDF7D9
:1032D0008AFE01214FF20400FDF785FE0D214FF417
:1032E0003040FDF780FE0D214BF20100FDF77BFE23
:1032F0000D214BF20200FDF776FE34214FF43640EB
:10330000FDF771FE34214BF20160FDF76CFE3421B4
:103310004BF20260FDF767FE0D214FF43140FDF7DF
:1033200062FE0D214BF20110FDF75DFE0D214BF207
:103330000210FDF758FE34214FF43740FDF753FEDD
:1033400034214BF20170FDF74EFE34214BF2027036
:10335000FDF749FE00214FF43240FDF744FE002105
:103360004BF20120FDF73FFE00214BF20220FDF75A
:103370003AFE24214FF43840FDF735FE24214BF668
:103380000100FDF730FE24214BF60200FDF72BFE75
:1033900001214FF43F40FDF726FE0F214FF433404B
:1033A000FDF721FE0F2100E0FEE34BF20130FDF7B7
:1033B0001AFE0F214BF20230FDF715FE34214FF4B7
:1033C0003940FDF710FE34214BF60110FDF70BFEDE
:1033D00034214BF60210FDF706FE08214FF435406C
:1033E000FDF701FE08214BF20150FDF7FCFD08211D
:1033F0004BF20250FDF7F7FD03214FF44240FDF779
:10340000F2FD24214FF43A40FDF7EDFD24214BF667
:103410000120FDF7E8FD24214BF60220FDF7E3FD36
:1034200000214FF43C40FDF7DEFD78214BF60140D2
:10343000FDF7D9FD00214BF60240FDF7D4FD002138
:103440004FF43D40FDF7CFFD78214BF60150FDF7DD
:10345000CAFD00214BF60250FDF7C5FD00214FF4D7
:103460003E40FDF7C0FD64214BF60160FDF7BBFD5A
:1034700000214FF45140FDF7B6FD33214DF201100C
:10348000FDF7B1FD00214DF20210FDF7ACFD342136
:103490004DF20310FDF7A7FD00214DF20410FDF7DA
:1034A000A2FD3A214DF20510FDF79DFD00214DF2E0
:1034B0000610FDF798FD4A214DF20710FDF793FD28
:1034C00000214DF20810FDF78EFD5C214DF2091030
:1034D000FDF789FD00214DF20A10FDF784FD8121E1
:1034E0004DF20B10FDF77FFD00214DF20C10FDF7A2
:1034F0007AFDA6214DF20D10FDF775FD00214DF26C
:103500000E10FDF770FDE5214DF20F10FDF76BFD7C
:1035100001214DF21010FDF766FD13214DF211103F
:10352000FDF761FD01214DF21210FDF75CFD542104
:103530004DF21310FDF757FD01214DF21410FDF768
:1035400052FD82214DF21510FDF74DFD01214DF286
:103550001610FDF748FDCA214DF21710FDF743FD87
:1035600002214DF21810FDF73EFD00214DF2191019
:10357000FDF739FD02214DF21A10FDF734FD01214E
:103580004DF21B10FDF72FFD02214DF21C10FDF72F
:103590002AFD34214DF21D10FDF725FD02214DF2CB
:1035A0001E10FDF720FD67214DF21F10FDF71BFDDA
:1035B00002214DF22010FDF716FD84214DF221105D
:1035C000FDF711FD02214DF22210FDF70CFDA421A3
:1035D0004DF22310FDF707FD02214DF22410FDF7F7
:1035E00002FDB7214DF22510FDF7FDFC02214DF241
:1035F0002610FDF7F8FCCF214DF22710FDF7F3FC64
:1036000002214DF22810FDF7EEFCDE214DF22910CB
:10361000FDF7E9FC02214DF22A10FDF7E4FCF2214E
:103620004DF22B10FDF7DFFC02214DF22C10FDF7BF
:10363000DAFCFE214DF22D10FDF7D5FC03214DF2F1
:103640002E10FDF7D0FC10214DF22F10FDF7CBFC12
:1036500003214DF23010FDF7C6FC33214DF231103D
:10366000FDF7C1FC03214DF23210FDF7BCFC6D21CA
:103670004DF23310FDF7B7FC00214FF45240FDF737
:10368000B2FC33214DF20120FDF7ADFC00214DF2DB
:103690000220FDF7A8FC01E0FA00002034214DF2E1
:1036A0000320FDF7A0FC00214DF20420FDF79BFC58
:1036B0003A214DF20520FDF796FC00214DF206203F
:1036C000FDF791FC4A214DF20720FDF78CFC00210B
:1036D0004DF20820FDF787FC5C214DF20920FDF733
:1036E00082FC00214DF20A20FDF77DFC81214DF284
:1036F0000B20FDF778FC00214DF20C20FDF773FC48
:10370000A6214DF20D20FDF76EFC00214DF20E209A
:10371000FDF769FCE5214DF20F20FDF764FC012166
:103720004DF21020FDF75FFC13214DF21120FDF743
:103730005AFC01214DF21220FDF755FC54214DF2A7
:103740001320FDF750FC01214DF21420FDF74BFC36
:1037500082214DF21520FDF746FC01214DF2162085
:10376000FDF741FCCA214DF21720FDF73CFC022178
:103770004DF21820FDF737FC00214DF21920FDF71E
:1037800032FC02214DF21A20FDF72DFC01214DF2F1
:103790001B20FDF728FC02214DF21C20FDF723FC25
:1037A00034214DF21D20FDF71EFC02214DF21E209A
:1037B000FDF719FC67214DF21F20FDF714FC0221D3
:1037C0004DF22020FDF70FFC84214DF22120FDF762
:1037D0000AFC02214DF22220FDF705FCA4214DF246
:1037E0002320FDF700FC02214DF22420FDF7FBFB16
:1037F000B7214DF22520FDF7F6FB02214DF22620E0
:10380000FDF7F1FBCF214DF22720FDF7ECFB022164
:103810004DF22820FDF7E7FBDE214DF22920FDF7D0
:10382000E2FB02214DF22A20FDF7DDFBF2214DF2F1
:103830002B20FDF7D8FB02214DF22C20FDF7D3FB06
:10384000FE214DF22D20FDF7CEFB03214DF22E205F
:10385000FDF7C9FB10214DF22F20FDF7C4FB03211A
:103860004DF23020FDF7BFFB33214DF23120FDF743
:10387000BAFB03214DF23220FDF7B5FB6D214DF26D
:103880003320FDF7B0FB00214FF45340FDF7ABFBB5
:1038900033214DF20130FDF7A6FB00214DF202303D
:1038A000FDF7A1FB34214DF20330FDF79CFB002115
:1038B0004DF20430FDF797FB3A214DF20530FDF74C
:1038C00092FB00214DF20630FDF78DFB4A214DF2AF
:1038D0000730FDF788FB00214DF20830FDF783FB30
:1038E0005C214DF20930FDF77EFB00214DF20A30DC
:1038F000FDF779FB81214DF20B30FDF774FB0021C0
:103900004DF20C30FDF76FFBA6214DF20D30FDF7A7
:103910006AFB00214DF20E30FDF765FBE5214DF20B
:103920000F30FDF760FB01214DF21030FDF75BFB1E
:1039300013214DF21130FDF756FB01214DF21230EB
:10394000FDF751FB54214DF21330FDF74CFB0121E3
:103950004DF21430FDF747FB82214DF21530FDF793
:1039600042FB01214DF21630FDF73DFBCA214DF21D
:103970001730FDF738FB02214DF21830FDF733FB0D
:1039800000214DF21930FDF72EFB02214DF21A30C5
:10399000FDF729FB01214DF21B30FDF724FB02212D
:1039A0004DF21C30FDF71FFB34214DF21D30FDF7A9
:1039B0001AFB02214DF21E30FDF715FB67214DF277
:1039C0001F30FDF710FB02214DF22030FDF70BFBFD
:1039D00084214DF22130FDF706FB02214DF2223009
:1039E000FDF701FBA4214DF22330FDF7FCFA022183
:1039F0004DF22430FDF7F7FAB7214DF22530FDF7EF
:103A0000F2FA02214DF22630FDF7EDFACF214DF208
:103A10002730FDF7E8FA02214DF22830FDF7E3FAEE
:103A2000DE214DF22930FDF7DEFA02214DF22A3077
:103A3000FDF7D9FAF2214DF22B30FDF7D4FA02212D
:103A40004DF22C30FDF7CFFAFE214DF22D30FDF76F
:103A5000CAFA03214DF22E30FDF7C5FA10214DF2BE
:103A60002F30FDF7C0FA03214DF23030FDF7BBFADD
:103A700033214DF23130FDF7B6FA03214DF23230E9
:103A8000FDF7B1FA6D214DF23330FDF7ACFA0021AC
:103A90004FF45440FDF7A7FA33214DF20140FDF7F2
:103AA000A2FA00214DF20240FDF79DFA34214DF2B9
:103AB0000340FDF798FA00214DF20440FDF793FA18
:103AC0003A214DF20540FDF78EFA00214DF20640F5
:103AD000FDF789FA4A214DF20740FDF784FA0021EB
:103AE0004DF20840FDF77FFA5C214DF20940FDF7E9
:103AF0007AFA00214DF20A40FDF775FA81214DF264
:103B00000B40FDF770FA00214DF20C40FDF76BFA07
:103B1000A6214DF20D40FDF766FA00214DF20E4050
:103B2000FDF761FAE5214DF20F40FDF75CFA012146
:103B30004DF21040FDF757FA13214DF21140FDF7F9
:103B400052FA01214DF21240FDF74DFA54214DF287
:103B50001340FDF748FA01214DF21440FDF743FAF6
:103B600082214DF21540FDF73EFA01214DF216403B
:103B7000FDF739FACA214DF21740FDF734FA022158
:103B80004DF21840FDF72FFA00214DF21940FDF7D4
:103B90002AFA02214DF21A40FDF725FA01214DF2D1
:103BA0001B40FDF720FA00E004E302214DF21C4027
:103BB000FDF719FA34214DF21D40FDF714FA0221E8
:103BC0004DF21E40FDF70FFA67214DF21F40FDF741
:103BD0000AFA02214DF22040FDF705FA84214DF248
:103BE0002140FDF700FA02214DF22240FDF7FBF9DA
:103BF000A4214DF22340FDF7F6F902214DF22440B5
:103C0000FDF7F1F9B7214DF22540FDF7ECF902215E
:103C10004DF22640FDF7E7F9CF214DF22740FDF7A1
:103C2000E2F902214DF22840FDF7DDF9DE214DF2E7
:103C30002940FDF7D8F902214DF22A40FDF7D3F9CA
:103C4000F2214DF22B40FDF7CEF902214DF22C402E
:103C5000FDF7C9F9FE214DF22D40FDF7C4F903210E
:103C60004DF22E40FDF7BFF910214DF22F40FDF728
:103C7000BAF903214DF23040FDF7B5F933214DF289
:103C80003140FDF7B0F903214DF23240FDF7ABF9B9
:103C90006D214DF23340FDF7A6F900214FF4554058
:103CA000FDF7A1F933214DF20150FDF79CF90021F8
:103CB0004DF20250FDF797F934214DF20350FDF714
:103CC00092F900214DF20450FDF78DF93A214DF2A1
:103CD0000550FDF788F900214DF20650FDF783F9F4
:103CE0004A214DF20750FDF77EF900214DF20850B0
:103CF000FDF779F95C214DF20950FDF774F90021C7
:103D00004DF20A50FDF76FF981214DF20B50FDF78E
:103D10006AF900214DF20C50FDF765F9A6214DF22C
:103D20000D50FDF760F900214DF20E50FDF75BF9E3
:103D3000E5214DF20F50FDF756F901214DF21050DB
:103D4000FDF751F913214DF21150FDF74CF9012106
:103D50004DF21250FDF747F954214DF21350FDF783
:103D600042F901214DF21450FDF73DF982214DF247
:103D70001550FDF738F901214DF21650FDF733F9D2
:103D8000CA214DF21750FDF72EF902214DF21850BD
:103D9000FDF729F900214DF21950FDF724F9022110
:103DA0004DF21A50FDF71FF901214DF21B50FDF79E
:103DB0001AF902214DF21C50FDF715F934214DF28C
:103DC0001D50FDF710F902214DF21E50FDF70BF9C1
:103DD00067214DF21F50FDF706F902214DF22050E8
:103DE000FDF701F984214DF22150FDF7FCF8022185
:103DF0004DF22250FDF7F7F8A4214DF22350FDF7C4
:103E0000F2F802214DF22450FDF7EDF8B7214DF202
:103E10002550FDF7E8F802214DF22650FDF7E3F8B2
:103E2000CF214DF22750FDF7DEF802214DF2285048
:103E3000FDF7D9F8DE214DF22950FDF7D4F8022123
:103E40004DF22A50FDF7CFF8F2214DF22B50FDF73D
:103E5000CAF802214DF22C50FDF7C5F8FE214DF2B3
:103E60002D50FDF7C0F803214DF22E50FDF7BBF8A1
:103E700010214DF22F50FDF7B6F803214DF23050CE
:103E8000FDF7B1F833214DF23150FDF7ACF80321C5
:103E90004DF23250FDF7A7F86D214DF23350FDF78A
:103EA000A2F800214FF45640FDF79DF833214DF262
:103EB0000160FDF798F800214DF20260FDF793F8DC
:103EC00034214DF20360FDF78EF800214DF20460BD
:103ED000FDF789F83A214DF20560FDF784F80021DD
:103EE0004DF20660FDF77FF84A214DF20760FDF7BD
:103EF0007AF800214DF20860FDF775F85C214DF26B
:103F00000960FDF770F800214DF20A60FDF76BF8CB
:103F100081214DF20B60FDF766F800214DF20C6037
:103F2000FDF761F8A6214DF20D60FDF75CF8002168
:103F30004DF20E60FDF757F8E5214DF20F60FDF7E9
:103F400052F801214DF21060FDF74DF813214DF2AA
:103F50001160FDF748F801214DF21260FDF743F8BA
:103F600054214DF21360FDF73EF801214DF214602B
:103F7000FDF739F882214DF21560FDF734F8012183
:103F80004DF21660FDF72FF8CA214DF21760FDF7CC
:103F90002AF802214DF21860FDF725F800214DF2B4
:103FA0001960FDF720F802214DF21A60FDF71BF8A9
:103FB00001214DF21B60FDF716F802214DF21C6045
:103FC000FDF711F834214DF21D60FDF70CF80221C8
:103FD0004DF21E60FDF707F867214DF21F60FDF7F7
:103FE00002F802214DF22060FCF7FDFF84214DF222
:103FF0002160FCF7F8FF02214DF22260FCF7F3FF8D
:10400000A4214DF22360FCF7EEFF02214DF2246063
:10401000FCF7E9FFB7214DF22560FCF7E4FF022130
:104020004DF22660FCF7DFFFCF214DF22760FCF751
:10403000DAFF02214DF22860FCF7D5FFDE214DF2B8
:104040002960FCF7D0FF02214DF22A60FCF7CBFF7C
:10405000F2214DF22B60FCF7C6FF02214DF22C60DD
:10406000FCF7C1FFFE214DF22D60FCF7BCFF0321E0
:104070004DF22E60FCF7B7FF10214DF22F60FCF7D8
:10408000B2FF03214DF23060FCF7ADFF33214DF25A
:104090003160FCF7A8FF03214DF23260FCF7A3FF6B
:1040A0006D214DF23360FCF79EFF55214FF47040B7
:1040B000FCF799FFAA214FF20100FCF794FF52216F
:1040C0004FF20200FCF78FFF08214FF20300FCF7CC
:1040D0008AFF00214FF20400FCF785FFCC214FF44A
:1040E0003140FCF780FF00214BF20110FCF77BFF11
:1040F00005214FF43640FCF776FF70214FF437402E
:10410000FCF771FF70214BF20170FCF76CFF01218D
:104110004FF43840FCF767FF03214BF60100FCF732
:1041200062FF03214BF60200FCF75DFF03214BF613
:104130000300FCF758FF02214FF43C40FCF753FF0B
:1041400000214BF60140FCF74EFF00214BF60240E8
:10415000FCF749FFD0214FF44940FCF744FF02210E
:104160004CF60110FCF73FFF50214CF60210FCF713
:104170003AFF50214CF60310FCF735FF50214CF666
:104180000410FCF730FF00214FF45450FCF72BFFD4
:1041900055214FF46850FCF726FF4FF48850FCF788
:1041A00013FF782004F035FC4FF42450FCF70CFF8B
:1041B00001F05BB9FE48808849F2253188427DD103
:1041C00047F6F001E520FCF70EFF4FF48071012067
:1041D000FCF709FF4FF4E0610220FCF704FF41F215
:1041E00030010320FCF7FFFE00210420FCF7FBFE5A
:1041F00040F202210820FCF7F6FE00210920FCF71E
:10420000F2FE00210A20FCF7EEFE00210C20FCF754
:10421000EAFE00210D20FCF7E6FE00210F20FCF74E
:10422000E2FE00211020FCF7DEFE07211120FCF742
:10423000DAFE00211220FCF7D6FE00211320FCF745
:10424000D2FE00210720FCF7CEFE41F29061102043
:10425000FCF7C9FE40F227211120FCF7C4FE9D2186
:104260001220FCF7C0FE4FF4C8511320FCF7BBFE30
:1042700025212920FCF7B7FE0D212B20FCF7B3FEEA
:1042800007213020FCF7AFFE40F203313120FCF76C
:10429000AAFE03213220FCF7A6FE40F206213520BB
:1042A000FCF7A1FE08213620FCF79DFE40F20641F6
:1042B0003720FCF798FE4FF4417100E058E03820B9
:1042C000FCF791FE07213920FCF78DFE40F20261D8
:1042D0003C20FCF788FE08213D20FCF784FE0021ED
:1042E0005020FCF780FEEF215120FCF77CFE0021DE
:1042F0005220FCF778FE40F23F115320FCF773FE8A
:104300004FF427416020FCF76EFE01216120FCF78D
:104310006AFE00216A20FCF766FE00218020FCF77F
:1043200062FE00218120FCF75EFE00218220FCF766
:104330005AFE00218320FCF756FE00218420FCF762
:1043400052FE00218520FCF74EFE10219020FCF744
:104350004AFE4FF4C0619220FCF745FE40F2331153
:104360000720FCF740FE22210020FCF73CFE1FE75F
:104370008F48808849F2283188427DD141F28F01EF
:10438000EC20FCF730FE41F23421EF20FCF72BFE4D
:104390004FF480710120FCF726FE4FF4E06102200B
:1043A000FCF721FE41F230010320FCF71CFE002146
:1043B0000420FCF718FE40F202210820FCF713FE4F
:1043C00000210920FCF70FFE00210A20FCF70BFE5C
:1043D00001210C20FCF707FE00210D20FCF703FE55
:1043E00000210F20FCF7FFFD00211020FCF7FBFD52
:1043F00007211120FCF7F7FD00211220FCF7F3FD47
:1044000000211320FCF7EFFD01210720FCF7EBFD55
:10441000322004F022FB41F290411020FCF7E3FD32
:1044200040F227211120FCF7DEFD322004F015FBBD
:104430008A211220FCF7D7FD322004F00EFB4FF446
:10444000D0511320FCF7CFFD06212920FCF7CBFD2E
:104450000D212B20FCF7C7FD322004F0FEFA0021CD
:104460002020FCF7C0FD00212120FCF7BCFD3220FC
:1044700004F0F3FA002100E075E03020FCF7B3FD12
:1044800040F204613120FCF7AEFD40F205313220EC
:10449000FCF7A9FD00213520FCF7A5FD40F60941F8
:1044A0003620FCF7A0FD4FF401713720FCF79BFD8F
:1044B00040F201313820FCF796FD40F207713920B7
:1044C000FCF791FD00213C20FCF78DFD40F60A2110
:1044D0003D20FCF788FD322004F0BFFA0021502077
:1044E000FCF781FDEF215120FCF77DFD00215220DA
:1044F000FCF779FD40F23F115320FCF774FD4FF4B7
:1045000027416020FCF76FFD01216120FCF76BFD66
:1045100000216A20FCF767FD00218020FCF763FD85
:1045200000218120FCF75FFD00218220FCF75BFD6C
:1045300000218320FCF757FD00218420FCF753FD68
:1045400000218520FCF74FFD10219020FCF74BFD4A
:104550004FF4C0619220FCF746FD40F23311072072
:10456000FCF741FD24E61248808849F22031884258
:104570007ED100210846FCF736FD4FF48071012002
:10458000FCF731FD4FF4E0610220FCF72CFD41F215
:1045900030010320FCF727FD00210420FCF723FD58
:1045A00040F202210820FCF71EFD0021092001E055
:1045B000FA000020FCF717FD00210A20FCF713FD8C
:1045C00001210C20FCF70FFD00210D20FCF70BFD55
:1045D00000210F20FCF707FD322004F03EFA40F2E4
:1045E00001110720FCF7FFFC322004F036FA4FF4EB
:1045F00086511020FCF7F7FC07211120FCF7F3FC93
:104600004FF488711220FCF7EEFC4FF43061132058
:10461000FCF7E9FC00212920FCF7E5FC44F210013D
:104620002B20FCF7E0FC00215020FCF7DCFCEF2104
:104630005120FCF7D8FC00215220FCF7D4FC40F2BA
:104640003F115320FCF7CFFC4FF41C516020FCF7C6
:10465000CAFC01216120FCF7C6FC00216A20FCF79E
:10466000C2FC00218020FCF7BEFC0021812000E07C
:1046700030E0FCF7B8FC00218220FCF7B4FC0021FC
:104680008320FCF7B0FC00218420FCF7ACFC002167
:104690008520FCF7A8FC10219020FCF7A4FC002149
:1046A0009220FCF7A0FC01219320FCF79CFC4FF426
:1046B00088719520FCF797FC00219720FCF793FC6C
:1046C00000219820FCF78FFC40F273110720FCF7C3
:1046D0008AFC6DE5FE48808849F2313188427DD1FF
:1046E00041F21401E720FCF77EFC4FF480710120B9
:1046F000FCF779FC4FF400710220FCF774FC41F2E6
:1047000038010320FCF76FFC40F202210820FCF77F
:104710006AFC00210920FCF766FC00210A20FCF756
:1047200062FC00210C20FCF75EFC00210D20FCF750
:104730005AFC00210F20FCF756FC00211020FCF74A
:1047400052FC07211120FCF74EFC00211220FCF73F
:104750004AFC00211320FCF746FCC82004F07DF938
:1047600041F290611020FCF73EFC40F2272111201D
:10477000FCF739FC322004F070F90C211220FCF710
:1047800032FC322004F069F94FF400611320FCF789
:104790002AFC11212920FCF726FC0B212B20FCF7F9
:1047A00022FC322004F059F900212020FCF71BFCE8
:1047B00040F23F112120FCF716FC00213020FCF7CD
:1047C00012FC4FF483713120FCF70DFC00213220E4
:1047D000FCF709FC4FF40171352000E064E0FCF7C0
:1047E00002FC41F20A613620FCF7FDFB40F2077142
:1047F0003720FCF7F8FB4FF483713820FCF7F3FB0C
:1048000040F207713920FCF7EEFB40F202413C20F8
:10481000FCF7E9FB40F60F413D20FCF7E4FB0021EB
:104820005020FCF7E0FBEF215120FCF7DCFB0021DE
:104830005220FCF7D8FB40F23F115320FCF7D3FB8A
:104840004FF41C516020FCF7CEFB01216120FCF7E6
:10485000CAFB00216A20FCF7C6FB00218020FCF780
:10486000C2FB00218120FCF7BEFB00218220FCF767
:10487000BAFB00218320FCF7B6FB00218420FCF763
:10488000B2FB00218520FCF7AEFB10219020FCF745
:10489000AAFB4FF4C0619220FCF7A5FB40F2331154
:1048A0000720FCF7A0FB83E48948808845F2084193
:1048B00088427DD14FF480710120FCF794FB4FF4C6
:1048C000E0610220FCF78FFB41F230010320FCF78E
:1048D0008AFB00210420FCF786FB40F20721082018
:1048E000FCF781FB00210920FCF77DFB00210A2059
:1048F000FCF779FB00210C20FCF775FB00210D2053
:10490000FCF771FB00210F20FCF76DFB142004F075
:10491000A4F841F2B0611020FCF765FB01211120E1
:10492000FCF761FB01211720FCF75DFB4FF49C7144
:104930001220FCF758FB4FF400611320FCF753FBE7
:1049400009212920FCF74FFB09212A20FCF74BFB0A
:104950000021A420FCF747FB00215020FCF743FB7B
:10496000EF215120FCF73FFB00215220FCF73BFBDD
:1049700040F23F115320FCF736FB4FF41C516020EE
:10498000FCF731FB01216120FCF72DFB00216A209F
:10499000FCF729FB00218020FCF725FB002181206A
:1049A000FCF721FB00218220FCF71DFB002100E029
:1049B00024E08320FCF717FB00218420FCF713FB85
:1049C00000218520FCF70FFB13219020FCF70BFB47
:1049D00000219220FCF707FB03219320FCF703FB47
:1049E0004FF488719520FCF7FEFA40F2731107200E
:1049F000FCF7F9FA322004F030F8B8E43448808843
:104A000041F2055188427DD100210720FCF7EBFAE5
:104A1000322004F022F84FF48E711220FCF7E3FAF2
:104A20000121A420FCF7DFFA0F210820FCF7DBFAB4
:104A300008210A20FCF7D7FA08210D20FCF7D3FA49
:104A400040F207713020FCF7CEFA07213120FCF745
:104A5000CAFA40F203613220FCF7C5FA4FF4E06174
:104A60003320FCF7C0FA40F202213420FCF7BBFAF5
:104A700002213520FCF7B7FA41F60F713620FCF71A
:104A8000B2FA40F207713720FCF7ADFA0021382066
:104A9000FCF7A9FA00213920FCF7A5FA40F20771CA
:104AA0003A20FCF7A0FA00213B20FCF79CFA0721F2
:104AB0003C20FCF798FA00213D20FCF794FA3220C4
:104AC00003F0CBFF01210720FCF78DFA012101E063
:104AD000FA0000201720FCF786FA322003F0BDFF11
:104AE0004FF4BD511020FCF77EFA40F2172111203F
:104AF000FCF779FA4FF48F711220FCF774FA4FF437
:104B0000706100E098E01320FCF76DFA00212A2084
:104B1000FCF769FA0A212920FCF765FA4FF49F7126
:104B20001220FCF760FA00215020FCF75CFAEF211C
:104B30005120FCF758FA00215220FCF754FA40F2B9
:104B40003F115320FCF74FFA4FF41C516020FCF743
:104B50004AFA01216120FCF746FA00216A20FCF79D
:104B600042FA00218020FCF73EFA00218120FCF768
:104B70003AFA00218220FCF736FA00218320FCF764
:104B800032FA00218420FCF72EFA00218520FCF760
:104B90002AFA13219020FCF726FA4FF44071922054
:104BA000FCF721FA05219320FCF71DFA002195203E
:104BB000FCF719FA00219720FCF715FA002198203C
:104BC000FCF711FA4FF480710120FCF70CFA4FF456
:104BD000E0610220FCF707FA41F238010320FCF7FC
:104BE00002FA00210420FCF7FEF900210C20FCF75A
:104BF000FAF900210F20FCF7F6F900212020FCF73C
:104C0000F2F900212120FCF7EEF921210720FCF721
:104C1000EAF9142003F021FF61210720FCF7E3F9F2
:104C2000142003F01AFF40F273110720FCF7DBF9A0
:104C3000142003F012FF95E4FE4880884BF20551E2
:104C400088427CD100210846FCF7CDF900210846B6
:104C5000FCF7C9F900210846FCF7C5F90021084610
:104C6000FCF7C1F90121A420FCF7BDF9142003F0E1
:104C7000F4FE4FF41C516020FCF7B5F940F202211C
:104C80000820FCF7B0F94FF405713020FCF7ABF9C0
:104C900043F215713120FCF7A6F940F2046132208D
:104CA000FCF7A1F940F616613320FCF79CF942F2BB
:104CB00011213420FCF797F94FF4A8513520FCF767
:104CC00092F948F207513620FCF78DF941F207417D
:104CD0003720FCF788F941F203413820FCF783F9CB
:104CE00020213920FCF77FF91A219020FCF77BF96D
:104CF00000211020FCF777F907211120FCF773F948
:104D000000211220FCF76FF900211320FCF76BF94A
:104D1000142003F0A2FE4FF4E6611020FCF763F9C3
:104D200040F237111120FCF75EF9142003F095FED4
:104D30004FF4DC711220FCF756F9142000E085E0F6
:104D400003F08BFE4FF470611320FCF74CF98021C7
:104D50002A20FCF748F948212920FCF744F91420BF
:104D600003F07BFE4FF480710120FCF73CF94FF417
:104D7000E0610220FCF737F941F238010320FCF72B
:104D800032F940F202210820FCF72DF900210A2017
:104D9000FCF729F900210C20FCF725F900210D2052
:104DA000FCF721F930210E20FCF71DF900215020DD
:104DB000FCF719F9EF215120FCF715F900215220D9
:104DC000FCF711F940F23F115320FCF70CF94FF4B6
:104DD0001C516020FCF707F901216120FCF703F961
:104DE00000216A20FCF7FFF811219020FCF7FBF866
:104DF0004FF4C0619220FCF7F6F840F20241932094
:104E0000FCF7F1F802219420FCF7EDF8142003F0F0
:104E100024FE01210720FCF7E6F8142003F01DFE14
:104E200061210720FCF7DFF840F273110720FCF73F
:104E3000DAF800212020FCF7D6F800212120FCF729
:104E4000D2F822210020FCF7CEF80EE379488088C2
:104E50004CF2055188427CD100210846FCF7C3F88A
:104E600000210846FCF7BFF8142003F0F6FD0021EE
:104E70000846FCF7B8F800210846FCF7B4F8002112
:104E80000846FCF7B0F800210846FCF7ACF8012111
:104E9000A420FCF7A8F8142003F0DFFD4FF41C5108
:104EA0006020FCF7A0F840F606010820FCF79BF80C
:104EB00040F203713020FCF796F801213120FCF715
:104EC00092F804213220FCF78EF84FF481713320E0
:104ED000FCF789F84FF440713420FCF784F840F275
:104EE00003113520FCF77FF81F213620FCF77BF8F3
:104EF00040F203713720FCF776F801213820FCF7E7
:104F000072F804213920FCF76EF815219020FCF787
:104F10006AF84FF482611020FCF765F840F24721EF
:104F20001120FCF760F84FF4DE711220FCF75BF8FB
:104F30004FF460611320FCF756F8782003F08DFDE4
:104F40004FF480710120FCF74EF84FF400710220FD
:104F500000E052E0FCF747F841F230010320FCF793
:104F600042F808210A20FCF73EF800210C20FCF74B
:104F70003AF820210E20FCF736F800210F20FCF72C
:104F800032F800212020FCF72EF800212120FCF728
:104F90002AF83D212A20FCF726F8142003F05DFDB5
:104FA0002D212920FCF71FF800215020FCF71BF8C9
:104FB0004DF2EF015120FCF716F800215220FCF7CA
:104FC00012F840F23F115320FCF70DF80021612048
:104FD000FCF709F800216A20FCF705F84FF440714E
:104FE0009220FCF700F805219320FBF7FCFF4FF41B
:104FF00080710720FBF7F7FF37E20E48808844F204
:10500000315188427ED101210020FBF7ECFF0A20BC
:1050100003F023FD41F228611020FBF7E4FF0E218D
:105020001220FBF7E0FF40F639211320FBF7DBFFEE
:105030000A2001E0FA00002003F00FFD40211120BA
:10504000FBF7D1FF50211520FBF7CDFF0A2003F01D
:1050500004FD1E211220FBF7C6FF0A2003F0FDFC11
:105060004FF4B1511020FBF7BEFF42F63921132057
:10507000FBF7B9FF0A2003F0F0FC4FF48071012028
:10508000FBF7B1FF4FF440710220FBF7ACFF41F298
:1050900038010320FBF7A7FF40F202210820FBF7AD
:1050A000A2FF08210A20FBF79EFF00213020FBF71A
:1050B0009AFF40F202413120FBF795FF4FF48371D4
:1050C0003220FBF790FF40F203513320FBF78BFFB8
:1050D0004FF482713420FBF786FF40F20131352016
:1050E000FBF781FF40F207713620FBF77CFF40F2AF
:1050F00005313720FBF777FF4FF402713820FBF7BB
:1051000072FF00E03EE040F60B713920FBF76BFFC9
:1051100002214120FBF767FF4FF41C516020FBF791
:1051200062FF01216120FBF75EFF4FF404719020C4
:10513000FBF759FF4FF485719220FBF754FF0421D0
:105140009320FBF750FF4FF48071A020FBF74BFF3B
:1051500001210720FBF747FF21210720FBF743FF31
:1051600023210720FBF73FFF33210720FBF73BFFFD
:1051700040F233110720FBF736FF0021A020FBF798
:1051800032FF72E1FA48808844F2355188427CD17E
:1051900030211520FBF727FF10219A20FBF723FF72
:1051A00020211120FBF71FFF43F228411020FBF7BD
:1051B0001AFF02211220FBF716FF41F238011320DB
:1051C000FBF711FF282003F048FC12210846FBF7EB
:1051D0000AFF282003F041FC43F220411020FBF796
:1051E00002FF43F238011320FBF7FDFE462003F0D7
:1051F00034FC00213020FBF7F6FE40F20241312062
:10520000FBF7F1FE40F207313220FBF7ECFE4FF4E2
:1052100041713320FBF7E7FE04213420FBF7E3FE66
:1052200040F201413520FBF7DEFE40F207713620E7
:10523000FBF7D9FE40F205313720FBF7D4FE4FF4DF
:10524000C2613820FBF7CFFE4FF4C2613920FBF773
:10525000CAFE4FF480710120FBF7C5FE4FF4407188
:105260000220FBF7C0FE41F230010320FBF7BBFE3A
:1052700040F608010820FBF7B6FE08210A20FBF7DC
:10528000B2FE4FF41C51602000E033E0FBF7ABFEB0
:1052900001216120FBF7A7FE4FF49F719020FBF7DF
:1052A000A2FE4FF480719220FBF79DFE4FF48071B7
:1052B0009320FBF798FE4FF44051A020FBF793FE9C
:1052C0001021A320FBF78FFE01210720FBF78BFEA7
:1052D00021210720FBF787FE23210720FBF783FE10
:1052E00033210720FBF77FFE40F233110720FBF745
:1052F0007AFEBAE09E48808841F663118842F8D170
:10530000E220FBF761FE2320FBF761FE0220FBF7A2
:105310005EFE0420FBF75BFE642003F07AFBE020D6
:10532000FBF752FE0120FBF752FE0A2003F095FB2B
:10533000E020FBF749FE0320FBF749FE0C2003F0B9
:105340008CFB0120FBF740FE0A2003F086FBE620E1
:10535000FBF73AFE0320FBF73AFEFF20FBF737FE90
:10536000FF20FBF734FEB020FBF72EFE2020FBF7DA
:105370002EFE0020FBF72BFE0320FBF728FE40F259
:105380001F30FBF724FE0120FBF721FE40F2DF1067
:10539000FBF71DFE0020FBF71AFEB420FBF714FEFE
:1053A0000420FBF714FE40F21F40FBF710FE002024
:1053B000FBF70DFED220FBF70AFE0020FBF707FEED
:1053C0000020FBF704FE0020FBF701FE0020FBF7A6
:1053D000FEFDB620FBF7F8FD0220FBF7F8FD4FF4C9
:1053E0000370FBF7F4FD0020FBF7F1FD2220FBF733
:1053F000EEFD0920FBF7EBFD0020FBF7E8FD0020A8
:10540000FBF7E5FDF020FBF7DFFD0320FBF7DFFDF9
:105410002920FBF7D9FDD020FBF7D6FD0020FBF7B4
:10542000D6FDBE20FBF7D0FD0520FBF7D0FDFE200A
:10543000FBF7CDFD0120FBF7CAFDFF20FBF7C7FD01
:105440000020FBF7C4FDB820FBF7BEFD0F20FBF7E3
:10545000BEFD0120FBF7BBFDBA20FBF7B5FD012027
:10546000FBF7B5FD6420FCF712FA0020FCF737FAD1
:105470000120404908604FF6FF70FCF71CFC1FB08C
:1054800000BD2DE9FC4F05460E4617469846DDF84F
:105490002C90002001903648808846F6040188420E
:1054A00029D133488079012825D1AB46354630488B
:1054B0000088C01B401E86B247462D480088A0EBDE
:1054C0000B00401E1FFA80F80020294988712A200D
:1054D00048812B20888143463A4631462846CDF8FC
:1054E0000090FFF7CEFF0120214988712B204881D1
:1054F0002A2088811CE0781B401C80B20190344631
:1055000014E021462846FBF79BFDFBF77CFD4FF09E
:10551000000A06E01848A0F800900AF101001FFAFE
:1055200080FA01988245F5DB601C84B24445E8DDD1
:10553000BDE8FC8F2DE9F84F07460D469046994689
:10554000DDF828B0A8EB0700401C1FFA80FAA9EB91
:105550000500401C80B2009000241BE0281981B295
:105560003846FBF76DFDFBF74EFD00260EE0000010
:10557000FA000020808121420008006C04FB0A60D0
:105580003BF81000F7490880701C86B25645F5DBE1
:10559000601C84B200988442E0DBBDE8F88F2DE9FE
:1055A000FF4F84B081468A460020039002900698FF
:1055B000A0EB09050798A0EB0A06CDF80490CDF8FA
:1055C00000A0002D01DD012705E00DB9002702E054
:1055D0004FF0FF376D42002E02DD4FF0010806E06C
:1055E00016B94FF0000802E04FF0FF387642B5429E
:1055F00001DD2C4600E034464FF0000B21E0009A1C
:1056000091B2019A90B2FCF774F803982844039081
:105610000298304402900398A04205DD0398001BD5
:1056200003900198384401900298A04205DD029849
:10563000001B02900098404400900BF101001FFAFB
:1056400080FB601C8345DADD08B0BDE8F08FF0B563
:1056500004460D4616461F462B463246294620462E
:10566000FFF79DFF3B46224629462046FFF797FF5E
:105670003B46324639462046FFF791FF3B463246CD
:1056800029463046FFF78BFFF0BD2DE9F043064673
:105690000F469046002445460320A0EB48093CE015
:1056A0007A1B91B2321990B2FCF723F83A1B91B2EF
:1056B000721990B2FCF71DF83A1991B2721990B2B2
:1056C000FCF717F87A1991B2321990B2FCF711F879
:1056D0007A1991B2321B90B2FCF70BF83A1991B2D9
:1056E000721B90B2FCF705F87A1B91B2321B90B294
:1056F000FBF7FFFF3A1B91B2721B90B2FBF7F9FF69
:10570000641CB9F1000F03DAA000801D814404E09D
:10571000601B80000A3081446D1EAC42C0DDBDE8D4
:10572000F0832DE9F84F80460E4617461C46B346D7
:105730002046E31704EB5373DB1021464FEAE47C69
:1057400004EB5C7C4FEAEC0CA4EBCC0CBCF1000F3E
:1057500002D04FF0010C01E04FF0000C63442246F0
:1057600004EBD27C4FEA6C0C03FB0CF3DBB200932E
:10577000A7F12000C7B2002556E00C2C07D107EB9B
:105780004700794901EB800010F8059013E0102CD8
:1057900005D1764800EB071010F805900BE0182CA7
:1057A00007D107EBC700724901EB800010F80590A4
:1057B00001E0BDE8F88F4FF0000A2FE009F080000B
:1057C00030B16C48028831464046FBF7A0FF07E045
:1057D0000A9828B96848028831464046FBF797FF87
:1057E0004FEA49604FEA1069701C86B263484088EE
:1057F000B04200DCDDE7A6EB0B00A0420AD15E461A
:1058000008F101001FFA80F85C480088404500DC80
:10581000CFE706E00AF1010000F0FF0ABAF1080F35
:10582000CCDB00BF681CC5B200988542A5DB00BF79
:10583000BFE710B50246012000E050430B1EA1F166
:105840000104E1B2F9D110BD2DE9FF4F81B0074647
:1058500091461E460E9D4FF0000A002439E0301B91
:10586000401EC1B20A20FFF7E4FFB9FBF0F00A21A5
:10587000B0FBF1F201FB1208BAF1000F16D1701E55
:10588000A04213DDB8F1000F0ED10020AB4605EBAE
:10589000DB71491001FB0471009088B22B46202275
:1058A0000299FFF73EFF12E04FF0010A0020AB46DD
:1058B00005EBDB71491001FB0471009088B208F11F
:1058C0003001CAB22B460299FFF72BFF00BF601CC4
:1058D000C4B2B442C3DB05B0BDE8F08F2DE9FF4F81
:1058E00082B0064692461F46DDE90F48002001902F
:1058F00000255CE0781B401EC1B20A20FFF799FF2B
:10590000BAFBF0F00A21B0FBF1F201FB1209019899
:10591000B0BB781EA84236DDB9F1000F31D108F0D6
:10592000800078B108F00100A34604EBDB71491058
:1059300001FB0561009088B2234630220399FFF7EE
:10594000F0FE0EE008F00100A34604EBDB71491005
:1059500001FB0561009088B2234620220399FFF7DE
:10596000E0FE22E00008006C7EBE0008F2C20008E3
:10597000E2C800082200002024000020FA000020D5
:1059800001E00120019008F00100A34604EBDB7167
:10599000491001FB0561009088B209F13001CAB2DB
:1059A00023460399FFF7BDFE00BF681CC5B2BD4288
:1059B000A0DB06B0BDE8F08F2DE9F84704460D46A0
:1059C00090469946DDE9096704F0FF0A08EB0400F8
:1059D0001FFA80F809EB05001FFA80F916E044452C
:1059E00002DB5446A81985B24D4500DB14E00020C7
:1059F00000903A78334629462046FFF792FE30461B
:105A000006EBD07104EB61018CB27F1C38787E28E4
:105A100002DC38782028E2DA00BFBDE8F887000011
:105A200001B5009800E0401E0028FCD108BD08B573
:105A300001218C2003F08EFF0220ADF8000004202D
:105A40008DF803006946F94803F0C8FCF020ADF872
:105A5000000010208DF8030003208DF80200694635
:105A6000F34803F0BBFC08BD70B5054600244FF0B9
:105A70003330F0490860084603F059FD044604F449
:105A80007F442C436420FFF7CBFF2146E94803F015
:105A90005BFD1021E64803F04EFD4021E44803F091
:105AA0004AFD8021E24803F048FD8021E04803F0F0
:105AB00042FD1021DE4803F040FD70BD70B5054683
:105AC0004FF03330DB490860084603F030FD0446F0
:105AD00004F47F442C436420FFF7A2FF2146D548FD
:105AE00003F032FD1021D24803F027FD4021D048B9
:105AF00003F021FD8021CE4803F01FFD8021CC481A
:105B000003F019FD1021CA4803F017FD70BD10B550
:105B10004FF04430C74908601021C54803F00BFD21
:105B20008021C34803F007FD4021C14803F005FD73
:105B3000C04803F0EFFCC4B24021BD4803F0FBFCB9
:105B40001021BB4803F0F9FC204610BD10B54FF002
:105B50004430B84908601021B54803F0EEFC8021BC
:105B6000B34803F0E8FC4021B14803F0E6FCB1483B
:105B700003F0D0FCC4B24021AD4803F0DCFC10219E
:105B8000AB4803F0D8FC204610BD10B500BF022181
:105B9000A64803F0B6FC0028F9D12220FFF764FFE5
:105BA000FFF7D4FF10BD70B52021A14803F0C5FC5C
:105BB00040219F4803F0BFFC80219D4803F0BBFCBF
:105BC0000620FFF751FF5520FFF778FFFFF7BEFFD4
:105BD0000546AA2D18D0642413E00520FFF744FFE2
:105BE0009548FFF71DFF0620FFF73EFF5520FFF702
:105BF00065FFFFF7ABFF0546AA2D00D103E0601E4D
:105C0000C4B2002CE9D100BF1520FFF72DFF0620FC
:105C1000FFF754FFFF2409E09620FFF701FFFFF78D
:105C200095FF512800D103E0601EC4B2002CF3D1CF
:105C300000BF0CB1002070BDFF20FCE710B5FFF7DE
:105C4000A4FF0446204610BD70B5FFF7ACFFFFF778
:105C5000F5FF5120FFF708FFFFF797FF0546142DCA
:105C600001D0284670BD5320FFF7FEFEFFF78DFFE1
:105C70000546142D08D07148FFF7D2FE5320FFF7D8
:105C8000F3FEFFF782FF0546142D01D02846E9E711
:105C90002820FFF7E9FEFFF759FF0446082C01D042
:105CA0001F20DFE7002405E0FFF750FF6449085597
:105CB000601CC4B2082CF7D161488479042C03D14C
:105CC0001020604908700EE0082C03D120205D49A7
:105CD000087008E0102C03D140205A49087002E0F7
:105CE00008205849087057480078800156490860D4
:105CF0000B20FFF7B9FE3920FFF7E0FE514800788E
:105D0000FFF7DCFE0020ADE710B55920FFF7ACFE31
:105D1000FFF73BFF10BD2DE9F04104460E4656202B
:105D2000FFF7A2FEE0B2FFF7C9FEC4F30720FFF7BA
:105D3000C5FEC4F30740FFF7C1FE200EFFF7BEFE0D
:105D40000120FFF7BBFE002721E0FFF71EFF0546FD
:105D50001E2D17D12B20FFF787FE4020FFF7AEFE48
:105D60004FF0000807E03078FFF7A8FE761C08F136
:105D7000010000F0FF08B8F1400FF4DB5720FFF7F7
:105D800073FE02E02846BDE8F081781CC7B2082FF8
:105D9000DBDBFFF7FAFE0546142D01D10020F2E708
:105DA0002846F0E72DE9F04105460E465420FFF75E
:105DB0005BFEE8B2FFF782FEC5F30720FFF77EFE29
:105DC000C5F30740FFF77AFE280EFFF777FE0120A4
:105DD000FFF774FE08271DE0FFF7D7FE04461D2CD1
:105DE00015D12820FFF740FEFFF7B0FE804607E000
:105DF000FFF7ACFE3070761CA8F1010000F0FF0840
:105E0000B8F1000FF4D15520FFF72EFE00E003E0BB
:105E1000781EC7B2002FDFD100BFFFF7B6FE0446E1
:105E2000142C13D10020BDE8F0810000000C0140CB
:105E300000080140001C014000D4300000E20400D2
:105E400030000020280000202C0000201F2C0DD145
:105E50004FF4FA60FFF7E4FD5A20FFF705FEFFF765
:105E600094FE0446142C01D02046DCE72046DAE7F5
:105E700070B50025002400204D4908710860FFF727
:105E8000E3FE05460DB144F00104204670BD70B537
:105E900004460D4647480068854214D144480079BD
:105EA00045490978884208D141480068A04204D198
:105EB0003F48006808B1002070BD3F4800783C4969
:105EC0000871084604603C48007838B900BF29468C
:105ED0002046FFF767FF0028F9D100BF00BF002070
:105EE000EAE770B504460D4632480068854205D1A0
:105EF000314800782E490871084604602E48007821
:105F000038B900BF29462046FFF705FF0028F9D120
:105F100000BF00BF002070BD10B503460C46002135
:105F20000BB9002010BD2448007838B9002102E0E8
:105F300002F50072491C9942FAD300BF00BF00204D
:105F4000F0E710B503460C4600210BB9002010BD48
:105F50001948007838B9002102E002F50072491CA6
:105F60009942FAD300BF00BF0020F0E710B5024607
:105F70000B46002100BF04E000200E4C2468605452
:105F8000491CB1F5007FF7D30B48007828B90021F0
:105F900000E0491C9142FCD300BF00BF06480078D6
:105FA000034C20719818401E2060002010BD000096
:105FB00038000020400000204800002010B50346B3
:105FC0000C46002100BF01E05A54491CA142FBD3FA
:105FD000002010BD30B503460C46002100BF06E08E
:105FE000585C655CA84201D0002030BD491C91423C
:105FF000F6D30120F9E710B50B46002100BF02E0FF
:106000005C5C4454491C9142FAD310BD0A460021FD
:1060100003E0535C43544B1CD9B2535C002BF8D1C2
:10602000435470470146002000E0401C0A5C002AEF
:10603000FBD170470146002000E0401C51F82020B1
:10604000002AFAD17047014608787047014608686F
:10605000704701460868704730B503460C46154640
:10606000002200BF04E0A018FFF7EDFF9854521C77
:10607000AA42F8D3184630BD0246FE480160FE48E9
:1060800002700020704702460020012901DB1378CE
:106090001843022902DB537840EA0320032902DB7C
:1060A000937840EA0340042902DBD37840EA036096
:1060B00070477CB506460024F0A000680190F0A06F
:1060C00000680090EB4800680068441C17E0ED4849
:1060D00001682046FFF7DBFEEA480568042201A9B3
:1060E0002846FFF777FF48B10422694605F5F270AC
:1060F000FFF770FF10B1346000207CBD641CDD48E8
:1061000000684069A042E2D80120F6E72DE9F0419D
:1061100007460025002400BF25E0D64909684969E3
:106120004819D8490968FFF7B2FED6480668002426
:1061300016E016F8240088B906EB8400407868B9A8
:1061400006EB8400807848B906EB8400C07828B953
:1061500004EBC51038600020BDE8F081601CC4B2BB
:10616000802CE6DB6D1CC3480068C068A842D4D808
:106170000120F1E710B5BF490968C869C14909683C
:10618000FFF785FEBF480468BA48006890F8200011
:1061900084F8E801B7480068008CC0F3072140F29A
:1061A000E9100155B3480068006AC0F307414FF495
:1061B000F5700155AF480068006A010E40F2EB101F
:1061C0000155AC48006890F8240084F8EC01A94817
:1061D0000068808CC0F3072140F2ED100155A548FE
:1061E0000068406AC0F307414FF4F7700155A148B9
:1061F0000068406A010E40F2EF1001559D490968A0
:10620000C869A0490968FFF76CFE002010BD38B5C9
:106210009DA0006800909B4801680020FFF737FEB2
:106220009848006800789DF8001088420DD1954884
:10623000006840789DF80110884206D191480068B6
:1062400080789DF8021088420AD004218D480068A9
:1062500000F5E370FFF717FF86490968086003E05F
:1062600000208449096808608249096808688549EE
:106270000968FFF70CFE8348046894F8520046282A
:106280000FD15320005D41280BD15420005D5428CC
:1062900007D15520005D332803D15620005D3228F8
:1062A00001D0022038BD022104F10B00FFF7EBFE04
:1062B000704909688860042104F12400FFF7E3FEB7
:1062C0006C490968C860607B6A49096808610221F5
:1062D00004F10E00FFF7D7FE664909680968084413
:1062E000644909684861634800684069217C614AE3
:1062F0001268D26801FB02005E49096888610421C6
:1063000004F12000FFF7BFFE40085A4909684860C1
:10631000584800681C30FFF7CCFE08B10120C1E7E7
:1063200054490968C86957490968FFF7B0FD042155
:106330005448006800F5F470FFF7A5FE4D49096860
:1063400008624C480068006AB0F1FF3F10D149482C
:1063500000688169474800684068C1EB40004549D2
:1063600009680969B0FBF1F0401E424909680862FA
:10637000404800682430FFF7C9FE08B1012091E7CA
:10638000FFF7F8FE00208DE72DE9F04104460025D7
:1063900038480068406900EBD4153A48016828463F
:1063A000FFF775FD3748076804F07F0007EB8006AC
:1063B00004213046FFF767FEBDE8F0812DE9FC5F60
:1063C00004460F462B48006800692A490968896815
:1063D00000FB01F94FF00008C346C246002500202B
:1063E00001900090002629480460206AB84202D932
:1063F000002084F83000606BB84202D10020BDE874
:10640000FC9F606BB84211D9E0696062194800686E
:106410008169606A801E174A1268126900FB0210C7
:10642000A0620020E062606384F83000606B3D1A77
:10643000206AB84205D8616B206A451A012084F8A9
:106440003000606BB0FBF9F109FB110000287DD032
:10645000084800688068E16A401AA84248D30548A5
:1064600000688068E16A401AA84239D10148006892
:1064700081690DE044000020480000205252614133
:106480007272416140000020EB5890004C000020E7
:10649000606A801EFE4A1268126900FB0210A16A3F
:1064A000091AFB4800680069401E814212D194F825
:1064B000300018B9606AFFF767FF6062F44800684F
:1064C0008169606A801EF24A1268126900FB02103C
:1064D000A06202E0A06A401CA0620020E06202E02C
:1064E000E06A2844E062606B28446063002086E72D
:1064F000E74800688068E16AA0EB01084644E44888
:1065000000688169606A801EE14A1268126900FBB6
:106510000210A16A091ADE4800680069401E814223
:1065200064D0A06A401CA0620020E062A5EB060ACD
:10653000D74800688169606A801ED54A126812696E
:1065400000FB0211D2480068006900E05FE0401ED5
:106550000144A06A401E081ACD490968896800FBF9
:1065600001FBDA452AD8CA4800688068BAFBF0F80F
:10657000C7480068806800FB0866DA4514D194F8C3
:10658000300018B9606AFFF7FFFE6062C04800681B
:106590008169606A801EBE4A1268126900FB02109F
:1065A000A0620020E06204E0A06A4044A062A81B50
:1065B000E062606B28446063002020E7B448006814
:1065C0008169606A801EB24A1268126900FB02117A
:1065D000AF4800680069401E0844A16A401A00F1F3
:1065E0000108AB480068806800FB0866606AFFF736
:1065F000CBFE6062A64800688169606A801EA44A7A
:106600001268126900FB0210A0620020E062A81B61
:1066100036D0A81BB0FBF9F00090002001900CE0F0
:106620004E44A81B02D194F8300018B9606AFFF7F5
:10663000ABFE60620198401C0190DDE900108842C9
:10664000EED3934800688169606A801E904A1268A0
:10665000126900FB0210A062A81B11D0A81B8C4974
:1066600009688968B0FBF1F889480068806800FB18
:106670000866A06A4044A062A81B01D0A81BE06283
:10668000606B284460630020B9E62DE9FF4F85B0B8
:10669000044617469846002004900390834681469E
:1066A00082460026029001900090002579480460FF
:1066B00020460699FFF782FE1FB9002009B0BDE809
:1066C000F08F734800680069714909688968484318
:1066D0000490606B3844216A884205D3616B206A5C
:1066E000471A012084F83000616B0498B1FBF0F286
:1066F00000FB121000287DD06749A06A0968FFF7E7
:10670000C6FB634800688068E16A461AB7423CD815
:10671000614AE06A126881183A464046FFF76BFC0E
:10672000BE422AD15A4800688169606A801E584A70
:106730001268126900FB0210A16A091A5448006825
:106740000069401E814212D194F8300018B9606A85
:10675000FFF71AFE60624E4800688169606A801E19
:106760004B4A1268126900FB0210A06202E0A06AA4
:10677000401CA0620020E06202E0E06A3844E0626F
:10678000606B38446063384698E741480068806829
:10679000E16A461A404AE06A126881183246404669
:1067A000FFF729FC35443A4800688169606A801E19
:1067B000374A1268126900FB0210A16A091A3448AC
:1067C00000680069401E814268D0A06A401CA06237
:1067D0000020E062781B01902D4800688169606AA2
:1067E000801E2B4A1268126900FB021128480068BB
:1067F000006900E083E0401E0144A06A401E081AC0
:1068000023490968896848430290DDE9010188420B
:1068100047D81F48006881680198B0FBF1F608EB83
:1068200005023046A16AFFF777FB194800688068C7
:1068300000FB0655DDE90101884214D194F83000CF
:1068400018B9606AFFF7A0FD6062114800688169AD
:10685000606A801E0E4A1268126900FB0210A06274
:106860000020E06210E0A06A3044A0627E1B0A496A
:10687000A06A0968FFF70BFB08EB050032460649E2
:106880000968FFF7B8FBE662606B3844606306E0B6
:10689000440000204C000020400000201EE038464C
:1068A0000CE7F94800688169606A801EF64A126840
:1068B000126900FB0211F44800680069401E084498
:1068C000A16A401A461C08EB05023046A16AFFF790
:1068D00023FBED480068806800FB0655606AFFF7FF
:1068E00053FD6062E84800688169606A801EE64A7C
:1068F0001268126900FB0210A0620020E062781B9F
:10690000029004990298B0FBF1F0009000980028E2
:106910007BD0606A824681460120039031E0504678
:10692000FFF732FD8346ABF10100504501D1DA4655
:1069300024E0D54B1B68D3F818C0A9F10203DFF897
:1069400048E3DEF800E0DEF810E003FB0EC1AAEB3E
:1069500009035B1CDFF830C3DCF800C0DCF810C0B2
:1069600003FB0CF008EB0502FFF7D6FAAAEB0901CE
:10697000491C049801FB0055DA46D9460398401C8F
:106980000390009903988842C9D304990298B0FBF8
:10699000F1F201FB1206002E7DD0BB480068806832
:1069A000B6FBF0F65046FFF7EFFC8346ABF1010073
:1069B00050452BD1B44B1B68D3F818C0A9F1020382
:1069C000DFF8C4E2DEF800E0DEF810E003FB0EC101
:1069D000AAEB09035B1CDFF8B0C2DCF800C0DCF8EE
:1069E00010C003FB0C6008EB0502FFF795FAAAEB59
:1069F0000900401CA4490968096900FB0160A2491B
:106A00000968896801FB00553AE08CE09E4B1B68E1
:106A1000D3F818C0A9F10203DFF86CE2DEF800E059
:106A2000DEF810E003FB0EC1AAEB09035B1CDFF8E4
:106A300058C2DCF800C0DCF810C003FB0CF008EB17
:106A40000502FFF769FAAAEB0900401C049901FB53
:106A500000558D4800688369ABF10200DFF828C259
:106A6000DCF800C0DCF810C000FB0C3108EB0502BC
:106A70003046FFF751FA84480068806806FB0055ED
:106A8000C4F824B0804800688169ABF102007E4AF6
:106A90001268126900E014E000FB02103044A062AA
:106AA0007E1B002E75D07949A06A0968FFF7EFF9BF
:106AB00008EB0500324675490968FFF79CFAE66263
:106AC00067E0714B1B68D3F818C0A9F10203DFF827
:106AD000B8E1DEF800E0DEF810E003FB0EC1AAEB3F
:106AE00009035B1CDFF8A0C1DCF800C0DCF810C0B3
:106AF00003FB0CF008EB0502FFF70EFAC4F824A024
:106B000094F8300018B95046FFF73EFC60625E48CA
:106B100000688169606A801E5B4A1268126900FB26
:106B20000210A06235E05848006881680298B0FB06
:106B3000F1F6554800688369606A801EDFF848C135
:106B4000DCF800C0DCF810C000FB0C3108EB0502DB
:106B50003046FFF7E1F94C480068806806FB0055B5
:106B6000A06A3044A0624848006881680298B0FB7F
:106B7000F1F201FB120666B14449A06A0968FFF709
:106B800086F908EB0500324640490968FFF733FAF9
:106B9000E662606B3844606338468FE50146002248
:106BA00017E0885C5C2811D0885C2F280ED0885CA8
:106BB0003A280BD0885C222808D0885C3C2805D075
:106BC000885C3E2802D0885C7C2801D10120704777
:106BD000521C885C0028E4D100BFF8E730B50346BA
:106BE00000241846FFF71EFA451E00E06D1E585D92
:106BF0002028FBD017E0185D2B2811D0185D5B28EA
:106C00000ED0185D5D280BD0185D2C2808D0185DBB
:106C1000202805D0185D3B2802D0185D3D2801D101
:106C2000012030BD641CAC42E5D90020F9E730B545
:106C300003461846FFF7F6F9441E002518782E285B
:106C400001D1012030BD04E0185D2E2800D16D1C5B
:106C5000641E002CF8D1012D01D90120F2E700209B
:106C6000F0E770B503461846FFF7DCF9441E02252D
:106C700002261AE0185D61280BDB185D7A2808DC13
:106C800035B9FF2070BD0000440000204000002006
:106C90000125185D412807DB185D5A2804DC012D09
:106CA00001D1FF20EEE70025641E185D2E2801D0DB
:106CB000002CDFD15CB91878612806DB18787A28B7
:106CC00003DC0DB9FF20DDE701252E460025185D08
:106CD0002E2800D1641E15E0185D612806DB185DC2
:106CE0007A2803DC0EB9FF20CCE70126185D412885
:106CF00007DB185D5A2804DC012E01D1FF20C1E713
:106D00000026641E002CE7D1022E0DD118786128D0
:106D100003DB18787A2800DC01261878412803DB89
:106D200018785A2800DC002646EA0510C0B2A9E708
:106D30002DE9F04306460027B84600250024A14669
:106D40003046FFF76FF9034600E05B1E581E305CCB
:106D50002028FAD00C2B02D90120BDE8F083581E60
:106D6000C5B208E0705D2E2803D12F464FF0010810
:106D700003E0681EC5B2002DF4DC00BFB8F1000FBF
:106D80000AD1DCB24FF00009002C03DD082C01DC35
:106D90000020E2E70120E0E73C46781C181A00F0EA
:106DA000FF09002C06DD082C04DCB9F1030F01DC1F
:106DB0000020D2E70120D0E770B505460C4600213F
:106DC00007220A2301E0501EC2B2A85C2028FAD094
:106DD000501CC2B201E0581EC3B2E85C202801D1A9
:106DE000082BF8DAD81FC3B2002103E0685C6054B6
:106DF000481CC1B29142F9DB2E206054002107E00B
:106E000001F108002E5C5018401C2654481CC1B2E9
:106E10009942F5DBD018205C2E2803D10020D6182B
:106E2000A05503E00026D018401C2654002070BD59
:106E30002DE9F04104460E4600250027FC48046079
:106E400021463046FFF7B8FF2046FFF7EBF8451E16
:106E50000FE0307B00F0100050B1605D412805DB91
:106E6000605D5A2802DC605D203000E0605D6055A6
:106E70006D1E605D2E2801D0002DEAD1307B00F020
:106E8000080078B100270BE0E05D412805DBE05DFC
:106E90005A2802DCE05D203000E0E05DE0557F1C18
:106EA000AF42F1D32046FFF7BDF8451EF07A00F05F
:106EB000100010B10021681C2154F07A6073022187
:106EC00006F11A00FFF7DFF88046022106F11400F0
:106ED000FFF7D9F808EB0040E061042106F11C003F
:106EE000FFF7D1F82062022106F10E00FFF7CBF880
:106EF0000546E806810E21746D0905F02F01E17346
:106F0000AD0905F01F00A073707B6421B0FBF1F1A7
:106F1000207C08442074022106F11000FFF7B3F82A
:106F2000054605F01F0161766D0905F00F01217618
:106F30002D0905F07F0000F2BC706061E0696062BD
:106F4000606A50B1BB4800688169606A801EB94AB6
:106F50001268126900FB021000E00020A06200200D
:106F6000E0626063E06908B9012000E0002084F875
:106F700030000020BDE8F0810146002209E0885C75
:106F80002A2802D0885C3F2801D101207047501C7C
:106F9000C2B2885C0028F2D100BFF7E72DE9F043C8
:106FA00007460D469046444600233846FFF73AF818
:106FB00000F0FF092846FFF735F8C6B20FE0385D4C
:106FC000E95C884202D0E85C3F2804D1601CC4B26E
:106FD000581CC3B203E0E01A401CC4B200234C4565
:106FE00001DAB342EBDBB34203D1A01BC0B2BDE870
:106FF000F083FF20FBE72DE9F04785B00546894681
:107000004FF0000800244846FFF70CF800F0FF0A94
:107010002846FFF707F8C7B2002610E0285D612870
:1070200005DB285D7A2802DC285D203800E0285D39
:10703000C0B20DF80600701CC6B2601CC4B2BC42DF
:1070400002DA285D2A28E9D1285D28B9574503D0FE
:10705000012005B0BDE8F08700200DF806000022F1
:1070600069464846FFF79AFF08B10120F1E7B046AC
:1070700044E001E0601CC4B2BC4202DA285D2A2868
:10708000F8D0BC4201D10020E3E7002610E0285DE3
:10709000612805DB285D7A2802DC285D203800E0C5
:1070A000285DC0B20DF80600701CC6B2601CC4B2E8
:1070B000BC4202DA285D2A28E9D100200DF806003A
:1070C000BC420CD1424669464846FFF767FFAAEB2F
:1070D0000601884201D00120BBE70020B9E7424603
:1070E00069464846FFF75AFF8046B8F1FF0F01D1C5
:1070F0000120AEE708EB060000F0FF08B9E72DE934
:10710000F04106460D46002700240EB1012E02D1A3
:107110000120BDE8F081B000464909688968B0FBEC
:10712000F1F04449096849694718B00041490968C4
:107130008968B0FBF1F201FB12043F480168384650
:10714000FEF7A5FE3C4909680D55C5F307213A48ED
:107150000268601C1154C5F3074137480268A01C3F
:107160001154290E34480268E01C11543248016859
:107170003846FEF7B6FE2F490968C968C8192E4976
:107180000968FEF784FE2C4909680D55C5F30721EF
:1071900029480268601C1154C5F30741264802685B
:1071A000A01C1154290E24480268E01C11542149E6
:1071B0000968C968C81920490968FEF792FE0020CD
:1071C000A7E770B504461B4A12689369A21E194DC1
:1071D0002D682D6902FB0531164A12681069FEF709
:1071E000C5FE002070BD2DE9F04112480068006A1C
:1071F00000286ED00F480068006A401E0D490968DB
:1072000008620C480068406AC7090A490968496968
:10721000C81909490968FEF73AFE07480568054894
:10722000006890F8240000F07F00441C20E000007B
:107230004C000020440000204000002015F82400ED
:10724000A8B905EB8400407888B905EB8400807804
:1072500068B905EB8400C07848B904EBC710FA4957
:1072600009684862FEF786FF0020BDE8F081641CD3
:10727000802CE3D37E1C27E0F3490968496988190B
:10728000F2490968FEF703FEF0480568002418E09B
:1072900015F82400A0B905EB8400407880B905EB0F
:1072A0008400807860B905EB8400C07840B904EBB5
:1072B000C610E54909684862FEF75CFF0020D4E784
:1072C000641C802CE4D3761CDF480068C068B042A0
:1072D000D2D80220DC49096848620720C5E72DE9B9
:1072E000F34F85B00D464FF0000A00260027D5F871
:1072F00000800598FFF752FC18B1082007B0BDE8E0
:10730000F08F0598FFF714FD08B10920F6E70598FE
:10731000FFF78DFC08B10A20F0E70598FFF75EFC47
:1073200008B10B20EAE70598FFF79BFCFF2801D185
:107330000C20E3E700BFC44800688169A8F102009F
:10734000C14A1268126900FB021A002632E00AEBF9
:107350000600BE490968FEF79AFDBC48D0F80090C7
:10736000002723E009EB4714E07A00F01000D8B1C1
:107370002078E52818D001A92046FFF71DFD01A9B6
:107380000598FFF738FE78B9022104F11A00FEF7DC
:107390007AFE8346022104F11400FEF774FE4BEAE4
:1073A000004028600020A9E7781CC7B2102FD9DB65
:1073B000701CC6B2A44800680069B042C7D84046F5
:1073C000FEF7E2FF80466FF070408045B3D10420A5
:1073D00094E72DE9FF470446884617460026B14644
:1073E0000125012038600220C8F8000020785C28C0
:1073F00002D020782F2805D1607818B9002004B079
:10740000BDE8F08720E0605D5C2802D0605D2F2839
:1074100010D100200DF80600002641466846FFF70F
:107420005EFF8146B9F1000F01D04846E7E7681CCE
:10743000386008E0605D0DF80600701CC6B20C2EC6
:1074400001DD0920DBE76D1C605D0028DBD100BF9A
:10745000D5E72DE9F04F8BB00546884691469A4610
:107460004FF0000B00200A900990089007900690BA
:10747000002600277648056007AA08A94046FFF7BE
:10748000A8FF8346BBF1000F03D058460BB0BDE800
:10749000F08F0798404401900198FFF77FFB08B1F7
:1074A0000820F3E70198FFF767FDC0B90198FFF7DF
:1074B0003FFC08B10920E9E70198FFF7B8FB08B1E4
:1074C0000A20E3E70198FFF789FB08B10B20DDE70D
:1074D0000198FFF7C6FBFF2801D10C20D6E700BFBB
:1074E0005948006881690898801E574A12681269D5
:1074F00000FB0210099000264EE0099988195349B3
:107500000968FEF7C4FC514800680090002740E07D
:10751000009800EB4714BAF1000F0FD0E07A00F0AA
:10752000100048B9E07A0F2806D0E07A20B1E07A5E
:10753000082801D0012004E0002002E0E07AC0F336
:10754000001028B32078E52822D020782E281FD0DC
:1075500002A92046FFF730FC02A90198FFF74BFD76
:1075600078B9069881450AD121462846FFF760FC84
:1075700009983044A86385F83C70002086E7012014
:107580000A900A9820B10698401C069000200A90A4
:107590007F1C102FBCD3761C2B4800680069B042BA
:1075A000ABD80898FEF7F0FE08906FF0704108988D
:1075B000884295D1032069E72DE9FF4F83B0054646
:1075C0000E4617460020029001900090002480464D
:1075D0003046FEF727FD00F0FF0BA246A146002231
:1075E00020212846FEF7EAFCABF10100C4B208E016
:1075F000305D2E2803D102940120019003E0601E2B
:10760000C4B2002CF4DC00BF0198002847D000244D
:107610000CE0305D612805DB305D7A2802DC305DEE
:10762000203800E0305D2855601CC4B202988442C6
:10763000EFDB03E020202855601CC4B2082CF9DBE6
:107640000298401CC4B21AE0440000204000002010
:107650004C000020305D612805DB305D7A2802DCBB
:10766000305D203800E0305DC1B205F1080000F85F
:10767000081008F1010000F0FF08601CC4B25C456E
:10768000E8DB08E0202105F1080000F8081008F107
:10769000010000F0FF08B8F1030FF3DB26E000243F
:1076A0000CE0305D612805DB305D7A2802DC305D5E
:1076B000203800E0305D2855601CC4B25C45F0DB2A
:1076C00003E020202855601CC4B2082CF9DB4FF0E1
:1076D000000808E0202105F1080000F8081008F172
:1076E000010000F0FF08B8F1030FF3DB069808B1C2
:1076F000202000E03020E8723046FFF7B2FA009018
:10770000009800F00F00012803D1287B40F008000A
:107710002873009800F0F000102803D1287B40F077
:1077200010002873B87A00EBD0714910A0EB41012A
:1077300009B1782100E000216973387AC102787AB2
:1077400001EB4011B87A01EB500A85F80EA04FEA20
:107750001A21E97364213868B0FBF1F201FB1200D1
:1077600014304002397900EB4110797900EB0109BE
:1077700085F810904FEA1921697485F812904FEA44
:107780001921E97485F816A04FEA1A21E97585F8E0
:1077900018904FEA19216976069898B9FE48006852
:1077A000406A000C2875FC480068406A000E687545
:1077B000F948006890F82400A876F7480068808CA3
:1077C000010AE976002007B0BDE8F08F2DE9F84FF7
:1077D00080468B4614461E464FF00009002000905C
:1077E00000270025EC480068006A10B90720BDE8B2
:1077F000F88F00BFE84800688169A8F10200E64AF6
:107800001268126900FB021900273AE009EB070031
:10781000E2490968FEF73BFBE048D0F800A00025EC
:107820002BE00AEB45100B225946FEF7D3FB28B19B
:1078300009EB0700206035700520D8E70AEB4510FA
:107840000078C0B909EB070020603570D349206883
:107850000968FEF71CFB3178D04A126802EB411030
:1078600020225946FEF7C7FBCC4920680968FEF77D
:1078700038FB0020BBE7681CC5B2102DD1DB781C9B
:10788000C7B2C54800680069B842BFD8CDF80080CB
:107890004046FEF779FD80466FF070408045A9D1E3
:1078A000BD480068006AA0B3BB480068416A009800
:1078B000FFF725FCB8490968486A6FF07041FFF787
:1078C0001EFCB5490968486AFFF77BFCB2480068AE
:1078D0008169B1480068406A801EAF4A1268126927
:1078E00000FB0210206000203070AC49206809685D
:1078F000FEF7CDFA20225946A8480068FEF77BFB28
:10790000A64920680968FEF7ECFAFFF76CFC002036
:107910006DE7FFE707206AE72DE9F0418CB00446E8
:107920000F46154600200B900A90099000260890FB
:107930009B4804600AAA0BA93846FFF74AFD064691
:107940001EB130460CB0BDE8F0810A9807EB000884
:107950004046FFF723F908B10820F3E74046FFF758
:10796000E7F908B10920EDE74046FFF760F908B1F3
:107970000A20E7E74046FFF731F908B10B20E1E7BD
:107980004046FFF76EF9FF2801D10C20DAE701230A
:107990002A4641466846FFF70FFE08AB09AA69462A
:1079A0000B98FFF713FF06461EBB41462046FEF725
:1079B0002DFB20206073287AA073697AE173A97A7D
:1079C00021742868606129792176697961760020BF
:1079D000E06120626062A062E0626063012084F87E
:1079E00030000998A0639DF8200084F83C00002036
:1079F000A8E7052E13D1694801680998FEF747FAF0
:107A0000664800689DF8202000EB42112046FFF7F1
:107A10000FFA0998A0639DF8200084F83C003046D6
:107A200090E770B504465E4804605C49A06B096845
:107A3000FEF72DFA94F83C005849096801EB40150F
:107A400094F820002877208C010A6977206A010CBD
:107A5000A977206A010EE9775049A06B0968FEF703
:107A600040FA002070BD70B504460D464C480460D5
:107A70004A49A06B0968FEF70AFA94F83C004749A6
:107A8000096801EB4016E561280C3075290E717507
:107A9000B576290AF1764149A06B0968FEF721FA0B
:107AA000002070BD2DE9F74F82B00D464FF0000B5E
:107AB000D846AA46C1460020019000260027374834
:107AC0000468354800680069334909688968484393
:107AD000009033490298086000990498B0FBF1F9CE
:107AE00000990498B0FBF1F201FB120008B109F112
:107AF0000109CDF8049028480068006A484503D27F
:107B0000072005B0BDE8F08F23480068456A224889
:107B10000068416A029841621F48006881690298C2
:107B2000406A801E1C4A1268126900FB021102980A
:107B30008162A9F10109BAF1000F1BD04FEADA18EE
:107B400015490968496901EB080014490968FEF7FD
:107B50009EF90AF07F0704F82750280A04EB8701F2
:107B60004870280C04EB87018870280E04EB87010D
:107B7000C8700AE04FEAD51807490968496901EB5E
:107B8000080006490968FEF782F9B8EBD51F2FD126
:107B9000B9F1000F75D105E044000020400000203D
:107BA0004C00002005F07F07FF2004F8270004EBBD
:107BB0008701487004EB870188700F2004EB870170
:107BC000C870FE490968496901EB0800FC49096869
:107BD000FEF787F9F94909684969F84A1268D268D5
:107BE000114401EB0800F6490968FEF77AF948E00C
:107BF000F2490968496901EB0800F1490968FEF793
:107C000070F9EE4909684969EC4A1268D268114472
:107C100001EB0800EA490968FEF763F94FEAD51855
:107C2000E6490968496901EB0800E5490968FEF77A
:107C30002EF9B9F1000F24D105F07F07FF2004F8D9
:107C4000270004EB8701487004EB870188700F2040
:107C500004EB8701C870D9490968496901EB08003C
:107C6000D7490968FEF73DF9D44909684969D34AFB
:107C70001268D268114401EB0800D1490968FEF787
:107C800030F9B9F1000F0DD1CC480068016A0198B4
:107C9000081ACA4909680862FFF7A5FAFEF76AFAE6
:107CA00000202EE7AA464FEADA1805F07F00401CB4
:107CB00080286AD0C1490968496901EB0800C049B8
:107CC0000968FEF7E4F805F07F00461C5BE06D1CD8
:107CD00014F82600F0B904EB86004078D0B904EB24
:107CE00086008078B0B904EB8600C07890B90AF0BD
:107CF0007F0704F82750280A04EB87014870280CF6
:107D000004EB87018870280E04EB8701C870A9F185
:107D10000109AA46B9F1000F33D1FF2004F826006B
:107D200004EB8601487004EB860188700F2004EB99
:107D30008601C870A1490968496901EB0800A0499A
:107D40000968FEF7CEF89D49096849699B4A12689F
:107D5000D268114401EB080099490968FEF7C1F89F
:107D600096480068016A0198081A944909680862EF
:107D7000924800684562FFF736FAFEF7FBF90020EB
:107D8000BFE6701CC6B2802EA1DB8C490968496928
:107D900001EB08008A490968FEF7A3F887490968DA
:107DA0004969864A1268D268114401EB0800844987
:107DB0000968FEF796F808F1010B94E07F4909681D
:107DC000496901EB0B007E490968FEF760F800265F
:107DD0006FE06D1C14F8260080BB04EB8600407831
:107DE00060BB04EB8600807840BB04EB8600C07863
:107DF00020BB4FEADA180AF07F07C3450DD02946A9
:107E00005046FFF77CF96D490968496901EB0B00A1
:107E10006B490968FEF73BF80DE004F82750280A83
:107E200004EB87014870280C04EB87018870280E4A
:107E300004EB8701C870A9F10109AA46B9F1000F46
:107E400035D14FEADA18FF2004F8260004EB86014A
:107E5000487004EB860188700F2004EB8601C8701F
:107E600056490968496901EB080055490968FEF758
:107E700038F8524909684969504A1268D268114471
:107E800001EB08004E490968FEF72BF84B480068E3
:107E9000016A0198081A4949096808624748006858
:107EA0004562FFF7A0F9FEF765F9002029E6701C8E
:107EB000C6B2802E8DDB41490968496901EB0B0090
:107EC0003F490968FEF70DF83C49096849693B4A92
:107ED0001268D268114401EB0B0039490968FEF7BA
:107EE00000F80BF1010B35480068C06858453FF6B3
:107EF00065AF012005E62DE9FF5F04460E46914679
:107F00002E48006880682D49096809694843039034
:107F10000398B6FBF0F50020029000278046019000
:107F2000824683460090274804601EB9002004B0B2
:107F3000BDE8F09F606A48B920480068406AE06187
:107F40001E480068416A2046FFF78DFD32462046F4
:107F5000616AFFF7A7FD0090009808B10098E6E776
:107F600095BB164800688068B6FBF0F513480068BA
:107F70008269606A801E114B1B681B6900FB03212C
:107F80004A462846FDF7DDFFA06A2844A0620B4858
:107F90000068806805FB0099084800688068B6FBA7
:107FA000F0F100FB1165002D13D02A464946044824
:107FB0000068FEF720F80249A06A06E044000020AD
:107FC000400000204C00002004E00968FDF789FF14
:107FD000E562E0E0606A80460746012002902DE0FD
:107FE0004046FEF7D1F901900198401E404502D16C
:107FF000DDF804801FE0FE4A12689369BA1EDFF8BC
:10800000F0C3DCF800C0DCF810C002FB0C31A8EBB8
:108010000702521CF64B1B681B6902FB03F04A4621
:10802000FDF78FFFA8EB0701491C039801FB00999E
:10803000019F019FB8460298401C02900298A842F6
:10804000CED30398B6FBF0F100FB1160E849096854
:108050008968B0FBF1FA4046FEF796F98346A8EB33
:108060000700401CE2490968096900FB01F56FF04F
:10807000704083456ED0ABF10100404518D1DC4A19
:1080800012689369BA1EDFF868C3DCF800C0DCF838
:1080900010C002FB0C3105EB0A004A46FDF751FF08
:1080A00005EB0A00D2490968896800FB01992EE0B6
:1080B000CF4A12689369BA1EDFF834C3DCF800C0F7
:1080C000DCF810C002FB0C31A8EB0702521CC84BB5
:1080D0001B681B6902FB03F04A46FDF732FFC448E8
:1080E0000068806805FB0099C14800688269ABF1AF
:1080F0000200BF4B1B681B6900FB03214A46504628
:10810000FDF71FFFBA48006880680AFB0099C4F8B1
:1081100024B0B74800688169ABF10200B44A126824
:10812000126900FB02105044A062B14800688068E8
:10813000B6FBF0F100FB11656DB32A464946AD4828
:108140000068FDF758FFAB49A06A0968FDF7C9FE52
:10815000E56220E0A64800688269B81EA44B1B684F
:108160001B6900FB03214A462846FDF7EAFE05EBA2
:108170000A009F490968896800FB0199C4F82480B6
:108180009B4800688169A8F10200994A1268126947
:1081900000FB0210A062FDF7EDFF606B30446063EE
:1081A0003046C4E62DE9F04704460D4692460026C7
:1081B000B0462F468E48006880688D490968096975
:1081C00000FB01F98C48046015B90020BDE8F08778
:1081D000206AC0F1FF30A84202D26FF00100F5E73B
:1081E0002046216AFEF7EAF8606BB0FBF9F109FB63
:1081F000110060B37E4800688068E16A411A7C48DB
:1082000000688269606A801E794B1B681B6900FBED
:108210000322774800680069401E1044A26A801A51
:1082200000FB0916B54223D9A81BB0FBF9F8A81B1F
:10823000B0FBF9F109FB110008B108F101086C4825
:108240000068006A404513D24FF0FF30BEE7B5FB2F
:10825000F9F8B5FBF9F009FB105008B108F1010875
:1082600063480068006A404502D24FF0FF30ADE736
:108270005F4800688068E16A461A606BB0FBF9F1FC
:1082800009FB110000287DD0B5424FD85949A06A9A
:108290000968FDF7FCFD574AE16A126888182A460A
:1082A0005146FDF7A8FE5349A06A0968FDF719FE7B
:1082B000B5422DD14E4800688169606A801E4C4AE3
:1082C0001268126900FB0210A16A091A4848006886
:1082D0000069401E81420BD1454800688169606A8F
:1082E000801E434A1268126900FB0210A06202E07D
:1082F000A06A401CA0620020E062606B28446063BA
:10830000206A284420622046FFF78BFB28465DE761
:10831000E06A2844E062606B28446063206A284475
:1083200020622046FFF77DFB28464FE73149A06ACF
:108330000968FDF7ACFD2F4AE16A126888183246D9
:108340005146FDF758FE2B49A06A0968FDF7C9FDA3
:10835000BF1BB244264800688169606A801E244AB7
:108360001268126900FB0210A16A091A204800680D
:108370000069401E814275D0A06A401CA0620020A6
:10838000E06200E09CE0606B304460631848006885
:108390008169606A801E164A1268126900FB021128
:1083A000134800680069401E0844A16A401A401C36
:1083B0000F490968896800FB01F6B74253D80C4899
:1083C00000688068B7FBF0F852464046A16AFDF7A6
:1083D000B8FD07480068806800FB08AAB7421ED1B4
:1083E000034800688169606A801E014A126805E0DE
:1083F00044000020400000204C000020126900FBD7
:108400000210A0620020E062606B38446063206A62
:10841000284420622046FFF704FB2846D6E6A06ADF
:108420004044A062344800688068B7FBF0F100FB6C
:108430001170E062E06A50B151463048E26A00686B
:10844000FDF7D9FD2D49A06A0968FDF74AFD606B6B
:1084500038446063206A284420622046FFF7E1FA2E
:108460002846B3E61CE0244800688068B6FBF0F8B4
:1084700052464046A16AFDF764FDB244BF1B1E4848
:1084800000688169606A801E1B4A1268126900FBDD
:108490000210A0620020E062606B304460630FE075
:1084A000154800688169606A801E134A1268126963
:1084B00000FB0210A0620020E062606B3044606349
:1084C000524639462046FFF716FD206A28442062AE
:1084D0002046FFF7A6FA284678E610B50446084875
:1084E0000460002240212046FDF768FD0020044979
:1084F000086010BD002070474400002040000020AC
:108500004C00002008B50121042001F023FA0220CC
:10851000ADF8000010208DF8030003208DF8020054
:1085200069467F4800F05AFF02217D4801F005F8B6
:10853000052000F092FA00217A4802F037FB05216D
:10854000784802F079FB04208DF8030069467448EE
:1085500000F044FF08BD10B5FFF7D4FF0AE07148F2
:1085600002F047FB4FF60B61884203DD6D4802F0D5
:1085700040FB10BD04216B4802F041FB0028EED007
:10858000684802F02CFBF4E730B587B005460C468E
:108590000121082001F0EBF90121042001F0DAF9B2
:1085A0000220ADF8180003208DF81A0004208DF881
:1085B0001B0006A95A4800F011FFADF81050ADF8A5
:1085C0000C400020ADF81200ADF80E0003A955488C
:1085D00001F0FCFC0420ADF800000020ADF8020022
:1085E0000120ADF804000020ADF806000320ADF82E
:1085F000080069464B4801F07CFF0121494802F020
:1086000041F807B030BD70B586B005214FF6FF7058
:10861000FFF7BAFF002409E0FFF79DFF01A921F849
:1086200014000A2000F019FA601CC4B20A2CF3DB13
:1086300000241BE0601CC5B214E001A830F814004F
:1086400001A931F8151088420ADD01A830F814603C
:1086500030F8150001A921F8140001A820F81560D0
:10866000681CC5B20A2DE8DB601CC4B2092CE1DB32
:108670000026022406E001A830F81400304486B237
:10868000601CC4B2082CF6DB062096FBF0F02649ED
:1086900008800846018825A002F0FAFC22480088DC
:1086A000B0F5004F02DB012006B070BD0020FBE7F3
:1086B00070B506460024002505E0FFF74CFF044690
:1086C000AC4200DD2546301EA6F10101CEB2F4D148
:1086D000284670BD2DE9F0410546002603271DB14F
:1086E00006270020174908703846FFF7E1FF0446C7
:1086F0000D4800886430844206DD1248007800B9D5
:10870000012603200F4908700E48007820B10D485B
:108710000078401E0B4908703046BDE8F08100002B
:1087200000080140000C004050000020747061649B
:108730005F64656661756C745F76616C3A25640D83
:108740000A0000005200002008B50121802001F03D
:1087500001F94FF48070ADF8000000208DF803009F
:108760006946124800F03AFE00F0D5F808BD70B531
:108770000024002508E0062000F009F90444052043
:1087800000F06BF9681CC5B20A2DF4DB0A20B4FBBB
:10879000F0F4B4F57A6F01D94FF47A642820B4FB71
:1087A000F0F0C0F16400C0B270BD0000001C0140D8
:1087B00000B585B001214FF4017001F0CBF84FF402
:1087C000004001F02BF87D4802F03AFA00200090BA
:1087D0008DF804008DF805004FF460200290002011
:1087E000039001208DF810006946744802F04FFA9A
:1087F000012002F009FC0121704802F074FA6F4870
:1088000002F093FA00BF6D4802F094FA0028FAD102
:108810006A4802F099FA00BF684802F09AFA002804
:10882000FAD105B000BD10B5044607230122214648
:10883000624802F0C4FA0121604802F094FA00BFD5
:1088400002215E4802F000FC0028F9D05B4802F0EB
:108850001DFB10BD70B50024002509E01020FFF7B6
:10886000E2FF204484B2052000F0F7F8681CC5B28E
:108870000A2DF3DB0A2094FBF0F080B270BD2DE9E5
:10888000F04107460C460025002608E03846FFF771
:10889000CAFF0544052000F0E0F8701CC6B2A642ED
:1088A000F4DBB5FBF4F080B2BDE8F0812DE9F05FB8
:1088B00014211020FFF7E3FF8346584603F086FAA1
:1088C000804603F057FA06464FF066323C4B03F001
:1088D00069F804460D4622462B463A483A4903F0C9
:1088E0005FF98046394A3A4B02F094FE0646002270
:1088F000384B02F0E7FD04460D460022364B204679
:10890000294603F04FF8064602F0DCFF0FFA80FA22
:108910005046BDE8F09F00B585B00121C80301F0C5
:1089200019F80121C80301F02FF800214FF400408D
:1089300001F02AF8294802F083F9002000908DF810
:1089400004008DF805004FF4602002900020039091
:1089500001208DF810006946204802F098F90121A5
:108960001E4802F0C0F91D4802F0DFF900BF1B48A5
:1089700002F0E0F90028FAD1184802F0E5F900BF4A
:10898000164802F0E6F90028FAD105B000BD10B58E
:108990000446072301222146104802F010FA012163
:1089A0000E4802F0E0F900BF02210C4802F04CFB37
:1089B0000028F9D0094802F069FA10BD00240140EE
:1089C00066664A3FE17A14AE47E1F63F22FDF6754E
:1089D000E09C713F0000394000005940003C0140DC
:1089E00010B56FF0040000F074F92E4800682E49AD
:1089F000B0FBF1F02D4908700846007800EB40010B
:108A0000C1EBC0104FF6FF7101EAC0002849088091
:108A100010BD0146254A12784A434FF0E0235A61BF
:108A200000229A611A46126942F001021A6100BFDF
:108A30004FF0E022106900F001021AB100F4803218
:108A4000002AF5D04FF0E022126922F001024FF027
:108A5000E0231A6100229A6170470146144A128885
:108A60004A434FF0E0235A6100229A611A46126984
:108A700042F001021A6100BF4FF0E022106900F0DD
:108A800001021AB100F48032002AF5D04FF0E02242
:108A9000126922F001024FF0E0231A6100229A616C
:108AA000704700000C00002000127A0054000020E3
:108AB0005600002000BF704700BF4A4A128802F0EB
:108AC0004002002AF9D0C2B2464B1B1D1A807047E3
:108AD00010B586B00446012144F2040000F03AFFCC
:108AE0004FF40070ADF8140003208DF81600182024
:108AF0008DF8170005A93C4800F070FC4FF4806029
:108B0000ADF8140004208DF8170005A9364800F0D0
:108B100065FC25208DF8000003208DF801008DF8FC
:108B2000020001208DF80300684600F088F80194E7
:108B30000020ADF80800ADF80A00ADF80C00ADF863
:108B400010000C20ADF80E0001A9264800F0A9FF86
:108B5000012240F22551234801F03BF80121214830
:108B600001F02BF806B010BD10B540F225511D489C
:108B700001F014F910B31B4801F090F8C4B21B487F
:108B8000008800F40040C8B91848008800F480400C
:108B900060B10A2C03D000201449088020E013485B
:108BA000008840F400401149088019E00D2C06D1DE
:108BB0000E48008840F480400C49088010E00B48C3
:108BC0000088C0F30D000A490C5408480088401C76
:108BD0000649088008460088C72801DD0020088073
:108BE00010BD000000380140000801405C0000207A
:108BF000080300200948804709480047FEE7FEE7D0
:108C0000FEE7FEE7FEE7FEE7FEE7FEE7FEE7FEE73C
:108C100004480549054A064B70470000EF0D00085F
:108C20003101000830040020300A00203006002006
:108C30003006002031490143314A1160704770B558
:108C4000002100230F22C47804B32D4C246804F4BF
:108C5000E064C4F5E064210AC1F10403CA40447829
:108C600004FA03F18478144021430901254C067865
:108C7000A155047804F01F050124AC4005786D115E
:108C8000AD0005F1E025C5F8004109E0047804F0E5
:108C90001F050124AC401C4D0678761145F826408E
:108CA00070BD1A4A0A400243154B1B1F1A607047D9
:108CB00039B1134A121D12680243114B1B1D1A6071
:108CC00006E00F4A121D126882430D4B1B1D1A60ED
:108CD0007047042808D14FF0E021096941F00401F0
:108CE0004FF0E022116107E04FF0E021096921F027
:108CF00004014FF0E0221161704700000000FA0506
:108D00000CED00E000E400E080E100E080FFFF1FE8
:108D100030B943F2DB028100A1F1C0410A6005E0F5
:108D200043F2D2028100A1F1C0410A606FF07042AB
:108D3000411C8900A1F1C0410A608100A1F1C0413C
:108D4000C1F80421704710280AD118214FF02042A1
:108D50001166402151664FF0FC319166D16610E0FA
:108D60001821F74A116040214FF02042C2F88410C8
:108D70004FF0FC31F24A083211604FF02042C2F845
:108D80008C1070471820EE49203108600020090639
:108D9000C1F8A4004FF0FC30E94928310860091DF2
:108DA0000860091D08607047D0E901121143C268CC
:108DB0001143026911434269114382691143C26937
:108DC0001143026A1143426A1143826A1143C26A23
:108DD0001143026B114302689200A2F1C04211607C
:108DE000816808290BD101688900A1F1C041096897
:108DF00041F0400201688900A1F1C0410A60416B65
:108E00000968426B526841EA0211426B926841EA7A
:108E10000221426B928941EA0241426B128A41EA85
:108E20000251426B127D41EA0261426B9269114329
:108E30000268521C9200A2F1C0421160C16AB1F5F1
:108E4000804F1BD1816B0968826B526841EA021125
:108E5000826B926841EA0221826B128A41EA0251D6
:108E6000826B127D41EA0261826B92691143026852
:108E70009200A2F1C042C2F8041107E06FF0704204
:108E800001688900A1F1C041C1F80421704730B5E3
:108E9000002100220023446844F0080485682C4324
:108EA000C5682C4305692C43456944EA4524856916
:108EB00044EA4531C4692468C5696D6844EA0524FB
:108EC000C5692D8944EA0544C5692D7B44EA0562DC
:108ED000046A2468056A6D6844EA0524056A2D89D8
:108EE00044EA0544056A2D7B44EA05630468102CB6
:108EF00005D14FF020442166A266E36608E0904C5D
:108F000021604FF02044C4F888208D4C0C3423603D
:108F100030BD016841F01001426841EA4221826897
:108F200041EA4231864A20321160C1680968C2684C
:108F3000526841EA0221C268128941EA0241C268CC
:108F4000127B41EA02617E4A283211600169096898
:108F50000269526841EA02210269128941EA02412A
:108F60000269127B41EA0261754A2C321160416943
:108F700009684269526841EA02214269128941EA5C
:108F800002414269127B41EA02614FF02042C2F87D
:108F9000B010704700210160022141600021816012
:108FA000C160016141618161C16101624FF4805121
:108FB0004162490081620021C16201630F21426B5D
:108FC0001160426B5160FF21426B91600F21426B37
:108FD000D160426B1161426B51610021426B916122
:108FE0000F21826B1160826B5160FF21826B916057
:108FF0000F21826BD160826B1161826B5161002104
:10900000826B916170471021016000214160816095
:10901000C160016141618161FC21C2691160C26965
:109020005160C2699160C269D160026A1160026ACE
:109030005160026A9160026AD1607047002101604C
:1090400041608160FC21C2681160C2685160C268E1
:109050009160C268D1600269116002695160026961
:1090600091600269D1604269116042695160426950
:1090700091604269D160704751B18200A2F1C04253
:10908000126842F001038200A2F1C042136009E0BD
:109090008200A2F1C04212682A4B1A408300A3F159
:1090A000C0431A60704799B1102808D14FF0204290
:1090B000126E42F004024FF020431A661DE0204A6F
:1090C000126842F004024FF02043C3F8802014E0FD
:1090D000102809D14FF02042126E1A4BDB1E1A40A5
:1090E0004FF020431A6608E0154A1268154BDB1E44
:1090F0001A404FF02043C3F88020704748B1104910
:109100002031096841F004014FF02042C2F8A0105C
:1091100009E00B49203109680A4AD21E11404FF07C
:109120002042C2F8A0107047B9B110280CD14FF0FE
:109130002042126E42F040024FF020431A661FE0B8
:10914000800000A0FEFF0F00724A126842F0400249
:109150004FF02043C3F8802012E0102808D14FF0D0
:109160002042126E6C4B1A404FF020431A6607E003
:10917000684A1268684B1A404FF02043C3F88020B9
:10918000704701460020102903D14FF02042506F54
:1091900002E0604A14321068704710B5F2B110282E
:1091A00007D14FF020435B6E0B434FF020446366C2
:1091B00032E0B0F5807F08D1564B1B1D1B680B4376
:1091C0004FF02044C4F8843026E0524B24331B680F
:1091D0000B434FF02044C4F8A4301DE0102807D101
:1091E0004FF020435B6E8B434FF02044636613E0E7
:1091F000B0F5807F08D1474B1B1D1B688B434FF098
:109200002044C4F8843007E0424B24331B688B436E
:109210004FF02044C4F8A43010BD10B50246002021
:109220000023102A03D14FF02044636E09E0B2F509
:10923000807F03D1374C241D236802E0354C243451
:10924000236803EA01040CB1012000E0002010BDF6
:10925000102807D14FF02042526E8A434FF020432E
:109260005A6613E0B0F5807F08D12A4A121D1268B1
:109270008A434FF02043C3F8842007E0254A243274
:1092800012688A434FF02043C3F8A420704770B59A
:1092900002460020002300240025102A03D14FF0AD
:1092A0002046736E09E0B2F5807F03D1194E361D5A
:1092B000336802E0174E2436336803EA010403EAF8
:1092C000D10514B10DB1012000E0002070BD1028BF
:1092D00008D14FF02042526E22EAD1024FF02043D3
:1092E0005A6615E0B0F5807F09D10A4A121D12684E
:1092F00022EAD1024FF02043C3F8842008E0054A57
:109300002432126822EAD1024FF02043C3F8A4208D
:1093100070470000800000A0BFFF0F0010B504469A
:10932000CC48844208D10121042000F02DFB00210B
:10933000042000F029FB46E0C748844208D10121FF
:10934000082000F021FB0021082000F01DFB3AE07E
:10935000C248844208D10121102000F015FB0021F1
:10936000102000F011FB2EE0BD48844208D10121FD
:10937000202000F009FB0021202000F005FB22E066
:10938000B848844208D10121402000F0FDFA0021B4
:10939000402000F0F9FA16E0B348844208D10121D8
:1093A000802000F0F1FA0021802000F0EDFA0AE0C0
:1093B000AE48844207D10121801500F0E5FA002172
:1093C000A01500F0E1FA10BD10B50121084600F02B
:1093D000DBFA0021012000F0D7FA10BD2DE9F041A1
:1093E000024600250026002000230024002791F8D3
:1093F00003C00CF00F0591F803C00CF0100CBCF189
:10940000000F03D091F802C04CEA050591F800C0A6
:10941000BCF1000F31D0146800202BE04FF0010C9C
:109420000CFA00F3B1F800C00CEA03069E4220D10A
:1094300083004FF00F0C0CFA03F7BC4305FA03FC52
:109440004CEA040491F803C0BCF1280F06D14FF098
:10945000010C0CFA00FCC2F814C00AE091F803C039
:10946000BCF1480F05D14FF0010C0CFA00FCC2F81A
:1094700010C0401C0828D1D31460B1F800C0BCF162
:10948000FF0F34DD546800202EE000F1080C4FF08F
:10949000010808FA0CF3B1F800C00CEA03069E427A
:1094A00021D183004FF00F0C0CFA03F7BC4305FAEF
:1094B00003FC4CEA040491F803C0BCF1280F05D169
:1094C00000F1080C08FA0CF8C2F8148091F803C0F7
:1094D000BCF1480F07D100F1080C4FF0010808FA61
:1094E0000CF8C2F81080401C0828CED35460BDE8A8
:1094F000F0814FF6FF710180022181700421C1705B
:1095000070470246002093680B400BB1012000E039
:10951000002070470146886880B2704702460020EC
:10952000D3680B400BB1012000E0002070470146DA
:10953000C86880B2704701617047416170470AB1E5
:10954000016100E041617047C16070474FF48032B3
:109550000A43826181618261826982697047024641
:109560000020434B18684FF68073184040EA021001
:1095700008433F4B186070473E49C8617047F0B5DB
:109580000A46002300240021002500F00046B6F121
:10959000004F02D1364EF16901E0354E7168C0F3DB
:1095A000034583B200F44016B6F5401F08D121F000
:1095B00070612F4E766826F070662D4F7E6012E047
:1095C00000F48016B6F5801F06D1032606FA05F4CE
:1095D000A14341F0706106E0460D360103FA06F63C
:1095E000B14341F0706122B1460D360103FA06F62F
:1095F000314300F00046B6F1004F02D11C4EF1613C
:1096000001E01B4E7160F0BD30B500228B071C0FCE
:109610000F2303FA04F2164B08338C1053F824304E
:109620009343134C08348D1044F8253023468C1096
:1096300053F824308C07240F00FA04F423430C4C15
:1096400008348D1044F8253030BD0A49DC310860FB
:109650007047000000080140000C0140001001406C
:109660000014014000180140001C0140002001408E
:109670000000014000002042DF48006840F0010087
:10968000DD49086008464068DC490840DA4948601E
:1096900008460068DA490840D7490860084600686B
:1096A00020F4802008600846406820F4FE004860EE
:1096B0004FF41F0088607047CF49096821F480315A
:1096C000CD4A11601146096821F480211160B0F57E
:1096D000803F03D0B0F5802F0ED106E0C64909685F
:1096E00041F48031C44A116007E0C349096841F47C
:1096F000A021C14A116000E000BF00BF704710B553
:1097000001460022002300204A11012A02D1BA4C4E
:10971000236806E0022A02D1B74C236A01E0B64C66
:10972000636A01F01F02012494401C400CB1012027
:1097300000E0002010BD38B5002000900024002576
:1097400000BF3120FFF7DBFF05460098401C00906A
:109750000098B0F5A06F01D0002DF2D03120FFF7B6
:10976000CEFF08B1012400E00024204638BD0146A8
:109770000020A14A106820F0F80040EAC100106003
:109780007047A04908607047024600209A4B58680D
:1097900020F47C1042EA01031843974B586070474D
:1097A00098490866704701460020934A506820F0A7
:1097B00003000843506070478F48406800F00C0079
:1097C0007047014600208C4A506820F0F0000843A2
:1097D0005060704701460020874A506820F4E060DE
:1097E00008435060704701460020834A506820F4C7
:1097F000605040EAC1005060704729B17E4A527AF9
:1098000002437D4B5A7204E07B4A527A82437A4B80
:109810005A7270477B49D831086070470146002072
:10982000754A506820F4404008435060704700215A
:10983000714A20321170704A82F82010012802D03B
:1098400004280AD104E001216B4A2032117005E09E
:109850000521694A2032117000E000BF00BF704747
:109860006949086070476449096A0143624A1162A4
:109870007047654944390860704730B500210022BF
:10988000002400235C4D6D6805F00C0121B1042912
:1098900005D0082923D105E05C4D056022E05B4D31
:1098A00005601FE0544D6D6805F47012524D6D68EF
:1098B00005F48034022505EB92421CB9544D554302
:1098C00005600BE04C4D6D6805F400351DB1504D41
:1098D0005543056002E04D4D5543056002E04B4D98
:1098E000056000BF00BF444D6D6805F0F001090937
:1098F000484D6B5C0568DD4045603F4D6D6805F483
:10990000E061090A434D6B5C4568DD4085603A4D76
:109910006D6805F46051C90A3E4D6B5C4568DD40D9
:10992000C560354D6D6805F44041890B3A4D6B5C5F
:10993000C568B5FBF3F5056130BD29B12E4A526902
:1099400002432D4B5A6104E02B4A526982432A4B51
:109950005A61704729B1284A92690243264B9A619D
:1099600004E0254A92698243234B9A61704729B1EA
:10997000214AD2690243204BDA6104E01E4AD269CF
:1099800082431D4BDA61704729B11B4AD2680243FA
:10999000194BDA6004E0184AD2688243164BDA6049
:1099A000704729B1144A12690243134B1A6104E04B
:1099B000114A12698243104B1A61704712494039AB
:1099C000086070470F49C86470470B49C8717047F9
:1099D0000948406A40F08070074948627047014674
:1099E0000020054A92680A400AB1012000E00020E8
:1099F0007047014988727047001002400000FFF86C
:109A0000FFFFF6FE000042428004424200127A004C
:109A100000093D005E0000206E00002010B50446E5
:109A2000FB48844209D101218803FFF7ADFF0021E3
:109A30004FF48040FFF7A8FF32E0F648844209D196
:109A400001214804FFF7ADFF00214FF40030FFF77C
:109A5000A8FF25E0F048844209D101218804FFF7DE
:109A6000A0FF00214FF48020FFF79BFF18E0EB4898
:109A7000844209D10121C804FFF793FF00214FF46C
:109A80000020FFF78EFF0BE0E548844208D101215A
:109A90000805FFF786FF00214FF48010FFF781FFD4
:109AA00010BD2DE9F04786B005460E460024A246BB
:109AB00000BFA1460027B08900B100BF2F462C8A05
:109AC0004CF6FF700440F08804432C82AC894EF6BB
:109AD000F3100440B0883189084371890843044376
:109AE000AC81AC8A4FF6FF400440B0890443AC829D
:109AF00001A8FFF7C2FEC648874202D1DDF810A0D8
:109B000001E0DDF80CA0A88900F4004040B10AEBA8
:109B1000CA0000EB0A1031684900B0FBF1F807E019
:109B20000AEBCA0000EB0A1031688900B0FBF1F8BB
:109B30006420B8FBF0F004012009642101FB1089C6
:109B4000A88900F4004040B1322000EBC900B0FB0E
:109B5000F1F000F00700044308E0322000EB0910A8
:109B60006421B0FBF1F000F00F0004432C8106B03B
:109B7000BDE8F0874FF41651016000218180C1805B
:109B800001810C21418100218181704710B502467D
:109B90000020108A4FF2FF0318400B884C882343A3
:109BA0008C882343CC8823431843108210BD0021A6
:109BB000018041808180C180704721B1828942F457
:109BC0000052828104E082894DF6FF731A4082813F
:109BD0007047F0B50346002400260025002040F61B
:109BE0006A17B94200D100BF1846C1F3421401F010
:109BF0001F06012707FA06F5012C01D10C3004E0FD
:109C0000022C01D1103000E014301AB107682F4344
:109C1000076002E00768AF430760F0BD1AB1838AAE
:109C20000B43838202E0838A8B4383827047028ADC
:109C30004FF6F0731A400282028A0A43028270478A
:109C400082894FF2FF731A40828182890A4382819E
:109C5000704721B1828942F00202828104E0828948
:109C60004FF6FD731A4082817047028A4FF6DF7308
:109C70001A400282028A0A430282704721B1028A94
:109C800042F48042028204E0028A4BF6FF731A40DB
:109C900002827047C1F308028280704701468888BB
:109CA000C0F308007047818941F00101818170474C
:109CB000028BD2B20283028B42EA012202837047F6
:109CC000028B02F47F420283028B0A4302837047B5
:109CD00021B1828A42F02002828204E0828A4FF619
:109CE000DF731A408282704721B1828A42F01002EB
:109CF000828204E0828A4FF6EF731A4082827047B4
:109D000021B1828A42F00802828204E0828A4FF600
:109D1000F7731A408282704721B1828942F400426F
:109D2000828103E08289C2F30E028281704721B1F1
:109D3000828A42F40062828204E0828A4FF2FF73D8
:109D40001A4082827047828A4FF6FB731A408282E1
:109D5000828A0A438282704721B1828A42F00202DB
:109D6000828204E0828A4FF6FD731A408282704735
:109D700002460020B1F5007F00D100BF13880B40E0
:109D80000BB1012000E00020704701F40072B2F531
:109D9000007F00D100BFCA430280704770B5024601
:109DA000002400230025002040F66A16B14200D1AD
:109DB00000BFC1F3421501F01F03012606FA03F3A9
:109DC000012D02D19689334006E0022D02D1168A78
:109DD000334001E0968A33400C12012606FA04F45F
:109DE0001688344013B10CB1012000E0002070BD92
:109DF00010B50022002340F66A14A14200D100BF32
:109E00000A1201249440A3B2DC43048010BD000078
:109E1000003801400044004000480040004C004031
:109E20000050004010B50446FE48844208D101218C
:109E3000C014FFF7A9FD0021E014FFF7A5FDC4E061
:109E4000B4F1804F08D101210846FFF7AAFD002197
:109E50000120FFF7A6FDB8E0F348844208D10121B4
:109E60000220FFF79EFD00210220FFF79AFDACE0E3
:109E7000EE48844208D101210420FFF792FD002121
:109E80000420FFF78EFDA0E0E948844208D10121BB
:109E90000820FFF786FD00210820FFF782FD94E0EF
:109EA000E448844208D101211020FFF77AFD002107
:109EB0001020FFF776FD88E0DF48844208D10121B9
:109EC0002020FFF76EFD00212020FFF76AFD7CE0D7
:109ED000DA48844208D101214014FFF755FD0021E2
:109EE0006014FFF751FD70E0D548844209D101218B
:109EF000C804FFF749FD00214FF40020FFF744FD9F
:109F000063E0D048844209D101210805FFF73CFDF8
:109F100000214FF48010FFF737FD56E0CA48844215
:109F200009D101214805FFF72FFD00214FF4001052
:109F3000FFF72AFD49E0C548844208D101214020AD
:109F4000FFF72FFD00214020FFF72BFD3DE0C0482B
:109F5000844208D101218020FFF723FD00218020C9
:109F6000FFF71FFD31E0BB48844208D10121801575
:109F7000FFF717FD0021A015FFF713FD25E0B648F8
:109F8000844209D101210804FFF7FEFC00214FF4AF
:109F90008030FFF7F9FC18E0B048844209D1012174
:109FA0004804FFF7F1FC00214FF40030FFF7ECFC10
:109FB0000BE0AB48844208D101218804FFF7E4FCA0
:109FC00000214FF48020FFF7DFFC10BD0022028843
:109FD000944B98420ED0994B98420BD0B0F1804FE1
:109FE00008D0914B984205D0904B984202D0904BAC
:109FF000984204D14FF68F731A404B881A438D4B09
:10A00000984207D08C4B984204D04FF6FF431A4039
:10A01000CB881A4302808B8883850B880385814B0C
:10A0200098420BD0854B984208D08B4B984205D074
:10A030008A4B984202D08A4B984201D10B7A038610
:10A0400001238382704770B5002400220023058C11
:10A050004FF6FE7635400584028C8388048B4FF6DC
:10A060008F752C40B51E2C400D882C43751E2A4040
:10A070000D892A434D882A436A4DA8420BD06F4D63
:10A08000A84208D0744DA84205D0744DA84202D011
:10A09000734DA84213D14FF6F7752A404D892A43D4
:10A0A0004FF6FB752A408D882A434FF6FF652B40FB
:10A0B0004FF6FF552B408D892B43CD892B43838051
:10A0C0000483CD888586028470BD70B5002400228B
:10A0D0000023058C4FF6EF7635400584028C83888B
:10A0E000048B48F6FF752C404FF6FF452C400D8839
:10A0F0004FF6FF7606EA05252C434FF6DF752A401A
:10A100000D8906EA05152A434D8806EA05152A43F6
:10A11000444DA84202D0494DA8421DD14FF67F754B
:10A120002A404D894FF6FF7606EA05152A434FF679
:10A13000BF752A408D8806EA05152A434FF6FF357C
:10A140002B404FF2FF752B408D8906EA85052B4386
:10A15000CD8906EA85052B4383800483CD88058756
:10A16000028470BD70B5002400220023058C4FF6D8
:10A17000FF6635400584028C8388848B4FF68F758B
:10A180002C404FF6FC752C400D882C434FF6FF55A4
:10A190002A400D894FF6FF7606EA05252A434D88A9
:10A1A00006EA05252A431F4DA84202D0234DA842A6
:10A1B0001DD14FF2FF752A404D894FF6FF7606EA12
:10A1C00005252A434FF6FF352A408D8806EA0525E6
:10A1D0002A434EF6FF752B404DF6FF752B408D89B7
:10A1E00006EA05152B43CD8906EA05152B43838026
:10A1F0008483CD888587028470BD70B500220023DA
:10A200000024058C4EF6FF7635400584038C848847
:10A21000828B48F6FF752A404FF6FF452A400D888D
:10A2200020E00000002C0140000400400008004035
:10A23000000C0040001000400014004000340140B9
:10A24000004C014000500140005401400018004003
:10A25000001C00400020004000400140004401403C
:10A26000004801404FF6FF7606EA05252A434DF6E1
:10A27000FF752B400D8906EA05352B434D8806EA0C
:10A2800005352B43FA4DA84202D0FA4DA84208D119
:10A290004BF6FF752C408D894FF6FF7606EA851543
:10A2A0002C4384808283CD88A0F84050038470BD05
:10A2B000828B4FF2FF331A408283828B4FF6FF73FB
:10A2C00003EA01231A4382837047F0B50C46154612
:10A2D000002200210026078C4EF6FF7C07EA0C07BF
:10A2E0000784828B018C4FF6FF7707EA043640F62D
:10A2F000FF473A404FF6FF7707EA05273A434FF604
:10A30000FF7707EA03373A43D94FB8420ED0D94F07
:10A31000B8420BD0B0F1804F08D0D74FB84205D02B
:10A32000D64FB84202D0D64FB84206D14DF6FF778D
:10A33000394046F48057394305E047F6FF57394026
:10A3400044F48057394382830184F0BD828B4FF6F9
:10A35000F3731A408283828B0A4382837047F0B57D
:10A360000C461546002200210026078C4FF6FF6C94
:10A3700007EA0C070784828B018C4FF6FF7707EA08
:10A3800004264FF60C773A404FF6FF7707EA03179B
:10A390002F433A43B64FB8420ED0B64FB8420BD017
:10A3A000B0F1804F08D0B44FB84205D0B34FB84297
:10A3B00002D0B34FB84206D14FF6FF57394046F4AA
:10A3C0008077394305E04FF2FF57394044F48077F6
:10A3D000394382830184F0BD028B4FF2FF331A4070
:10A3E0000283028B4FF6FF7303EA01231A430283B1
:10A3F0007047F0B50C461546002200210026078C58
:10A400004FF6EF7C07EA0C070784028B018C4FF6AE
:10A41000FF7707EA041640F6FF473A404FF6FF770A
:10A4200007EA03373A434FF6FF7707EA05273A432F
:10A430008F4FB8420ED08F4FB8420BD0B0F1804F43
:10A4400008D08D4FB84205D08C4FB84202D08C4F07
:10A45000B84206D14FF6DF77394046F0100739434E
:10A4600005E04FF65F77394044F010073943028327
:10A470000184F0BD028B4FF6F3731A400283028B06
:10A480000A4302837047F0B50C46154600220021AE
:10A49000068C4FF6FE773E400684028B018C4FF609
:10A4A0000C7632407E1C06EA03162E433243704E71
:10A4B000B0420ED06F4EB0420BD0B0F1804F08D0FA
:10A4C0006D4EB04205D06D4EB04202D06C4EB042DF
:10A4D00006D14FF6FD76314044F00106314305E0E8
:10A4E0004FF6F576314044F0010631430283018492
:10A4F000F0BD70B505460C465D4885420ED05D48FE
:10A5000085420BD0B5F1804F08D05B48854205D01D
:10A510005A48854202D05A48854200D100E000BF27
:10A52000208850B92389A28861882846FFF7ABFFAD
:10A53000E1882846FFF79EFF25E0208804280AD1FD
:10A540002389A28861882846FFF753FFE1882846BF
:10A55000FFF742FF17E0208808280AD12389A28844
:10A5600061882846FFF7FBFEE1882846FFF7EEFEEC
:10A5700009E02389A28861882846FFF7A6FEE188C2
:10A580002846FFF795FE70BD2DE9F04105460C46C3
:10A5900000260127608808B9022600E00026A0886E
:10A5A000012801D1022700E001272088A0B92389D2
:10A5B000A28861882846FFF766FFE1882846FFF7F2
:10A5C00059FF23893A4631462846FFF712FFE188B2
:10A5D0002846FFF701FF13E02389A28861882846F7
:10A5E000FFF707FFE1882846FFF7F6FE23893A4682
:10A5F00031462846FFF747FFE1882846FFF73AFF34
:10A60000BDE8F0810A884B881A438B881A43CB88AF
:10A610001A430B891A434B891A438B891A43A0F8B2
:10A62000442070474FF6FF71818000210180C18076
:10A630004180017270470021018041808180C1808A
:10A64000018141818181C181704700210180418068
:10A65000012181800021C18001817047002101809A
:10A6600041808180C18001814181818170470000EA
:10A67000002C01400034014000040040000800406C
:10A68000000C004021B1028842F00102028004E087
:10A6900002884FF6FE731A400280704731B1B0F85D
:10A6A000442042F40042A0F8442005E0B0F84420E1
:10A6B000C2F30E02A0F8442070471AB183890B43FD
:10A6C000838102E083898B43838170478182704755
:10A6D00041EA0203A0F8483070471AB183890B435E
:10A6E000838102E083898B438381704701894FF620
:10A6F000F8721140018170470A46002101894FF626
:10A700008F73194011430181704730B504460D46DF
:10A7100029462046FFF7F0FF208940F007002081FE
:10A7200030BD2DE9F04104460D4616461F46602D0A
:10A7300006D13B46012231462046FFF75AFE05E08E
:10A740003B46012231462046FFF79DFE2946204622
:10A75000FFF7D2FF208940F007002081BDE8F0819B
:10A7600030B50C4600210189C9B24FF6FF7505EAE4
:10A770000325154325432943018130BD2DE9F041CF
:10A7800005460E4617469846002443463A4631464B
:10A790002846FFF7E5FF2C894FF6F870044044F097
:10A7A00007044FF68F70044044F070042C81BDE81C
:10A7B000F081F0B504460D4616461F463B4632462C
:10A7C00029462046FFF7CCFF208940F480402081B5
:10A7D000F0BD0185828270470A46002101884FF64C
:10A7E0008F731940114301807047F0B50C46154630
:10A7F0001E460021002200230189028B038C4FF6A4
:10A80000F877394021434FF6FC473A4040F20117B0
:10A810003A434FF6DD773B404FF6FF7707EA0617DE
:10A820002F433B43018102830384F0BD0A4600218C
:10A83000018B4FF68F7319401143018370470A460D
:10A840000021018B48F6FF7319404FF6FF7303EAAE
:10A8500002231943018370470A460021818B4FF67A
:10A860008F7319401143818370470A460021818B01
:10A8700048F6FF7319404FF6FF7303EA02231943AA
:10A880008183704721B1028842F08002028004E097
:10A8900002884FF67F731A400280704721B1828888
:10A8A00042F00402828004E082884FF6FB731A4073
:10A8B0008280704721B1828842F00802828004E0E1
:10A8C00082884FF6F7731A408280704721B18288E0
:10A8D00042F00102828004E082884FF6FE731A4043
:10A8E000828070470A460021018B4FF6F7731940AA
:10A8F0001143018370470A460021018B4FF2FF7319
:10A9000019404FF6FF7303EA02231943018370478E
:10A910000A460021818B4FF6F7731940114381835A
:10A9200070470A460021818B4FF2FF7319404FF6A2
:10A93000FF7303EA02231943818370470A4600210B
:10A94000018B4FF6FB7319401143018370470A4690
:10A950000021018B4FF6FF3319404FF6FF7303EAD6
:10A9600002231943018370470A460021818B4FF669
:10A97000FB7319401143818370470A460021818B84
:10A980004FF6FF3319404FF6FF7303EA02231943D2
:10A99000818370470A460021018B4FF67F7319406F
:10A9A0001143018370470A460021018BC1F30E0158
:10A9B0004FF6FF7303EA02231943018370470A46E7
:10A9C0000021818B4FF67F731940114381837047BB
:10A9D0000A460021818BC1F30E014FF6FF7303EA93
:10A9E00002231943818370470A460021018C4FF6E8
:10A9F000FD7319401143018470470A460021018C00
:10AA00004FF6F77319401143018470470A4600213D
:10AA1000018C4FF6DF7319404FF6FF7303EA021300
:10AA20001943018470470A460021018C4FF67F7359
:10AA300019404FF6FF7303EA02131943018470476C
:10AA40000A460021018C4FF6FF5319404FF6FF7361
:10AA500003EA02231943018470470A460021018C4E
:10AA60004FF2FF7319404FF6FF7303EA02231943B5
:10AA7000018470470A460021018C4DF6FF7319408E
:10AA80004FF6FF7303EA023319430184704730B570
:10AA9000002301248C40A3B2048C9C430484048CC6
:10AAA00002FA01F5ADB22C43048430BD30B5002369
:10AAB00004248C40A3B2048C9C430484048C02FACA
:10AAC00001F5ADB22C43048430BD70B503460020BF
:10AAD00000241846183001258D40ACB21D8CA543CA
:10AAE0001D8409B1082909D100EB6100056825F032
:10AAF000700505600568154305600EE00D1FC5F380
:10AB00004E052844056825F4E045056005684FF6C4
:10AB1000FF7606EA02263543056070BD21B1028842
:10AB200042F00202028004E002884FF6FD731A40F0
:10AB30000280704721B1028842F00402028004E0E2
:10AB400002884FF6FB731A400280704721B1828859
:10AB500042F08002828004E082884FF67F731A40C0
:10AB60008280704702884FF6F7731A40028002888D
:10AB70000A430280704782884FF68F731A408280A2
:10AB800082880A438280704702894FF6F8731A4020
:10AB9000028102890A430281704702894FF67F735E
:10ABA0001A40028102890A430281704781847047FA
:10ABB000818570478186704701877047818770471C
:10ABC000A0F84010704702884FF6FF431A400280F9
:10ABD00002880A43028070470146888E704701460A
:10ABE000088F70470146888F70470146B1F84000D2
:10ABF00070470146888C70470146088D70470246B1
:10AC00000020138A0B400BB1012000E000207047A8
:10AC1000CA430282704730B5024600200023002458
:10AC2000158A05EA0103958905EA010413B10CB1FF
:10AC3000012000E0002030BDCA43028270470000BE
:10AC400010B50446FA48844208D101214015FEF7A8
:10AC50009BFE00216015FEF797FE17E0F548844241
:10AC600008D101210015FEF78FFE00212015FEF707
:10AC70008BFE0BE0F048844208D10121C803FEF7A7
:10AC800083FE00214FF40040FEF77EFE10BD30B57C
:10AC90000246002000235068E84C20400D790C68E3
:10ACA00044EA0524204350609068E54C2040D1E9F7
:10ACB00002542C434D7944EA450420439060D06A05
:10ACC00020F470000C7C641EE4B2234340EA03507D
:10ACD000D06230BD00210160017141718160C160AD
:10ACE00001210174704721B1826842F00102826043
:10ACF00003E0826822F001028260704721B182681D
:10AD000042F48072826003E0826822F48072826082
:10AD1000704710B50023CBB21AB144681C4344609D
:10AD200002E044689C43446010BD816841F0080122
:10AD300081607047014600208A6802F008020AB16B
:10AD4000012000E000207047816841F0040181602B
:10AD50007047014600208A6802F004020AB101200F
:10AD600000E00020704721B1826842F4A0028260B6
:10AD700003E0826822F4A00282607047014600204E
:10AD80008A6802F480020AB1012000E000207047C6
:10AD900010B50A4600210023416821F46041531E8A
:10ADA00041EA4331416010BD21B1426842F4006282
:10ADB000426003E0426822F4006242607047F0B5EE
:10ADC00004460D4600200021092D11DDE068A5F1A3
:10ADD0000A0606EB4607072606FA07F18843A5F19F
:10ADE0000A0606EB460603FA06F10843E0600CE0AB
:10ADF000206905EB4507072606FA07F1884305EBAE
:10AE0000450603FA06F108432061072A0FDA606B52
:10AE1000561E06EB86071F2606FA07F18843561EC4
:10AE200006EB860605FA06F10843606322E00D2A68
:10AE30000FDA206BD61F06EB86071F2606FA07F1EE
:10AE40008843D61F06EB860605FA06F10843206301
:10AE500010E0E06AA2F10D0606EB86071F2606FA4F
:10AE600007F18843A2F10D0606EB860605FA06F106
:10AE70000843E062F0BD21B1826842F48012826032
:10AE800003E0826822F48012826070470146C86C39
:10AE900080B2704766484C300068704721B1426804
:10AEA00042F48062426003E0426822F480624260C1
:10AEB000704721B1426842F48052426003E0426828
:10AEC00022F48052426070470A460021816821F4D2
:10AED000E04111438160704721B1826842F4004231
:10AEE000826003E0826822F400428260704721B1F0
:10AEF000826842F40212826003E0826822F4021245
:10AF000082607047014600208A6802F400120AB18C
:10AF1000012000E000207047F0B5044615460020EF
:10AF200000220026092911DDE068A1F10A0707EBDC
:10AF3000470C072707FA0CF29043A1F10A0707EB29
:10AF4000470703FA07F21043E0600CE0206901EBC9
:10AF5000410C072707FA0CF2904301EB410703FA73
:10AF600007F210432061A06BC0F30156EF1C06F1FD
:10AF7000010CA7EB0C0707EB870C1F2707FA0CF255
:10AF80009043EF1C06F1010CA7EB0C0707EB8707BA
:10AF900001FA07F21043A063F0BD10B50A46002184
:10AFA0000023816B21F44011531E41EA0351816358
:10AFB00010BD08B5002300930090009B0B44009344
:10AFC000009B1A6008BD08B5024600200090009260
:10AFD00001F12800009B184400900098006880B29E
:10AFE00008BD0A4600214168164B194011434160D3
:10AFF00070474162826270470A460021416821F031
:10B000001F0111434160704740B109490831096887
:10B0100041F40001064A0832116007E00449083192
:10B02000096821F40001024A0832116070470000EB
:10B030000024014000280140003C0140FFFEF0FFD9
:10B04000FDF7F1FFFFFD3FFF0246002013680B40B4
:10B050000BB1012000E000207047CA430260704736
:10B0600070B502460020002300240B125568CEB2B2
:10B0700005EA060415681D4015B10CB1012000E079
:10B08000002070BD00220A12D3430360704770474E
:10B090000FB4044910B503AA029800F0CBF910BC14
:10B0A0005DF814FB580000200FB41CB5074B06AA2E
:10B0B0007B4469460090059800F08DF900206946B0
:10B0C00000F09CF91CBC5DF814FB00004903000073
:10B0D00070B50C460546012A05D02878800600D5B3
:10B0E000EA69002302E0012305E05B1C934202D2DF
:10B0F000E05C0028F9D1A869E618C01AA861286A9E
:10B10000184428622846AFF3008004E0D5E9012105
:10B1100014F8010B9047B442F8D32846AFF30080EF
:10B1200070BD00002DE9F041064600241068752925
:10B13000314616A510D0AFF30080002802DA404255
:10B1400013A507E031688A0701D512A502E0490777
:10B1500004D511A5012401E0AFF3008000210A22EB
:10B1600006F1240709E0B0FBF2FCB0FBF2F302FBAE
:10B170001C00303078541846491C0028F3D123466F
:10B180002A463046BDE8F04100F0C7B80000000094
:10B190002D0000002B0000002000000070B50446C8
:10B1A0000D4621461068AFF300802188090502D5BD
:10B1B0000F4A7A4402E00E4A7A440E32002104F12A
:10B1C000240305E000F00F060009965D5E54491C5B
:10B1D0000028F7D120780023000704D5702D02D075
:10B1E00009B1022311322046BDE8704000F095B845
:10B1F000882400002DE9F0410F4605460020286212
:10B200002846E968884770B3252805D0D5E901218B
:10B210009047286A401CF2E7E968284600268847DC
:10B220006C2804460AD0682C08D04C2C35D06A2CE7
:10B2300031D0742C31D07A2C2FD016E0E968064634
:10B2400028468847B042044608D16C2E23D04FF4DC
:10B2500080662846E9688847044606E06C2E03D0DD
:10B260004FF4807601E01EE04026E4B1A4F14100F5
:10B27000192802D8203446F400663A46214628466A
:10B280002E60F4F78FFF60B1012808D0FF1D27F072
:10B2900007070837B4E78026DBE70026D9E73F1D1C
:10B2A000AEE72046B2E7286ABDE8F081421E12F8F8
:10B2B000013F002BFBD111F8013B002B02F8013BB1
:10B2C000F9D170474FF0000200B5134694469646F8
:10B2D000203922BFA0E80C50A0E80C50B1F12001A9
:10B2E000BFF4F7AF090728BFA0E80C5048BF0CC057
:10B2F0005DF804EB890028BF40F8042B08BF7047B5
:10B3000048BF20F8022B11F0804F18BF00F8012B26
:10B31000704770477047704770472DE9F0470D46FA
:10B3200099469246044600F124080168880604D52F
:10B33000E06921F01001216000E00120A84201DD58
:10B34000471B00E00027A1697A1902EB0900081ADF
:10B35000A0612078C00602D42046AFF3008000260A
:10B3600008E0D4E901211AF806009047206A401C41
:10B37000761C20624E45F4DB2078C0060AD52046B4
:10B38000AFF3008006E0D4E9012130209047206A25
:10B39000401C2062381EA7F10107F4DC07E0D4E965
:10B3A000012118F805009047206A401C2062281EE1
:10B3B000A5F10105F3DC2046AFF3008020780006FC
:10B3C00002D50220BDE8F0870120FBE701694A1C95
:10B3D00002610878704700B58FB0CDE901310021D6
:10B3E000059105497944CDE9031011466846FFF7F8
:10B3F00001FF0FB000BD0000E5FFFFFF0A6802F883
:10B40000010B0A60704710B5436913B1AFF30080B8
:10B4100001E0FFF75DFE012010BD127800F124016C
:10B420000A7000224A700122EDE711684FF0FF32E6
:10B43000E9E70000074B70B50D467B44FFF7CBFFF3
:10B440000446284600F008F810B14FF0FF3070BDF8
:10B45000204670BD7BD6FFFF007B00F08000704768
:10B46000754600F02BF8AE4605006946534620F0BD
:10B470000700854618B020B5FDF7CAFBBDE820409F
:10B480004FF000064FF000074FF000084FF0000BA0
:10B4900021F00701AC46ACE8C009ACE8C009ACE853
:10B4A000C009ACE8C0098D46704710B50446AFF33B
:10B4B00000802046BDE81040F4F78CBE004870477D
:10B4C000D003002010B591EA030F48BF83F000437A
:10B4D00000F16E83841A71EB030C05D2121943EB51
:10B4E0000C03001B61EB0C01DFF824E14FEA11545F
:10B4F000A4EB135C1EEA430F18BF9EEA445F73D0AF
:10B5000023EA0E03DCF1200E21EA045143F48013F8
:10B5100032D322FA0CFE10EB0E0023FA0CFE41EBA4
:10B520000E01CCF1200E03FA0EFE10EB0E0051F1CD
:10B530000001B1F5801FCCF1200E32D201EB045195
:10B5400012FA0EF2BDE8104058BF7047401C38BFD9
:10B550005FEA420218BF7047002814BF20F00100C4
:10B5600041F100014FEA410313F5001F38BF704756
:10B57000A1F1C04100F00EBB012A43EB0302ACF184
:10B58000200CDCF11F0E32BF4FF0000E23FA0CF33B
:10B5900010EB030041EB0451B4EB115FD0D0A1EBF1
:10B5A000045101F5801149085FEA300001EB0451B4
:10B5B0000ED350F1000038BF12FA0EFE08D1BDE8DC
:10B5C0001040C9E7401C38BF5FEA4202CAD1C3E756
:10B5D000BDE810404FEA410313F5001F38BF704724
:10B5E000A1F1C04100F0D6BA9EEA445F08D011EA4A
:10B5F0005E0FBDE8104004BF01F00041002070471D
:10B60000BDE8104070B500F077FA00BF64FBBE3EA5
:10B610000000E0FF2DE9C04130B4DFF8A0C23CEAF1
:10B62000111418BF3CEA131400F0EC8081EA030502
:10B630001CEA111444EAD57418BF1CEA131500F073
:10B64000C780A4EB05044FF0004545EAC12145EA57
:10B65000C32341EA505143EA525304F17F749942A3
:10B6600004F500344FEAC0204FEAC22208BF9042DE
:10B6700000F09C804FEA13650FF24016765D4FEAAA
:10B68000134506FB05F7C7F1807706FB07F74FEA7E
:10B69000D737A7FB03687642C8F58038A7FB06CEEC
:10B6A00038BFA8F1010807FB08E64FF0000EA6FB23
:10B6B000028CE6FB03CEDCF1000CCEF1004E38BF6D
:10B6C000AEF1010EA6FB0C584FF000074FF000053D
:10B6D000E6FB0E87A1FB08C6A0FB07CE16EB0E0605
:10B6E00045F10005E1FB076515F1E04E7EBFA4F5CD
:10B6F00080345FEA46066D4116F1800745F100058A
:10B700004FEA17274FEA066647EA0567A6F1DE46C5
:10B71000B6F1805F4FEA15251FD9384624F0010C99
:10B7200005EBC471BCF1FE6F01EB0C1102D8F0BC4B
:10B73000BDE8008124425CBF01F5801E9EEAC47F03
:10B7400002D4F0BCBDE80081244238D4F0BCA1F1A1
:10B75000C041BDE8004100F01DBA4FEAD22242EAE2
:10B7600043524FEAD323A7FB02864FEAD02040EA98
:10B77000415007FB03661EEA0E0F4FEAD12105FB7D
:10B78000026658BFA6EB0056B6EB00564FEA520EC3
:10B790004EEAC37E18EB0E0E56EB530EBDD518EBDA
:10B7A00002085E417F1C55F10005B6E74FF4801595
:10B7B0004FF000074FF000064FF00008ADE7F0BC77
:10B7C0004FF0000001F1C04101F00041BDE80081EF
:10B7D00011EA0C1F0CEA131500D00CE013EA0C1F41
:10B7E00000F025804FF00000F0BC81EA030101F079
:10B7F0000041BDE80081F0BCBDE8004181EA0301E1
:10B8000000F0C8B9F0BCBDE8004170B500F074F9B3
:10B81000097EFC3E00F007B881EA03014FF000000A
:10B8200001F00041704781EA030100F0B3B9F0BCB8
:10B83000BDE800414FF0000021497047FFFDFBF9D2
:10B84000F7F5F4F2F0EEEDEBE9E8E6E4E3E1E0DE53
:10B85000DDDBDAD8D7D5D4D3D1D0CFCDCCCBCAC8C5
:10B86000C7C6C5C4C2C1C0BFBEBDBCBBBAB9B8B7EC
:10B87000B6B5B4B3B2B1B0AFAEADACABAAA9A8A8DF
:10B88000A7A6A5A4A3A3A2A1A09F9F9E9D9C9C9BAD
:10B890009A99999897979695959493939291919058
:10B8A0008F8F8E8E8D8C8C8B8B8A898988888787E9
:10B8B0008685858484838382828181800000FF075E
:10B8C0000000F87F4FEA41034FEA5353A3F580632A
:10B8D000D3F11E03C8BFD3F1210C0CDD4FF00042A1
:10B8E00042EAC12242EA505232FA03FC8CEAE17C7D
:10B8F000ACEBE1707047102BC4BF0020704703F51C
:10B90000787CBCF1FF3F04D06FF0004282EA210056
:10B91000704770B500F0F0F849922480002070471D
:10B92000F2E700004FEA1153A3F58063D3F11E0341
:10B93000A8BFD3F1200C08DB4FF0004242EAC1223D
:10B9400052EA505232FA03F0704709420BD4102BDE
:10B95000C4BF0020704703F5787CBCF1FF3F05D0E1
:10B960004FF0FF3070474FF00000704770B500F0A7
:10B97000C3F800BF4992248000207047F0E7B0FA76
:10B9800080F310FA03F10AD0C3F11D0303F58063BD
:10B990004FEA41504FEA035202EBD12170474FF07A
:10B9A00000007047DFF848C170B51CEA111E1EBFC9
:10B9B0001CEA13159EEA0C0F95EA0C0F00F06F803D
:10B9C00081EA030423EA4C134EEAD47E21EA4C11A7
:10B9D00041F4801143F48013AE44A1FB024CA0FB60
:10B9E0000365AEF17F7E361955EB0C05A1FB034CC8
:10B9F0004CF10003A0FB021C16EB0C06654153F151
:10BA00000003094218BF46F0010613F4007F0BD172
:10BA10004FEA03314FEA0530340341EA155140EA59
:10BA200016506FF003020AE04FEAC3214FEAC52027
:10BA3000F40241EA555140EA56506FF0020202EB1F
:10BA40002E4201EB025585EACE710AD05FEA440C22
:10BA500018BF24F0004450F1000041F1000120EA39
:10BA6000D47040F2FE7C624500D270BDA84214BF83
:10BA70004FF080444FF04044002E08BF0024BEF138
:10BA8000806FA8BFA1F1C041BDE8704080F2828004
:10BA90004FF0000001F1C04101F0004170479EEA03
:10BAA0000C0F0CEA131518BF95EA0C0F06D04FF0D7
:10BAB000000081EA030E0EF0004170BD00F01CF89A
:10BAC0008900013E00F007B800F009B84FEA430CC6
:10BAD0005FEA5C5C08D081EA030100F05BB84FEAE2
:10BAE000410C5FEA5C5CF6D14FF000000149704701
:10BAF0000000FF070000F87F0EF1020E2EF0030E8B
:10BB00005EF8046B364205D4012A43EB030515F5B4
:10BB1000001F12D8012841EB010C1CF5001F0CD8A6
:10BB20000ED14FEAD17C15F5001F0CEB4C0C0CF13B
:10BB3000020C08BF4CEBD37C04E04FF0080C01E092
:10BB40004FEAD37C0CEB4C0526FA05F606F0070607
:10BB5000B6F1040C06D20EEB860CBDE870404CF03A
:10BB6000010C6047DFE80CF0090B02024FF00041C6
:10BB70004FF00000A1F5002170BD194610460128C4
:10BB800051EB010418BFD4F5001484BF002001F06C
:10BB9000004170BD0808A0F500114FEA310170475F
:10BBA00010B591EA030F48BF83F000433FF592AC14
:10BBB000841A71EB030C07D212198CF0004C43EB82
:10BBC0000C03001B61EB0C01DFF8A4E14FEA1154F8
:10BBD000A4EB135C1EEA430F18BF9EEA445F00F01B
:10BBE000B08023EA6E03524221EA0451C3EB6E0394
:10BBF00038BF5B1EDCF1200E25D322FA0CFE10EBC1
:10BC00000E0043FA0CFE41EB0E01CCF1200E03FABC
:10BC10000EFE10EB0E0051F10001CCF1200E29D4E4
:10BC200012FA0EF201EB0451BDE8104058BF704704
:10BC3000401C1CBFB2F1004F704700280CBF491CCC
:10BC400020F00100704712EB020E43EB030218BF15
:10BC50004FF0010E4EEA4202ACF1200CDCF11E0E58
:10BC600054D943FA0CFE10EB0E0051F1FF31CCF128
:10BC70001E0ED5D50EF1010E12FA0EFE404141EB1B
:10BC8000010101EB445C5FEA5C5C10D910EBDE70F3
:10BC900001EB045138BFBEF1004FBDE8104018BFA2
:10BCA000704700280CBF491C20F00100704730D2BB
:10BCB0004FEAD42C11F5001124F400641BD0B1FA22
:10BCC00081F20B3AA41AA41ED2F12003914030FA5B
:10BCD00003F31943904001EBCC71002C01EB0451AC
:10BCE000BDE81040A8BF704701F1C0414FF000000F
:10BCF00001F000417047B0FA80F310FA03F100D16F
:10BD000010BDE41A173C4805C90AE4E701EB0451E9
:10BD100010BD491001EB0451BDE810404FEA30005E
:10BD200002E04FF0000170474A0008BF0042F8D01F
:10BD3000B2F5001F28BF704701F000414FF000002E
:10BD400070479EEA445F07D011EA5E0FBDE81040DD
:10BD500004BF002100207047BDE8104070B5FFF718
:10BD6000CBFE00BF40DFF63E83F000411046704737
:10BD70000000E0FF43004FEAD30C4FEA3C0C434085
:10BD80001FBF40070CF1605113F0FE4F70471CF0CD
:10BD9000006F03D100200CF0004170470CF000430D
:10BDA00043EA507010B540EACC0000F022F800BF22
:10BDB000000000924FEA0001FFF7ECBE4FF0004197
:10BDC0004FF00000A1F5002170470000B0FA80F3A9
:10BDD00010FA03F2C3F19D030AD0D90501EB12203A
:10BDE000530638BF704700F1010008BF20F0010082
:10BDF00070470EF1020E2EF0030E5EF8044B244243
:10BE000004D44FEA4102B2F17F4F11D84FEA400308
:10BE1000B3F17F4F0CD80ED14FEAD07CB2F17F4FF7
:10BE20000CEB4C0C0CF1020C08BF4CEBD17C04E089
:10BE30004FF0080C01E04FEAD17C0CEB4C0324FAE4
:10BE400003F404F00704B4F1040C06D20EEB840CE6
:10BE5000BDE810404CF0010C6047DFE80CF007082B
:10BE600002024FF00040A0F5800010BD08464200DD
:10BE700018BFD2F1807288BF00F0004010BD0000F2
:10BE800000000000000000000000000000003F4033
:10BE900000000000000000003000400030004000C2
:10BEA000000009000BC03D000BC03D00090018C098
:10BEB00024407FE0224031800000180024C01B0095
:10BEC0000D803240018003801C4027401C800740C9
:10BED00000401000600000000000000000000000B2
:10BEE000000000001F802040402000004020204033
:10BEF0001F8000000000090006001F8006000900E6
:10BF00000000040004003F80040004000000001052
:10BF100000600000000000000000040004000400B5
:10BF200004000400000000000040000000000000C9
:10BF30000000002001C006003800400000001F8003
:10BF40002040204020401F800000000010403FC0E3
:10BF500000400000000018C021402240244018404A
:10BF6000000010802040244024401B80000002007C
:10BF70000D0011003FC0014000003C8024402440DF
:10BF80002440238000001F8024402440344003804C
:10BF900000003000200027C03800200000001B8077
:10BFA0002440244024401B8000001C0022C022406A
:10BFB00022401F8000000000000008400000000038
:10BFC000000000000000046000000000000000000D
:10BFD00004000A0011002080404009000900090007
:10BFE00009000900000000004040208011000A0004
:10BFF00004001800200023402400180000001F80C7
:10C000002040274029401F400000004007C0390061
:10C010000F0001C0004020403FC0244024401B804E
:10C0200000001F8020402040204030800000204041
:10C030003FC0204020401F80000020403FC02440DF
:10C040002E4030C0000020403FC024402E00300071
:10C0500000000F001080204022403380020020406A
:10C060003FC0040004003FC02040204020403FC0AB
:10C070002040204000000060202020203FC0200001
:10C08000200020403FC024400B0030C02040204012
:10C090003FC020400040004000C03FC03C0003C003
:10C0A0003C003FC0000020403FC00C4023003FC088
:10C0B00020001F802040204020401F8000002040A2
:10C0C0003FC024402400180000001F802140214070
:10C0D00020E01FA0000020403FC02440260019C0DF
:10C0E000004018C02440244022403180000030002D
:10C0F00020403FC020403000000020003F80004032
:10C1000000403F80200020003E0001C007003800B2
:10C110002000380007C03C0007C038000000204065
:10C1200039C0060039C0204000002000384007C058
:10C13000384020000000304021C02640384020C058
:10C140000000000000007FE04020402000000000D0
:10C1500070000C00038000400000000040204020E0
:10C160007FE00000000000002000400020000000F0
:10C17000000000100010001000100010001000005F
:10C1800000004000000000000000000002800540A8
:10C19000054003C0004020003FC00440044003802D
:10C1A000000000000380044004400640000000003E
:10C1B0000380044024403FC000400000038005404D
:10C1C000054003400000000004401FC024402440FC
:10C1D0002000000002E005500550065004202040D9
:10C1E0003FC00440040003C000400000044027C0DA
:10C1F00000400000000000100010041027E00000C4
:10C20000000020403FC00140070004C0044020401F
:10C2100020403FC000400040000007C0040007C0AD
:10C22000040003C00000044007C00440040003C031
:10C23000004000000380044004400380000004101C
:10C2400007F0045004400380000000000380044015
:10C25000045007F00010044007C00240040004002E
:10C260000000000006400540054004C0000000003A
:10C2700004001F80044000400000040007800040CC
:10C28000044007C000400400070004C0018006000D
:10C290000400060001C0070001C0060000000440C1
:10C2A00006C0010006C0044000000410071004E0AE
:10C2B0000180060004000000044005C00640044060
:10C2C00000000000000004007BE0402000000000AF
:10C2D00000000000FFF000000000000040207BE0B4
:10C2E000040000000000400080004000200020000A
:10C2F00040000000000000000000000000000000FE
:10C3000000000000000000001FCC000C0000000036
:10C3100000000000080030006000080030006000ED
:10C320000000022003FC1E20022003FC1E2002202D
:10C33000000000000E1811043FFF10840C7800006C
:10C3400000000F0010840F3800C0077818840078B0
:10C35000000000780F8410C411240E9800E40084BB
:10C3600000080800680070000000000000000000E5
:10C37000000000000000000007E018182004400240
:10C380000000000040022004181807E00000000030
:10C3900000000240024001800FF001800240024094
:10C3A00000000080008000800FF800800080008086
:10C3B00000000001000D000E000000000000000061
:10C3C000000000000080008000800080008000806D
:10C3D00000800000000C000C0000000000000000C5
:10C3E0000000000000060018006001800600180030
:10C3F0002000000007F0080810041004080807F0E7
:10C4000000000000080408041FFC000400040000F1
:10C41000000000000E0C10141024104411840E0CA7
:10C42000000000000C1810041104110412880C7094
:10C430000000000000E00320042408241FFC002466
:10C44000000000001F98108411041104108810705F
:10C450000000000007F0088811041104188800701B
:10C46000000000001C00100010FC13001C00100055
:10C47000000000000E3811441084108411440E385E
:10C48000000000000700088C10441044088807F0E2
:10C490000000000000000000030C030C000000007E
:10C4A0000000000000000001010600000000000084
:10C4B0000000000000800140022004100808100461
:10C4C000000002200220022002200220022002207E
:10C4D0000000000010040808041002200140008041
:10C4E000000000000E001200100C106C10800F00F5
:10C4F000000003E00C1813E4142417C4082807D024
:10C5000000000004003C03C41C40074000E4001C81
:10C51000000410041FFC1104110411040E880070A3
:10C52000000003E00C1810041004100410081C1084
:10C53000000010041FFC100410041004080807F089
:10C54000000010041FFC1104110417C41004081883
:10C55000000010041FFC1104110017C01000080097
:10C56000000003E00C181004100410441C78004074
:10C57000000010041FFC10840080008010841FFC49
:10C5800010040000100410041FFC1004100400002C
:10C59000000000030001100110011FFE1000100038
:10C5A000000010041FFC110403801464181C100404
:10C5B000000010041FFC1004000400040004000C20
:10C5C000000010041FFC1F0000FC1F001FFC1004D3
:10C5D000000010041FFC0C04030000E010181FFCF6
:10C5E000100007F00808100410041004080807F0F1
:10C5F000000010041FFC10841080108010800F00B9
:10C60000000007F0081810241024101C080A07F274
:10C61000000010041FFC1104110011C011300E0C99
:10C62000000400000E1C11041084108410441C38F7
:10C6300000001800100010041FFC10041000180067
:10C64000000010001FF810040004000410041FF87C
:10C65000100010001E0011E0001C007013801C0070
:10C6600010001FC0103C00E01F0000E0103C1FC085
:10C6700000001004180C163401C001C01634180C48
:10C68000100410001C00130400FC13041C00100014
:10C6900000000804101C1064108413041C041018FB
:10C6A00000000000000000007FFE40024002400247
:10C6B0000000000030000C0003800060001C00033C
:10C6C000000000004002400240027FFE0000000027
:10C6D000000000000000200040004000400020005A
:10C6E0000000000100010001000100010001000143
:10C6F0000001000040004000200000000000000099
:10C70000000000000098012401440144014400FCA1
:10C71000000410001FFC0088010401040088007060
:10C72000000000000070008801040104010400887A
:10C7300000000000007000880104010411081FFCC3
:10C740000004000000F8014401440144014400C811
:10C7500000000000010401040FFC11041104110089
:10C760001800000000D601290129012901C901068C
:10C77000000010041FFC008401000100010400FC03
:10C78000000400000104190419FC00040004000066
:10C7900000000000000300010101190119FE000062
:10C7A000000010041FFC0024004001B4010C01042F
:10C7B00000000000100410041FFC0004000400002E
:10C7C0000000010401FC0104010001FC010401005E
:10C7D00000FC010401FC008401000100010400FCD4
:10C7E0000004000000F8010401040104010400F841
:10C7F0000000010101FF00850104010400880070B0
:10C80000000000000070008801040104010501FF20
:10C8100000010104010401FC008401040100018005
:10C820000000000000CC012401240124012401980F
:10C83000000000000100010007F8010401040000ED
:10C840000000010001F8000400040004010801FCDC
:10C850000004010001800170000C001001600180E3
:10C86000010001F0010C003001C00030010C01F0AA
:10C87000010000000104018C00740170018C0104AE
:10C880000000010101810171000E001801600180AA
:10C89000010000000184010C013401440184010CF9
:10C8A0000000000000000000000001003EFC40020B
:10C8B00040020000000000000000FFFF0000000038
:10C8C00000000000400240023EFC010000000000A9
:10C8D0000000000060008000800040004000200058
:10C8E0002000000000000000000000000000000028
:10C8F0000000000000000000000000000000000038
:10C900000000000000000000000000000000000027
:10C9100000000000000F80380FFE380F8038000044
:10C920000000000000000000000000000000000007
:10C930000100000600000C00003800003100000675
:10C9400000000C0000380000300000000000000073
:10C95000000061800067F807F98000618000618055
:10C960000061800061800067F807F9800061800045
:10C97000000000000000000001C0E003E0F006300D
:10C98000080418081FFFFE040E080787F00381E063
:10C9900000000000000001F000060C00040408067E
:10C9A0000C7001F9C0000E00003BE000EC18070815
:10C9B00008040C180003E00000000001E00007F08C
:10C9C00003F818041C0804170807E1D003C0E000AE
:10C9D00023B0003C08002008000010000000000008
:10C9E000000100003100003200001C0000000000C7
:10C9F0000000000000000000000000000000000037
:10CA00000000000000000000000000000000000026
:10CA100000007F0001FFC00780F00C001810000428
:10CA20002000020000000000002000021000040CA2
:10CA300000180780F001FFC0007F00000000000028
:10CA400000000000000000000000000000004200A4
:10CA5000006600006600003C0000180003FFC000F4
:10CA60001800003C00006600006600004200000064
:10CA7000000008000008000008000008000008008E
:10CA800001FFC000080000080000080000080000C6
:10CA9000080000000000000100003100003200002A
:10CAA0001C0000000000000000000000000000006A
:10CAB0000000000000000000000008000008000066
:10CAC0000800000800000800000800000800000836
:10CAD0000000080000080000000000000000000046
:10CAE000000038000038000038000000000000009E
:10CAF0000000000000000000000000000000000036
:10CB00000000000600001C000070000180000E0004
:10CB100000380000C0000700001C000030000000CA
:10CB20000000000000007F8001FFE003807006002D
:10CB30001804000804000806001803807001FFE0D4
:10CB4000007F8000000000000000000001000801DC
:10CB5000000801000803FFF807FFF80000080000C4
:10CB60000800000800000000000000000001C038BC
:10CB700002C058040098040118040218040418069E
:10CB80001C1803F81801E0F8000000000000000085
:10CB90000001C0E003C0F00400080408080408080D
:10CBA00006180803F41801E7F00001E00000000097
:10CBB0000000000000000300000D000011000061F3
:10CBC0000000810803010807FFF80FFFF8000108C3
:10CBD0000001080000000000000000E007FCD00693
:10CBE0000808061008061008061008061838060F70
:10CBF000F00607C0000000000000000000003F80B9
:10CC000001FFE0038430020818041008041008042F
:10CC10001008071810030FF00007C0000000000004
:10CC20000000000003C0000700000600000600F836
:10CC30000607F806180006E00007000006000000DE
:10CC4000000000000001E1E003F7F00634100418D2
:10CC500008041808040C08040C0806161803F3F05E
:10CC600001C1E000000000000000F80003FC3003F8
:10CC70000638040208040208040208040410030829
:10CC8000F001FFC0007F0000000000000000000075
:10CC90000000000000000000000070380070380044
:10CCA00070380000000000000000000000000000DC
:10CCB0000000000000000000000000000000301A2A
:10CCC00000301C0000000000000000000000000018
:10CCD0000000000000000000000800001400002216
:10CCE000000041000080800100400200200400108C
:10CCF00008000800000000000000210000210000E2
:10CD0000210000210000210000210000210000215D
:10CD100000002100002100000000000000000000D1
:10CD2000080008040010020020010040008080007C
:10CD30004100002200001400000800000000000074
:10CD40000003C00004C000040000080038080F38C9
:10CD50000808380810000C300007E00003C000008D
:10CD60000000000000003F8000FFE0038070020F21
:10CD70001006708804C088048308047F8802C0906D
:10CD800003012000FE400000080000180001F80028
:10CD90003E0801C20007020007E20000FE00001F7B
:10CDA000C80001F800003800000804000807FFF878
:10CDB00007FFF8040808040808040808040808061F
:10CDC000180803F41801E7F00001E000000000007B
:10CDD00000003F8001FFE00380700200180400089B
:10CDE0000400080400080400100600200780C000AA
:10CDF000000004000807FFF807FFF804000804001B
:10CE00000804000804001802001003807001FFE00D
:10CE1000007F8000000004000807FFF807FFF80407
:10CE20000808040808040808040808043E08040068
:10CE30000806001801006000000004000807FFF861
:10CE400007FFF804080804080004080004080004A8
:10CE50003E00060000060000018000000000000007
:10CE600000003F8001FFE003807006001804000806
:10CE70000402080402080203F00783F00002000025
:10CE8000020004000807FFF807FFF804080800087C
:10CE90000000080000080000080004080807FFF868
:10CEA00007FFF80400080000000000000400080468
:10CEB000000804000807FFF807FFF8040008040052
:10CEC0000804000800000000000000000000000648
:10CED0000000070000010400010400010400030732
:10CEE000FFFE07FFFC040000040000040000040033
:10CEF0000807FFF807FFF8040C08001800003E00C0
:10CF000004C7800503C80600F804003804001800B0
:10CF1000000804000807FFF807FFF80400080000F5
:10CF200008000008000008000008000008000018C1
:10CF300000006000000004000807FFF807800807F1
:10CF4000FC00007FC00003F80007C00078000780E5
:10CF50000807FFF807FFF804000804000807FFF8B7
:10CF600007000803C00000E000003800001E0000B9
:10CF700007000001C00400F007FFF80400000000F3
:10CF800000007F8001FFE0038070060018040008A5
:10CF900004000806001803003001FFE0007F800055
:10CFA000000004000807FFF807FFF8040408040461
:10CFB00000040400040400040400060C0003F8004C
:10CFC00001F000000000000000007F8001FFE0038E
:10CFD00080700600880400880400C806003C030036
:10CFE0003E01FFE6007F8400000004000807FFF810
:10CFF00007FFF8040808040800040C00040F0004EC
:10D000000BC00610F003F03801E008000008000033
:10D010000001E0F803F03006301004180804180886
:10D02000040C08040C080206180207F00781E0004F
:10D03000000001800006000004000004000004005D
:10D040000807FFF807FFF8040008040000040000C8
:10D0500006000001800004000007FFE007FFF00465
:10D060000018000008000008000008000008000088
:10D070000804001007FFE0040000040000060000A0
:10D0800007E00007FE00041FE00001F80000380080
:10D0900001E0043E0007C000060000040000040098
:10D0A0000007E00007FFC0041FF80007C007F800F2
:10D0B00007FF80043FF80007C004F80007000004E1
:10D0C000000000000004000806001807C07805F101
:10D0D000C8003E00001F800463E80780F8060018BF
:10D0E000040008000000040000060000078000079C
:10D0F000E008047C08001FF80007F800180804E0A6
:10D1000008070000060000040000000000010008FD
:10D110000600380400F80403E8040F08047C08053E
:10D12000F00807C0080700180400600000000000B5
:10D13000000000000000000000000000003FFFFEB3
:10D140002000022000022000022000022000020035
:10D15000000000000000000008000007000000C000
:10D16000000038000006000001C000003000000E82
:10D17000000001000000000000000000200002206C
:10D1800000022000022000022000023FFFFE0000FB
:10D19000000000000000000000000000000000008F
:10D1A00000000008000010000030000020000030E7
:10D1B0000000100000080000000000000000000057
:10D1C0000100000100000100000100000100000159
:10D1D000000001000001000001000001000001004A
:10D1E00000010000000000000000002000002000FE
:10D1F000001000001000000000000000000000000F
:10D200000000000000000000000000F00019F8001D
:10D210001B18002208002608002408002410003FE4
:10D22000F8001FF8000008000018000000040000CB
:10D2300007FFF80FFFF00018180010080020080082
:10D240002008003018001FF0000FC0000000000090
:10D25000000007C0001FF000183000200800200860
:10D26000002008003C08001C1000006000000000C6
:10D2700000000000000007C0001FF0003818002068
:10D280000800200800200804101007FFF80FFFF026
:10D290000000100000000000000000000007C000B7
:10D2A0001FF000123000221800220800220800326D
:10D2B00008001E10000E20000000000000002000EA
:10D2C00000200800200801FFF803FFF806200804EA
:10D2D00020080420080720000300000000000000D0
:10D2E0000000000E000E6E001FF30031B10020B1EF
:10D2F0000020B1003191001F13002E1E00200E00EF
:10D30000300000000004000807FFF80FFFF80010CD
:10D3100008002000002000002008003FF8001FF84F
:10D3200000000800000000000000000000200800CD
:10D330002008002008063FF8063FF800000800001B
:10D3400008000008000000000000000000000000CD
:10D35000000003000003002001002001002003065C
:10D360003FFE063FFC00000000000000000000003F
:10D370000004000807FFF80FFFF800018800030011
:10D38000002FC00038F800203800200800000800F6
:10D390000000000000000000040008040008040071
:10D3A0000807FFF80FFFF800000800000800000859
:10D3B000000000000000002008003FF8003FF800D7
:10D3C0001008002000003FF8003FF800100800207F
:10D3D00000003FF8003FF8000008000000002008AF
:10D3E000003FF8003FF80010080010000020000087
:10D3F0002008003FF8001FF80000080000000000AF
:10D40000000007C0000FF0001830003008002008AE
:10D41000002008003008001830000FF00007C0009E
:10D420000000000000002001003FFF003FFF00104F
:10D4300011002009002008002008003038001FF0EB
:10D44000000FC00000000000000007C0001FF00037
:10D450003818002008002008002009001011001FC3
:10D46000FF003FFF0000010000000020080020082E
:10D47000002008003FF8003FF800080800100800EE
:10D4800020080020000030000030000000000000F4
:10D4900000000000000C78001E180033080023086C
:10D4A0000021080021880021980030F00038600039
:10D4B000000000000000200000200000200000FF0D
:10D4C000F003FFF8002008002008002008000030CA
:10D4D000000000000000000000002000003FF000FD
:10D4E0007FF8000018000008000008002010003F2E
:10D4F000F8007FF000001000000000000000200095
:10D50000003000003C00003F800023F00000780065
:10D510000070002380003C0000300000200000204C
:10D5200000003C00003FE00023F80000E00027007E
:10D53000003E00003FE00021F80001E0003E000056
:10D540002000000000002008002008003838003EBD
:10D55000680027800003C8002CF800383800201825
:10D560000020080000000000000020000030030040
:10D570003C01003F830023EC000070002380003C4E
:10D58000000020000020000000000000000000005B
:10D590000038080020380020F80023E8002F880019
:10D5A0003E0800380800201800007000000000004D
:10D5B0000000000000000000000000000000080063
:10D5C0000014001FF7FC30000620000200000000DD
:10D5D000000000000000000000000000000000004B
:10D5E00000000000FFFFFF0000000000000000003E
:10D5F00000000000000000000000000020000230D9
:10D6000000061FF7FC0014000008000000000000E6
:10D6100000000000000000000000000000180000F2
:10D6200060000040000040000020000010000008E2
:10D6300000000400000400000C0000100000303165
:10D640003233343536373839414243444546403029
:10D6500058003031323334353637383961626364DB
:10D66000656640307800000088D600080000002081
:10D67000740000006C010008FCD600087400002053
:10D68000BC09000088010008000000000000000044
:10D690000000000000A24A0400000000000000009A
:10D6A000010203040607080901000000FFFF000053
:10D6B000000000000000000000000000000000006A
:10D6C0000000000000000000080100200000000031
:10D6D000000000000000000000000000000000004A
:10D6E000000000000000000000000102030401022D
:0CD6F000030406070809020406080000F5
:0400000508000131BD
:00000001FF
