:020000040802F0
:10000000581301208103020851850208C5760208B1
:100010004D850208511C02081FA3020800000000C1
:10002000000000000000000000000000ED9A02083F
:1000300025220208000000000D880208EF9A02083D
:100040009B0302089B0302089B0302089B03020810
:100050009B0302089B030208272202089B03020855
:100060009B0302089B0302089B0302089B030208F0
:100070009B0302089B0302089B0302089B030208E0
:100080009B0302089B0302089B0302089B030208D0
:100090009B0302089B0302089B0302089B030208C0
:1000A0009B0302089B0302089B0302089B030208B0
:1000B0009B0302089B030208E59C02089B030208BD
:1000C0009B0302089B0302089B0302089B03020890
:1000D0009B0302089B0302089B0302089B03020880
:1000E000312202089B0302089B0302089B030208BB
:1000F000319D0208199D02089B0302089B03020818
:100100009B0302089B0302089B0302089B0302084F
:100110009B0302089B0302089B030208019D02083F
:10012000C91C02089B0302089B0302089B030208E8
:100130009B03020800000000000000009B0302086F
:100140009B0302089B0302089B0302089B0302080F
:100150009B0302089B0302089B0302089B030208FF
:100160009B0302089B0302089B0302089B030208EF
:100170009B0302089B0302089B0302089B030208DF
:100180009B0302089B0302089B0302089B030208CF
:100190009B0302089B0302089B0302089B030208BF
:1001A000697902089B0302089B0302089B0302086B
:1001B0009B0302089B0302089B0302089B0302089F
:1001C0009B0302089B0302080000000000000000DF
:1001D00000000000000000009B0302080000000077
:1001E000000000000000000000000000000000000F
:1001F00000000000000000009B0302089B030208AF
:100200009B0302089B030208000000009B030208F6
:100210009B030208B59C0208CD9C02089B030208C0
:100220009B0302089B0302089B03020800000000D6
:100230009B0302089B030208000000009B030208C6
:100240009B0302089B0302089B0302089B0302080E
:100250009B0302089B0302089B0302089B030208FE
:100260009B0302089B0302089B0302089B030208EE
:100270009B0302089B0302089B0302080000000086
:100280009B0302089B030208000000009B03020876
:10029000000000009B0302089B0302089B03020866
:1002A0009B0302089B0302089B0302084B1C012BC3
:1002B00098BF70472DE9F003911C9B08B1F80480AA
:1002C000B1F802900A8831F802CC8044814402449B
:1002D0008444D9F80070D8F800601568DCF8004054
:1002E000C9F80060C8F80070CCF800501460D9F864
:1002F0000470D8F804605568DCF80440C9F804605C
:10030000C8F80470CCF80450546008315B1ED5D195
:10031000BDE8F00370474B1C012B98BF70472DE9D7
:10032000F003911C9B08B1F80480B1F802900A8890
:1003300031F802CC00EB580800EB590900EB5202EF
:1003400000EB5C0CD9F80070D8F800601568DCF898
:100350000040C9F80060C8F80070CCF80050146084
:1003600008315B1EDFD1BDE8F0037047DFF80CD029
:1003700001F04CFB00480047F51603085813012014
:100380000648804706480047FEE7FEE7FEE7FEE72F
:10039000FEE7FEE7FEE7FEE7FEE7FEE70D9C02084C
:1003A0006D0302089FED3E0A5FEA920C59D000BF30
:1003B000D0ED000A90ED011A0B1D60EEA00A083086
:1003C00041EE010AF5EEC00AF1EE10FAA6BFB1EE59
:1003D000E01A81ED001A81ED000AD0ED000A90EDDF
:1003E000011A00F1080160EEA00A181D41EE010A91
:1003F000F5EEC00AF1EE10FAA6BFB1EEE01A83EDF9
:10040000001A83ED000AD1ED000A91ED011A031DD7
:1004100060EEA00A083141EE010AF5EEC00AF1EEE5
:1004200010FAA6BFB1EEE01A80ED001A80ED000AC6
:10043000D1ED000A91ED011A081D60EEA00A191D08
:10044000001D41EE010AF5EEC00AF1EE10FAA6BF5A
:10045000B1EEE01A83ED001A83ED000ABCF1010C45
:10046000A6D112F0030208BF704700BFD0ED000A0A
:1004700090ED011A08300B4660EEA00A091D41EE0E
:10048000010AF5EEC00AF1EE10FAA6BFB1EEE01ACD
:1004900083ED001A83ED000A521EE7D17047000079
:1004A0000000000091ED001AD1ED010AB6EE000A3D
:1004B00031EE011A70EEA00A0388D0F814C001F1E1
:1004C00008005B1E71EE201A71EE600A01EBC30199
:1004D0000CF1080C21EE801A60EE800A82ED001A01
:1004E000C2ED010A083200BFD1ED002A90ED003ABA
:1004F0009CED001AD1ED010A72EEC33AD0ED011A5B
:100500009CED012A33EE223A30EEA14A61EE234AF5
:1005100062EE232A71EEE00A22EE042A73EE241A18
:1005200021EE041A70EEA20A083071EE821A083920
:1005300070EEC10A5B1E21EE801A0CF1080C60EE11
:10054000800AA2EC011AE2EC010ACDD17047D1ED8C
:10055000000A91ED011AB6EE000A038870EE811AC6
:1005600070EEC10AD0F814C05B1E01F1080021EE44
:10057000801A60EE800A01EBC30182ED001AC2ED21
:10058000010A02F108020CF1080C08BF704700BF15
:10059000D1ED002A90ED003ADCED003AD1ED010AF0
:1005A00073EE621A90ED011A9CED014A73EE222A55
:1005B00031EE202A23EEA15A71EE600A64EE211A70
:1005C00064EE024A32EEC51A23EE822A70EEA10AC8
:1005D000083031EE641A083970EEC20A5B1E21EE53
:1005E000001A0CF1080C60EE800AA2EC011AE2EC91
:1005F000010ACDD170472DE9F0410446008A1D0063
:1006000016460F464FEA500020800AD02046FFF7DA
:100610009EFF2A4631462046BDE8F041012300F006
:100620007FBC01232A46204600F07AFC3246394638
:100630002046BDE8F04135E70022018249080180EB
:10064000B1F5807F31D008DC10294FD0202945D06A
:1006500040293BD0802931D008E0B1F5007F1BD084
:10066000B1F5806F0FD0B1F5006F03D04FF0FF32BE
:10067000104670474FF46E638381214B8360214B9A
:100680002149436039E04FF4E16383811F4B83606C
:100690001F4B2049436030E04FF4E07383811E4BD1
:1006A00083601E4B1E49436027E04FF4DC73838157
:1006B0001C4B83601C4B1D4943601EE0D02383818B
:1006C0001B4B83601B4B1C49436016E0382383811E
:1006D0001A4B83601A4B1B4943600EE03023838121
:1006E000194B8360194B1A49436006E01423838138
:1006F000184B8360184B194943604161B8E700000B
:10070000FC9E0408644704083CFC0408EC900408C0
:10071000642704083CDC04086C8D04086417040892
:100720003CCC0408FC890408640F04083CC4040899
:100730005C880408640B04083CC00408EC870408C7
:10074000640904083CBE04088C8704086408040893
:100750003CBD040864870408E4070408BCBC040822
:10076000F0B44F1E002490ED000ABE08254600F1AB
:10077000040C2ED0DCED000A9CED011A0CF10800EF
:10078000B4EEE00AF1EE10FA3CBF651CB0EE600A70
:10079000B4EEC10AF1EE10FA3CBFA51CB0EE410A5E
:1007A000D0ED000A90ED011A00F1080CB4EEE00A59
:1007B000F1EE10FA3CBFE51CB0EE600AB4EEC10ADF
:1007C000F1EE10FA3CBF251DB0EE410A241D761E45
:1007D000D0D117F0030018D0B0F1004F044619D261
:1007E0000028C8BF002610DDDCED000AF4EEC00AC8
:1007F000F1EE10FA03DD8D192D1AB0EE600A641EB9
:1008000006F101060CF1040CEED182ED000A1D6028
:10081000F0BC7047FCEC010AB4EEE00AF1EE10FA0D
:100820003CBF0D1AB0EE600A401EF3D1EDE70000A8
:100830009FED3A1A8B084DF8044DB0EE410A1DD0D9
:10084000B3F1004F4DD2002BC4BF84461C4615DDCA
:10085000DCED002A9CED012ADCED021A02EEA20A70
:10086000DCED030A641E0CF1100C02EE020A01EE2C
:10087000A10A00EEA00AEBD100EB031011F0030374
:100880001BD0B3F1004F42D2002B16DD13F0010F45
:10089000A0F1040004D0D0ED010A001D00EEA00A72
:1008A0005B080AD0D0ED011AD0ED020A083001EE43
:1008B000A10A5B1E00EEA00AF4D100EE901AF8EE39
:1008C000601AC0EE210AF5EEC00AF1EE10FAA6BFDA
:1008D000B1EEE00A82ED000A82ED001A5DF8044BE9
:1008E0007047D0ED000A00EEA00AD0ED010A0830F2
:1008F0005B1E00EEA00AD0ED000A00EEA00AD0EDCB
:10090000010A00F1080000EEA00AEAD1B6E7F0EC17
:10091000010A5B1E00EEA00AF9D1CEE7000000003C
:100920002DE9F047064688462DED088B0088D6F85D
:1009300004C0450801EB8004AB08274601EB8500A5
:1009400004EB85027ED000BF91ED001AD4ED001AB1
:10095000D1ED013AD4ED01BAD1ED025A94ED022A5B
:1009600091ED030AD4ED032AD0ED034AD2ED030A38
:1009700071EE217AD0ED006A90ED013A90ED025AC5
:1009800092ED007A92ED016A92ED024A33EEAB8A63
:1009900075EE828A30EE229AC1ED007A76EE879A61
:1009A00081ED018A33EE06AAC1ED028A75EE04AA32
:1009B00081ED039A34EEA0BAC0ED009A80ED01AA51
:1009C000C0ED02AA70EE622A80ED03BA71EE611AE0
:1009D0009CED000A73EEEB3A70EEE44ADCED010A9E
:1009E00034EE454A35EEC22A21EE805A63EE805A33
:1009F00063EEA03A37EE661A36EE433A61EEA01A7D
:100A000035EE236A61EE203A23EE005A63EE200AA7
:100A100021EE000A75EEE11A84ED006A33EEC51A84
:100A2000C4ED011A30EE800A82ED001A0CF1080ABA
:100A300082ED010A5B1E9AED000A04F1080402F13E
:100A4000080900E02DE0DAED010A22EE001A62EE5C
:100A5000801A62EEA02A22EE202A0AF1080C00F188
:100A6000100031EE223A24EE201A64EE802A64EE61
:100A7000A00A24EE000A71EEC21A84ED003A31EEAB
:100A8000621AC4ED011A30EE800A89ED001A04F1F1
:100A9000080489ED010A01F1100109F108027FF44F
:100AA00053AF726802232946404600F0E1FA7268AB
:100AB000294638460223BDEC088BBDE8F04700F01C
:100AC000D7BA2DE9F34F04244FF0060B2DED0A8B16
:100AD00087B01198DDF844C0D1ED003A0088DCF809
:100AE00004C046080CF1080901EB860202EB8600FF
:100AF000D2ED000A90ED002A00EB86031D1F93ED56
:100B0000000A019405EB860473EE821A04927608BB
:100B100005910CF11008D1ED014A30EEA11A90EDCB
:100B2000014A93ED013A33EEC22A71EE002A92EDAA
:100B3000011A74EEC43AC1ED002A74EE842A0096BC
:100B400001F1040192ED015A71EE024A31EEE06AC0
:100B500072EEC11A32EE412A35EE225A93ED014A65
:100B600074EEC32A71EEC31A32EE032A73EEE05A12
:100B700035EE043A0CF1180703900293A6F1020C2B
:100B800070EEA33A81ED003A161F35EE801AC2EDE1
:100B9000002A02F1040E76EE400A8EED001A01F1F1
:100BA0000402C0ED000A00F104015FEA5C0AA0F152
:100BB000040CC1ED001A0EF1040033EEC00A83EDFF
:100BC000002A03F1040E01F104038EED000A0EF178
:100BD000040100F0078100BFD2ED007AD3ED006A76
:100BE000D0ED002A91ED002A37EEA61AD2ED010AC7
:100BF00090ED016AD1ED015A32EE810A31EE629A2E
:100C000077EEE66A70EE021A93ED010A76EE267A26
:100C1000C2ED001A30EE805AD0ED011A91ED013A82
:100C200071EE851A75EE469A71EE831AC2ED011ABD
:100C3000D6ED003AD5ED004ADCED001A94ED001A2D
:100C400033EEA47A16ED01AA55ED018A14ED014A9E
:100C500031EE873A3AEE285A33EE018A1CED013A1A
:100C600086ED008A5CED01AA37EEE58A7AEE857A98
:100C700054ED01AA77EEAABA70EEC07A71EEC1AA5D
:100C800046ED01BAD9ED010A37EEE20A72EEA77A13
:100C90007AEE682A30EE02BA99ED000A7AEEA28A5C
:100CA00068EE00BA2BEE20CA2BEE00BA28EE208A9E
:100CB00028EE80AA7BEE8CBA3BEE488AC0ED00BAE3
:100CC00080ED018A33EEE48A38EE438A38EE048AF6
:100CD00028EE20BA68EEA00A28EE000A39EE428A11
:100CE0003BEE4AAA79EEE58A30EE800A8CED00AA46
:100CF0000CED010A37EE610A30EE417A98ED000AF8
:100D000028EE009AD8ED010A35EE435AB1EE47AA13
:100D100068EEA09A68EE808A28EE208A35EE445A62
:100D200079EE299A2AEE009A38EEC88AC3ED009A25
:100D300025EE000A83ED018A25EE208A67EE200A5F
:100D400037EEC22A34EE433A39EE488A30EEC00A12
:100D500031EEC11A85ED008A05ED010A36EEC60AAC
:100D6000D7ED010A31EE621A083030EE255A97EDC0
:100D7000000A22EE206A083265EE005A22EE002AAE
:100D800025EE205A61EE001A75EE865A083332EECF
:100D9000452AC1ED005A083D81ED012A33EEE42ACF
:100DA0000831083E09F1080933EE422AACF1080C7B
:100DB00007EB8B0722EE203A61EE200A22EE000AB2
:100DC00073EE611A30EE800AC4ED001A04ED010AD8
:100DD000DDF804E0083CBAF1010A08EB8E087FF464
:100DE000FBAE00BF92ED001A93ED000A92ED013ABE
:100DF00071EE000A71EE402A90ED000A30EE201AE2
:100E000070EEC01AD1ED000A71EE203A31EEE01A10
:100E1000D3ED011A33EE212A73EE611A31EEC03A96
:100E200030EE210A73EE201A30EE603A90ED010A9E
:100E300070EE220A32EEC04AD1ED012AC2ED003A2C
:100E4000D0ED013A32EE400A70EEE20A33EE822A29
:100E5000D1ED013A30EE620A74EE222A32EE232AF4
:100E600082ED012A99ED002AD9ED013A20EE824A5D
:100E700060EEA30A61EEA33A61EE821A34EE232AF1
:100E800071EEE00A80ED002AC0ED010AD8ED010AFA
:100E9000D8ED001A20EE202A61EE213A20EE210A38
:100EA00061EE200A33EE821A30EE600A83ED001AFA
:100EB00083ED010A97ED000AD7ED010A042362EEE3
:100EC000801A23EE201A23EE000A62EEA00A31EE09
:100ED000811A30EE600A81ED001A81ED010A119845
:100EE00000994268059800F0C3F81198042300990E
:100EF0004268049800F0BCF81198042300994268F5
:100F0000039800F0B5F811980423009942680298FC
:100F100007B0BDEC0A8B02B0BDE8F04F00F0A8B8F6
:100F20002DE9F0410488012A984617460D460646E9
:100F300021D1281DFCB114F0010FA0F1080106D049
:100F400091ED020AB1EE400A81ED020A08315FEA32
:100F5000540C10D091ED020AD1ED040ABCF1010C41
:100F6000B1EE400AF1EE600A81ED020AC1ED040A19
:100F700001F11001EED1B4F5807F1BD008DC102CFC
:100F800013D0202C16D0402C19D0802C0DD01CE072
:100F9000B4F5007F13D0B4F5806F06D0B4F5006FC0
:100FA00008D0B4F5805F0AD00FE029463046FFF73D
:100FB000B7FC0AE029463046FFF783FD05E072687A
:100FC00001232146284600F053F8B8F1000F04D061
:100FD000B1892846B268FFF769F9012F18BFBDE84B
:100FE000F08100EE104AF7EE000A002CB8EE401A2D
:100FF00080EE810A08BFBDE8F08114F0010FA5F171
:1010000008000ED0D0ED030A90ED021AF1EE600A4E
:1010100021EE001A60EE800A80ED021AC0ED030A8C
:101020000830610808BFBDE8F08100BF90ED031AE9
:10103000D0ED021AD0ED050A90ED042AB1EE411A66
:1010400061EE801AF1EE600A22EE002A21EE001A0B
:1010500060EE800AC0ED021A80ED042A80ED031ACA
:10106000C0ED050A491E00F11000DFD1BDE8F08196
:101070002DE9FF4F2DED108B82B09FEDFE0A0B4640
:101080004FF0000C9E46DB080CEB0304E51800EB68
:10109000C408EC1804EB030600EBC50906EB0305D6
:1010A00000EBCC0700EBC60605EB030AD6ED000A01
:1010B000D7ED002A0AEB030B00EBC50532EEA01AB0
:1010C00000EBCA0A72EEE00A95ED002ADAED004A5A
:1010D000D8ED002A99ED005A00EBCB0B00EBC404CD
:1010E000DBED001A94ED003A32EE824A75EE243AB6
:1010F00072EEC22A33EE212A33EE613A71EE631AA0
:1011000071EE233A34EE421A34EE022A32EEC38AEA
:1011100072EE832A35EE645A33EE823A33EEC22AF7
:1011200062EE806A87ED003A86ED002AD8ED017AFA
:1011300095ED014A97ED017A96ED013AD9ED013A24
:101140009AED012AD4ED018ADBED014A77EE845A4B
:1011500037EEC44A37EE036A78EEA42A73EE827A39
:1011600073EEC23A35EE662A37EE433A75EE266ADA
:1011700036EE677A36EE275A78EEE44A35EEE26AC2
:1011800075EEA25AF44474EE648A74EE242A75EE65
:10119000257A35EE655A71EE865A62EE802A28EE7F
:1011A000004A68EE804A31EEC66A8C4537EE418AC5
:1011B00037EE017A30EEC41A70EE841A73EE640AC8
:1011C00033EE244A33EEE23A73EEA22AC7ED017AF7
:1011D00086ED015AC9ED005A71EEA23A71EEE21A9B
:1011E0008AED006A89ED018A71EE032A8AED017A9F
:1011F00031EE431AC8ED003A34EE663ACBED001AF0
:1012000034EE264AC5ED002A70EEC24A84ED001A7B
:1012100070EE820A88ED013A8BED014AC5ED014A74
:10122000C4ED010AFFF430AF082B3FBF02B0BDECA4
:10123000108B04B0BDE8F08F4FF0000CCDF804C067
:101240004FF0010CCDF800C0DDF804C0159C6444DB
:101250000194DDF800C065002E1902EBC40702EB13
:10126000C508351997ED00FA97ED019A98ED00CA77
:10127000D8ED018A02EBC60702EBC5082E19351915
:101280002C4402EBC60602EBC50502EBC404D7ED05
:1012900000BA97ED018A98ED00BAD8ED017AD6ED43
:1012A00000AA96ED017A95ED00AAD5ED016AD4ED7C
:1012B000009A94ED016A00BF0CEB0304E51800EB03
:1012C000C409EC1804EB030808EB030700EBCC0A95
:1012D00000EBC50600EBC80807EB030598ED001A04
:1012E000DAED000A00EBC70705EB030B30EE814A8D
:1012F00030EEC11AD7ED002AD9ED000A00EBCB0B76
:1013000000EBC50530EEA23A00EBC40470EEE20A31
:101310009BED002AD5ED001AD6ED002A94ED005A77
:10132000F44472EEA14A75EE023A35EE422A72EEAC
:10133000E11A74EE642A33EE635A34EE244A33EE33
:10134000233A70EE823A70EEC2EA8C4534EE032AFC
:1013500074EE430A23EE804A8AED002A9AED013AA0
:1013600098ED012A6BEE20FA27EEA0DA73EE020A5E
:1013700033EE423A31EEC42A71EE841AD9ED013AC5
:1013800097ED014AD6ED015AD4ED01DA73EE84CA25
:1013900073EEC43A95ED014A75EE844A35EEC44ABF
:1013A00030EEE4EA70EEA45ADBED014A7DEEA40AC9
:1013B0007DEEE44A7CEEE0DA7CEEA0CA72EEAD0A85
:1013C00072EEED2A75EEACDA75EEEC5ACAED01DA82
:1013D00067EEA5DA6BEE25CA7EEE455A3EEE055A5B
:1013E0007FEEADDA7CEECDCA28EEA5EAC8ED00DAD4
:1013F0006CEE20DAC8ED01CA6CEE255A68EEA00A40
:1014000073EEE4CA73EEA43A7DEE8EDA75EEE04A2E
:101410006CEE80CA2AEE22EA66EEA25A63EE803AA9
:10142000C6ED00DA73EE6C2A2EEE80DA33EE2C3A3B
:10143000C6ED014A66EE85FA74EE634A74EE233A0D
:101440002AEE055A71EE4D0A33EE614A31EE0D1A5D
:101450003EEE2FEA73EE211A32EEC23A75EE655A6D
:1014600072EE822A85ED00EA31EE232A29EE045A33
:1014700002E00000F304353F31EE631A70EEA43A47
:1014800070EEE40A6FEE024AC5ED015A66EE215A8B
:101490002FEE044A34EE855A69EE814A29EE022A7B
:1014A00069EEA11A26EE011A74EEA55A34EE422A0C
:1014B00067EE034A71EEC11A2AEE831A27EE233A29
:1014C0002AEEA34A89ED005A89ED012A6BEEA03A73
:1014D00028EE222A31EE433A2BEEA21A68EE200AB9
:1014E00034EE244ACBED005ACBED011A73EE821A8A
:1014F00071EE600A87ED004A87ED013AC4ED001AEB
:10150000C4ED010AFFF4D8AEDDF800C00CF1010C07
:10151000CDF800C063453FF697AE159C4FF6FF7CB3
:10152000072B0CEAC40CCDF854C03FF6A9AD02B0AD
:10153000BDEC108B04B0BDE8F08F2DE9F05F0546DF
:10154000002092469B4688460646814640241BE082
:10155000284641464746224600F08FF853465A46F1
:10156000C01A914110D311461846224600F076F871
:101570002D1A67EB01084F4622460120002100F09A
:101580006DF817EB00094E41201EA4F10104DFDCC9
:10159000484631462A464346BDE8F09F40EA0103EB
:1015A0009B0703D009E008C9121F08C0042AFAD219
:1015B00003E011F8013B00F8013B521EF9D27047DD
:1015C000D2B201E000F8012B491EFBD27047002285
:1015D000F6E710B513460A4604461946FFF7F0FF32
:1015E000204610BD30B505462A460B4612F8010BC1
:1015F00013F8014B08B1A042F8D01CB1002802D06A
:101600006D1CF1E7284630BD421C10F8011B002973
:10161000FBD1801A704730B504460020034600E035
:101620005B1C934203D2E05CCD5C401BF8D030BD24
:1016300030B50B46014600202022012409E021FAA2
:1016400002F59D4205D303FA02F5491B04FA02F59F
:101650002844151EA2F10102F1DC30BD202A04DB72
:10166000203A00FA02F1002070479140C2F12003B5
:1016700020FA03F3194390407047202A04DB203AF4
:1016800021FA02F00021704721FA02F3D040C2F1A2
:10169000200291400843194670472DE9FE4F8046CD
:1016A00081EA0300C00F0C46009021F0004123F0B6
:1016B0000045B8EB0200A94105D2404621469046BC
:1016C0001C460B46024623F00040104347D0270D2E
:1016D000C7F30A00C3F30A510290401A0190402850
:1016E0006BDAC3F3130040F4801B0098924620B1DC
:1016F0000023D2EB030A63EB0B0B01985946C0F1B0
:1017000040025046FFF7AAFF06460D46504659468E
:10171000019A00F08DF910EB08006141002487EA7E
:10172000115284EAE7731A4340D0009A62B3019AD7
:10173000012A4FEA075215DC001B61EB02014FF052
:10174000004202EA0752CDE90042001C41F5801137
:1017500032462B4600F08DF903B0BDE8F08F4046CD
:101760002146F9E7001B61EB0201001C41F58013E3
:1017700000185B412018A2F5001747EB030140EA6F
:10178000D570B6196D4111E06D084FEA360645EA8D
:10179000C0754FEA0752001B61EB0201001C41F5C6
:1017A000801149084FEA30000019514132462B465A
:1017B00003B0BDE8F04F00F04DB9009801224000A1
:1017C0000023D0EB020263EBE073009821464FEA5E
:1017D000E074B8EB000061EB0401E9E783F000433B
:1017E0005BE781F0004158E72DE9FE4F81EA0304F1
:1017F00004F0004421F0004100944FF0000B23F06E
:10180000004350EA01045ED052EA03045BD0C3F304
:101810000A54C1F30A552C44A4F2F3340194A0FBFA
:101820000254C1F3130141F48011C3F3130343F4D1
:10183000801301FB024400FB034E840A970A44EA2A
:10184000815447EA8357A4FB076802958D0A05FB7C
:1018500007854FEA932C04FB0C542705029D4FEAA1
:10186000065847EA1637B5EB08056EEB070C870EEE
:10187000920E47EA811742EA8312A7FB0201B6EBF8
:101880000B0164EB00042B0D43EA0C335E1844EBB0
:101890001C50DA465146E7FB0201C5F313044FEA38
:1018A0000B3343EA14534FEA0432019C43EA060324
:1018B000A4F10C040294009CCDE900B400F0D9F826
:1018C00003B0BDE8F08F00200146F9E72DE9F04DA7
:1018D00081EA030404F0004B21F0004514464FF068
:1018E000000A23F0004150EA050220D054EA010228
:1018F0001DD0C5F30A570246C5F31303C1F3130005
:10190000C1F30A5640F4801543F48013A7EB060890
:10191000101BD64608F2FD3873EB050002D308F120
:10192000010801E092185B41B8F1000F03DA0020D2
:101930000146BDE8F08D00204FF480110646844634
:101940000EE0171B73EB050705D3121B63EB0503B2
:1019500006434CEA010C49084FEA300092185B41FB
:1019600050EA0107EDD152EA030012D082EA0400E6
:1019700083EA0501084305D0101BAB4106D20122C2
:10198000002306E000224FF0004302E06FF0010266
:1019900053101AEB06004CEB085110EB0A0041EB18
:1019A0000B01BDE8F04D00F055B8C1F30A52C1F388
:1019B000130140F2FF3341F480119A4202DA002011
:1019C0000146704740F233439A42A2F2334202DCAE
:1019D0005242FFF752BEFFF741BE000030B5041E71
:1019E00071F1000404DB4FF00044404264EB01015C
:1019F000141E73F1000405DB1C464FF000435242F5
:101A000063EB0403994208BF904230BD064C074D7A
:101A100006E0E06840F0010394E8070098471034BE
:101A2000AC42F6D3FEF7A6FCBC420508DC42050832
:101A3000202A06DBCB17203A41FA02F043EAE07392
:101A400006E041FA02F3D040C2F12002914008437F
:101A50001946704710B5141E73F1000408DA401CD3
:101A600041F1000192185B411A4301D120F00100BD
:101A700010BD2DE9F04D92469B4611B1B1FA81F2AD
:101A800002E0B0FA80F220329046FFF7E7FD04460C
:101A90000F4640EA0A0041EA0B0153465A46084302
:101AA00013D0114653EA010019D0C8F14002504644
:101AB000FFF7E3FD05460E46504659464246FFF7FE
:101AC000CDFD084305D0012004E020463946BDE89D
:101AD000F08D0020054346EAE0762C4337430A9810
:101AE0006305E40AA0EB08000022FD0A44EA47541B
:101AF0000A3002D500200146E9E7010510196941C5
:101B0000DDE9084500196941BDE8F04DA2E770B56F
:101B10008C1810F8015B15F0070301D110F8013B98
:101B20002A1106D110F8012B03E010F8016B01F81F
:101B3000016B5B1EF9D12B0705D40023521E0DD477
:101B400001F8013BFAE710F8013BCB1A921C03E0C5
:101B500013F8015B01F8015B521EF9D5A142D8D3FD
:101B6000002070BD10B50124A103034801F066FFF9
:101B700000B10024204610BD0008025810B50446EC
:101B80002146024804F0C4FC10BD0000C010002033
:101B900010B5044804F0CFFC042801D0012010BD8A
:101BA0000020FCE7C010002010B5002400F014F85D
:101BB000012801D0022010BD064804F02DFD044686
:101BC00034B94FF48041034804F056FB00B10124BE
:101BD0002046F0E7C010002008B501200090FFF774
:101BE000C1FF08B9002000909DF8000008BD00006A
:101BF0002DE9F84304460D4616461F464FF00008EF
:101C000033462A4621460548009704F039FE08B1BC
:101C10004FF001084046BDE8F8830000C0100020E6
:101C20002DE9F84304460D4616461F464FF00008BE
:101C300033462A4621460548009704F04FFF08B175
:101C40004FF001084046BDE8F8830000C0100020B6
:101C500000BFFEE770B50446A56B284601F088F882
:101C60000120287170BD70B50446A56B284600F0B0
:101C7000B1FF0120287170BD70B50546AC6B2069BD
:101C800040F004002061204601F074F8012020712A
:101C900070BD70B50546AC6B206940F00400206152
:101CA000204600F099FF0120207170BD70B50446F8
:101CB000A56B284601F05DF870BD70B50446A56BB4
:101CC000284600F088FF70BD10B53448006800F069
:101CD0002000B0B120203149083108602F48103071
:101CE000006800F4002060B906F046FC06F03EFCF7
:101CF0002B48007810B9002016F0AAF900202949D5
:101D000008602648006800F01000002845D0102028
:101D100022490831086021481030006800F4002092
:101D2000B8BB1F48007830B9012016F091F90220A5
:101D30001C49086031E01A48007801282DD1194863
:101D40000068032826D006F017FC1748006920F029
:101D50000100154908610846806A20F00100886288
:101D60000E481030006820F001000C491031086066
:101D70000A482830006820F001000849283108602E
:101D8000002012F013F9012016F062F90120054934
:101D9000086002E002200349086010BD0004024010
:101DA0007409002070090020000002400146374AF3
:101DB0000868904249D0354A18320868904244D0A9
:101DC000324A3032086890423FD0304A4832086880
:101DD00090423AD02D4A60320868904235D02B4A62
:101DE00078320868904230D0284A90320868904291
:101DF0002BD0264AA8320868904226D0244A086888
:101E0000904222D0224A1832086890421DD0204ABF
:101E100030320868904218D01D4A48320868904213
:101E200013D01B4A6032086890420ED0184A7832AC
:101E30000868904209D0164A90320868904204D04F
:101E4000134AA8320868904201D1012000E0002026
:101E5000B0B10A78103A1823B2FBF3F000F0070291
:101E60000C4B9A5CCA65032805D90A686FF309020E
:101E7000121D8A6503E00A686FF309028A6503E0B0
:101E8000086820F0FF008865886D704710000240E8
:101E90001004024030A9030810B502682B4C0368F7
:101EA000A34222D0294C14340368A3421DD0274CEE
:101EB00028340368A34218D0244C3C340368A3425E
:101EC00013D0224C50340368A3420ED01F4C64340C
:101ED0000368A34209D01D4C78340368A34204D0A0
:101EE0001A4C8C340368A34201D1012300E0002383
:101EF0008BB10378083B1424B3FBF4F1144B03EBD0
:101F000081030366124B8033436601F01F040123F3
:101F1000A340836618E00378103B1824B3FBF4F168
:101F20000C4B9A4204D80B4BA83B9A4200D3083181
:101F3000094B03EB81030366074B8033436601F0D3
:101F40001F040123A340836610BD000008540258FB
:101F500000580258B8040240000802400179A9B3B1
:101F6000082940D8204B02689A4222D01E4B1433D5
:101F700002689A421DD01C4B283302689A4218D03E
:101F8000194B3C3302689A4213D0174B5033026806
:101F90009A420ED0144B643302689A4209D0124B15
:101FA000783302689A4204D00F4B8C3302689A420D
:101FB00001D1012200E000224AB14A1E0B4B03EB83
:101FC0008202C266094A4032026708E00BE04A1EFC
:101FD000074B03EB8202C266054A403202674A1E83
:101FE0000123934043677047085402580059025830
:101FF00000090240014600208A69D2B98A6A32B1DA
:10200000012A0DD0022A03D0032A10D10EE000BF0E
:10201000CA6A02F08072B2F1807F00D1012007E02D
:10202000CA6AB2F1C07F00D1012001E000E000BF28
:1020300036E08A69B2F5005F1BD18A6A32B1012AA3
:1020400007D0022A03D0032A11D10AE000BF0120E1
:102050000EE0CA6A02F08072B2F1807F00D10120E6
:1020600006E0CA6AB2F1C07F00D1012000E000BFE3
:1020700016E08A6A32B1012A05D0022A04D0032A66
:102080000CD103E000BF00BF012008E0CA6A02F0E3
:102090008072B2F1807F00D1012000E000BF00BF5C
:1020A00070470000F0B5846D856DD0E919767E60CB
:1020B000C66E16B1D0E91C767E60574F0668BE42E8
:1020C00049D0554F18370668BE4244D0524F30377A
:1020D0000668BE423FD0504F48370668BE423AD0ED
:1020E0004D4F60370668BE4235D04B4F7837066893
:1020F000BE4230D0484F90370668BE422BD0464F84
:10210000A8370668BE4226D0444F0668BE4222D099
:10211000424F18370668BE421DD0404F3037066820
:10212000BE4218D03D4F48370668BE4213D03B4FE1
:1021300060370668BE420ED0384F78370668BE4218
:1021400009D0364F90370668BE4204D0334FA837C7
:102150000668BE4201D1012600E00026DEB190F8FB
:102160005C6006F01F073F26BE40A6600668366822
:1021700026F4802607683E60066873608668402EF5
:1021800004D10668B2600668F16044E00668B16098
:102190000668F2603FE0224F0668BE4222D0204F20
:1021A00014370668BE421DD01D4F28370668BE4250
:1021B00018D01B4F3C370668BE4213D0184F50371B
:1021C0000668BE420ED0164F64370668BE4209D07C
:1021D000134F78370668BE4204D0114F8C3706681B
:1021E000BE4201D1012600E00026A6B190F85C6055
:1021F00006F01F070126BE406E60066873608668A1
:10220000402E04D10668B2600668F16003E00668FB
:10221000B1600668F260F0BD100002401004024098
:1022200008540258704710B5012001F0F5FA10BDAE
:1022300010B54FF4004001F0EFFA10BD704730B513
:1022400004460D4600222946204600F001F830BD24
:10225000F0B50346012500241148807B02281CDAD2
:1022600000200F4EB67B0E4FB8553846867B001DBA
:1022700040F82630001F867B0C3082553E46B07BEE
:10228000461CBE73044604F1300008703A204870C2
:102290002F2088700020C87000252846F0BD00005F
:1022A000480B012010B5084BDB6823F4FE53064CA5
:1022B000E3602346DB68042444EA801444F02004ED
:1022C0002343014CE36010BD002000522DE9F04192
:1022D00007460E4601F0D0FB8046012E01D10424B2
:1022E00000E0344C0BE0781C48B101F0C5FBA0EBDA
:1022F0000800B84200D817B90320BDE8F0812E4885
:102300002040A04208D12D4800692040A04201D1C0
:1023100001200DE000200BE02948006824F0004176
:10232000084024F00041884201D1012000E0002053
:102330000028D8D1012E05D120480069214900EAA2
:10234000010505E01E4800681F49084040F00045AF
:1023500025F0004090B11D48806928431B498861E1
:1023600015482840A84202D11448456104E025F0F0
:1023700000401349091D08600120BEE7012E0AD163
:102380000E48006900F48030B0F5803F0FD1300472
:102390000A4948610BE00A48006800F48030B0F553
:1023A000803F04D14FF480300549091D08600020AA
:1023B000A3E70000040000800F00EF1F0020005280
:1023C000102100520000EE170000EE975010002080
:1023D0002DE9F04106460F46154605F03DFA7020FE
:1023E00005F0FCF905F08CFAF0B205F0F7F905F00C
:1023F00087FA05F031FA712005F0F0F905F080FA5E
:1024000000240AE0691EA14201D0012100E0002160
:10241000084605F0ADF93855641CAC42F2DB05F016
:1024200045FABDE8F08100002DE9FC410746002097
:1024300000900EF057FE012801D1BDE8FC8101207B
:102440000EF056FEFC480068401CFB490860084638
:1024500000680521B0FBF1F201FB120020B1F64843
:102460000068B0F57A7F7DD2F448007828B901225F
:1024700069460220FFF7ACFF06E001236A4648F2F6
:102480004E11282000F0D6FA00200EF031FEEB4865
:102490000078D0B99DF8000000F00F0090B19DF8D1
:1024A000000000F00F0006280CDA9DF8000000F094
:1024B0000F01FF208840C6B2F043C0B240F0C00018
:1024C000009026E00020009023E09DF8000000F03E
:1024D0008000E0B19DF8000000F00F0048B19DF8C9
:1024E000000000F00F01FF208840C043C0B2009000
:1024F0000FE0D248007801280BD100200090012382
:102500006A4648F24E11282000F014FB01E000203A
:1025100000909DF80000002879D000254CE10120B2
:10252000A8409DF800100840002871D0C3480078EA
:1025300038B9C34931F81500042201A9FFF748FF53
:1025400007E0C04830F81510042301AA282000F045
:1025500071FABA48007801280AD1002000900123BE
:102560006A4600E0A9E148F24E11282000F0E2FAA4
:1025700000200EF0BDFDB4480078052816D19DF866
:1025800005009DF8041001F00F0100EB0120AF4998
:1025900021F815009DF807009DF8061001F00F01C5
:1025A00000EB0120AA4921F8150039E0A64800787F
:1025B00007282ED1A1480078B0B99DF807009DF8F2
:1025C000061001F00F0100EB0120A04921F81500D1
:1025D0009DF805009DF8041001F00F0100EB0120AB
:1025E0009B4921F815001BE09DF804009DF805109B
:1025F00000EB0120954921F815009DF806009DF893
:10260000071000EB0120924921F8150008E0D7E0FF
:10261000D1E000208D4921F815008D4921F81500E1
:102620008A4830F81500B0F5487F05DC884830F856
:102630001500B0F5F07F0DDD80480078012808D145
:102640000020009001236A4648F24E11282000F035
:1026500071FAF2E67F480068401C7E49086000205D
:102660007D4908607D48007802280CD07B480078BE
:10267000032809D1774800680A2804D9744931F839
:10268000150018F049F890E0754800884FF6FF7182
:10269000884271D16D4800887249734A128821F8C6
:1026A00012006B48008871496F4A128821F81200A5
:1026B0006D480088401C6C49088008460088142832
:1026C00001DB002008806A48006818B90EF01EFD82
:1026D000674908605E4A11885C4A108817F076FBEB
:1026E0000446601C00285ED00A2C10DB0D2C0EDC8A
:1026F000A4F10A0101EB810202EBC1015D4A02EB88
:102700008100012116F083F955490C804BE00E2C15
:102710000ADB132C08DCA4F10E01C8B2012116F06B
:10272000F3FA4F490C803EE0142C0EDB1A2C0CDC23
:10273000162C38D0192C36D0A4F11401C8B20121BE
:1027400016F0F8FA46490C802DE014BB44490C8081
:10275000454802884549434817F084FE46490860C9
:102760000846006848B94048028840493D4817F08B
:10277000C7FE4149086016E016E03F48006801289E
:1027800008D1394802883949364817F069FF3A4973
:10279000086008E0344802883449324817F0B0FE37
:1027A0003549086000BF00E000BF012033490870D0
:1027B0000020214908606D1C012DFFF6B0AE7CE0C1
:1027C0001E480078012809D123480068401C22498E
:1027D000086008460068022800D22EE600200EF0AD
:1027E00087FC26480078012855D116F0B1FB16F079
:1027F0008FFB16F0CDFB17F0DFFC194800884FF671
:10280000FF7188423CD01648008830B114490878DE
:102810000022114617F0D8FC09E00E480068012894
:1028200005D90C480068102801D216F035F94FF68A
:10283000FF700B4908802EE0980800205D080020FA
:1028400048AB030852AB03085C0800207C1300204F
:102850008613002074080020840800206A080020E5
:102860007C0800209013002068080020B813002086
:1028700078080020183B002080080020660800200F
:1028800013F01CF910B113F00FF804E013F038FB4B
:1028900008B113F0F5FD00200A4908700A490880C4
:1028A0000A4908700A4908700A4908600A4908601C
:1028B0000A480068401C0949086000200EF018FC16
:1028C00000BFBAE566080020680800206A080020FA
:1028D0005E0800207408002078080020840800208A
:1028E0002DE9F04105460E4617464FF0000804F06A
:1028F000B3FF702004F072FF05F002F8E8B204F0B4
:102900006DFF04F0FDFF00240AE0305D04F066FF77
:1029100004F0F6FF8046B8F1000F00D002E0641C1E
:10292000BC42F2DB00BF04F0C1FF4046BDE8F081CD
:1029300000B58BB000BF3C48006840F001003A4948
:1029400008600846006800F00100019000BF00BF69
:1029500000BF0846006840F00200086008460068B2
:1029600000F00200019000BF00BF00BF08460068F1
:1029700040F0040008600846006800F00400019080
:1029800000BF00BF00200A90142105A8FEF71FFE1B
:1029900001220421254801F062F80420059001205D
:1029A000069007900020089005A9204800F042FFFB
:1029B0002020059005A91E4800F03CFF00222021A0
:1029C0001B4801F04CF841F2883009F0FBFC012271
:1029D0002021174801F043F80B2302AA48F24011C6
:1029E000282000F027F801230AAA48F247012820EE
:1029F00000F020F89DF82800602802DA012000F09D
:102A00006FF804200590002006900790089005A913
:102A1000064800F00FFF9DF80800392802D1012078
:102A20000BB000BD0020FBE7E04402580004025850
:102A3000000802582DE9F04706460F469046994691
:102A4000142400BF04F008FF06F0FE0004F0C6FEE8
:102A500004F056FF214908700846007808B1641E4A
:102A600027E0381204F0BAFE04F04AFF1B49087050
:102A70000846007808B1641E1BE0F8B204F0AEFE10
:102A800004F03EFF154908700846007808B1641E3E
:102A90000FE004F0E1FE46F0010004F09FFE04F0B8
:102AA0002FFF0E4908700846007808B1641E00E048
:102AB00000BF0A48007808B1002CC3D1002506E009
:102AC000012004F055FE08F80500681CC5B24D450C
:102AD000F6DB04F0EBFEBDE8F087000056090020AD
:102AE00070B505460020124981F8B80000240AE0BC
:102AF0000F4890F8B8000E49095D08440C4981F868
:102B0000B800601CC4B2B82CF2DB094890F8B800D9
:102B1000C043401C064981F8B800084680F8B95007
:102B2000BA23024648F24701282000F003F870BD9E
:102B30009C0800202DE9F04707460D46904699462F
:102B4000142400BF04F088FE07F0FE0004F046FEE7
:102B500004F0D6FE1E4908700846007808B1641ECD
:102B60002CE0281204F03AFE04F0CAFE184908705E
:102B70000846007808B1641E20E0E8B204F02EFE9A
:102B800004F0BEFE124908700846007808B1641EC1
:102B900014E000260DE018F8060004F01FFE04F013
:102BA000AFFE0B4908700846007800B103E0701CC6
:102BB000C6B24E45EFDB00BF641E00BF044800787C
:102BC00008B1002CBED104F071FEBDE8F087000012
:102BD0005609002070477047704700002DE9F04704
:102BE00004460D4616464FF000092869012800D119
:102BF00000BF2868042800D100BF00BF6079012809
:102C000002D10220BDE8F0870120607100BF0220E0
:102C100020712868042855D1EEB900F02DFF8146B7
:102C20000CE000F029FFA0EB0900012806D920697B
:102C300040F00800206103202071E3E72068406B2A
:102C40004A4908400028ECD1012000F0CFFCA869D7
:102C50002168086419E00CE000F00EFFA0EB090009
:102C6000012806D9206940F0080020610320207166
:102C7000C8E72068406B00F000400028ECD101203C
:102C800000F0B4FCA869216848642068806C06F0F4
:102C9000100240F2FF319140884306F01002E969CA
:102CA00091400843216888642068C06C06F01002D7
:102CB000FF219140884306F01002296A91400843A1
:102CC0002168C864286901280FD12068876B06F045
:102CD00010011F2088408743D5F8148006F01000AB
:102CE00008FA00F00743206887632068C76B06F086
:102CF0001001072088408743A96828680843E968CD
:102D000040EA010806F0100108FA01F007432068C4
:102D1000C7632068006806F010024FF480419140BC
:102D20008843216808602068076806F0100140F6B3
:102D3000FE7088408743D5F8048006F0100108FA39
:102D400001F00743206807602068006806F0100261
:102D5000C02191408843216808600120207100BF94
:102D60000020607100BF00BF4CE700000080002021
:102D700070477047704710B504460CB9012010BD6C
:102D8000207920B900206071204600F008F8022068
:102D9000207100202061012020710020EFE77047A2
:102DA00038B50446002000902068009029B902F14F
:102DB0000800009D2844009004E002F11400009DEA
:102DC0002844009000980360002038BD10B50246EA
:102DD00000BF5079012801D1022010BD012050719F
:102DE00000BF022010711068006801F01004012378
:102DF000A34018431368186061B91068006800F0B8
:102E00003E00022813D11068406840F001001368AA
:102E100058600CE01068006800F47810B0F5003FCE
:102E200005D11068406840F0020013685860012026
:102E3000107100BF0020507100BF00BFCDE700003F
:102E40002DE9F04704460D4617469946DDF82080E7
:102E50004FF0000A00BF6079012802D10220BDE8CE
:102E6000F0870120607100BF0220207135BB3F4810
:102E7000A168C8633E48A16808643E48A168C86468
:102E80002068006840F4805021680860B8F1000FA5
:102E900006D0B8F1040F07D0B8F1080F0CD107E045
:102EA000206800F1080A08E0206800F10C0A04E03C
:102EB000206800F1100A00E000BF26E02E48E1681B
:102EC000C8632E48E16808642D48E168C86420683A
:102ED000006840F0805021680860B8F1000F06D00B
:102EE000B8F1040F07D0B8F1080F0CD107E0206843
:102EF00000F1140A08E0206800F1180A04E02068D4
:102F000000F11C0A00E000BF00BF6DB92068006836
:102F100040F40050216808604B4652463946A0688C
:102F200000F0EEF906460CE02068006840F0005022
:102F3000216808604B4652463946E06800F0E0F9E7
:102F4000064600BF0020607100BF4EB920680068CF
:102F500005F010020121914008432168086003E058
:102F6000206940F004002061304678E7551C0208D3
:102F7000AD1C0208791C0208671C0208BB1C020871
:102F8000931C02082DE9F041044600F075FD8046CF
:102F900014B90120BDE8F081D4492068884249D0A5
:102FA000D24918312068884244D0D0493031206855
:102FB00088423FD0CD494831206888423AD0CB4939
:102FC00060312068884235D0C8497831206888420D
:102FD00030D0C6499031206888422BD0C349A831EF
:102FE0002068884226D0C2492068884222D0C04941
:102FF0001831206888421DD0BD4930312068884290
:1030000018D0BB4948312068884213D0B849603194
:10301000206888420ED0B64978312068884209D0AD
:10302000B34990312068884204D0B149A831206862
:10303000884201D1012000E00020002873D0606A9E
:1030400000B100BF00BF002084F8340000BF0220A0
:1030500084F83500A5492068884249D0A349183131
:103060002068884244D0A1493031206888423FD04E
:103070009E494831206888423AD09C496031206896
:10308000884235D0994978312068884230D09749B4
:103090009031206888422BD09449A831206888421A
:1030A00026D093492068884222D09149183120685F
:1030B00088421DD08E4930312068884218D08C4912
:1030C00048312068884213D089496031206888429D
:1030D0000ED0874978312068884209D084499031E0
:1030E0002068884204D08249A8312068884206D1ED
:1030F0002068006820F001002168086005E0206871
:10310000006820F00100216808600DE000F0B4FCC8
:10311000A0EB0800052807D920206065032084F86B
:103120003500012036E745E02068006800F0010026
:103130000028EBD1206805686E480540D4E90201FB
:1031400008432169084361690843A1690843E169AB
:103150000843216A08430543606A042803D1D4E97F
:103160000B0108430543206805602068456925F088
:103170000705606A0543606A04280DD1A06A05430B
:10318000E06A48B12046FEF735FF28B1402060656F
:10319000012084F83500FDE6206845612046FEF7F1
:1031A00005FE064694F85C0000F01F013F208840B1
:1031B000B06073E050492068884222D04E491431F3
:1031C000206888421DD04C4928312068884218D098
:1031D00049493C312068884213D047495031206822
:1031E00088420ED0444964312068884209D042495F
:1031F00078312068884204D03F498C312068884269
:1032000001D1012000E00020F0B300BF002084F8CD
:10321000340000BF022084F8350020680568374874
:103220000540A068402801D1102105E0A068802851
:1032300001D1C10100E00021E06841EAD00120692C
:1032400041EAD001606941EAD001A06941EAD001B8
:10325000E06941EAD001206A41EA10100543206884
:10326000056025492068401A1421B0FBF1F0800068
:10327000E0652046FEF79AFD074694F85C0000F0F2
:103280001F010120884000E001E0786006E0402056
:103290006065032084F8350001207BE62046FEF7B8
:1032A000FBFDA068802801D1002060602079216E9C
:1032B0000860D4E919104860606860B16068082847
:1032C00009D82046FEF74AFE0020E16E0860D4E9E6
:1032D0001C10486003E00020E06620676067002063
:1032E0006065012084F83500002053E6100002409C
:1032F000100402403F8010FE085402580F00FEFFE9
:103300002DE9F04104460D4616461F464FF00008D1
:1033100014B90120BDE8F08100BF94F83400012801
:1033200001D10220F6E7012084F8340000BF94F8B0
:10333000350001287ED1022084F835000020606528
:10334000A8492068884249D0A64918312068884297
:1033500044D0A4493031206888423FD0A149483147
:10336000206888423AD09F4960312068884235D031
:103370009C4978312068884230D09A499031206841
:1033800088422BD09749A8312068884226D0964998
:103390002068884222D094491831206888421DD084
:1033A000914930312068884218D08F4948312068CF
:1033B000884213D08C496031206888420ED08A49F7
:1033C00078312068884209D0874990312068884246
:1033D00004D08549A8312068884206D12068006859
:1033E00020F001002168086005E02068006820F0F6
:1033F0000100216808603B46324629462046FEF718
:1034000051FE7849206888424BD0764918312068AF
:10341000884246D0734930312068884241D0714992
:103420004831206888423CD06E496031206888422B
:1034300037D000E0C9E06B4978312068884230D04D
:1034400068499031206888422BD06649A8312068AD
:10345000884226D064492068884222D062491831C7
:10346000206888421DD0604930312068884218D0D9
:103470005D4948312068884213D05B49603120683B
:1034800088420ED0584978312068884209D0564980
:1034900090312068884204D05349A831206888427E
:1034A00001D1012000E0002080B12068006820F0F8
:1034B0001E0040F0160021680860206CB0B1206842
:1034C000006840F00800216808600FE0206800688C
:1034D00020F00E0040F00A0021680860206C28B13E
:1034E0002068006840F0040021680860206E0068D1
:1034F00000F4803028B1206E006840F48070216EA6
:103500000860E06E28B1E06E006840F48070E16E03
:10351000086034492068884249D03249183120680F
:10352000884244D02F493031206888423FD02D490D
:103530004831206888423AD02A4960312068884260
:1035400035D0284978312068884230D025499031DB
:10355000206888422BD02349A8312068884226D091
:1035600021492068884222D01F49183120688842AA
:103570001DD01D4930312068884218D01A49483181
:103580002068884213D018496031206888420ED0E4
:10359000154978312068884209D013499031206854
:1035A000884204D01049A8312068884206D120689A
:1035B000006840F001002168086010E020680068A1
:1035C00040F001002168086009E000BF002084F895
:1035D000340000BF4FF4006060654FF001084046C2
:1035E00098E60000100002401004024070B5044646
:1035F00000F042FA06462546681C10B104480078DF
:10360000054400BF00F038FA801BA842FAD370BD11
:10361000140000202DE9F05F83460D461746A846AA
:10362000B9464FF0080A00BF3D48007D012802D18D
:103630000220BDE8F09F01203949087500BFB5F1AF
:10364000006F04D3B5F1016F01D2012400E0022420
:1036500000203349886121464CF25030FEF736FE97
:103660000646002E55D1012C06D12E48C06840F0E8
:1036700002002C49C86006E02B48006840F00200B8
:103680002849C1F80C0100BF00BF00BFBFF36F8F16
:1036900000BF00BF00BF00BF00BF00BFBFF34F8F20
:1036A00000BF00BF00BF00BFD9F80000C8F800008D
:1036B00008F1040809F10409AAF1010000F0FF0A69
:1036C000BAF1000FF0D100BF00BF00BFBFF36F8F92
:1036D00000BF00BF00BF00BF00BF00BFBFF34F8FE0
:1036E00000BF00BF00BF21464CF25030FEF7EEFD98
:1036F0000646012C06D10B48C06820F0020009499B
:10370000C86006E00848006820F002000549C1F8DA
:103710000C0100BF00200249087500BF304688E751
:1037200050100020002000520C2100521348C068A5
:1037300000F0010058B11248104948601148486033
:103740000846C06800F0010008B1012070470E482B
:10375000006800F0010070B109480B4908390860A1
:1037600008480649C1F804010748006800F0010054
:1037700008B10120EAE70020E8E70000002000523D
:1037800023016745AB89EFCD0C21005210B50446EB
:10379000012C03D0B4F5004F2DD100BF0DF0B6FCC5
:1037A000164908600846006815490968401A154915
:1037B0000860124800681249086013480068012830
:1037C0000CD1032010490860002014F041FC0F4880
:1037D0000068C0F580400E49088006E00A4800688D
:1037E000022802D10120084908604FF440510948DD
:1037F00000F02CF900E000BF00BF10BD2800002041
:103800002000002024000020700900201404024041
:103810001C0000200004025810B50446044800684B
:10382000204020B1024804602046FFF7AFFF10BDE2
:1038300088000058F8B502460023734DDEE00127EA
:103840009F400E6806EA0704002C71D04E68022ED5
:1038500002D04E68122E13D1DF0802F1200656F86E
:1038600027005E07F70E0F26BE40B0435F07FF0E2E
:103870000E69BE403043DF0802F1200646F82700FB
:1038800010685F000326BE40B0430E7906F00306C1
:103890005F00BE40304310604E68012E08D04E6875
:1038A000022E05D04E68112E02D04E68122E13D172
:1038B00090685F000326BE40B0435F00CE68BE4004
:1038C00030439060506801269E40B0430E79C6F3A5
:1038D00000169E4030435060D0685F000326BE4013
:1038E000B0435F008E68BE403043D0604E6806F043
:1038F0008056B6F1805F1BD100BF444E366846F05B
:103900000206424F3E603E46366806F002060096CA
:1039100000BF00BF3E4E9F0856F827009E07370F96
:103920000F26BE40B0433B4EB24202D100262EE0ED
:1039300063E0394EB24201D1012628E0374EB2424F
:1039400001D1022623E0364EB24201D103261EE009
:10395000344EB24201D1042619E0334EB24201D1B5
:10396000052614E0314EB24201D106260FE0304E5A
:10397000B24201D107260AE02E4EB24201D10826FA
:1039800005E02D4EB24201D1092600E00A269F072C
:103990003F0FBE4030431E4E9F0846F82700286860
:1039A000A0434E6806F48036B6F5803F00D1204330
:1039B00028606868A0434E6806F40036B6F5003FFC
:1039C00000D1204368604FF0B0463068A0434E6895
:1039D00006F48016B6F5801F00D120434FF0B046A4
:1039E00030607068A0434E6806F40016B6F5001FFC
:1039F00000D120434FF0B04670605B1C0E68DE4083
:103A0000002E7FF41CAFF8BD80000058F44402582B
:103A10000804005800000258000402580008025828
:103A2000000C0258001002580014025800180258E6
:103A3000001C025800200258002402580246136954
:103A40000B400BB1012000E00020704742690A40A2
:103A50008A4202D10A04826100E0816170470AB1A2
:103A6000816101E00B048361704700000148006838
:103A7000000C70470010005C0148006870470000AF
:103A80000C00002001464AF6AA200A6810600020B7
:103A90007047000003480068034909780844014959
:103AA000086070470C0000201400002010B50320AF
:103AB00000F0DAFA01F026FF10490968C1F303218A
:103AC0000F4A515C01F01F01C8400E4908600B48C5
:103AD000006800F00F001146085C00F01F01094863
:103AE0000068C84008490860002000F00FF808B1DD
:103AF000012010BD00F036FA0020FAE71844025801
:103B000012A90308000000200400002070B504463C
:103B10001148007808B9012070BD0F4800784FF4B3
:103B20007A71B1FBF0F00D490968B1FBF0F5284658
:103B300003F006F908B10120EEE7102C07D20022AD
:103B40002146501E00F052FA0548046001E00120B1
:103B5000E2E70020E0E70000140000200000002061
:103B600010000020F0B504460D461646294600BF59
:103B700094F8A000012801D10220F0BD012084F8B2
:103B8000A00000BF022084F8A100002236E003EB71
:103B9000830000EBC30C04F1380000EB8C000069DB
:103BA000062813D108784FF0100C0CFB022C40EAC9
:103BB0000C60B1F800C00CF47F4C40EA0C00D1F866
:103BC00000C00CF47F0C40EA0C070EE0087840EAD5
:103BD0000260B1F800C00CF47F4C40EA0C00D1F850
:103BE00000C00CF47F0C40EA0C07091D20688430EB
:103BF0004FF0800C0CFB03000764521CB242C6D38A
:103C0000012084F8A10000BF002084F8A00000BFBC
:103C100000BFB2E770B504460E46154600BF94F8E3
:103C2000A000012801D1022070BD012084F8A0006D
:103C300000BF022084F8A10005EB850101EBC5025D
:103C400004F1380101EB820034223146FDF7A6FC75
:103C50002A463146204604F0B1F801202168486226
:103C600084F8A10000BF002084F8A00000BF00BFBE
:103C7000DAE710B5024600BF92F8A000012801D192
:103C8000022010BD012082F8A00000BF022082F8AF
:103C9000A10010688430CB01C05840F010031068B8
:103CA0008430CC01035101201368586282F8A100CE
:103CB00000BF002082F8A00000BF00BFE1E70000C5
:103CC00070B504460CB9012070BD94F8A10028B964
:103CD000002084F8A000204600F07EF8022084F83E
:103CE000A1002068806920F0704021688861D4E9D3
:103CF00001010843E1680843216908432168896993
:103D0000084321688861206880683249084021683A
:103D10008860A08A050420688068A1692943084357
:103D2000216888602068C0682A4908402168C86006
:103D3000A08B05042068C068216A294308432168D4
:103D4000C860206800692349084021680861A08C88
:103D5000050420680069A16A2943084321680861B5
:103D6000206840691B49084021684861A08D05040E
:103D700020684069216B294308432168486194F811
:103D80003500050294F8360006042068C06A00F089
:103D90007F402168C86246EA050094F83410084361
:103DA0002168C96A08432168C8622068406B40F0F6
:103DB0000600216848632068806940F0010021689E
:103DC00088610020C4F8A400012084F8A10000202C
:103DD0007AE7000000F800F070470000024600BFDC
:103DE00092F8A000012801D102207047012082F83A
:103DF000A00000BF022082F8A1001068406B20F0F4
:103E0000010013685863094801641068406B40F072
:103E1000010013685863012082F8A10000BF002050
:103E200082F8A00000BF00BFDFE7000000100050D4
:103E30002DE9F04104460E46174600BF94F8A00055
:103E4000012802D10220BDE8F081012084F8A00001
:103E500000BF022084F8A10007EB870000EBC70138
:103E600004F1380000EB81056E613A462946204690
:103E700003F0A4FF01202168486284F8A10000BF7C
:103E8000002084F8A00000BF00BFDCE72DE9F0416E
:103E900004460E461746984600BF94F8A000012835
:103EA00002D10220BDE8F081012084F8A00000BF0B
:103EB000022084F8A10008EB880000EBC80104F19F
:103EC000380000EB81052E60A86A30446860AF605E
:103ED000E86A3844E86042462946204603F06EFF0F
:103EE00001202168486284F8A10000BF002084F806
:103EF000A00000BF00BFD5E72DE9F04104460E4603
:103F00001746984600BF94F8A000012802D102206D
:103F1000BDE8F081012084F8A00000BF022084F8F1
:103F2000A10008EB880000EBC80104F1380000EBA9
:103F30008105286830446860A8683844E860AE624B
:103F4000EF6242462946204603F038FF01202168EF
:103F5000486284F8A10000BF002084F8A00000BFE0
:103F600000BFD5E708B500BF0648006840F0020072
:103F7000044908600846006800F00200009000BF95
:103F800000BF08BDF444025810B501460846002899
:103F900017DB00F01F0301229A400B4B440943F842
:103FA000242000BF00BF00BFBFF34F8F00BF00BF82
:103FB00000BF00BF00BF00BFBFF36F8F00BF00BFD7
:103FC00000BF00BF10BD000080E100E001460846D0
:103FD000002809DB00F01F0301229A4043099B00DF
:103FE00003F1E023C3F8002100BF70472DE9F05F23
:103FF00080460D46164606F0C1F9074639462A4660
:10400000334601F00700C0F1070ABAF1040F02D9E4
:104010004FF0040A01E0C0F1070AD14600F1040A9A
:10402000BAF1070F02D24FF0000A01E0A0F1030A33
:10403000D4464FF0010A0AFA09FAAAF1010A0AEA7B
:10404000020A0AFA0CFA4FF0010B0BFA0CFBABF167
:10405000010B0BEA030B4AEA0B042146404606F02B
:1040600095F9BDE8F09F000000BF00F00702064B85
:1040700019684FF6FF031940044B0B4343EA022132
:10408000014B196000BF70470CED00E00000FA051D
:1040900070B504461548006800F00400042807D0F5
:1040A0001248006800F00700A04201D0012070BD56
:1040B0000E48006820F0070020430C490860FFF715
:1040C000DBFC054607E0FFF7D7FC401BB0F57A7F25
:1040D00001D90320EBE705480838006800F40050D8
:1040E000B0F5005FEFD10020E1E700000C48025876
:1040F0000348006840F08070014908607047000084
:104100000C48025870B50146844D2D6805F0030334
:10411000824D2D68C5F30510804D2D1D2D6805F0CD
:1041200001047E4D0C352D68C5F3CC0515FB04F557
:1041300001EE105AB8EE411AF0EE410A00286FD095
:1041400023B1012B4ED0022B6BD16BE0734D283D78
:104150002D68C5F340153DB3704D283D2D68C5F35E
:10416000C1066F4D25FA06F201EE102AF8EE411A4B
:1041700001EE100AB8EE411A81EE812A9FED691A0C
:10418000C0EE811A654D08352D68C5F3080501EEAE
:10419000105AB8EE411A31EE811AF7EE001A31EEDC
:1041A000211A22EE010A1CE001EE100AB8EE411AB3
:1041B000DFED5D1A81EE812A9FED5A1AC0EE811A59
:1041C000564D08352D68C5F3080501EE105AB8EEB6
:1041D000411A31EE811AF7EE001A31EE211A22EE61
:1041E000010A5BE001EE100AB8EE411ADFED4F1A4A
:1041F00081EE812A9FED4B1AC0EE811A474D08359A
:104200002D68C5F3080501EE105AB8EE411A31EEDB
:10421000811AF7EE001A31EE211A22EE010A3DE072
:1042200077E01DE001EE100AB8EE411A9FED402A3A
:10423000C2EE011A9FED3B1A80EE812A374D0835F8
:104240002D68C5F3080501EE105AB8EE411A32EE9A
:10425000011AB7EE002A31EE021A21EE810A1DE0A2
:1042600001EE100AB8EE411ADFED301A81EE812A14
:104270009FED2C1AC0EE811A284D08352D68C5F324
:10428000080501EE105AB8EE411A31EE811AF7EE28
:10429000001A31EE211A22EE010A00BF00BF1F4DA5
:1042A00008352D68C5F3462501EE105AB8EE411ABF
:1042B000F7EE001A31EE211AC0EE011ABCEEE11A37
:1042C00081ED001A154D08352D68C5F3064501EE40
:1042D000105AB8EE411AF7EE001A31EE211AC0EE6C
:1042E000011ABCEEE11A81ED011A0C4D08352D685A
:1042F000C5F3066501EE105AB8EE411AF7EE001A42
:1043000031EE211AC0EE011ABCEEE11A81ED021A5B
:1043100003E000250D604D608D6070BD284402589B
:104320000090D003000000460024744C0024744A1E
:1043300020BCBE4B70B50146844D2D6805F00303CB
:10434000824D2D68C5F30530804D2D1D2D6805F07B
:1043500010047E4D14352D68C5F3CC0515FB04F50E
:1043600001EE105AB8EE411AF0EE410A00286FD063
:1043700023B1012B4ED0022B6BD16BE0734D283D46
:104380002D68C5F340153DB3704D283D2D68C5F32C
:10439000C1066F4D25FA06F201EE102AF8EE411A19
:1043A00001EE100AB8EE411A81EE812A9FED691ADA
:1043B000C0EE811A654D10352D68C5F3080501EE74
:1043C000105AB8EE411A31EE811AF7EE001A31EEAA
:1043D000211A22EE010A1CE001EE100AB8EE411A81
:1043E000DFED5D1A81EE812A9FED5A1AC0EE811A27
:1043F000564D10352D68C5F3080501EE105AB8EE7C
:10440000411A31EE811AF7EE001A31EE211A22EE2E
:10441000010A5BE001EE100AB8EE411ADFED4F1A17
:1044200081EE812A9FED4B1AC0EE811A474D10355F
:104430002D68C5F3080501EE105AB8EE411A31EEA9
:10444000811AF7EE001A31EE211A22EE010A3DE040
:1044500077E01DE001EE100AB8EE411A9FED402A08
:10446000C2EE011A9FED3B1A80EE812A374D1035BE
:104470002D68C5F3080501EE105AB8EE411A32EE68
:10448000011AB7EE002A31EE021A21EE810A1DE070
:1044900001EE100AB8EE411ADFED301A81EE812AE2
:1044A0009FED2C1AC0EE811A284D10352D68C5F3EA
:1044B000080501EE105AB8EE411A31EE811AF7EEF6
:1044C000001A31EE211A22EE010A00BF00BF1F4D73
:1044D00010352D68C5F3462501EE105AB8EE411A85
:1044E000F7EE001A31EE211AC0EE011ABCEEE11A05
:1044F00081ED001A154D10352D68C5F3064501EE06
:10450000105AB8EE411AF7EE001A31EE211AC0EE39
:10451000011ABCEEE11A81ED011A0C4D10352D681F
:10452000C5F3066501EE105AB8EE411AF7EE001A0F
:1045300031EE211AC0EE011ABCEEE11A81ED021A29
:1045400003E000250D604D608D6070BD2844025869
:104550000090D003000000460024744C0024744AEC
:1045600020BCBE4B70B50146844D2D6805F0030399
:10457000824D2D68C5F30550804D2D1D2D6805F425
:1045800080747E4D1C352D68C5F3CC0515FB04F5F4
:1045900001EE105AB8EE411AF0EE410A00286FD031
:1045A00023B1012B4ED0022B6BD16BE0734D283D14
:1045B0002D68C5F340153DB3704D283D2D68C5F3FA
:1045C000C1066F4D25FA06F201EE102AF8EE411AE7
:1045D00001EE100AB8EE411A81EE812A9FED691AA8
:1045E000C0EE811A654D18352D68C5F3080501EE3A
:1045F000105AB8EE411A31EE811AF7EE001A31EE78
:10460000211A22EE010A1CE001EE100AB8EE411A4E
:10461000DFED5D1A81EE812A9FED5A1AC0EE811AF4
:10462000564D18352D68C5F3080501EE105AB8EE41
:10463000411A31EE811AF7EE001A31EE211A22EEFC
:10464000010A5BE001EE100AB8EE411ADFED4F1AE5
:1046500081EE812A9FED4B1AC0EE811A474D183525
:104660002D68C5F3080501EE105AB8EE411A31EE77
:10467000811AF7EE001A31EE211A22EE010A3DE00E
:1046800077E01DE001EE100AB8EE411A9FED402AD6
:10469000C2EE011A9FED3B1A80EE812A374D183584
:1046A0002D68C5F3080501EE105AB8EE411A32EE36
:1046B000011AB7EE002A31EE021A21EE810A1DE03E
:1046C00001EE100AB8EE411ADFED301A81EE812AB0
:1046D0009FED2C1AC0EE811A284D18352D68C5F3B0
:1046E000080501EE105AB8EE411A31EE811AF7EEC4
:1046F000001A31EE211A22EE010A00BF00BF1F4D41
:1047000018352D68C5F3462501EE105AB8EE411A4A
:10471000F7EE001A31EE211AC0EE011ABCEEE11AD2
:1047200081ED001A154D18352D68C5F3064501EECB
:10473000105AB8EE411AF7EE001A31EE211AC0EE07
:10474000011ABCEEE11A81ED011A0C4D18352D68E5
:10475000C5F3066501EE105AB8EE411AF7EE001ADD
:1047600031EE211AC0EE011ABCEEE11A81ED021AF7
:1047700003E000250D604D608D6070BD2844025837
:104780000090D003000000460024744C0024744ABA
:1047900020BCBE4B2DE9F04189B00746B7F5807FBC
:1047A00032D1C248006800F00706052E29D2DFE8A2
:1047B00006F003080D26120006A8FFF7A3FC079CCD
:1047C00021E003A8FFF7B6FD039C1CE06846FFF755
:1047D000C9FE009C17E0B548001F006800F0405576
:1047E0000DB9B34C0AE0B5F1805F01D1B14C05E0E1
:1047F000B5F1005F01D1B04C00E0002403E0AF4C04
:1048000001E0002400BF4CE1B7F5007F38D1A74894
:10481000006800F4E076802E14D003DC46B1402E10
:104820002BD10AE0C02E26D0B6F5807F25D10EE030
:1048300006A8FFF767FC079C21E003A8FFF77AFDB5
:10484000039C1CE06846FFF78DFE009C17E097482C
:10485000001F006800F040550DB9954C0AE0B5F115
:10486000805F01D1934C05E0B5F1005F01D1924C1E
:1048700000E0002403E0914C01E0002400BF10E1BF
:10488000B7F5806F3CD189480830006800F46006B5
:10489000B6F5800F16D004DC56B1B6F5001F2CD14A
:1048A0000BE0B6F5C00F26D0B6F5000F25D10EE00F
:1048B00006A8FFF727FC079C21E003A8FFF73AFDB5
:1048C000039C1CE06846FFF74DFE009C17E077480C
:1048D000001F006800F040550DB9754C0AE0B5F1B5
:1048E000805F01D1734C05E0B5F1005F01D1724CDE
:1048F00000E0002403E0714C01E0002400BFD0E0A0
:10490000B7F5006F3CD169480830006800F0E066F8
:10491000B6F1007F16D004DC56B1B6F1807F2CD101
:104920000BE0B6F1407F26D0B6F1806F25D10EE0C6
:1049300006A8FFF7E7FB079C21E003A8FFF7FAFCB6
:10494000039C1CE06846FFF70DFE009C17E05748EB
:10495000001F006800F040550DB9554C0AE0B5F154
:10496000805F01D1534C05E0B5F1005F01D1524C9D
:1049700000E0002403E0514C01E0002400BF90E07F
:10498000B7F5805F3DD14948006800F4E048B8F5CC
:10499000005F18D006DCB8F1000F0AD0B8F5805FD0
:1049A0002CD10BE0B8F5405F26D0B8F5804F25D16B
:1049B0000EE006A8FFF7A6FB079C21E003A8FFF77F
:1049C000B9FC039C1CE06846FFF7CCFD009C17E097
:1049D0003648001F006800F040550DB9344C0AE01D
:1049E000B5F1805F01D1334C05E0B5F1005F01D135
:1049F000314C00E0002403E0304C01E0002400BF13
:104A00004FE0B7F5002F2FD128480830006800F498
:104A10004038B8F1000F06D0B8F5803F08D0B8F59F
:104A2000003F1ED109E003A8FFF784FC039C1AE0B5
:104A30006846FFF797FD029C15E01C48001F0068C0
:104A400000F040550DB91A4C0AE0B5F1805F01D174
:104A5000184C05E0B5F1005F01D1174C00E00024CF
:104A600001E0002400BF1CE0B7F5803F18D10F48DB
:104A7000001F006800F48038B8F1000F03D0B8F5CB
:104A8000803F0AD104E006A8FFF73CFB079C06E044
:104A900003A8FFF74FFC059C01E0002400BF00E0E5
:104AA0000024204609B0BDE8F081000050440258BF
:104AB0000090D00300093D0040787D010080BB00DC
:104AC0002DE9F04104460025A846206800F000606A
:104AD000B0F1006F30D1606E48B1B0F5801F0DD0DD
:104AE000B0F5001F10D0B0F5401F15D113E0F94804
:104AF000006840F40030F74908600FE00221201DF3
:104B000003F086FE054609E0022104F1240003F0CB
:104B100031FF054602E001E0012500BF00BF55B9A5
:104B2000EC482430006820F44010616E0843E949E5
:104B30002431086000E0A846208800F48070B0F5B9
:104B4000807F2DD1606D05281AD2DFE800F0030ABE
:104B500010171800DF48006840F40030DD49086095
:104B600010E00021201D03F053FE05460AE000215D
:104B700004F1240003F0FEFE054603E002E001E03C
:104B8000012500BF00BF55B9D2482430006820F08D
:104B90000700616D0843CF492431086000E0A84652
:104BA000208800F40070B0F5007F33D1A06D80281C
:104BB00017D003DC40B140281CD10CE0C02817D02E
:104BC000B0F5807F16D114E0C248006840F4003090
:104BD000C049086010E00021201D03F019FE0546C1
:104BE0000AE0002104F1240003F0C4FE054603E0BE
:104BF00002E001E0012500BF00BF55B9B5482430EF
:104C0000006820F4E070A16D0843B24924310860C7
:104C100000E0A846208800F48060B0F5806F38D1AD
:104C2000D4F8A400B0F5800F19D004DC50B1B0F571
:104C3000001F1DD10DE0B0F5C00F17D0B0F5000F6B
:104C400016D114E0A348006840F40030A149086080
:104C500010E00021201D03F0DBFD05460AE00021E5
:104C600004F1240003F086FE054603E002E001E0C3
:104C7000012500BF00BF5DB996482C30006820F4C4
:104C80006000D4F8A410084392492C31086000E079
:104C9000A846208800F40060B0F5006F38D1D4F841
:104CA000A800B0F1007F19D004DC50B1B0F1807FD2
:104CB0001DD10DE0B0F1407F17D0B0F1806F16D15B
:104CC00014E08448006840F400308249086010E035
:104CD0000021201D03F09CFD05460AE0002104F19F
:104CE000240003F047FE054603E002E001E0012551
:104CF00000BF00BF5DB977482C30006820F0E0604D
:104D0000D4F8A810084373492C31086000E0A84685
:104D1000206800F00070B0F1007F27D1A06CA0B136
:104D2000102804D0202809D030280FD10CE0694881
:104D3000006840F400306749086009E00221201D46
:104D400003F066FD054603E002E001E0012500BF37
:104D500000BF55B95F482030006820F03000A16CDA
:104D600008435C492031086000E0A846208800F430
:104D70008050B0F5805F36D1E06DB0F5005F19D09E
:104D800004DC50B1B0F5805F1DD10DE0B0F5405F9F
:104D900017D0B0F5804F16D114E04E48006840F4AB
:104DA00000304C49086010E00021201D03F030FD68
:104DB00005460AE0002104F1240003F0DBFD05466E
:104DC00003E002E001E0012500BF00BF55B9414802
:104DD0002430006820F4E040E16D08433D4924316F
:104DE000086000E0A846208800F40050B0F5005F9D
:104DF00034D1206EB0F5403F1DD007DC68B1B0F56E
:104E0000803F0BD0B0F5003F18D10DE0B0F5802FFA
:104E100012D0B0F5A02F11D10FE011E00121201D1B
:104E200003F0F6FC05460BE0012104F1240003F039
:104E3000A1FD054604E003E002E001E0012500BF1A
:104E400000BF55B923482430006820F4E020216ECB
:104E5000084320492431086000E0A846208800F477
:104E60008040B0F5804F38D1D4F8AC00B0F1405F4D
:104E70001DD007DC68B1B0F1805F0BD0B0F1005FEE
:104E800018D10DE0B0F1804F12D0B0F1A04F11D188
:104E90000FE011E00121201D03F0BAFC05460BE0F4
:104EA000012104F1240003F065FD054604E003E060
:104EB00002E001E0012500BF00BF6DB905482C30BC
:104EC000006820F0E040D4F8AC10084301492C31D0
:104ED000086002E02C440258A846208800F40040F4
:104EE000B0F5004F26D1E06E98B1B0F1805F03D0ED
:104EF000B0F1005F0ED106E0F948006840F40030E0
:104F0000F749086008E00121201D03F081FC0546F7
:104F100002E001E0012500BF00BF55B9F048243090
:104F2000006820F04050E16E0843ED4924310860EC
:104F300000E0A846206800F08070B0F1807F27D1A3
:104F4000606CA0B1012804D0022809D003280FD139
:104F50000CE0E348006840F40030E149086009E0F3
:104F60000221201D03F054FC054603E002E001E0AD
:104F7000012500BF00BF55B9D9482030006820F096
:104F80000300616C0843D6492031086000E0A84660
:104F9000206800F48000B0F5800F7DD1D148006812
:104FA00040F48070CF490860FEF766FD064606E0D3
:104FB000FEF762FD801B642801D9032505E0C9487E
:104FC000006800F480700028F2D000BF85BBC448A0
:104FD0004430006800F44070B4F8B01001F440713F
:104FE000884213D0BE484430006820F44077BC4863
:104FF0004430006840F48030B949443108600846C4
:10500000006820F48030086008460760D4F8B000DB
:10501000B0F5807F15D1FEF72FFD064609E0FEF7BB
:105020002BFD801B41F28831884202D9032507E01D
:1050300038E0AB4844300068C0F340000028EED0B0
:1050400000BF55BB00BFB4F8B00000F44070B0F52D
:10505000407F0ED1A2481C38006820F47C51A24A3F
:10506000D4F8B000104041EA10109D491C39086086
:1050700007E09B481C38006820F47C5098491C3994
:105080000860974844300068B4F8B010C1F30B01D1
:1050900008439349443101E005E001E0086002E083
:1050A000A84600E0A846207800F0010068B3A06F91
:1050B000182819D005DC48B1082808D0102816D1C6
:1050C0000BE0202811D0282811D10FE011E0012198
:1050D000201D03F09DFB05460BE0012104F1240097
:1050E00003F048FC054604E003E002E001E001258E
:1050F00000BF00BF55B97A482830006820F038005A
:10510000A16F084376492831086000E0A84620785E
:1051100000F00200022828D1606F062815D2DFE8CF
:1051200000F003040A11121311E00121201D03F005
:105130006FFB05460BE0012104F1240003F01AFC8B
:10514000054604E003E002E001E0012500BF00BFE6
:1051500055B963482830006820F00700616F0843A4
:105160005F492831086000E0A846207800F004007C
:1051700004282AD1D4F89000062815D2DFE800F0E0
:1051800003040A11121311E00121201D03F040FB5A
:1051900005460BE0012104F1240003F0EBFB05467A
:1051A00004E003E002E001E0012500BF00BF5DB9BB
:1051B0004B482C30006820F00700D4F890100843CA
:1051C00047492C31086000E0A846207800F0200014
:1051D000202836D1D4F88C00B0F1405F1DD007DC18
:1051E00068B1B0F1805F0BD0B0F1005F18D10DE075
:1051F000B0F1804F12D0B0F1A04F11D10FE011E00B
:105200000021201D03F004FB05460BE0022104F100
:10521000240003F0AFFB054604E003E002E001E0F8
:10522000012500BF00BF5DB92D482830006820F07F
:10523000E040D4F88C10084329492831086000E088
:10524000A846207800F04000402836D1D4F89800D5
:10525000B0F5406F1DD007DC68B1B0F5806F0BD0A2
:10526000B0F5006F18D10DE0B0F5805F12D0B0F549
:10527000A05F11D10FE011E00021201D03F0C8FA5A
:1052800005460BE0022104F1240003F073FB054600
:1052900004E003E002E001E0012500BF00BF5DB9CA
:1052A0000F482C30006820F4E050D4F898100843E0
:1052B0000B492C31086000E0A846207800F08000FF
:1052C00080283AD1D4F89C00B0F5C04F23D00DDC33
:1052D00098B1B0F5005F11D0B0F5804F1ED113E04A
:1052E0002C44025800480258FFFCFF0FB0F5004F55
:1052F00012D0B0F5204F11D10FE011E00021201D98
:1053000003F086FA05460BE0022104F1240003F0C5
:1053100031FB054604E003E002E001E0012500BFA7
:1053200000BF4DB9B648006820F46040D4F89C1026
:105330000843B349086000E0A846207800F0080060
:10534000082818D1D4F88000B0F5805F08D1022178
:1053500004F1240003F00EFB68B14FF001080AE0ED
:10536000A748001F006820F44050D4F8801008437C
:10537000A349091F0860207800F01000102816D1FA
:10538000D4F89400B0F5807F08D1022104F1240004
:1053900003F0F0FA58B14FF0010808E098480068AF
:1053A00020F44070D4F894100843954908602068B0
:1053B00000F40020B0F5002F26D1D4F8A00030B1C1
:1053C000B0F5803F09D0B0F5003F0ED10CE00021D0
:1053D000201D03F01DFA054609E0022104F1240016
:1053E00003F0C8FA054602E001E0012500BF00BF56
:1053F0004DB98348006820F44030D4F8A010084329
:105400007F49086000E0A846206800F48020B0F5DD
:10541000802F2DD1D4F88400B0F5801F06D0B0F5D0
:10542000001F0CD0B0F5401F11D10FE074482C388C
:10543000006840F4003072492C39086009E001210D
:1054400004F1240003F096FA054602E001E001258C
:1054500000BF00BF5DB96A48001F006820F440101B
:10546000D4F8841008436649091F086000E0A84684
:10547000206800F48030B0F5803F24D1E06C18B192
:10548000B0F5803F0FD108E05D482C38006840F44B
:1054900000305B492C39086007E00221201D03F031
:1054A000B7F9054601E0012500BF00BF55B95448D2
:1054B0000C38006820F48030E16C084350490C3906
:1054C000086000E0A846206800F00050B0F1005FDE
:1054D00007D1022104F1240003F04CFA08B14FF087
:1054E0000108206800F40030B0F5003F27D1E06FDC
:1054F000A0B1B0F5807F06D0B0F5007F0CD0B0F53C
:10550000407F0CD109E03E482C38006840F4003060
:105510003B492C39086004E003E002E001E001258A
:1055200000BF00BF55B93648001F006820F4407026
:10553000E16F08433249091F086000E0A84620686F
:1055400000F48010B0F5801F09D12D48083800689C
:1055500020F00040216F084329490839086020687D
:1055600000F08050B0F1805F0AD1254848380068CB
:1055700020F48040D4F8B410084321494839086029
:10558000206800F40010B0F5001F09D11C4808384D
:10559000006820F08070A16E08431949083908603E
:1055A000206800F08040B0F1804F11D100BF144856
:1055B0004838006820F4004011494839086008461E
:1055C0000068D4F8B81008430D494839086000BF96
:1055D000206800F00040B0F1004F09D108480C38B5
:1055E000006820F04050216D084305490C390860DF
:1055F000B8F1000F02D10020BDE8F0810120FBE7E7
:10560000584402582DE9F04104460D4614B90120D2
:10561000BDE8F081B648006800F00F00A8420ED245
:10562000B348006820F00F002843B14908600846DD
:10563000006800F00F00A84201D00120E8E72078C0
:1056400000F0040004280ED1AA492069096801F07D
:105650007001884207D9A748006820F070002169CE
:105660000843A4490860207800F00800082811D1F8
:10567000A049091D6069096801F07001884209D9D3
:105680009C48001D006820F070006169084399493A
:10569000091D0860207800F01000102811D19549EC
:1056A000091DA069096801F4E061884209D991489F
:1056B000001D006820F4E060A16908438D49091DC0
:1056C0000860207800F02000202811D18949083195
:1056D000E069096801F07001884209D985480830FD
:1056E000006820F07000E1690843824908310860D1
:1056F000207800F0020002280ED17E49E068096897
:1057000001F00F01884207D97A48006820F00F00A5
:10571000E168084377490860207800F0010000281C
:1057200050D07448006820F47060A1680843714943
:1057300008606068022807D16E4818380068C0F316
:105740004040F8B9012063E76068032807D1694841
:1057500018380068C0F34060A0B9012058E76068BD
:10576000012807D1634818380068C0F3002048B901
:1057700001204DE75F4818380068C0F3800008B981
:10578000012045E75B480838006820F007006168A1
:105790000843584908390860FEF76EF9064608E0E4
:1057A000FEF76AF9801B41F28831884201D9032053
:1057B0002EE750480838006800F038006168B0EB08
:1057C000C10FEDD1207800F0020002280ED1494926
:1057D000E068096801F00F01884207D24548006877
:1057E00020F00F00E1680843424908604048006823
:1057F00000F00F00A8420ED93D48006820F00F00CD
:1058000028433B4908600846006800F00F00A842A2
:1058100001D00120FCE6207800F0040004280ED11D
:1058200034492069096801F07001884207D2314883
:10583000006820F07000216908432E490860207834
:1058400000F00800082811D12A49091D606909687B
:1058500001F07001884209D22648001D006820F03E
:105860007000616908432349091D0860207800F031
:105870001000102811D11F49091DA069096801F401
:10588000E061884209D21B48001D006820F4E060F6
:10589000A16908431749091D0860207800F020001D
:1058A000202811D113490831E069096801F070011D
:1058B000884209D20F480830006820F07000E16982
:1058C00008430C490831086000F01CF809490968D0
:1058D000C1F30321084A515C01F01F01C840074988
:1058E000086007480068FEF711F9074638468FE65A
:1058F000002000521844025812A90308000000209A
:1059000010000020F0B5824E366806F0380636B139
:10591000082E15D0102E15D0182E7DD114E07C4EF7
:10592000103E3668C6F3401646B1794E103E3668D2
:10593000C6F3C107774E26FA07F000E07548E5E0A8
:105940007548E3E07548E1E0714E1836366806F0B8
:1059500003046F4E18363668C6F305116C4E1C36BC
:10596000366806F001056A4E24363668C6F3CC0662
:1059700016FB05F601EE106AB8EE410A002971D057
:1059800024B1012C50D0022C6DD16DE0604E103E40
:105990003668C6F340163EB35D4E103E3668C6F319
:1059A000C1075C4E26FA07F301EE103AF8EE411AF1
:1059B00001EE101AB8EE411A81EE812A9FED581AB5
:1059C000C0EE011A524E20363668C6F3080601EEC4
:1059D000106AB8EE411A31EE811AF7EE001A31EE74
:1059E000211A62EE010A1EE001EE101AB8EE411A09
:1059F000DFED4C1A81EE812A9FED491AC0EE011AA3
:105A0000434E20363668C6F3080601EE106AB8EE3B
:105A1000411A31EE811A00E076E0F7EE001A31EE1D
:105A2000211A62EE010A5BE001EE101AB8EE411A8B
:105A30009FED3D2AC2EE011A9FED391A80EE012A30
:105A4000334E20363668C6F3080601EE106AB8EE0B
:105A5000411A32EE011AB7EE002A31EE021A61EE57
:105A6000810A3DE04EE01DE001EE101AB8EE411A49
:105A7000DFED2E1A81EE812A9FED291AC0EE011A60
:105A8000234E20363668C6F3080601EE106AB8EEDB
:105A9000411A31EE811AF7EE001A31EE211A62EE48
:105AA000010A1DE001EE101AB8EE411A9FED1E2A00
:105AB000C2EE011A9FED1A1A80EE012A144E20360A
:105AC0003668C6F3080601EE106AB8EE411A32EEE7
:105AD000011AB7EE002A31EE021A61EE810A00BF08
:105AE00000BF0B4E20363668C6F34626721C01EE08
:105AF000102AB8EE411AC0EE811ABCEEE11A11EE7E
:105B0000100A00E0002001E0034800BF00BFF0BD24
:105B1000104402580090D00300093D0040787D01F8
:105B2000000000460024744C0024744A20BCBE4B84
:105B30002DE9F041044614B90120BDE8F081207838
:105B400000F00100002871D0F848006800F0380625
:105B5000F64818300768102E05D0182E0FD107F020
:105B6000030002280BD1F14810380068C0F3404010
:105B700000286AD06068002867D10120DDE700BFF7
:105B80006068B0F5803F08D1E8481038006840F4FC
:105B90008030E649103908602EE0606868B9E34853
:105BA0001038006820F48030E04910390860084659
:105BB000006820F4802008601EE06068B0F5A02F27
:105BC0000DD1DA481038006840F48020D7491039E8
:105BD00008600846006840F4803008600CE0D34854
:105BE0001038006820F48030D04910390860084629
:105BF000006820F48020086000BF606890B1FDF765
:105C00003BFF054606E0FDF737FF401B642801D93E
:105C1000032092E7C54810380068C0F340400028D0
:105C2000F1D012E0FDF728FF054607E00EE0FDF792
:105C300023FF401B642801D903207EE7BB481038AE
:105C40000068C0F340400028F1D100BF207800F088
:105C5000020002287ED1B548006800F03806B3483B
:105C60001830076826B1182E48D107F00300C0BBD2
:105C7000AE4810380068C0F3800018B1E06808B979
:105C800001205AE7A9481038006820F01900E1689F
:105C90000843A64910390860FDF7EEFE054606E008
:105CA000FDF7EAFE401B022801D9032045E79F4883
:105CB00010380068C0F380000028F1D000BFFDF765
:105CC000D5FE41F2030188420CD898480C38006890
:105CD00020F47C30216940EA013094490C39086095
:105CE0000BE00BE091480C38006820F0FE40217C6E
:105CF00040EA01608D490C39086059E0E06850B312
:105D00008A481038006820F01900E1680843874984
:105D100010390860FDF7B0FE054606E0FDF7ACFE61
:105D2000401B022801D9032007E78048103800688B
:105D3000C0F380000028F1D000BFFDF797FE41F2CC
:105D4000030188420ED879480C38006820F47C3072
:105D5000216901E02DE011E040EA013073490C397E
:105D600008600AE071480C38006820F0FE40217C91
:105D700040EA01606D490C39086019E06B48103841
:105D8000006820F00100694910390860FDF774FED1
:105D9000054606E0FDF770FE401B022801D90320EE
:105DA000CBE6624810380068C0F380000028F1D1CB
:105DB00000BF207800F01000102878D15B48006800
:105DC00000F03806594818300768082E05D0182EFC
:105DD0002FD107F0030001282BD154481038006858
:105DE000C0F3002020B1E069802801D00120A4E6A2
:105DF00000BFFDF73BFE41F2030188420CD84B483F
:105E00000C38006820F0F84094F8201040EA8160D7
:105E100046490C3908600BE04448001F006820F038
:105E20007C5094F8201040EA01604049091F086046
:105E300058E0E069D0B33D481038006840F0800079
:105E40003A4910390860FDF717FE054606E0FDF7F0
:105E500013FE401B022801D903206EE63348103898
:105E60000068C0F300200028F1D000BFFDF7FEFD60
:105E700041F2030188420CD82C480C38006820F00D
:105E8000F84094F8201040EA816028490C390860F5
:105E90000BE02648001F006820F07C5094F820108A
:105EA00040EA01602149091F08601BE000E01AE098
:105EB0001E481038006820F080001C491039086026
:105EC000FDF7DAFD054606E0FDF7D6FD401B02288A
:105ED00001D9032031E6154810380068C0F30020CE
:105EE0000028F1D100BF207800F00800082836D142
:105EF0006069E8B10D486430006840F001000B496A
:105F000064310860FDF7B8FD054606E0FDF7B4FD15
:105F1000401B022801D903200FE6044864300068C2
:105F2000C0F340000028F1D019E0000010440258EE
:105F3000CF48006820F00100CD490860FDF79CFDC6
:105F4000054606E0FDF798FD401B022801D9032015
:105F5000F3E5C7480068C0F340000028F2D120787C
:105F600000F02000202836D1A069D0B1C048743894
:105F7000006840F48050BE4974390860FDF77CFD2C
:105F8000054606E0FDF778FD401B022801D90320F5
:105F9000D3E5B74874380068C0F340300028F1D02A
:105FA00019E0B3487438006820F48050B04974395F
:105FB0000860FDF761FD054606E0FDF75DFD401B4D
:105FC000022801D90320B8E5A94874380068C0F355
:105FD00040300028F1D1207800F0040004287DD161
:105FE000A448006840F48070A2490860FDF744FDB1
:105FF000054606E0FDF740FD401B642801D903205B
:106000009BE59C48006800F480700028F2D000BF37
:10601000A068012808D19648001F006840F00100E0
:106020009349091F08602DE0A06868B99048001FD7
:10603000006820F001008E49091F086008460068CA
:1060400020F0040008601DE0A06805280DD18848F4
:10605000001F006840F004008549091F08600846D9
:10606000006840F0010008600CE08148001F0068F3
:1060700020F001007E49091F08600846006820F0F2
:106080000400086000BFA068A0B1FDF7F5FC05465C
:1060900008E0FDF7F1FC401B41F28831884201D94C
:1060A00003204AE57248001F0068C0F34000002842
:1060B000EFD013E0FDF7E0FC054608E0FDF7DCFC5F
:1060C000401B41F28831884201D9032035E56848F8
:1060D000001F0068C0F340000028EFD1606A00286C
:1060E0007ED063486438006800F03800182878D003
:1060F000606A022876D15E487438006820F08070AB
:106100005B4974390860FDF7B7FC054606E0FDF70A
:10611000B3FC401B022801D903200EE55448743813
:106120000068C0F340600028F1D100BFD4E90A1034
:1061300041EA00104E494C39096840F2F33291436C
:1061400008434B494C390860208E401EC0F30800BC
:10615000616B491E4FF47E4202EA41210843218FC0
:10616000491ED20102EA014108433C21095D491E52
:10617000120202EA016108433D494439086000BF48
:10618000081F006820F00100091F086038484038E7
:1061900000684FF6F8718843A16C40EAC1003449A9
:1061A0004039086032484838006820F00C00216C03
:1061B00008432F49483908600846006820F002006B
:1061C000616C08432A49483908600846006840F471
:1061D000803008600846006840F40030086002E043
:1061E00043E040E024E00846006840F48020086076
:1061F0000846006840F0010008601D4874380068D7
:1062000040F080701A4974390860FDF735FC054686
:1062100006E0FDF731FC401B022801D903208CE485
:10622000134874380068C0F340600028F1D01CE0C7
:106230000F487438006820F080700D497439086088
:10624000FDF71AFC054606E0FDF716FC401B022888
:1062500001D9032071E4064874380068C0F3406037
:106260000028F1D101E0012067E4002065E400008E
:10627000744402580048025870B58AB004460D466E
:10628000032084F83400E06B032820D0B5F5004FDC
:1062900004D1A06B40F08050A0631CE0B5F5804FA6
:1062A00007D1204603F072FB0646A06B3043A06383
:1062B00011E03DB9204603F035FB0646A06B3043A4
:1062C000A06308E0A06B40F00060A06303E0A06B57
:1062D00040F08050A063A06B38B1194821688863F2
:1062E000012084F834000AB070BD60680490A06892
:1062F00005900695206907906069042802D36069BB
:1063000008900FE0E06DB0F5007F02D16069089061
:1063100008E0E06DB0F5807F02D10220089001E036
:106320000420089007A807C88DE80700206804A982
:106330000EC903F009F8012084F834000020D2E7E8
:10634000FF0FE01F7047000010B50246106E800F6F
:106350000870106EC0F383604870106EC0F3016067
:106360008870106E000CC870B2F86000000A0871E6
:1063700092F860004871506E000DC880506EC0F3F6
:10638000034008726420805AC0F3C0304872642011
:10639000805AC0F3803088726420805AC0F3403045
:1063A000C8726420805AC0F300300873002048731C
:1063B000D06B002836D16420805A8005030D906E82
:1063C00043EA90700861906EC0F3C2600875906EE9
:1063D000C0F302604875906EC0F342508875906EAD
:1063E000C0F38240C875906EC0F3C2300876086969
:1063F000401CD0640B7ED06C03F007039B1C01246F
:106400009C406043D064087A00F00F03012098405C
:106410001065D2E913035B0A584350654FF40073CB
:10642000936521E0D06B012813D16420805C800645
:10643000830A906E43EA104008610869401C830299
:10644000D364D36C53654FF400731365136D936578
:106450000AE02E4813689863906B40F08050906378
:10646000012082F8340010BD6820805AC0F38030CB
:1064700001F8190F6820805AC0F3C61048706820D0
:10648000805C00F07F008870D06EC00FC870D06E46
:10649000C0F341700871D06EC0F382604871D06E55
:1064A000C0F383508871D06EC0F34050C871002093
:1064B0000872D06EC0F3004048726C20805AC0F35E
:1064C000C03088726C20805AC0F38030C8726C2053
:1064D000805AC0F3403008736C20805AC0F30030FB
:1064E00048736C20805AC0F3812088736C20805AD6
:1064F000C0F30120C8736C20805CC0F346000874B0
:106500000120487419390020ADE70000FF0FE01F9B
:106510000246D06B0860106C4860506C8860906CCC
:10652000C860D06C0861106D4861506D8861906DD5
:10653000C86100207047F8B5044600200090694605
:10654000204603F0D7F9054615B1A06B2843A06398
:106550000098C0F343263046F8BD000070B590B0F7
:1065600005460C466946284603F02AF9064656B108
:10657000284829688863A86B3043A863012085F800
:10658000340010B070BD0098C0F3811020700098E6
:10659000C0F340106070009800F47F00000A00997A
:1065A00040EA1160608001980006019901F47F4182
:1065B00040EA0120019901F47F0140EA112001998C
:1065C00040EA11606060029820720298000A6072CE
:1065D0000298C0F30350A0720398C0B2029901F070
:1065E0007F4140EA1140A0810398C0F38520A07349
:1065F0000398C0F30120E0730398C0F303102074E4
:10660000039800F00F0060740498000EA07400203E
:10661000B7E70000FF0FE01FF0B585B0044614B9DE
:10662000012005B0F0BD94F8340040B90020207777
:10663000A06908B90221A161204600F0A9F8032051
:1066400084F83400204600F045F808B10120E8E75E
:1066500069462046FFF782FF08B10120E1E79DF877
:1066600010609DF81170E06B012805D106B91FB1CB
:106670004FF40071E16507E0E06B012802D10102EF
:10668000E16501E00021E1652046E168FFF7F4FDE6
:1066900008B10120C5E7FDF7EFF905460CE0FDF76D
:1066A000EBF9401B401C38B94FF00040A0630120BB
:1066B00084F834000320B4E72046FFF73CFF0428A9
:1066C000EDD10020A0632063012084F83400002075
:1066D000A7E700002DE9F0418AB0044600200490AD
:1066E000059006900790FA200890A069022805D12D
:1066F0002068006840F010002168086007A807C8FB
:106700008DE80700206804A90EC902F01DFE0646A8
:106710001EB101200AB0BDE8F081206802F02EFE13
:1067200006460EB10120F5E74FF48030FEF732F84F
:106730004FF4FA71B0FBF1F747B11448B0FBF7F032
:1067400000F101084046FCF751FF02E00220FCF78F
:106750004DFF204602F064FF05463DB1012084F85C
:106760003400A06B2843A0630120D3E7204602F049
:10677000E1FE05463DB1012084F83400A06B2843BA
:10678000A0630120C6E70020C4E70000102101003B
:1067900010B586B00446142101A8FAF718FF334952
:1067A000206888425FD100BF3148006840F4007023
:1067B0002F4908600846006800F40070009000BF90
:1067C00000BF00BF081D006840F00400091D0860FC
:1067D0000846006800F00400009000BF00BF00BF42
:1067E0000846006840F0010008600846006800F0B4
:1067F0000100009000BF00BF00BF0846006840F0E5
:10680000020008600846006800F00200009000BF27
:1068100000BF02200190029000200390032004900A
:106820000920059001A91348FDF704F80120019003
:10683000022002900020039003200490092005907C
:1068400001A90D48FCF7F6FF4CF218000190022058
:10685000029000200390032004900920059001A9D4
:106860000648FCF7E7FF06B010BD00000024024810
:10687000DC44025800080258000002580004025884
:106880002DE9FF4F89B0044689469846FDF7F4F894
:106890000290DDF82CB04D46B9F1000F07D1A06B86
:1068A00040F00060A06301200DB0BDE8F08F94F8C7
:1068B000340001287ED10020A0630BEB0801606D3D
:1068C000814205D9A06B40F00070A0630120EBE786
:1068D000032084F8340000202168C862E06B01289E
:1068E00001D04FEA4B2B4FF40071206802F02BF9D6
:1068F00006464EB1774821688863A06B3043A06399
:10690000012084F83400CFE74FF0FF3003904FEAC6
:1069100048200490902005900220069000200790C7
:10692000089003A9206802F0F8FA2068C06840F0D7
:1069300040002168C860B8F1010F07D90220206328
:106940005946206802F068F9064606E001202063F7
:106950005946206802F07DF9064666B15D48216817
:106960008863A06B3043A063012084F834000020CA
:106970002063012098E7DDF810A03AE02068406B22
:1069800000F40040F0B1BAF1200F1BD300200190B9
:1069900013E0206802F0F9FC07462F706D1C380ADE
:1069A00028706D1C380C28706D1C380E28706D1CFA
:1069B000019800E087E0401C019001980828E8D386
:1069C000AAF1200AFDF758F80299411A1698814257
:1069D00001D2169868B93F4821688863A06B40F0DF
:1069E0000040A063012084F83400002020630320CD
:1069F0005AE72068406B00F495700028BED02068EC
:106A0000C06820F040002168C8602068406B00F436
:106A10008070B8B1B8F1010F14D9E06B032811D020
:106A2000206802F0F9F9064666B12A4821688863B1
:106A3000A06B3043A063012084F834000020206361
:106A4000012031E72068406B00F0080068B1214860
:106A500021688863A06B40F00800A063012084F8DF
:106A600034000020206301201EE72068406B00F006
:106A7000020068B1174821688863A06B40F00200EB
:106A8000A063012084F834000020206301200BE77C
:106A90002068406B00F0200068B10E4821688863D0
:106AA000A06B40F02000A063012084F83400002097
:106AB00020630120F8E6084821688863012084F8F3
:106AC00034000020F0E6A06B40F00050A0630120ED
:106AD000EAE60000FF0FE01F3A0F00182DE9F04F23
:106AE00089B00446884693461F46FCF7C5FF0290CE
:106AF000DA464646B8F1000F07D1A06B40F00060BF
:106B0000A063012009B0BDE8F08F94F8340001289B
:106B10007ED10020A0630AEB0701606D814205D998
:106B2000A06B40F00070A0630120EBE7032084F825
:106B3000340000202168C862E06B012801D04FEAD0
:106B40004A2A4FF40071206801F0FDFF05464DB15F
:106B5000794821688863A06B2843A063012084F8EA
:106B60003400CFE74FF0FF3003907802049090207C
:106B70000590002006900790089003A9206802F075
:106B8000CCF92068C06840F040002168C860012F3F
:106B900007D9202020635146206802F084F9054679
:106BA00006E0102020635146206802F099F905465E
:106BB00065B1614821688863A06B2843A063012008
:106BC00084F834000020206301209BE7DDF810905A
:106BD00043E02068406B00F4804040B3B9F1200FDF
:106BE00025D3002001901DE030780090761C30788D
:106BF000009941EA00200090761C3078009941EA23
:106C000000400090761C3078009941EA006000E076
:106C10008CE00090761C6946206802F0D1FB019858
:106C2000401C019001980828DED3A9F12009FCF747
:106C300023FF0299411A1298814201D2129860B939
:106C40003D4821688863A06B2843A063012084F835
:106C5000340000202063032054E72068406B00F4D8
:106C60008D700028B5D02068C06820F040002168F1
:106C7000C8602068406B00F48070B0B1012F14D957
:106C8000E06B032811D0206802F0C6F8054665B114
:106C9000294821688863A06B2843A063012084F8F9
:106CA00034000020206301202CE72068406B00F0B6
:106CB000080068B1204821688863A06B40F0080094
:106CC000A063012084F8340000202063012019E72C
:106CD0002068406B00F0020068B1174821688863A3
:106CE000A06B40F00200A063012084F83400002073
:106CF0002063012006E72068406B00F0100068B1B7
:106D00000D4821688863A06B40F01000A06301204B
:106D100084F83400002020630120F3E6074821684E
:106D20008863012084F834000020EBE6A06B40F07B
:106D30000050A0630120E5E6FF0FE01F3A0F0018A6
:106D400070B504462546681EB0F1807F01D301204E
:106D50000FE0681E4FF0E02148610F214FF0FF3037
:106D600003F014FB00204FF0E02188610720086148
:106D7000002070BD10B586B00446142101A8FAF7B2
:106D800026FC10492068884219D100BF0E480068CF
:106D900040F001000C4908600846006800F001005E
:106DA000009000BF00BF02200190029000200390DD
:106DB00004900420059001A90448FCF73BFD06B0AF
:106DC00010BD000000400140E0440258000002589D
:106DD000704770477047000010B50346002200BF9F
:106DE00093F83C00012801D1022010BD012083F856
:106DF0003C0000BF22F0FF00CC6840EA040222F40D
:106E000040708C6840EA040222F480604C6840EADA
:106E1000040222F400600C6840EA040222F480506C
:106E20000C6940EA040222F400504C6940EA040272
:106E300022F480408C6A40EA040222F470200C8B19
:106E400040EA04420F4C1868A04203D00E4C186868
:106E5000A0420ED122F470008C8C40EA045222F041
:106E60008070CC6940EA040222F000700C6A40EAAB
:106E700004021868426400BF002083F83C0000BF91
:106E800000BFB2E7000001400004014030B50246F7
:106E90000B4600BF92F83C00012801D1022030BD12
:106EA000012082F83C0000BF022082F83D001068FB
:106EB000416810688468114D1068A84203D0104DD5
:106EC0001068A84203D121F470015868014321F0F1
:106ED00070011868014324F0800498680443106826
:106EE000416010688460012082F83D0000BF0020EE
:106EF00082F83C0000BF00BFD1E700000000014065
:106F00000004014070B504460E4604223146206854
:106F100002F091FF2068406C40F400402168486412
:106F200020688068074900EA0105062D08D0B5F5FC
:106F3000803F05D02068006840F0010021680860AB
:106F4000002070BD0700010010B504460CB90120F7
:106F500010BD94F83D0028B9002084F83C0020467C
:106F600000F00CF8022084F83D00211D206802F09A
:106F7000EBFE012084F83D000020E9E738B5044627
:106F800049492068884213D100BF4848006840F052
:106F90002000464908600846006800F02000009084
:106FA00000BF00BF012211463720FDF71FF87AE02D
:106FB0003F492068884213D100BF3C48006840F038
:106FC00080003A4908600846006800F080000090A0
:106FD00000BF00BF012202212C20FDF707F862E06C
:106FE00034492068884213D100BF3048006840F41B
:106FF00080702E4908600846006800F48070009098
:1070000000BF00BF012203212D20FCF7EFFF4AE063
:1070100029492068884215D100BF244808300068FB
:1070200040F400302149083108600846006800F447
:107030000030009000BF00BF012204217520FCF742
:10704000D5FF30E01D492068884215D100BF1748A0
:107050000830006840F48020144908310860084670
:10706000006800F48020009000BF00BF01220521CD
:107070007620FCF7BBFF16E011492068884212D148
:1070800000BF0A48006840F004000849086008464C
:10709000006800F00400009000BF00BF012206213C
:1070A0001E20FCF7A3FF38BD00140040E84402583E
:1070B000001C004000200040004401400048014006
:1070C000000800400146022081F83D000868806801
:1070D000094B00EA0302062A08D0B2F5803F05D02A
:1070E0000868006840F001000B681860012081F812
:1070F0003D000020704700000700010001460868BD
:10710000C06840F001000B68D86008688068084BD0
:1071100000EA0302062A08D0B2F5803F05D00868CD
:10712000006840F001000B68186000207047000004
:10713000070001002DE9F04104460D4600BF94F818
:107140003C00012802D10220BDE8F081012084F832
:107150003C0000BF022084F83D002068866840485B
:10716000064026F47F46206886602868702826D06E
:107170000CDC00F00F01002966D10011072863D252
:10718000DFE800F0555657584B374100B0F1101F5B
:1071900052D009DCB0F5805F10D0B0F5005F1BD095
:1071A000B0F5801F50D146E0A0F5801020380028AF
:1071B00043D0102842D0202846D140E045E0D5E910
:1071C00002136A68206802F047FE2068866846F06D
:1071D00077062068866038E0D5E902136A6820687F
:1071E00002F03AFE2068806840F4804021688860A0
:1071F0002BE0EA686968206803F06AF8502120688B
:1072000002F036FE21E0EA686968206803F073F84E
:107210006021206802F02CFE17E0EA6869682068A7
:1072200003F056F84021206802F022FE0DE000BF76
:1072300000BF00BF00BF00BF00BF00BF00BF296884
:10724000206802F015FE00E000BF00BF012084F8B6
:107250003D0000BF002084F83C0000BF00BF73E782
:1072600088FFCEFF704710B5044620680069C0F360
:107270004000D8B12068C068C0F34000B0B16FF0E2
:10728000020021680861012020772068806900F0F1
:10729000030018B12046FFF7E5FF05E0204600F0A7
:1072A000BEF8204600F091F90020207720680069A0
:1072B000C0F38000D8B12068C068C0F38000B0B1CE
:1072C0006FF004002168086102202077206880693F
:1072D00000F4407018B12046FFF7C4FF05E02046D7
:1072E00000F09DF8204600F070F90020207720681B
:1072F0000069C0F3C000D8B12068C068C0F3C00006
:10730000B0B16FF008002168086104202077206880
:10731000C06900F0030018B12046FFF7A3FF05E0A5
:10732000204600F07CF8204600F04FF9002020773E
:1073300020680069C0F30010D8B12068C068C0F3AD
:107340000010B0B16FF010002168086108202077AC
:107350002068C06900F4407018B12046FFF782FF32
:1073600005E0204600F05BF8204600F02EF90020F2
:1073700020772068006900F0010058B12068C068DB
:1073800000F0010030B16FF0010021680861204673
:1073900000F060F920680069C0F3C01058B120689F
:1073A000C068C0F3C01030B16FF080002168086180
:1073B0002046FFF70EFD20680069C0F3002058B199
:1073C0002068C068C0F3C01030B16FF480702168CD
:1073D00008612046FFF7FCFC20680069C0F38010BC
:1073E00058B12068C068C0F3801030B16FF0400021
:1073F00021680861204600F064F920680069C0F344
:10740000401058B12068C068C0F3401030B16FF030
:107410002000216808612046FFF7DCFC10BD7047A2
:1074200070B504460D46164600BF94F83C0001288E
:1074300001D1022070BD012084F83C0000BF022071
:1074400084F83D000C2E51D005DC4EB1042E1ED028
:10745000082E7AD133E0102E60D0142EF9D175E0C9
:107460002946206802F010FD2068806940F008007D
:10747000216888612068806920F0040021688861A3
:1074800020688069296908432168886177E0294676
:10749000206802F04FFD2068806940F40060216898
:1074A00088612068806920F4806021688861206894
:1074B0008069296940EA0120216888615FE02946E6
:1074C000206802F091FD2068C06940F00800216842
:1074D000C8612068C06920F004002168C861206884
:1074E000C069296908432168C86148E029462068C5
:1074F00002F0D2FD2068C06940F400602168C861D4
:107500002068C06920F480602168C8612068C06973
:10751000296940EA01202168C86130E029462068D5
:1075200002F0F2FD2068406D40F0080021684865D7
:107530002068406D20F00400216848652068406D97
:10754000296908432168486519E017E02946206841
:1075500002F010FE2068406D40F40060216848652C
:107560002068406D20F48060216848652068406D87
:10757000296940EA01202168486500E000BF00BF9A
:10758000012084F83D0000BF002084F83C0000BFCB
:1075900000BF4FE710B504460CB9012010BD94F8A8
:1075A0003D0028B9002084F83C00204600F00CF88B
:1075B000022084F83D00211D206802F0C5FB012057
:1075C00084F83D000020E9E77047704770B5044635
:1075D0000E4601223146206802F01CFC1749206843
:1075E00088420FD01649206888420BD01549206880
:1075F000884207D014492068884203D01349206884
:10760000884201D1012000E0002028B12068406CB0
:1076100040F4004021684864206880680C4900EA12
:107620000105062D08D0B5F5803F05D0206800681B
:1076300040F0010021680860002070BD000001409A
:107640000004014000400140004401400048014066
:1076500007000100704770B504460D4600BF94F85E
:107660003C00012801D1022070BD012084F83C00BB
:1076700000BF022084F83D002946204602F0B0FDFC
:1076800048B1012084F83D0000BF002084F83C0090
:1076900000BF0120E8E72068C06820F040002168B2
:1076A000C8602068C06820F480402168C86001205C
:1076B00084F83D0000BF002084F83C0000BF00BFFC
:1076C000D2E7704700BFFEE710B500224021124804
:1076D000FCF7C5F91048006820F440400E490860E6
:1076E0000846006840F480400860002280210A4873
:1076F000FCF7B5F9022004F06DFE01224021064896
:10770000FCF7ADF9022004F065FE0022402102489A
:10771000FCF7A5F910BD00000004025810B50022C6
:1077200040211248FCF79BF91048006820F44040C3
:107730000E4908600846006840F480400860012255
:1077400080210A48FCF78BF9022004F043FE012255
:1077500040210648FCF783F9022004F03BFE00229A
:1077600040210248FCF77BF910BD000000040258DC
:1077700070B5054600241848006820F440401649BA
:10778000086008460068086000261AE000224021D0
:107790001148FCF764F9022004F01CFE012240218C
:1077A0000D48FCF75CF96006040E80210A48FCF7DE
:1077B00045F908B1601CC4B2012004F00BFE701C36
:1077C000C6B2082EE2DB15B9FFF7A8FF01E0FFF70C
:1077D0007BFF204670BD00000004025870B50446CF
:1077E0001C48006820F440401A49086008460068B8
:1077F00040F480400860002240211648FCF72FF931
:10780000002523E0E00928B1012280211148FCF77E
:1078100026F904E0002280210E48FCF720F96006DA
:10782000040E022004F0D6FD012240210948FCF795
:1078300016F9022004F0CEFD002240210548FCF795
:107840000EF9022004F0C6FD681CC5B2082DD9DB74
:1078500070BD00000004025810B51348006820F401
:107860004040114908600846006840F480400860C4
:10787000012280210C48FCF7F2F8012240210A483D
:10788000FCF7EDF8042004F0A5FD00228021064855
:10789000FCF7E5F8042004F09DFD00224021024899
:1078A000FCF7DDF810BD00000004025810B51348C5
:1078B000006820F44040114908600846006840F420
:1078C00080400860002240210C48FCF7C8F80022E4
:1078D00080210A48FCF7C3F8042004F07BFD012254
:1078E00040210648FCF7BBF8042004F073FD012298
:1078F00080210248FCF7B3F810BD000000040258D4
:1079000010B500241748006820F44040154908606D
:10791000084600680860012280211248FCF79FF8A1
:10792000012004F057FD012240210E48FCF797F892
:10793000012004F04FFD07E0601CC4B2FA2C03DD07
:10794000FFF7B4FF012010BD80210648FCF776F850
:107950000028F1D1002240210248FCF780F80020E5
:10796000F1E700000004025810B50120024909683F
:10797000C8630EF055FB10BDC81200202DE9F0477A
:10798000CAB00446BC211BA8F9F721FE34210EA879
:10799000F9F71DFE342101A8F9F719FE4FF0005048
:1079A0001B90052024909C480078072808D1218C42
:1079B0001BA881620221C16201630521416307E0C6
:1079C000218C1BA881620221C162016305214163F0
:1079D00000211BA88163C1630164FDF771F808B140
:1079E000FAF72CFC00F024F98C488D49086000203F
:1079F000486000218A488160C1600161A089401E01
:107A000087494861E089401E8861A089218A08442D
:107A1000401E8349C861E089618A0844401E80494C
:107A20000862A089218A0844A1880844401E7C4934
:107A30004862E089618A084461890844401E7849A7
:107A40008862A089218A0844A1880844A18A084440
:107A5000401E7349C862E089618A0844618908440C
:107A6000E18A0844401E6E49086300216C4880F892
:107A7000341080F8351080F83610002048E069494D
:107A800051F82010C1F30747664931F82010C1F3BF
:107A90000728644911F8209007F0FE0508F0FE065B
:107AA00009F0FE0A46EAD61605F0100109B10221D6
:107AB00000E000210D43290441EA062141EA0A01C0
:107AC000584A42F82010584951F82010C1F307478E
:107AD000554931F82010C1F30728534911F8209077
:107AE00007F0FE0508F0FE0609F0FE0A46EAD61683
:107AF00005F0100109B1022100E000210D43290425
:107B000041EA062141EA0A01474A42F82010401C96
:107B1000FF28B4DD00234FF4807242494048FCF74F
:107B200021F800213E48FCF7A4F83D48FCF7C8F8CE
:107B300008B1FAF783FB00200E90A0880F90002078
:107B40001090E088119005201290FF2013900020E3
:107B500014904FF4C06015900720169033480068C9
:107B60001790A0881890E088199000208DF8680080
:107B700000218DF869108DF86A1000220EA928489E
:107B8000FCF748F808B1FAF759FB0020019064208F
:107B900002900020039064200490052005900020AE
:107BA000069007904FF4C060089007200990A088C5
:107BB000E1881E4A126800FB01200A9064200B90A5
:107BC0000C9000208DF8340000218DF835108DF8D0
:107BD0003610012201A91248FCF71CF808B1FAF787
:107BE0002DFB01231A0210490D48FBF7BBFF0121B1
:107BF0000B48FCF73EF8E088E28A81180848FCF759
:107C0000EDF8012204215820FCF7F0F95820FCF788
:107C1000DDF94AB0BDE8F0875C0800200010005094
:107C2000C81200204400002044040020400000202E
:107C300000B587B0142102A8F9F7C9FC00BF594864
:107C4000006840F00800574908600846006800F0E6
:107C50000800019000BF00BF00BF081F006840F08F
:107C60000100091F08600846006800F0010001904B
:107C700000BF00BF00BF0846006840F00200086077
:107C80000846006800F00200019000BF00BF00BF7E
:107C90000846006840F0040008600846006800F0EC
:107CA0000400019000BF00BF00BF0846006840F01C
:107CB000080008600846006800F00800019000BF56
:107CC00000BF00BF0846006840F01000086008468A
:107CD000006800F01000019000BF00BF4C2002902F
:107CE00031480078062803D1029840F01000029035
:107CF0000220039000200490032005900E2006909F
:107D000002A92A48FBF796FD4FF4807002900D20DF
:107D1000069002A92548FBF78DFD03200290022062
:107D2000039000200490032005900920069002A9EA
:107D30001F48FBF77FFD4FF4706002900220039014
:107D400000200490032005900E20069002A91848F8
:107D5000FBF770FD40F2816002901348007806281E
:107D600003D1029840F040000290022003900020CE
:107D70000490032005900E20069002A90D48FBF701
:107D800059FD4FF6700002900220039000200490ED
:107D9000032005900E20069002A90748FBF74AFD34
:107DA00007B000BDE44402585C08002000000258FF
:107DB000000402580008025800100258F0B58E88DE
:107DC0000768FF68C7F30B473E44330406688436F0
:107DD000802707FB0266766806F4704706688436DB
:107DE0004FF0800C0CFB026677600E680768FF6836
:107DF000C7F30B473E44761C1E43076884370CFBD1
:107E000002777E608E890768FF68C7F30A073E44E1
:107E1000330406688436802707FB0266B66806F4DA
:107E20007047066884360CFB0266B7608E68076888
:107E3000FF68C7F30A073E44761C46EA0307066854
:107E400084360CFB0266B76006688436802707FB21
:107E50000266366926F00707066884360CFB026660
:107E600037610F69066884360CFB0266376131267C
:107E7000765C33023226765C34040E7E3506066864
:107E80008436802707FB0266B669002706688436B9
:107E90000CFB0266B76191F830601E43264346EA48
:107EA0000507066884360CFB0266B76106688436EF
:107EB000802707FB0266766926F0FF07066884368E
:107EC0000CFB026677614F69066884360CFB02661C
:107ED000776106688436802707FB0266F66940F200
:107EE0000777BE43076884370CFB0277FE61D1E950
:107EF00007763743066884360CFB0266F76106682E
:107F00008436802707FB0266B66A00270668843637
:107F10000CFB0266B7624F6A066884360CFB026689
:107F2000B7620E690EB9042313E00E69012E01D168
:107F300003230EE00E69042E08D00E69022E05D030
:107F40000E69032E02D00E69072E01D1022300E034
:107F5000012306688436802707FB0266F66A06F06E
:107F6000E027066884364FF0800C0CFB0266F7624F
:107F7000D1E90076F61B5E43F61D0F8D5F4346EA9E
:107F80000747066884360CFB0266F762066884368B
:107F9000802707FB0266366BF70AFF020668843605
:107FA0000CFB02663763CF6A066884360CFB0266F8
:107FB000376306688436D701F65946F0010706682C
:107FC00084364FEAC21C46F80C70F0BD00B58BB089
:107FD000242102A8F9F7FBFA00BF2E48006840F000
:107FE00000502C4908600846006800F000500190DD
:107FF00000BF00BF00BF27481038006840F00200F3
:108000002449103908600846006800F00200019019
:1080100000BF00BF2048214908600846FAF7ABFEC0
:1080200008B1FAF70BF90020029016200390002007
:10803000049005900690002202A91848FAF7CEFD98
:1080400008B1FAF7FBF81648164908604320486063
:108050004021144881600021C1604FF480610161BA
:1080600049004161890081614911C16109020162D0
:1080700000214162FAF786FF08B1FAF7DFF800BF86
:1080800008480649886008460649886300BF0BB067
:1080900000BD0000E844025800740040DCE200200B
:1080A00040040240F0E2002038B5044600BF144806
:1080B000006840F00100124908600846006800F0BE
:1080C0000100009000BF00BF00BF0846006840F0FC
:1080D000020008600846006800F00200009000BF3F
:1080E00000BF1CB93820FBF74FFF07E00022114604
:1080F0003820FBF77BFF3820FBF768FF38BD000016
:10810000D844025810B503490348FAF798F80349D0
:10811000087010BD5F0D002038AA03085E0D002016
:1081200008B500BF0D48006840F080000B490860AA
:108130000846006800F08000009000BF00BF00BF4C
:108140000846006840F0010008600846006800F03A
:108150000100009000BF00BF08BD0000E0440258CD
:108160002DE9F0419EB004460D4690461E46284635
:10817000FFF79AFF78216846F9F729FA3648009008
:108180001A2001900021029103914FF48061049123
:10819000CDF814800901069107964FF440310891FB
:1081A0000021099103210A9100210B910C910CB936
:1081B0000B2001906846FAF7E5FE4FF480477CB942
:1081C0007B002648264902686846FBF799F8224852
:1081D000006840F00800204908601EB0BDE8F0814A
:1081E0003B4620481E4902686846FBF789F81A4852
:1081F000006840F0080018490860174818300090DF
:10820000182001906846FAF7BDFE3B46164814490F
:1082100002686846FBF774F8144800901920019032
:108220006846FAF7AFFE3B4611480D4902686846BA
:10823000FBF766F80D48183000901720019068464B
:10824000FAF7A0FE3B460548054902686846FBF779
:1082500057F800BFC1E70000100402405809002091
:10826000100C0258640900205C0900201000024034
:108270006009002007480849086000204860002184
:10828000054881604FF48041C160C900016100214F
:108290004161704700240248C010002000B5ABB017
:1082A00040211BA8F9F793F900BF3C48006840F44F
:1082B00080303A4908600846006800F48030019038
:1082C00000BF00BF00201790189019901A901490CA
:1082D000159016901C210DA8F9F779F92C2102A808
:1082E000F9F775F92E481B9009201C9000211D916B
:1082F00040F2E7311E9100211F911BA841618021AE
:108300008161FEF721FE08B1F9F798FF4FF4805024
:10831000179017A91BA8FEF70DFF08B1F9F78EFFFC
:108320001BA8FFF737F908B1F9F788FF0020149070
:10833000169014A91BA8FEF7A9FD08B1F9F77EFF56
:1083400060200D9000200E900F90109011901290D0
:10835000139000220DA91BA8FFF762F808B1F9F7E6
:108360006DFF0020029003900490059006904FF45A
:1083700000500790002008900C9002A91BA8FEF75F
:108380002BFD08B1F9F75AFF1BA8FEF7F3FC0021FB
:108390001BA8FEF7B7FD2BB000BD0000F04402584B
:1083A0000040014000B5AFB040211FA8F9F70FF918
:1083B00000201B901C901D901E90189019901A90F0
:1083C0001C2111A8F9F703F92C2106A8F9F7FFF8E9
:1083D00000BF5A48006840F002005849086008464B
:1083E000006800F00200009000BF00BF54481F90DA
:1083F0000020209000211FA8816042F20F71C1600F
:108400000021016141618161FEF79EFD08B1F9F72C
:1084100015FF4FF480501B901BA91FA8FEF78AFE82
:1084200008B1F9F70BFF1FA8FFF7B4F808B1F9F787
:1084300005FF0020189019901A9018A91FA8FEF7A0
:1084400025FD08B1F9F7FAFE6020119041F2EC30F9
:1084500012900020139014901590169017900022FF
:1084600011A91FA8FEF7DCFF08B1F9F7E7FE082203
:1084700011A91FA8FEF7D4FF08B1F9F7DFFE00200D
:1084800006900790089009900A904FF400500B90C6
:1084900000200C900D904FF000700E9000200F9077
:1084A000109006A91FA8FEF797FC08B1F9F7C6FEC1
:1084B000142101A8F9F78BF800BF20481038006894
:1084C00040F001001D49103908600846006800F0BE
:1084D0000100009000BF00BF00BF0846006840F0E8
:1084E000040008600846006800F00400009000BF27
:1084F00000BF802001900220029000200390049091
:108500000320059001A90F48FBF794F94FF4807000
:108510000190022002900020039004900320059017
:1085200001A90948FBF786F900211FA8FEF7EAFC1C
:1085300008211FA8FFF74AF82FB000BDF0440258E9
:1085400000040140000002580008025800BFFEE786
:108550007047000001480078704700006C09002057
:1085600000200149086070476C0900200120014982
:10857000086070476C0900200848006820F001007E
:10858000064908600648006820F0010004490860B8
:10859000002048620149243108607047000400400F
:1085A0000000014010B590B0044600BF4848006884
:1085B00040F00200464908600846006800F00200EA
:1085C000009000BF00BF142104A8F9F700F80020B4
:1085D0000190029003901C2109A8F8F7F8FF1421DC
:1085E00004A8F8F7F4FF00200190029003903948A6
:1085F0003949086000213848016181600721C16064
:10860000C720354948600846FEF7C4FF602009903E
:1086100002200B9001200A90002209A92E48FEF7A3
:10862000FFFE03200A90042209A92B48FEF7F8FE5A
:1086300005200A90082209A92748FEF7F1FE072025
:108640000A900C2209A92448FEF7EAFE06200490AD
:108650000020059004A92048FEF7FDFF08B1F9F7B6
:10866000EDFD00200190039001A91B48FEF70EFCD0
:1086700008B1F9F7E3FD18480068C06840F40070DD
:1086800015490968C86014480068C06840F48060F3
:1086900011490968C86010480068C06840F400606B
:1086A0000D490968C8600C480068C06840F48050F3
:1086B00009490968C86000234FF40062012120467F
:1086C000FFF74EFD204600F009F8002010B010BD65
:1086D000E8440258000400407816002010B590B01D
:1086E000044600BF4448006840F001004249086069
:1086F0000846006800F00100009000BF00BF00BF06
:108700000846006840F0100008600846006800F065
:108710001000009000BF00BF00BF37481030006855
:1087200040F001003449103108600846006800F04C
:108730000100009000BF00BF002001900290039054
:108740001C2104A8F8F743FF002001900290039039
:108750004FF400700B9002200C9000200D9003202D
:108760000E9001200F900BA92448FBF763F80BA98A
:108770002348FBF75FF8234823490860002122487B
:10878000016181600121C160C7201F49486008461E
:10879000FEF700FF1020019000040290802003905B
:1087A00001A91948FEF772FB08B1F9F747FD6020EF
:1087B00004900220069001200590002204A912488E
:1087C000FEF72EFE042204A90F48FEF729FE3CB94D
:1087D0000D480068C06840F400700B490968C86023
:1087E00000210948FEF7F2FE04210748FEF7EEFEDD
:1087F000002010B010BD0000E044025800100258E4
:108800000000025800000140781600207047000068
:108810002DE9F04104460E4600275548006800F057
:108820000300032802D10120BDE8F0815048283818
:10883000006820F080604E4928390860FBF71CF979
:10884000054606E0FBF718F9401B022801D9032072
:10885000EAE7474828380068C0F3C0600028F1D133
:1088600000BF4348006820F47C30216840EA0130B2
:108870003F490860A088401EC0F30800A168491E57
:108880004FF47E4202EA41210843A189491ED201E8
:1088900002EA01410843217C491E120202EA0161F9
:1088A000084333491031086000BF3148001D00689B
:1088B00020F0C000616908432D49091D0860084681
:1088C000006820F02000A16908432949091D0860BB
:1088D0000846006820F01000086025481430006841
:1088E0004FF6F8718843E16940EAC100204914312C
:1088F00008601F48001D006840F010001C49091D59
:1089000008602EB90846006840F40020086012E0B4
:10891000012E08D11648001D006840F4801014494B
:10892000091D086007E01248001D006840F40010AF
:108930000F49091D08600E482838006840F0806023
:108940000B4928390860FBF797F8054606E0FBF766
:1089500093F8401B022801D9032065E70448283812
:108960000068C0F3C0600028F1D038465CE7000022
:10897000284402582DE9F04104460E460027554888
:10898000006800F00300032802D10120BDE8F08157
:1089900050482838006820F080504E492839086037
:1089A000FBF76AF8054606E0FBF766F8401B02286D
:1089B00001D90320EAE7474828380068C0F340702F
:1089C0000028F1D100BF4348006820F07C70218866
:1089D00040EA01503F490860A088401EC0F30800EB
:1089E000A168491E4FF47E4202EA41210843A18951
:1089F000491ED20102EA01410843217C491E1202AC
:108A000002EA0161084333491831086000BF314868
:108A1000001D006820F44060616908432D49091D6C
:108A200008600846006820F40070A16908432949DD
:108A3000091D08600846006820F480700860254819
:108A40001C3000684FF6F8718843E16940EAC100C4
:108A500020491C3108601F48001D006840F48070E8
:108A60001C49091D08602EB90846006840F48000C2
:108A7000086012E0012E08D11648001D006840F47D
:108A800000001449091D086007E01248001D006835
:108A900040F080700F49091D08600E4828380068B2
:108AA00040F080500B4928390860FAF7E5FF054689
:108AB00006E0FAF7E1FF401B022801D9032065E731
:108AC000044828380068C0F340700028F1D03846C8
:108AD0005CE700002844025870B586B005460C4695
:108AE0000194372002904FF480700390002004908E
:108AF0004FF48050059001A9284600F04BFC41F24C
:108B000088323721284600F041FA0646304606B042
:108B100070BD70B586B005460C46019429200290C0
:108B20004FF480700390002004904FF48050059023
:108B300001A9284600F02EFC284600F033FB06462B
:108B4000304606B070BD70B586B005460C4601943F
:108B50001020029000010390002004904FF48050F8
:108B6000059001A9284600F015FC41F28832102139
:108B7000284600F00BFA0646304606B070BD70B5C8
:108B800086B005460C460194062002904FF4807092
:108B90000390002004904FF48050059001A92846CE
:108BA00000F0F8FB41F288320621284600F0EEF989
:108BB0000646304606B070BD30B585B0044600208C
:108BC00000900190029003904FF480500490694609
:108BD000204600F0DFFB204600F0B6F905462846A7
:108BE00005B030BD30B585B004464FF4D570009067
:108BF0000820019040010290002003904FF4805023
:108C000004906946204600F0C5FB204600F056FB64
:108C10000546284605B030BD70B586B005460C4601
:108C20000194122002904FF4807003900020049071
:108C30004FF48050059001A9284600F0ABFB41F2AB
:108C400088321221284600F0A1F90646304606B0C7
:108C500070BD70B586B005460C4601941120029097
:108C60004FF480700390002004904FF480500590E2
:108C700001A9284600F08EFB41F2883211212846D6
:108C800000F084F90646304606B070BDF0B585B0F8
:108C9000064614461D460094072001904FF480704C
:108CA0000290002003904FF48050049069463046B3
:108CB00000F070FB41F288320721304600F066F97F
:108CC0000746384605B0F0BD30B585B004460020F3
:108CD0000090022001904FF4407002900020039019
:108CE0004FF4805004906946204600F053FB204624
:108CF00000F024FA0546284605B030BD70B586B0B0
:108D000005460C460194092002904FF440700390F0
:108D1000002004904FF48050059001A9284600F0EF
:108D200039FB284600F00AFA0646304606B070BD08
:108D300030B585B0044600200090332001904FF4F8
:108D400080700290002003904FF480500490694698
:108D5000204600F01FFB41F288323321204600F00C
:108D600015F90546284605B030BD70B586B00546F4
:108D70000C4601940D2002904FF480700390002067
:108D800004904FF48050059001A9284600F002FBA2
:108D900041F288320D21284600F0F8F806463046A8
:108DA00006B070BD70B586B005460C460020019037
:108DB000032002904FF480700390002004904FF441
:108DC0008050059001A9284600F0E4FA22460321CC
:108DD000284600F015FA0646304606B070BD30B59C
:108DE00085B00446002000900D2001904FF4807063
:108DF0000290002003904FF4805004906946204672
:108E000000F0C8FA41F288320D21204600F0BEF889
:108E10000546284605B030BD30B585B00446002073
:108E200000900C2001904FF480700290002003907D
:108E30004FF480500490E06840F08000E060E0680B
:108E400020F04000E0606946204600F0A3FA064AA0
:108E50000C21204600F09AF80546E06820F08000DA
:108E6000E060284605B030BD00E1F50530B585B0BD
:108E70000446002000900B2001904FF48070029077
:108E8000002003904FF4805004906946204600F083
:108E900081FA41F288320B21204600F077F805462E
:108EA000284605B030BD70B586B005460C46019425
:108EB000192002904FF480700390002004904FF42A
:108EC0008050059001A9284600F064FA41F28832EA
:108ED0001921284600F05AF80646304606B070BD03
:108EE00070B586B005460C460194182002904FF4E8
:108EF00080700390002004904FF48050059001A9E9
:108F0000284600F047FA41F288321821284600F03E
:108F10003DF80646304606B070BD10B50246002347
:108F20000868506248689062D1E9020420430C69E5
:108F300020434C6920430343D06A20F0FF001843CC
:108F4000D062002010BD000001460E480068C00835
:108F50004FF47A73B0FBF3F041F2883300FB03F275
:108F600000BF101EA2F1010202D14FF00040704775
:108F7000486B00F080000028F3D00348886300208D
:108F8000F5E7000000000020C50020002DE9F043B7
:108F900005460F46904666480068C0084FF47A714F
:108FA000B0FBF1F000FB08F900BFB9F10000A9F136
:108FB000010903D14FF00040BDE8F0836E6B5D48BE
:108FC00030400028F1D006F400500028EDD1686B45
:108FD00000F0040010B10420A863EDE7686B00F016
:108FE000010010B10120A863E6E752488030A86371
:108FF000284600F099F9B84201D00120DCE70021B1
:10900000284600F09AF904464B48204008B9002051
:10901000D2E704F00040B0F1004F02D14FF00070F1
:10902000CAE704F08040B0F1804F01D14020C3E78F
:1090300004F00050B0F1005F01D18020BCE704F0E3
:109040008050B0F1805F02D14FF48070B4E704F03B
:109050000060B0F1006F02D14FF40070ACE704F093
:109060008060B0F1806F02D14FF48060A4E704F01B
:109070008070B0F1807F02D14FF400609CE704F46F
:109080000000B0F5000F02D14FF4805094E704F4D3
:109090008000B0F5800F02D14FF400508CE704F44B
:1090A0000010B0F5001F02D14FF4804084E704F4B3
:1090B0008010B0F5801F02D14FF400407CE704F42B
:1090C0008020B0F5802F02D14FF4003074E704F413
:1090D0000030B0F5003F02D14FF480206CE704F47B
:1090E0008030B0F5803F02D14FF4002064E704F4F3
:1090F0000040B0F5004F02D14FF480105CE704F45B
:109100008040B0F5804F02D14FF4001054E704F4D2
:109110000050B0F5005F02D14FF480004CE704F03E
:109120000800082801D1000546E74FF4803043E7E6
:10913000000000204500200008E0FFFD10B50146BA
:1091400016480068C0084FF47A74B0FBF4F041F29E
:10915000883400FB04F300BF181EA3F1010302D101
:109160004FF0004010BD4A6B02F045000028F3D0DC
:1091700002F400500028EFD1486B00F0040010B159
:1091800004208863EEE7486B00F0010010B1012075
:109190008863E7E7024888630020E3E700000020D7
:1091A000C500200010B5014613480068C0084FF400
:1091B0007A74B0FBF4F041F2883400FB04F300BF92
:1091C000181EA3F1010302D14FF0004010BD4A6BFD
:1091D00002F045000028F3D002F400500028EFD13F
:1091E000486B00F0040010B104208863EEE70348E8
:1091F00088630020EAE7000000000020C50020008E
:109200002DE9F04304460F4690462A480068C008FE
:109210004FF47A71B0FBF1F041F2883100FB01F9B3
:1092200000BFB9F10000A9F1010903D14FF00040DE
:10923000BDE8F083666B06F045000028F1D006F427
:1092400000500028EDD1606B00F0040010B1042044
:10925000A063EDE7606B00F0010010B10120A06396
:10926000E6E7204600F060F8B84201D00120DFE7D1
:109270001148A0630021204600F05FF8054605F480
:10928000604020B9280CA8F800000020D0E705F4C1
:109290008040B0F5804F02D14FF40050C8E705F48C
:1092A0000040B0F5004F02D14FF48050C0E74FF4BA
:1092B0008030BDE700000020C500200010B5014649
:1092C00018480068C0084FF47A74B0FBF4F041F21B
:1092D000883400FB04F300BF181EA3F1010302D180
:1092E0004FF0004010BD4A6B02F045000028F3D05B
:1092F00002F400500028EFD1486B00F0040010B1D8
:1093000004208863EEE7486B00F0010010B10120F3
:109310008863E7E7486B00F0400008B140208863AD
:109320000020DFE70000002001460869C0B2704756
:109330000146086800F003007047024602F114007D
:1093400043181868704700000FB410B50446002198
:10935000DDE903021043059A1043069A1043079A69
:10936000104301436068044A1040084360600020D5
:1093700010BC5DF814FB0000002CC0FF014608681B
:1093800040F003000860002070470146D1F88000DB
:109390007047000010B50246002308689060D1E9CC
:1093A00001042043CC6820430C6920430343D06868
:1093B000024C20401843D060002010BDC0E0FEFFEA
:1093C00002460868C2F880000020704710B50446C5
:1093D000012007490870F8F7DBFB28B9044800783A
:1093E00020F00100024908700148007810BD00001B
:1093F0003C0000202DE9F04389B004460F46FAF7FF
:109400003BFB81464FF000080020019002903E4651
:1094100008212068FFF797FB05461DB1284609B0D3
:10942000BDE8F0834822125B11042068FFF754FB6B
:1094300005460DB12846F2E74FF0FF3003900820B3
:109440000490302005900220069000200790012013
:10945000089003A92068FFF760FD2068FFF768FC0B
:1094600005460DB12846DAE71AE02068406B00F4A3
:10947000002060B9B8F1000F09D12068FFF785FF1F
:1094800001902068FFF781FF029008F10108FAF7C8
:10949000F3FAA0EB0900401C10B94FF00040BEE702
:1094A0002068406B40F22A5108400028DDD0206837
:1094B000406B00F0080018B1082021688863AEE70F
:1094C0002068406B00F0020018B102202168886318
:1094D000A5E72068406B00F0200018B1202021682B
:1094E00088639CE712482168886302980006029905
:1094F00001F47F4140EA0120029901F47F0140EA32
:109500001120029940EA11603060361D0198000672
:10951000019901F47F4140EA0120019901F47F01A2
:1095200040EA1120019940EA11603060002076E79E
:109530003A0F001830B58DB0044601200190206824
:10954000FFF7F6FE18B94FF080600DB030BDE06B4C
:1095500003281AD02068FFF7B7FB05460DB128464F
:10956000F3E700212068FFF7E8FE20670421206868
:10957000FFF7E3FE606708212068FFF7DEFEA067C3
:109580000C212068FFF7D9FEE067E06B032807D0C5
:1095900001A92068FFF706FC05460DB12846D4E76F
:1095A000E06B032820D0BDF80410A1644822125BB0
:1095B00011042068FFF7A2FB05460DB12846C4E759
:1095C00000212068FFF7B9FE206604212068FFF71C
:1095D000B4FE606608212068FFF7AFFEA0660C218C
:1095E0002068FFF7AAFEE06604212068FFF7A5FEC9
:1095F000010D616402A92046FCF7A6FE10B14FF0F0
:109600008050A2E74820005B01040A46002320683E
:10961000FFF73CFB05460DB1284696E7002094E78E
:109620002DE9F84304460020009000268046FAF712
:1096300023FA07462068FFF7BFFA054615B128460A
:10964000BDE8F8832068FFF7CDFA054645B1002153
:1096500021642068FFF7B0FA05461DB12846EFE700
:1096600001212164206C012808D100212068FFF726
:1096700033FA054615B14FF08050E1E71DE00021B7
:109680002068FFF729FA05460DB12846D8E74B496F
:109690002068FFF73EFA054615B14FF08050CFE73E
:1096A00000212068FFF749FE0646012080EAD670B7
:1096B00080F001080098401C00904FF6FF71009860
:1096C000884202D2B8F1000FD9D04FF6FF7100984E
:1096D000884202D34FF08070B2E706F08040B0F1CC
:1096E000804F68D10120E063A069022863D106F0B1
:1096F0008070B0F1807F5ED14FF40071E165206829
:10970000006840F00800216808602068FFF7AEFBA1
:1097100005460DB1284693E707E0FAF7ADF9C01BFF
:10972000401C10B94FF000408AE72068406B00F001
:109730008060B0F1806FF0D14FF080602168886365
:109740002068406B00F48010B0F5801F02D04FF00D
:10975000805075E70120FCF7F5FD2068006840F0B7
:1097600004002168086007E0FAF786F9C01B401C76
:1097700010B94FF0004063E72068406B00F00070C4
:10978000B0F1007FF0D14FF000702168886320684D
:10979000406B00F48010B0F5801F02D14FF0807054
:1097A0004EE71320216808604FF0FF30216888637E
:1097B0004FF40071E165002042E70000000010C195
:1097C0002DE9F04387B004460F46FAF755F9804675
:1097D0003E4600212068FFF7B0FD00F00070B0F1B8
:1097E000007F04D14FF4006007B0BDE8F083402152
:1097F0002068FFF7A8F905461DB1A06BA0632846B5
:10980000F2E74822125B11042068FFF765F905466C
:109810001DB1A06BA0632846E6E74FF0FF30019032
:1098200040200290602003900220049000200590C8
:109830000120069001A92068FFF76FFB2068FFF761
:10984000CEFA05461DB1A06BA0632846CCE71AE00E
:109850002068406B00F4004060B14FF0000906E062
:109860002068FFF792FD3060361D09F10109B9F15A
:10987000080FF5D3FAF700F9A0EB0800401C10B967
:109880004FF00040B0E72068406B00F4957000286E
:10989000DED02068406B00F0080008B10820A3E784
:1098A0002068406B00F0020008B102209CE72068AD
:1098B000406B00F0200008B1202095E70DE0206803
:1098C000FFF763FD3060361DFAF7D6F8A0EB08000D
:1098D000401C10B94FF0004086E72068406B00F450
:1098E00080500028EBD102482168886300207BE784
:1098F0003A0F001870B504460D4615B94FF00060D8
:1099000070BD4822125B11042068FFF72EFA06464C
:109910000EB13046F4E700212068FFF70EFD286005
:109920000020EDE77CB50446002000900190002166
:109930002068FFF702FD00F00070B0F1007F02D157
:109940004FF400607CBD69462046FFF753FD054695
:109950000DB12846F6E7019800F4803098B148220E
:10996000125B11042068FFF7B7F805460DB12846D1
:10997000E8E700212068FFF702F905460DB1284607
:10998000E0E70020DEE74FF08060DBE77CB50446CF
:1099900000200090019000212068FFF7CEFC00F02D
:1099A0000070B0F1007F02D14FF400607CBD6946C9
:1099B0002046FFF71FFD05460DB12846F6E7019842
:1099C00000F4802098B14822125B11042068FFF750
:1099D00083F805460DB12846E8E702212068FFF725
:1099E000CEF805460DB12846E0E70020DEE74FF04F
:1099F0008060DBE710B50446012006490870F8F7DF
:109A0000D3F820B92046FFF7E1FC0249087001486D
:109A1000007810BD3C000020F0B589B007460D4627
:109A2000144601261648007800F0010010B103200A
:109A300009B0F0BD35B1012D06D0022D0BD0032D9C
:109A400018D10FE0002617E06846F8F797F8069857
:109A50002060002610E06846F8F790F8079820800C
:109A6000002609E06846F8F789F80798400A206060
:109A7000002601E0042600BF00BF3046D8E7000002
:109A80003C0000202DE9F04180460C4615461E465C
:109A90000127BB1E324629462046F8F7A9F828B907
:109AA00000BFF8F775F80028FBD100273846BDE85D
:109AB000F08110B504462046FFF788FC10BD2DE963
:109AC000F04180460C4615461E460127BB1E324615
:109AD00029462046F8F7A4F828B900BFF8F758F847
:109AE0000028FBD100273846BDE8F081704710B54B
:109AF000F9F7D0FF10BD000000B5CBB04C2138A85D
:109B0000F7F765FD202130A8F7F761FDBC2101A81A
:109B1000F7F75DFD0220FAF7BBFA00BF00200090C6
:109B20003748006840F440403549086008460068FE
:109B300000F4404000903348006820F00100401CD1
:109B4000304908600846006800F00100009000BF3E
:109B500000BF00BF2A48006800F40050B0F5005F65
:109B6000F8D12948006820F00300801C26490860CD
:109B7000212038904FF48030399001203E9002200F
:109B80004190022138A881620521C1625021016300
:109B900002214163082181630221C163082101641C
:109BA000002141648164FBF7C3FF08B1F8F746FB6D
:109BB0003F2030900320319000203290339040209D
:109BC000349035900001369040203790052130A820
:109BD000FBF718FD08B1F8F731FB4FF4A020019016
:109BE000002014904FF44010229001A8FAF768FF6B
:109BF00008B1F8F723FBFAF77BFA4BB000BD000081
:109C0000184802582C040058284402582348006879
:109C100040F47000214908602148006840F00100CC
:109C20001F49086000201E49103108601C48006868
:109C30001C4908401A490860002019491831086079
:109C4000091D0860091D0860154928310860091DB3
:109C50000860091D0860091D0860091D0860091DCC
:109C60000860091D0860091D08600D48006820F49F
:109C700080200B49086000200949603108600A48CB
:109C800000686FF30F00B0F1005F02D201200749B6
:109C900008600748014980390860704788ED00E096
:109CA000004402587FEDF6EA0010005C0881005184
:109CB0000000020810B50448FDF7D5FA0FF0A6FE23
:109CC0000AF0A8FE10BD00000012002010B50448E4
:109CD000FDF7C9FA0FF0B8FE0AF09CFE10BD0000B7
:109CE0004012002010B504480068401C024908607A
:109CF0000248FDF7B8FA10BD38000020801000209F
:109D000010B50448FDF7AFFA0FF026FE0AF082FE08
:109D100010BD00004011002010B50448FDF7A3FA63
:109D20000FF056FE0AF076FE10BD0000C0110020B4
:109D300010B50448FDF797FA0FF02CFE0AF06AFE02
:109D400010BD00008011002010B50268294B984218
:109D50000ED0B0F1804F0BD0274B984208D0274B44
:109D6000984205D0264B984202D0264B984203D108
:109D700022F070024B681A431E4B984217D0B0F184
:109D8000804F14D01C4B984211D01C4B98420ED0DF
:109D90001B4B98420BD01B4B984208D01A4B984251
:109DA00005D01A4B984202D0194B984203D122F4A5
:109DB0004072CB681A4322F080034C6943EA0402E4
:109DC00002608B68C3620B6883620A4B98420BD0B7
:109DD0000C4B984208D00C4B984205D00B4B984244
:109DE00002D00B4B984201D10B69036301234361FD
:109DF00010BD0000000001400004004000080040C9
:109E0000000C0040000401400040014000440140BB
:109E10000048014030B501F01F05012404FA05F3A4
:109E2000046A9C430462046A01F01F0502FA05F506
:109E30002C43046230BD30B501F01F05042404FA40
:109E400005F3046A9C430462046A01F01F0502FAE8
:109E500005F52C43046230BD30B50C46816821F411
:109E60007F4142EA032525432943816030BD00003C
:109E70000A468168034B194042F007031943816089
:109E8000704700008FFFCFFF30B5056A25F0010550
:109E90000562026A43688469204D2C4024F0030463
:109EA0000D682C4322F002028D682A431C4DA84203
:109EB00000D10FE01B4DA84200D10BE01A4DA84283
:109EC00000D107E0194DA84200D103E0184DA84287
:109ED00006D100BF22F00802CD682A4322F0040216
:109EE0000F4DA8420BD00F4DA84208D00E4DA842EE
:109EF00005D00E4DA84202D00D4DA84207D123F443
:109F0000807323F400734D692B438D692B434360A9
:109F100084614D684563026230BD00008FFFFEFF23
:109F200000000140000401400040014000440140A5
:109F30000048014030B5056A25F010050562026A47
:109F400043688469224D2C4024F440740D6844EA2F
:109F5000052422F020028D6842EA05121D4DA84218
:109F600000D10FE01C4DA84200D10BE01B4DA842D0
:109F700000D100BF1A4DA84200D100BF194DA84220
:109F800007D106E022F08002CD6842EA051222F0F5
:109F90004002104DA8420BD00F4DA84208D00F4DE3
:109FA000A84205D00E4DA84202D00E4DA84209D1BC
:109FB00023F4806323F400634D6943EA85038D69CC
:109FC00043EA8503436084614D688563026230BD66
:109FD000FF8FFFFE000001400004014000400140EF
:109FE000004401400048014030B5056A25F4807501
:109FF0000562026A4368C46924F0700424F0030413
:10A000000D682C4322F400728D6842EA05221D4D32
:10A01000A84200D10FE01C4DA84200D10BE01B4D1F
:10A02000A84200D100BF1A4DA84200D100BF194D6F
:10A03000A84207D106E022F40062CD6842EA052278
:10A0400022F480620F4DA8420BD00F4DA84208D0D9
:10A050000E4DA84205D00E4DA84202D00D4DA8428B
:10A0600009D123F4805323F400534D6943EA0513C7
:10A070008D6943EA05134360C4614D68C56302629C
:10A0800030BD0000000001400004014000400140DC
:10A09000004401400048014030B5056A25F4805570
:10A0A0000562036A4468C26922F4E04222F4407205
:10A0B0000D6842EA052223F400538D6843EA053314
:10A0C0000C4DA8420BD00C4DA84208D00B4DA84215
:10A0D00005D00B4DA84202D00A4DA84204D124F469
:10A0E00080444D6944EA85144460C2614D6805644A
:10A0F000036230BD00000140000401400040014007
:10A10000004401400048014030B5056A25F480351F
:10A110000562046A4268436D23F070030D682B43A7
:10A1200024F400340D8944EA05440D4DA8420BD0B7
:10A130000C4DA84208D00C4DA84205D00B4DA842AA
:10A1400002D00B4DA84204D122F480324D6942EA7C
:10A150000522426043654D688565046230BD00009C
:10A160000000014000040140004001400044014063
:10A170000048014030B5056A25F480150562036A80
:10A180004468426D22F4E0420D6842EA052223F45D
:10A1900000130D8943EA05530C4DA8420BD00C4D1A
:10A1A000A84208D00B4DA84205D00B4DA84202D0C2
:10A1B0000A4DA84204D124F400344D6944EA8524B0
:10A1C000446042654D68C565036230BD00000140D2
:10A1D00000040140004001400044014000480140AB
:10A1E0002DE9F04105460C4628688668354806404A
:10A1F0006068064334480640206806432868866045
:10A20000606860284BD00EDC302851D006DC002876
:10A210004BD010284AD0202850D148E040281CD0EC
:10A2200050284BD135E0294A811A904243D008DCAE
:10A2300070280BD0B0F5801F3BD0B0F1101F3DD17E
:10A2400038E0102938D0202938D136E0D4E903137A
:10A25000A2682868FFF700FE31E02068052802D1D7
:10A260000120BDE8F0812868D0F820802868006AC5
:10A2700020F00100296808622868876927F0F00744
:10A28000206947EA0017286887612868C0F820809D
:10A2900015E02269A168286800F01AF80FE0226929
:10A2A000A168286800F027F809E000BF00BF00BFE0
:10A2B00000BF00BF00BF00BF00BF00E000BF00BF85
:10A2C0000020CEE78FFFCFFFF8FFFEFF2000100039
:10A2D00030B50B461446026A056A25F00105056291
:10A2E000816921F0F00141EA041122F00A021A43C7
:10A2F0008161026230BD30B50B461446056A25F017
:10A30000100505628169026A21F4704141EA043155
:10A3100022F0A00242EA03128161026230BD00BF56
:10A32000FEE700000FB4084B10B504A902AA039879
:10A3300000F042FC044602A9002000F0D4FF2046B1
:10A3400010BC5DF814FB0000E7B2020803B40198EA
:10A350004100009850EAC12018BF04204A0D18BFE0
:10A3600040F0010040F2FF72B2EB515F08BF40F0D5
:10A370000200012808BF052002B0704702480068AB
:10A38000C0F30220704700000CED00E010B500287B
:10A3900004DB0A07130E054A135406E00A07140EDD
:10A3A000034A00F00F031B1FD45410BD00E400E06B
:10A3B00018ED00E00000000010B529499FED261BB4
:10A3C0002DED020B84B0059820F000408842DCBFE0
:10A3D00000209DED040B2EDD2249884209D104980E
:10A3E00040B94FF0010000F01FFB00F0F5FA06B095
:10A3F00010BD05DB9DED040B30EE000B06B010BD6B
:10A4000068469DED040B00F063F810F003000DD0DA
:10A41000012814D09DED021B9DED000B022816D0E3
:10A4200000F0DEF906B0B1EE400B10BD9DED021B51
:10A430009DED000B012000F07BFA06B010BD9DEDF4
:10A44000021B9DED000B00F0CBF906B010BD012002
:10A4500000F06EFAE6E700000000000000000000D7
:10A46000FB21E93F0000F07F00B52DED028BB1EE3E
:10A47000C08B83B018EE100A18EE901A8DED008B89
:10A48000002818BF0120084320F00040C0F17F6081
:10A4900000F1E040C00F14D010EE101A10EE900A38
:10A4A0008DED000B002918BF0121084320F000406A
:10A4B000C0F17F6000F1E040C00F04BF012000F058
:10A4C000B3FAB0EE480B03B0BDEC028B00BD000048
:10A4D0002DE9F14F04462DED020B2DED048B94B0C8
:10A4E0009FED9D0B80ED020B199E9D4826F00045C7
:10A4F00085420ADC9DED180B002084ED000B14B0A2
:10A50000BDEC048B03B0BDE8F08F96489FED969BA1
:10A510009FED978BA84225DD97489FED991B9FEDF6
:10A520009A2B9DED180B002E0DDD30EE490B854268
:10A5300012BF30EE480B30EE410B30EE420B84ED93
:10A54000000B0120DBE730EE090B854212BF30EE35
:10A55000080B30EE010B30EE020B84ED000B4FF0D8
:10A56000FF30CCE78A48A84253DB9DED180B51EC35
:10A57000100B05F079FB41EC100BB0EE401B9FED8A
:10A58000862B9FED870B290DDFF81CC201EE020B15
:10A590000120FDEEC00B10EE903A00EE903AB8EEBE
:10A5A000E02BB0EE410B02EE490B22EE081BFC44FF
:10A5B000032830EE411B84ED001B1DD011EE902AC4
:10A5C00000EB4015113DC2F30A528A1A954213DA84
:10A5D0000CEB0012B0EE403B92ED000B401C20EE65
:10A5E000021B33EE410B33EE403B33EE411B92ED49
:10A5F000023B12EE031BDBE7002EA8BF1846BFF696
:10A600007EAF94ED000B5842B1EE400B84ED000B91
:10A6100075E7C6F3130040F4801EC6F30A50A0F29B
:10A62000F530471100F01F05C5F12000DDF860B0DE
:10A63000139000200890099005200DF1080C5B494B
:10A64000002D07EB0002794408BF51F8221009D011
:10A6500051F8223001EB8201AB404A68139922FA8B
:10A6600001F11943A1FB0E26A1FB0B131A449A42D8
:10A6700034BF0123002303EB06080CEB8003D3E96E
:10A6800001A60E448E4234BF0121002192448A4427
:10A6900011B1924502D903E0924501D2012100E0B7
:10A6A0000021C3E901A641444CF82010011EA0F18D
:10A6B0000100C4DC04989DED050A00F10050810FF3
:10A6C00004989FED3B4B800001EE100ADDED060A79
:10A6D0009DED072AB8EEC13BB8EE401BB8EE600B0B
:10A6E000B8EE422B002021EE041B9FED334B20EEF1
:10A6F000040B9FED334B22EE042B30EE024B34EE75
:10A70000014B34EE034B8DED004B00909DED004B63
:10A71000199834EE433B10F0004F33EE411B31EEFD
:10A72000400B32EE401B9DED000B9FED272B20EEE2
:10A73000020B9FED272B01EE020B9DED001B9FED01
:10A74000262B01EE020B1CBF4942B1EE400B84EDFB
:10A75000000B0846D3E600000000000000000000E7
:10A76000FB21E93F7CD9024000004054FB21F93F26
:10A770003163621A61B4D03DFB21F93F0000000053
:10A780000000601A61B4D03D7370032E8A19A33B98
:10A79000FB2139410000000083C8C96D305FE43FF0
:10A7A000000000000000E03FBE9602005696020046
:10A7B000000000000000103E000000000000103CFF
:10A7C000000000000000103A3326A611460B113C91
:10A7D000182D4454FB21F93D00000054FB21F93DA4
:10A7E00010B52DED040B2DED068B82B0B0EE41AB14
:10A7F00009989FED299B20F00044B4F1795F0FDAAE
:10A800009DED080BBDEEC00B10EE100A002801BF35
:10A81000B0EE490B02B0BDEC068B04B008BF10BD12
:10A820009DED080B1E48062120EE008BB0EE480B74
:10A83000784400F045F820EE080B9DED081B1C48FD
:10A84000844228EE000B01EE4A0B9FED171B28EE09
:10A85000011BBCBF31EE400B39EE400B16DB154837
:10A86000A042BCBF9FED142B8DED002B06DBA4F5A1
:10A8700000100190002000909DED002B31EE421B56
:10A8800039EE422B31EE400B32EE400B02B0BDEC04
:10A89000068B04B010BD0000000000000000F03F77
:10A8A0000C94020000000000000000000000E03FE7
:10A8B0003333D33F0000E93F000000000000D23FE7
:10A8C000491E00EBC102B0EE401B92ED000B31F0CF
:10A8D00006020DD0491E00EBC102B0EE403B92EDE6
:10A8E000002B31F00602B0EE420B03EE010BF1D16A
:10A8F000022914D004290AD0062918BF704790ED08
:10A900000A2B00EE012B90ED080B02EE010B90EDEF
:10A91000062B00EE012B90ED040B02EE010B90EDE7
:10A92000022B00EE012B90ED000B02EE010B7047A5
:10A9300031B504462DED040B2DED068BB0EE419B99
:10A9400007989DED060B20F00040B0F1795F0DDA1D
:10A9500051EC100BFFF7FAFC042808BF00F048F890
:10A960009DED060BBDEC068B05B030BD20EE008BD7
:10A970001348052128EE00ABB0EE480B7844FFF7F2
:10A980009FFF9FED111B8CB19FED112B29EE022B28
:10A990000AEE402B9DED060B18EE029B0AEE419B42
:10A9A00030EE490BBDEC068B05B030BD08EE001B48
:10A9B0009DED060B0AEE010BBDEC068B05B030BD1C
:10A9C000B893020000000000495555555555C5BFC4
:10A9D000000000000000E03F9FED031B81EE010B33
:10A9E00070470000000000000000000000000000B0
:10A9F0009FED030B20EE000B7047000000000000ED
:10AA0000000000000000001002E008C8121F08C18A
:10AA1000002AFAD170477047002001E001C1121FDF
:10AA2000002AFBD170470000014908607047000010
:10AA3000640D00202DE9FF5F82B00021DDE90430C4
:10AA4000020DDDF840B0034318D044F61050A2F2D6
:10AA5000FF3242431514119801281FD0A5EB0B00BB
:10AA6000401C5FEA000A4FF000064E4FDFF83891B5
:10AA7000B046504615D5CAF1000413E011980124E0
:10AA80004AA3012801D16FEA0B010298119AC0E98B
:10AA90000031C0E9024206B0BDE8F09FCBF10000F2
:10AAA000DFE704460021404A491842EB0450CDE953
:10AAB000001012E0E00707D032463B4640464946C8
:10AAC000F6F792FE8046894632463B4610461946C6
:10AAD000F6F78AFE06460F466410002CEAD1DDE93F
:10AAE0000401DDE90023BAF1000F06DAF6F77CFE77
:10AAF00042464B46F6F778FE05E0F6F7E7FE42469B
:10AB00004B46F6F7E3FE04460E460022284BF6F7C6
:10AB100065FF03D84FF0FF30014607E00022254BC8
:10AB200020463146F6F7B9FDF6F73FFF102409E05D
:10AB3000002C0ADB0A220023F6F7FFFC039B3032CD
:10AB40001A55641E50EA0102F2D1641C039AC4F142
:10AB500011031444119A012A03D0012208430DD194
:10AB60000AE0084304D000204FF0110B119072E767
:10AB7000A3EB0B056D1E0DE05B4504DD4FF00002FD
:10AB800005F1010504E003DA4FF00002A5F101052B
:10AB9000002AECD002981199C0E90231C0E90045C1
:10ABA00079E70000000014400000F03F3000000092
:10ABB0000000F0430000E03F2DE9FF4F95B09B46B9
:10ABC0008946064600250FE2252877D1002427462E
:10ABD000F84A0121059400E0044316F8013F203BA8
:10ABE00001FA03F01042F7D130782A2811D06FF023
:10ABF0002F033078A0F13002092A16D8059A44F0C4
:10AC0000020402EB820203EB42021044761C059020
:10AC1000EFE759F8042B0592002A03DA504244F476
:10AC20000054059044F00204761C30782E2816D18A
:10AC300016F8010F44F004042A280DD06FF02F02FB
:10AC40003078A0F13003092B09D807EB870302EB1A
:10AC50004303C718761CF3E759F8047B761C307859
:10AC60006C280FD006DC4C2817D068280DD06A2835
:10AC700014D104E0742810D07A280FD10DE044F4E8
:10AC800000140AE044F4801401E044F440147278A3
:10AC9000824202D104F58014761C761C3078662836
:10ACA0000BD013DC582877D009DC002875D0452854
:10ACB000F6D04628F4D047281AD19DE118E0632841
:10ACC00035D0642879D0652812D195E1702873D0E9
:10ACD00008DC6728F1D069286FD06E280DD06F2866
:10ACE00006D1B5E073282CD0752875D0782874D09B
:10ACF0005A46179990476D1C75E1C4F3025002281B
:10AD000009D003280DD0D9F8001004280DD00D600B
:10AD100009F1040967E1D9F80010EA17C1E9005206
:10AD2000F6E7D9F800100D80F2E70D70F0E719F89A
:10AD3000041B8DF8001000208DF80100EA46012068
:10AD400003E059F804AB4FF0FF3061074FF000010A
:10AD500002D40DE008F101018846B9420FDA8045BE
:10AD6000F8DB1AF808100029F4D108E008F1010115
:10AD700088468142FADB1AF808100029F6D10598B6
:10AD80005B46A0EB080721463846179A00F094FA74
:10AD9000284400EB080507E04DE029E10DE01AF832
:10ADA000010B5A4617999047B8F10108F7D25B4654
:10ADB00021463846179A13E142E00A220092C4F372
:10ADC00002524FF0000A022A08D059F804CB032A95
:10ADD0004FEAEC710AD00DE029E02AE009F1070101
:10ADE00021F00702F2E802C1914609E00FFA8CFC5B
:10ADF0004FEAEC71042A03D14FFA8CFC4FEAEC7154
:10AE0000002907DA0A460021DCF1000C61EB02019F
:10AE10002D2202E0220504D52B228DF804200122E8
:10AE200003E0E20701D02022F7E7904659E00A212B
:10AE300002E010220DE010214FF0000A00910BE01B
:10AE400010224FF0000A44F004040827009203E0A7
:10AE500008224FF0000A0092C4F30252022A05D0E1
:10AE600059F804CB0021032A08D009E009F10701B1
:10AE700021F00702F2E802C1914605E01FFA8CFCBE
:10AE8000042A01D10CF0FF0C4FF00008220728D54E
:10AE9000702806D0009B83F0100353EA0A0305D004
:10AEA0000EE040228DF80420012208E05CEA010255
:10AEB00006D030228DF804208DF80500022290463D
:10AEC000009B83F0080353EA0A030AD15CEA0102FB
:10AED00001D1620705D530228DF804204FF001081A
:10AEE0007F1E582804D034A003900EA802900DE0D5
:10AEF00036A0F9E753466046009AF6F71EFB8446F3
:10AF00000398825C0298401E029002705CEA010085
:10AF1000F0D1029806A9081A00F1200A600702D5AC
:10AF200024F4803400E00127574502DDA7EB0A0036
:10AF300000E0002000EB0A01009005984144401A0F
:10AF40000590E00306D45B462146179A059800F069
:10AF5000B3F90544002706E001A85A46C05D1799D9
:10AF600090476D1C7F1C4745F6DBE0030CD55B4624
:10AF70002146179A059800F09FF9054404E0302017
:10AF80005A46179990476D1C0099481E0090002959
:10AF9000F5DC08E0029802995A460078491C0291B3
:10AFA000179990476D1CBAF10001AAF1010AF1DC72
:10AFB00065E100000928010030313233343536377D
:10AFC00038396162636465660000000030313233F5
:10AFD0003435363738394142434445460000000095
:10AFE00000F058F90544761C307800287FF4ECAD69
:10AFF00019B02846BDE8F08F620700D4062709F192
:10B00000070222F0070CFCE80223E14603F00048A7
:10B010005FEA080C02D00FF2702C0DE05FEA045CCE
:10B0200002D50FF2682C07E05FEAC47C02D00FF271
:10B03000602C01E0AFF2700C4FF0FF3823F00043BA
:10B04000CDF850C065280CD006DC452809D046282C
:10B050001DD047283DD13DE0662818D067287ED115
:10B0600038E00021112F01DB112000E0781CCDE930
:10B07000000106A90EA8FFF7DDFCDDE90F010E9A1D
:10B0800003910021009207F1010A04914DE04FF075
:10B0900000400097CDE9011006A90EA8FFF7CAFCF1
:10B0A000DDE90F0203920E9B11990022DDF80CA03E
:10B0B0000093049211B9791C00EB010AB7EB0A0066
:10B0C00004D4C0F1FF3007F1010A0490AAEB070095
:10B0D000019044E0012F00DA01270021112F01DD4A
:10B0E000112000E03846CDE9000106A90EA8FFF7BF
:10B0F000A1FCDDE90F010E9A039100210491009259
:10B10000BA4621070CD40399514500DA8A46BAF1B0
:10B11000010F05DD009AAAF10101515C302908D028
:10B12000B84202DA10F1040F06DA0121CDE901106C
:10B1300015E0AAF10101E9E7002805DC04990144C2
:10B140000491AAEB000102E0411C514500DD8A4652
:10B150000499401A401C01904FF0004002902007D3
:10B1600004D40198504501DBCDF8048000208DF80F
:10B170004F0002980DF14F07B0F1004F25D02B2062
:10B180000E9002984FF0020800280CDA404202901C
:10B190002D200E9007E00A210298F6F749FA303187
:10B1A000029007F8011DB8F10001A8F10108F2DCD6
:10B1B00002980028EFD1791E0E980870307800F0C0
:10B1C000200040F0450007F8020D12A8C01B00F156
:10B1D00007081498007800B1012000EB0A010198DB
:10B1E00001EBE07105984144401A401E0590E003D0
:10B1F00006D45B462146179A059800F05DF8054491
:10B200001498007818B15A46179990476D1CE003BE
:10B2100024D55B462146179A059800F04DF8054461
:10B220001CE00498002807DBDDE90301884203DD08
:10B230000098405C179901E0179930205A469047D2
:10B24000049805F10105401C04900198401E0190EE
:10B2500004D12E205A46179990476D1CBAF100016F
:10B26000AAF1010ADDDC05E017F8010B5A4617992F
:10B2700090476D1CB8F10001A8F10108F4DC5B46B1
:10B280002146179A0598ABE62D0000002B00000020
:10B29000200000002DE9F041044600251E46174617
:10B2A000880404D405E039462020B0476D1C641E94
:10B2B000F9D52846BDE8F0812DE9F0410446002586
:10B2C0001E469046C80301D5302700E02027880499
:10B2D00004D505E041463846B0476D1C641EF9D5DB
:10B2E0002846BDE8F0810A68531C0B601070704757
:10B2F0001CB50A48007909498988C1F30721CDE9BD
:10B30000001006484068C0F3074304484068020E36
:10B3100003A10748FFF706F805481CBD24A9030848
:10B320004150503A256325642E25642E2564000083
:10B330004010002010B506F08BFB002010BD00006F
:10B340001CB50A48007809490988C1F30721CDE9ED
:10B35000001006480068020E04480068C0F3074366
:10B3600003A10748FEF7DEFF05481CBD440D002081
:10B37000424F4F543A256325642E25642E256400E0
:10B38000A006012010B505F031FA0249086000203E
:10B3900010BD0000800B0020002070472DE9F04711
:10B3A00004460D4690469946AD1E206B00EB153ABB
:10B3B000C5F3C80605F0070101208840C7B200BFE9
:10B3C00051460AF1010A204606F000FA10B10120A8
:10B3D000BDE8F08700BF00BF04F13800805D384051
:10B3E00008B1012000E00020484501D10220EFE72C
:10B3F00004F13800805D784004F13801885501205F
:10B40000E070A8F10100B0F1000800D1E0E7780693
:10B41000000E071EE0D10127701C0646B0F5007F24
:10B42000D9D30026CCE7000070B504460D460020B5
:10B43000E070401E60632946204606F0C7F908B157
:10B44000042070BD04F2362006F082F84AF6552139
:10B45000884201D00320F4E794F83800E92807D0A7
:10B4600094F83800EB2817D13A20005D902813D1CA
:10B4700004F16E0006F02FF820F07F400C4988425E
:10B4800001D10020DDE704F18A0006F024F8094923
:10B49000884201D10020D4E70B2207A104F1380033
:10B4A00006F04EF908B90120CBE70220C9E70000F9
:10B4B0004641540046415433EB769045584641543A
:10B4C00020202000024600E0521C107810B11078B5
:10B4D0008842F9D11078704730B502460B460020FB
:10B4E000044601461CE01A4800EB01100068A8B1B0
:10B4F000174800EB011000681568A8420FD11448E6
:10B5000000EB011040689568A84208D1104800EB94
:10B5100001108068156BA84201D103E00124491C89
:10B520000229E0D300BF022906D10CB9022B01D1B8
:10B53000002030BD1220FCE733B9054800EB0110B4
:10B540008089B0F5807F01D11020F2E70020F0E77C
:10B55000C8060120014600200BE0074A02EB00125A
:10B5600012688A4204D10022034B03EB00131A60D5
:10B57000401C0228F1D37047C80601202DE9F84F7E
:10B58000824615461E46DAF800000090DAF85000B0
:10B5900000F104094FF40072002328463146F5F704
:10B5A000CCFF07460098B0F80AC062460023384630
:10B5B000F5F7C3FF834600BF59F8044B14B90020C8
:10B5C000BDE8F88FA34500D204E0ABEB040B09F112
:10B5D0000409F1E700BFD9F800005844F0E702463B
:10B5E000891ED069801E884201D800207047538987
:10B5F000106B01FB0300F9E72DE9F04780460C468C
:10B6000004F11A0005F0A4FF10B10020BDE8F08796
:10B61000207800F03F00401E00EB800101EBC005E8
:10B620004FF00109002621E01849895D081905F04D
:10B630008FFF0746B9F1000F11D0FF2D0BD238460E
:10B6400004F044FB824629466D1C38F8110004F0D2
:10B650003DFB824501D00020D8E7B94605E04FF612
:10B66000FF70874201D00020D0E7761C0D2EDBD37F
:10B67000207800F0400038B1B9F1000F04D038F85C
:10B68000150008B10020C1E70120BFE7FC03040852
:10B690002DE9F04704468A462668BAF1000F06D124
:10B6A000776917B1F069B84217D8012715E05146FC
:10B6B000204604F091FF8146B9F1020F02D2012029
:10B6C000BDE8F08709F1010008B94846F8E7F069DC
:10B6D000484501D94846F3E75746307804284CD10D
:10B6E00001223946304604F080FB05460DB1681C46
:10B6F00008B92846E4E701231A4629463046FFF7F1
:10B700004DFE8046B8F1020F01D10120D8E7B8F113
:10B71000010F02D14FF0FF30D2E7BAF1000F02D192
:10B720000220E0710AE0E079022807D1781C854206
:10B7300004D0A068381AA0610320E071E0790228E3
:10B740004FD00AF10100854207D1E06910B1E069EC
:10B75000401C00E00220E06143E0E06908B90120FC
:10B76000E0612A465146204604F01DFB8046B8F1B0
:10B77000000F36D10120E06133E03D4600BF6D1C73
:10B78000F069A84204D80225BD4201D9002097E7FC
:10B790002946204604F020FF8146B9F1000F00D170
:10B7A0000BE0B9F1010F02D009F1010008B94846D8
:10B7B00086E7BD42E3D1002082E700BF4FF0FF32B1
:10B7C000294630460DF054FF8046B8F1000F08D1ED
:10B7D000BAF1000F05D02A46514630460DF048FF19
:10B7E0008046B8F1000F0DD17561D6E90610801EB4
:10B7F000814202D8B069401EB061307940F001004A
:10B80000307107E0B8F1010F02D14FF0FF3000E0D6
:10B8100001200546284653E711B587B00798806A8E
:10B82000008A80B205900798806A808980B204906F
:10B83000059904F0DFFF0690069808B108B010BD26
:10B840000020059043E00020049013E0059880B2AA
:10B850000390049880B202900798806A00680223DF
:10B86000019007981830DDE90141039AA047049838
:10B87000401C049004981428E8DB002004901DE08C
:10B88000059880B20390FE480088C0EBC00000EB32
:10B8900080010498143000EB4100801C80B20290BB
:10B8A0000798806A00680223019007981830DDE944
:10B8B0000141039AA0470498401C0490F14909886B
:10B8C0003C3104988842DBDB0598401C05900798C2
:10B8D000806A016905988142B5D80020059040E052
:10B8E0000020049013E0049880B20390059880B281
:10B8F00002900798806A0068022301900798183028
:10B90000DDE90141039AA0470498401C0490049883
:10B910002E28E8DB002004901AE0DB48008800EBCA
:10B9200080010498313000EBC10080B2039005988B
:10B9300080B202900798806A0068022301900798FD
:10B940001830DDE90141039AA0470498401C049097
:10B95000CE480088401E04998842DEDC0598401CD1
:10B9600005900798806AC16805988142B8D8002080
:10B97000059025E00020049015E004982F3080B257
:10B9800003900598153080B202900798806A00688D
:10B990000123019007981830DDE90141039AA0477F
:10B9A0000498401C0490B848008800EB80000121F6
:10B9B00001EBC00104988142DFDC0598401C059032
:10B9C000AF480088C0EBC00000EB80010598B0EBE9
:10B9D000410FCFDB0020059026E0002004901DE001
:10B9E000A94909880598484300EB80002F3080B2B0
:10B9F0000390A349098804984843153080B2029007
:10BA00000798806A00680023019007981830DDE9E4
:10BA10000141039AA0470498401C049004984728C9
:10BA2000DEDB0598401C059005980928D5DB002031
:10BA3000059026E0002004901DE0934909880498B1
:10BA400048432F3080B203908D49098805984843B8
:10BA500000EB8000153080B202900798806A006881
:10BA60000023019007981830DDE90141039AA047AF
:10BA70000498401C049004982928DEDB0598401C9B
:10BA8000059005980F28D5DB0020059037E0059834
:10BA9000153080B204900798806A006800232E2237
:10BAA000039007981830DDE90341A04774490988DD
:10BAB000059890FBF1F201FB1200E8B905981530EA
:10BAC00080B204900798806A0068002330220390B7
:10BAD00007981830DDE90341A0470598153080B27A
:10BAE00004900798806A0068002333220390079827
:10BAF0001830DDE90341A0470598401C05906048D7
:10BB00000088C0EBC00000EB80010598B0EB410F4E
:10BB1000BDDB0020059055E05B48008800EB80000D
:10BB20002F2101EBC000401C80B204900598153015
:10BB300080B203900798806A0068002302900798FB
:10BB40001830DDE90241049AA0474D49098805985B
:10BB500090FBF1F201FB120088BB4B48008800EB20
:10BB600080002F2101EBC000801E80B20490059858
:10BB7000153080B203900798806A00680023029015
:10BB800007981830DDE90241049AA0473E48008832
:10BB900000EB80002F2101EBC000401F80B2049019
:10BBA0000598153080B203900798806A00680023DA
:10BBB000029007981830DDE90241049AA0470598E1
:10BBC000401C05902E480088C0EBC00000EB8001AF
:10BBD0000598B0EB410F9FDB0020059091E00598A0
:10BBE0002F3080B204900798806A00680023039089
:10BBF000142107981830DDE90342A04705982F303B
:10BC000080B204901E480088C0EBC00000EB8000AA
:10BC1000152101EB400080B203900798806A00680C
:10BC20000023029007981830DDE90241049AA047EA
:10BC300015490988059890FBF1F201FB120038BB09
:10BC400005982F3080B204900798806A006800231E
:10BC50000390162107981830DDE90342A0470598A4
:10BC60002F3080B204900798806A00680023039008
:10BC7000192107981830DDE90342A047059808E02C
:10BC80007C090020800900207E0900208209002014
:10BC900034E02F3080B20490FE480088C0EBC00032
:10BCA00000EB8000152101EB4000801E80B2039064
:10BCB0000798806A00680023029007981830DDE931
:10BCC0000241049AA04705982F3080B20490F148B1
:10BCD0000088C0EBC00000EB8000152101EB4000A4
:10BCE000401F80B203900798806A0068002302908A
:10BCF00007981830DDE90241049AA0470598401CD6
:10BD00000590E548008800EB8000012101EBC001AF
:10BD1000059881423FF763AF0020059088E0DE4838
:10BD2000008800EB80002F2101EB800080B204909E
:10BD30000598153080B203900798806A0068002348
:10BD4000029007981830DDE90241049AA047D149D2
:10BD50000988059890FBF1F201FB1200F0BBCE4878
:10BD6000008800EB80002F2101EB8000801E80B254
:10BD700004900598153080B203900798806A006897
:10BD80000023029007981830DDE90241049AA04789
:10BD9000C148008800EB80002F2101EB8000401F8C
:10BDA00080B204900598153080B203900798806A9D
:10BDB00000680023029007981830DDE90241049AD8
:10BDC000A047B548008800EB80002F2101EB8000E0
:10BDD000401C80B204900598153000E025E080B248
:10BDE00003900798806A0068002302900798183033
:10BDF000DDE90241049AA047A748008800EB8000D3
:10BE00002F2101EB8000001D80B2049005981530B1
:10BE100080B203900798806A006800230290079818
:10BE20001830DDE90241049AA0470598401C0590AE
:10BE300098480088C0EBC00000EB80010598B0EB8B
:10BE4000410FFFF66CAF00200590BEE005982F3043
:10BE500080B204908F480088C0EBC00000EB8000E7
:10BE6000153080B203900798806A00680023029022
:10BE700007981830DDE90241049AA04786490988ED
:10BE8000059890FBF1F201FB1200E8BB05982F30FA
:10BE900080B204907F480088C0EBC00000EB8000B7
:10BEA000133080B203900798806A006800230290E4
:10BEB00007981830DDE90241049AA04705982F3011
:10BEC00080B2049073480088C0EBC00000EB800093
:10BED000103080B203900798806A006800230290B7
:10BEE00007981830DDE90241049AA04705982F30E1
:10BEF00080B2049067480088C0EBC00000EB80006F
:10BF0000163080B2039000E022E00798806A006853
:10BF10000023029007981830DDE90241049AA047F7
:10BF200005982F3080B204905A480088C0EBC000BA
:10BF300000EB8000193080B203900798806A006897
:10BF40000023029007981830DDE90241049AA047C7
:10BF50005148008800EB8001059890FBF1F201FB4D
:10BF6000120078BB05982F3080B2049049480088B1
:10BF7000C0EBC00000EB80000D3080B2039007984A
:10BF8000806A00680023029007981830DDE90241BA
:10BF9000049AA04705982F3080B204903D4800884D
:10BFA000C0EBC00000EB80001C3080B2039007980B
:10BFB000806A00680023029007981830DDE902418A
:10BFC000049AA0470598401C05903348008800EB70
:10BFD0008000012101EBC001059881423FF736AF97
:10BFE0000798806A006800232E2214210590079884
:10BFF0001830059CA0472848008800EB80002E21BF
:10C0000001EBC000801C80B205900798806A006830
:10C0100000230490142107981830DDE90442A0475A
:10C020001C480088C0EBC00000EB8000142101EB2D
:10C030004000401C80B205900798806A0068002389
:10C040002E22049007981830DDE90441A0471248D9
:10C05000008800EB80002E2101EBC000801C80B224
:10C0600005900C480088C0EBC00000EB8000142154
:10C0700001EB4000401C80B204900798806A006881
:10C080000023039007981830DDE90341059AA04783
:10C09000012003E07C0900207E090020034908708C
:10C0A0000CF038FD00BFFFF7C9BB00008409002079
:10C0B0002DE9F34F83B08146049800680190D9F8C8
:10C0C0000000D0F80CA000200546064600BF304610
:10C0D000761C01990C5C202C00DA2BE02F2C01D06F
:10C0E0005C2C0AD100E0761C0198805D2F28FAD0E4
:10C0F0000198805D5C28F6D01CE0FF2D03D306205C
:10C1000005B0BDE8F08FE4B20121204603F0B8FD90
:10C1100004460CB90620F3E7802C06DA21466AA013
:10C12000FFF7D0F908B10620EAE728466D1C2AF887
:10C130001040CCE700BF0198811904980160202CC1
:10C1400001DA042000E00020074608E0681E3AF803
:10C150001040202C02D02E2C00D002E06D1E002DAD
:10C16000F4D100BF00202AF815000DB90620C7E75A
:10C170000B22202109F1400005F001FB002600E020
:10C18000761C3AF816002028FAD03AF816002E2825
:10C19000F6D00EB147F0030700E06D1E25B1681E12
:10C1A0003AF810002E28F8D14FF00008CDF808809A
:10C1B0004FF0080B00BF3046761C3AF8104004B927
:10C1C00054E0202C03D02E2C04D1AE4202D047F0F4
:10C1D0000307F0E70298584501D2AE4216D1BBF1F1
:10C1E0000B0F02D147F0030740E0AE4201D047F009
:10C1F0000307AE4200D939E02E46082002904FF0E6
:10C200000B0B4FEA88604FEA1068D4E7802C0BDBF9
:10C210000021204603F034FD04461CB1A4F1800047
:10C220002C490C5C47F0020700BF24B121462AA02C
:10C23000FFF748F918B15F2447F003070FE0412CDE
:10C2400004DB5A2C02DC48F0020808E0612C06DB13
:10C250007A2C04DC48F00108A4F1200084B2029892
:10C26000411C029109F140010C54A4E700BF99F868
:10C270004000E52802D1052089F84000BBF1080FF5
:10C2800003D14FEA88604FEA106808F00C000C28D0
:10C2900003D008F00300032801D147F0020707F09C
:10C2A000020058B908F00300012801D147F0100737
:10C2B00008F00C00042801D147F008074B2000F8D3
:10C2C000097000201CE70000222A3A3C3E3F7C7F98
:10C2D000000000007C0304082B2C3B3D5B5D00004C
:10C2E0002DE9F04704460D4640220021204605F086
:10C2F00046FA85202070C02084F8200000274FF0E7
:10C3000001084FF00109402600BFC1223046761CCB
:10C31000225400223046761C225400BFB9F1000F8F
:10C3200006D035F81700B0F1000901D0781CC7B26B
:10C33000A01949460DF04EFCB01C064600F01F0047
:10C340000028EBD108F1010000F0FF0835F81700D4
:10C350000028DAD184F8237084F8018028460EF092
:10C36000B2FA8246514604F124000DF033FCBDE8D8
:10C37000F087000010B50246531E1A46022B17D252
:10C380000C4B03EB02139989B1F5807F00D100219A
:10C39000002901DD4B1E99B2064B03EB0213998174
:10C3A00021B90023034C04EB02142360002000E0B9
:10C3B000022010BDC806012000BF011EA0F101002F
:10C3C000FBD170473221484300BF011EA0F101009C
:10C3D000FBD1704700BF011EA0F10100FBD17047E7
:10C3E0006421484300BF011EA0F10100FBD170474A
:10C3F00010B520480078072803D11F481F4908605E
:10C4000016E01C480078052803D11B481B4908602A
:10C410000EE018480078062804D11748483017491C
:10C42000086005E0182009F063FD1348134908600F
:10C4300012480068124908601248006848600F48B6
:10C44000006880880D490968C9880E4A126800FB97
:10C4500001200B4988600C48007848B901200A493E
:10C46000087007490868FBF789FA054805F090F954
:10C47000002010BD5C08002070AA030844080020BA
:10C480007013002040000020480800202DE9F041F2
:10C4900004460E46D4F800800021204600F027FB19
:10C4A00005465DBB002700BF4046A16B05F08EF935
:10C4B000054605B121E098F80000042805D1E06B9D
:10C4C0000078012121EAD01009E0E06B0078E5282E
:10C4D00002D0E06B007808B9012000E0002020B114
:10C4E000781C0746B04201D107E000270121204611
:10C4F00000F0DEF80546002DD6D000BF042D00D197
:10C5000007252846BDE8F0812DE9F04F85B00446A7
:10C5100025680021204600F0EAFA07461FB1384698
:10C5200005B0BDE8F08F287804284CD1E8680EF0FB
:10C53000CAF901903EE0296901F1240005F008F8EC
:10C540000199884200D035E0286990F823000390D3
:10C550004FF0400A002002901FE00AF01F0008B9C7
:10C560000AF1020A296901EB0A0004F0F1FF0090C8
:10C5700003F0ACFB8346EA68029932F8110003F03D
:10C58000A5FB834500D00BE00398401EC0B203908A
:10C590000AF1020A0298401C029003980028DCD19C
:10C5A00000BF039828B9E968029831F8100000B973
:10C5B00006E000BF0021204600F00AF9071EBAD0AD
:10C5C00000BF3846ACE74FF0FF09CDF810904FF0B0
:10C5D000FF30E06400BF2846A16B05F0F7F807467E
:10C5E00007B162E0E06B06780EB904275DE0E06B0E
:10C5F000C07A00F03F0884F80680E52E05D008F0E8
:10C60000080040B1B8F10F0F05D04FF0FF094FF00F
:10C61000FF30E06442E0B8F10F0F22D14B20005D03
:10C6200000F04000A0BB06F0400038B1E06B407B5A
:10C63000049006F0BF06B146206BE0644E450CD175
:10C64000E06B417B0498814207D1E16BE868FEF71B
:10C65000D3FF10B1A9F1010000E0FF2000F0FF09B5
:10C660001CE0B9F1000F06D1E06B0DF0F2FA04996D
:10C67000884200D119E04B20005D00F0010040B974
:10C680000B2204F14001E06B05F05AF808B90CE008
:10C6900004E04FF0FF094FF0FF30E0640021204636
:10C6A00000F006F80746002F95D000BF384637E760
:10C6B0002DE9F047044689462568206B00F12007E4
:10C6C000A06B40B12878042801D1800601E04FF426
:10C6D0000010B84202D80420BDE8F087C7F3080074
:10C6E00000286CD1A06B401CA063606B38B928890E
:10C6F000B0EB571F63D80020A0630420ECE76889E3
:10C70000401E00EA5720002859D12046616B03F0F3
:10C7100063FF0646012E01D80220DDE7701C08B930
:10C720000120D9E7E869B04243D8B9F1000F03D13D
:10C730000020A0630420CFE72046616BFEF7A8FF2E
:10C7400006460EB90720C7E7012E01D10220C3E734
:10C75000701C08B90120BFE7E07940F00400E071E7
:10C7600028460DF0CFFA08B10120B5E74FF400726A
:10C77000002105F1380005F002F84FF000083146BD
:10C780002846FEF72CFF68630CE00120E87028467D
:10C790000DF0B8FA08B101209EE708F10108686BB6
:10C7A000401C686368894045EFD8686BA0EB0800BF
:10C7B0006863666331462846FEF711FFA06327636E
:10C7C000C7F3080105F138000844E063002083E75F
:10C7D0002DE9F05F04468846042627684FF0FF0ADB
:10C7E000D3466CE03846A16B04F0F0FF064606B174
:10C7F00068E0E06B05780DB9042663E0387804281A
:10C8000014D1B8F1000F02D0832D51D15AE0852DFB
:10C810004ED1206BE064204604F0EAFE064626B9BD
:10C820003869007900F03F00A0714BE0E06BC07AFE
:10C8300000F03F0984F80690E52D0AD02E2D08D08F
:10C8400029F02000082801D1012000E00020404507
:10C8500002D04FF0FF0A2BE0B9F10F0F1CD105F009
:10C86000400038B1E06B90F80DB005F0BF05AA4666
:10C87000206BE06455450BD1E06B407B584507D1F8
:10C88000E16BF8680CF0B0FE10B1AAF1010000E015
:10C89000FF2000F0FF0A0BE0BAF1000F04D1E06BBB
:10C8A0000DF0D7F9584502D04FF0FF30E06409E0B1
:10C8B00000212046FFF7FCFE064606B102E0A06B11
:10C8C00000288FD100BF0EB10020A0633046BDE824
:10C8D000F09F2DE9F04F99B0044626684B20005D8B
:10C8E00000F0A00018B1062019B0BDE8F08F4FF09D
:10C8F000000B01E00BF1010BF06830F81B00002881
:10C90000F8D13078042862D10BF10E000F21B0FB72
:10C91000F1F000F1020949462046FFF7B7FD054650
:10C920000DB12846E0E7A9F101002022216B02FBAE
:10C930001010E064A068002843D0E07900F0040003
:10C9400000283ED070894002D4E90431181841F122
:10C950000001C4E90401204603F00AFA05460DB1BE
:10C960002846C1E74FF0FF322046616B03F01BFA07
:10C9700005460DB12846B7E72146684604F01AFE81
:10C9800005460DB12846AFE7D4E90473316901F1DA
:10C9900038003A460DF0F0F8D4E90473316901F13A
:10C9A00028003A460DF0E8F8E07940F001003169DE
:10C9B00081F8210068460DF013F905460DB12846AF
:10C9C00092E7D6E90310FFF78BFC00208CE70C22DE
:10C9D00004F1400115A804F0C5FE9DF85F0000F0C9
:10C9E000010028B340214B2001554FF0010A0EE011
:10C9F000534615A904F14000F26803F06FFD20468C
:10CA0000FFF782FD054605B104E00AF1010ABAF11B
:10CA1000640FEDD300BFBAF1640F01D1072063E7C3
:10CA2000042D01D028465FE79DF85F104B2001558B
:10CA30009DF85F0000F0020030B10BF10C000D21F9
:10CA4000B0FBF1F0401C00E0012081464946204641
:10CA5000FFF71CFD054675BBA9F10100B0F1000907
:10CA600029D0206BA0EB4911204600F040F8054684
:10CA70000DBB04F140000DF0ECF8149000BF3046FF
:10CA8000A16B04F0A3FE054605B113E009F0FF0217
:10CA9000E16BF068149B0CF08DFE0120F07000211A
:10CAA0002046FFF705FE054625B9A9F10100B0F1C2
:10CAB0000009E4D100BFC5B93046A16B04F086FE81
:10CAC000054695B920220021E06B04F058FE0B22A8
:10CAD00004F14001E06B04F045FE4B20005D00F0E6
:10CAE0001800E16B08730120F0702846FCE62DE980
:10CAF000F04104460D4626683078042801D18006AE
:10CB000001E04FF40010A84202D905F01F0010B157
:10CB10000220BDE8F0812563A7682FB9307803288B
:10CB200002DBF76A0020E07147B93089B0EB551F8E
:10CB300001D80220EDE7F06AA0631CE070894FEA9B
:10CB4000402811E03946204603F046FD0746781C90
:10CB500008B90120DDE7022F02D3F069B84201D8FD
:10CB60000220D6E7A5EB08054545EBD2394630460D
:10CB7000FEF735FDA0636763A06B08B90220C8E724
:10CB8000A06B00EB5520A063C5F3080106F1380047
:10CB90000844E0630020BCE770B50446002508485F
:10CBA000005D58B901200649085501F10C02105DDD
:10CBB0000A1D52F82420116888470546284670BD92
:10CBC000480B01202DE9F04104460D461646064962
:10CBD000085D083951F8241032460B6929469847F8
:10CBE00007463846BDE8F081540B01202DE9F0419D
:10CBF00004460D4616461F460749085D083951F898
:10CC000024103B463246D1F808C02946E04780460A
:10CC10004046BDE8F0810000540B012070B5044689
:10CC2000044A105D083A52F82420516888470546A6
:10CC3000284670BD540B01202DE9F04104460D46F5
:10CC400016461F460749085D083951F824103B462F
:10CC50003246D1F80CC02946E04780464046BDE840
:10CC6000F0810000540B01202DE9F047044689466D
:10CC70002189606A8089084485B26189606AC089B7
:10CC8000084486B2B9F1000F55D1002750E04FF0AB
:10CC9000000849E05348C05D00FA08F000F0800049
:10CCA00070B1F01D384482B205EB08002A3081B221
:10CCB000A06A0523D0F800C004F11400E0470DE09D
:10CCC000F01D384482B205EB08002A3081B2A06A18
:10CCD0000423D0F800C004F11400E0474248C05DCE
:10CCE00000FA08F000F0800070B1F01D384482B204
:10CCF00005EB0800333081B2A06A0523D0F800C0EC
:10CD000004F11400E0470DE0F01D384482B205EB59
:10CD10000800333081B2A06A0423D0F800C004F1C7
:10CD20001400E04708F10108B8F1080FB2DB7F1CDE
:10CD3000092FACDB54E0002750E04FF0000849E039
:10CD40002A48C05D00FA08F000F0800070B1F01DC4
:10CD5000384482B205EB08002A3081B2A06A05236C
:10CD6000D0F800C004F11400E0470DE0F01D384495
:10CD700082B205EB08002A3081B2A06A0423D0F801
:10CD800000C004F11400E0471748C05D00FA08F045
:10CD900000F0800070B1F01D384482B205EB08004D
:10CDA000333081B2A06A0523D0F800C004F114002A
:10CDB000E0470DE0F01D384482B205EB0800333047
:10CDC00081B2A06A0423D0F800C004F11400E04747
:10CDD00008F10108B8F1080FB2DB7F1C092FACDBAA
:10CDE000BDE8F087BAD30308C3D30308CCD3030844
:10CDF00001B596B04FF45970159044F2306014901C
:10CE000040F6624013904FF41B5012901698008920
:10CE10001190169840891090169880890F90169856
:10CE2000C0890E901698808B0D90169880890C9072
:10CE30001698C0890B90169840680A901698408BF7
:10CE40003C2808DB1698408B462804DA0420099019
:10CE50001420089036E01698408B462808DB169878
:10CE6000408B502804DA042009901520089029E00E
:10CE70001698408B502808DB1698408B532804DA0C
:10CE800004200990162008901CE01698408B532827
:10CE900008DB1698408B572804DA042009901720E5
:10CEA00008900FE01698408B572808DB1698408BA7
:10CEB0005A2804DA042009901820089002E004207F
:10CEC00009900890002007903BE00020069030E099
:10CED000079808B9069848B3079820B90F98C01E5C
:10CEE0000699884222D00E98C01E0799884201D127
:10CEF0000698D8B10E98C01E0799884204D10F98A1
:10CF0000C01E0699884211D0079910980844401C09
:10CF100080B20590119906980844401C80B2049094
:10CF20000146099B059A0D980CF0CAFD0698401C15
:10CF300006900F98801E06998842C9DC0798401C0D
:10CF400007900E98801E07998842BEDC002007904B
:10CF50009EE04FF459710798814001F40040E0B120
:10CF60000798C117069000EB917081101098084443
:10CF700080B204900798C117059000EB9170811062
:10CF80000598A0EB81011198084480B203900146F6
:10CF9000089B049A0D980CF093FD44F230610798B9
:10CFA000814001F40040F8B10798C117069000EBEA
:10CFB00091708110109801440E980844001F80B2AF
:10CFC00004900798C117059000EB917081100598A7
:10CFD000A0EB81011198084480B203900146089BA0
:10CFE000049A0D980CF06CFD40F662410798814060
:10CFF00001F40040F8B10798C117069000EB91705A
:10D0000081101098084480B204900798C1170590C9
:10D0100000EB917081100598A0EB810111980144FB
:10D020000F980844001F80B203900146089B049AA1
:10D030000D980CF045FD4FF41B510798814001F409
:10D04000004010B30798C117069000EB9170811053
:10D05000109801440E980844001F80B2049007986D
:10D06000C117059000EB917081100598A0EB81012C
:10D07000119801440F980844001F80B203900146A4
:10D08000089B049A0D980CF01BFD0798401C079014
:10D0900007981028FFF65DAF0020079020E0119858
:10D0A000001D0799084480B206900146089B109A1B
:10D0B0000D980CF005FD0E9910980844401E80B2A2
:10D0C00006901198001D0799084480B2059001460A
:10D0D000089B069A0D980CF0F3FC0798401C0790EB
:10D0E0000F98083807998842D9DC0020079020E083
:10D0F0001098001D0799084480B206900246089BCC
:10D1000011990D980CF0DCFC1098001D079908444B
:10D1100080B206900F9911980844401E80B2059085
:10D120000146089B069A0D980CF0CAFC0798401C13
:10D1300007900E98083807998842D9DC1698408BDA
:10D14000F0BB0C98A038052190FBF1F080B207905D
:10D150000798059000EBD07041101198084480B2F8
:10D160000690012000900B981038059000EBD070CD
:10D1700041101098084480B203900A980068034652
:10D1800004900A21039A0D9803F060FD0020059099
:10D1900022E0002000900B981238049000EBD07031
:10D1A00041101098084480B202900598401C0A99DA
:10D1B00051F8200003460390029A06990D9800E06A
:10D1C0000EE003F043FDDDE906102030084480B294
:10D1D00006900598401C059005980528D9DB22E2A9
:10D1E0001698408B022803D01698408B03284DD107
:10D1F0000C983038059000EBD070C0F34F000790CA
:10D200000798059000EBD07041101198084480B247
:10D210000690012000900B981038059000EBD0701C
:10D2200041101098084480B203900A9800680346A1
:10D2300004900A21039A0D9803F008FD0020059040
:10D2400020E0002000900B981238049000EBD07082
:10D2500041101098084480B202900598401C0A9929
:10D2600051F8200003460390029A06990D9803F0A6
:10D27000EDFCDDE906101830084480B206900598F0
:10D28000401C059005980228DBDBA8E71698408B28
:10D29000082803D01698408B092851D10C983038B3
:10D2A000059000EBD070C0F34F00079007980590F1
:10D2B00000EBD07041101198084480B20690012014
:10D2C00000900B981038059000EBD070411010982A
:10D2D000084480B203900A98006804901198283896
:10D2E00080B202900146DDE903230D9803F0AEFC05
:10D2F0000020059020E0002000900B981238049048
:10D3000000EBD07041101098084480B2029005984C
:10D31000401C0A9951F8200003460390029A06998E
:10D320000D9803F093FCDDE906101830084480B234
:10D3300006900598401C059005980228DBDBA8E3C1
:10D340001698408B01287DD10C988038059000EB11
:10D35000D070C0F34F0007900798059000EBD07095
:10D3600041101198084480B20690012000900B985B
:10D370001038059000EBD07041101098084480B22E
:10D3800003900A980068034604900A21039A0D98B6
:10D3900003F05CFC0020059086E00598C0B90020F1
:10D3A00000900B981238049000EBD0704110109848
:10D3B000084480B202900598401C0A9951F8200058
:10D3C00003460390029A06990D9803F03FFC62E031
:10D3D0000598401C0A9951F8200004900020009004
:10D3E0000B981238039000EBD0704110109808444D
:10D3F00080B20290069880B201900246029B049986
:10D400000D9800F0F2FF002000900B981238039066
:10D4100000EBD07041101098084480B2029006983A
:10D42000103080B2019002460499891C029B0D982D
:10D4300000F0DBFF002000900B981238039000EB07
:10D44000D07000E035E041101098084480B202909E
:10D450000698203080B2019002460499091D029B73
:10D460000D9800F0C2FF002000900B981238039036
:10D4700000EBD07041101098084480B202900698DA
:10D48000303080B2019002460499891D029B0D98AC
:10D4900000F0ABFF00BFDDE906104030084480B269
:10D4A00006900598401C059005980228FFF675AF78
:10D4B000EFE21698408B0428FAD01698408B1E286D
:10D4C0003BDB1698408B282837DC0C9830380590C9
:10D4D00000EBD070C0F34F0007900798059000EB69
:10D4E000D07041101198084480B206900020059039
:10D4F0001FE0002000900B981238049000EBD070D1
:10D5000041101098084480B2029005990A9850F88A
:10D51000210003460390029A06990D9803F096FBAA
:10D52000DDE906101830084480B206900598401CCA
:10D53000059005980228DCDBABE21698408B292881
:10D5400037D10C986238059000EBD070C0F34F00D3
:10D5500007900798059000EBD0704110119808448F
:10D5600080B20690002005901FE0002000900B98EC
:10D570001238049000EBD07041101098084480B22B
:10D58000029005990A9850F8210003460390029AE8
:10D5900006990D9803F05AFBDDE906103130084476
:10D5A00080B206900598401C059005980228DCDBA7
:10D5B0006FE21698408B2A2836D10C986C380321DC
:10D5C00090FBF1F080B207900798059000EBD070C7
:10D5D00041101198084480B20690002005901FE089
:10D5E000002000900B981238049000EBD07041108E
:10D5F0001098084480B2029005990A9850F82100CA
:10D6000003460390029A06990D9803F01FFBDDE98B
:10D6100006102430084480B206900598401C0590FE
:10D6200005980328DCDB34E21698408B052838DBAC
:10D630001698408B072834DC0C984038049000EB97
:10D64000D070C0F34F00079007991198084480B23A
:10D6500006900A9800680590002004901DE00020C4
:10D6600000900B981038039000EBD0704110109888
:10D67000084480B20290DDE9040101EB4000019012
:10D680000146029B069A0D9800F0AFFE06981030F6
:10D6900080B206900498401C049004980428DEDBB5
:10D6A000F7E11698408B3C28BDDB1698408B592833
:10D6B000B9DA1698408B04901698408B3C2825DBED
:10D6C0001698408B462821DA14200090169840893D
:10D6D000049016980089143080B2EFA3039001469D
:10D6E000049A0D9803F0B2FA08F0EEF930B91698E2
:10D6F000408B3C38E94951F8200005E01698408BF2
:10D700003C38E74951F820000790CAE01698408B52
:10D71000462825DB1698408B502821DA15200090EA
:10D7200016984089049016980089143080B2DDA3C1
:10D7300003900146049A0D9803F088FA08F0C4F9A2
:10D7400030B91698408B4638D44951F8200005E08E
:10D750001698408B4638D24951F820000790A0E037
:10D760001698408B532843DB1698408B57283FDA96
:10D770000020009016984089801C80B20490169872
:10D7800000890F3080B2C8A303900146049A0D9817
:10D7900003F05CFA08F098F930B91698408B4638D7
:10D7A000BE4951F8200005E01698408B4638BC4928
:10D7B00051F820000790169880892838049000EBD3
:10D7C000D070C0F34F00069000200090169840895A
:10D7D0001E3080B20490169801890698084480B2E1
:10D7E00003900146079B049A0D9803F02FFA58E026
:10D7F0001698408B572843DB1698408B59283FDA00
:10D800000020009016984089801C80B204901698E1
:10D810000089143080B2A6A303900146049A0D98A3
:10D8200003F014FA08F050F930B91698408B4638D6
:10D830009A4951F8200005E01698408B46389849DF
:10D8400051F820000790169880891838049000EB52
:10D85000D070C0F34F0006900020009016984089C9
:10D860001E3080B20490169801890698084480B250
:10D8700003900146079B049A0D9803F0E7F910E026
:10D8800008F022F930B91698408B4638834951F890
:10D89000200005E01698408B4638814951F8200059
:10D8A00007900798F3F7B0FE059008F00DF9D8BB84
:10D8B000059808281BD2169881890598A1EBC0000D
:10D8C000C0F34F00069000200090169840891E304B
:10D8D00080B20490169801890698084480B203909B
:10D8E0000146079B049A0D9803F0B0F9D0E0169812
:10D8F00080893038049000EBD070C0F34F00069060
:10D900000020009016984089123080B2049016983A
:10D9100001890698084480B203900146079B049A47
:10D920000D9803F093F9B3E0FFE70598042825D19B
:10D9300000200090169840891E3080B204901698FE
:10D9400000890F3080B203900246049B07990D981E
:10D9500000F04BFD00200090169840891E3080B2E8
:10D96000049016980089233080B2039002460799EC
:10D97000891C049B0D9800F038FD89E00598062865
:10D9800038D100200090169840891E3080B2049053
:10D99000169800890A3080B203900246049B0799CA
:10D9A0000D9800F022FD00200090169840891E304E
:10D9B00080B20490169800891A3080B20390024613
:10D9C0000799891C049B0D9800F00FFD0020009022
:10D9D000169840891E3080B20490169800892A302B
:10D9E00080B2039002460799091D049B0D9800F030
:10D9F000FCFC4DE0059808284AD1002000901698BC
:10DA000040890F3080B20490169800890D3080B2A2
:10DA100003900246049B07990D9800F0E6FC002055
:10DA20000090169840890F3080B2049016980089B3
:10DA3000233080B2039002460799891C049B0D98FD
:10DA400000F0D3FC0020009016984089263080B268
:10DA50000490169800890D3080B203900246079911
:10DA6000091D049B0D9800F0C0FC00200090169842
:10DA70004089263080B2049016980089233080B205
:10DA8000039002460799891D049B0D9800F0ADFC98
:10DA900000BF17B000BD000043483100A40C0020B7
:10DAA000580C0020434832004D61746800000000AB
:10DAB0004646540001B596B04FF45970159044F2A3
:10DAC0003060149040F6624013904FF41B50129057
:10DAD00016980189406A8089084480B2119016988E
:10DAE0004189406AC089084480B2109016988089A4
:10DAF0000F901698C0890E9001200B901698408ABE
:10DB0000042806D14E200D903C200C9000200B9054
:10DB100049E01698408A062803D104200D900C9005
:10DB200041E01698408A072803D104200D900C90FC
:10DB300039E01698408A432803D104200D900C90B8
:10DB400031E01698408A442803D104200D900C90AF
:10DB500029E01698408A47280CD1FE48007808B181
:10DB600017B000BD47200D903C200C900121F948D2
:10DB7000017018E01698408A4C2806D14E200D906E
:10DB80003C200C9000200B900DE01698408A4D2808
:10DB900006D14E200D903C200C9000200B9002E00E
:10DBA00004200D900C900B98002846D000200A907D
:10DBB0003EE00020099033E00A9808B9099860B364
:10DBC0000A9820B90F98C01E0999884225D00E984E
:10DBD000C01E0A99884201D10998F0B10E98C01E62
:10DBE0000A99884204D10F98C01E0999884214D01E
:10DBF0000A9910980844401C80B20890119909981D
:10DC00000844401C80B207901698806A40680690CD
:10DC1000DDE906300D9A089998470998401C09904B
:10DC20000F98801E09998842C6DC0A98401C0A9009
:10DC30000E98801E0A998842BBDC00200A90AAE058
:10DC40004FF459710A98814001F40040F8B10A98E4
:10DC5000C117099000EB917081101098084480B2B0
:10DC600007900A98C117089000EB917081100898EE
:10DC7000A0EB81011198084480B206901698806A42
:10DC800040680590DDE905300C9A0799984744F201
:10DC900030610A98814001F4004010B30A98C1171E
:10DCA000099000EB91708110109801440E9808447F
:10DCB000001F80B207900A98C117089000EB91707E
:10DCC00081100898A0EB81011198084480B2069059
:10DCD0001698806A40680590DDE905300C9A07992E
:10DCE000984740F662410A98814001F4004010B321
:10DCF0000A98C117099000EB9170811010980844A0
:10DD000080B207900A98C117089000EB91708110BB
:10DD10000898A0EB8101119801440F980844001F56
:10DD200080B206901698806A40680590DDE905305B
:10DD30000C9A079998474FF41B510A98814001F4B7
:10DD4000004028B30A98C117099000EB9170811028
:10DD5000109801440E980844001F80B207900A985A
:10DD6000C117089000EB917081100898A0EB810119
:10DD7000119801440F980844001F80B2069016982D
:10DD8000806A40680590DDE905300C9A079998474C
:10DD90000A98401C0A900A981028FFF651AF0020FC
:10DDA0000A9026E01198001D0A99084480B2099053
:10DDB0001698806A40680890DDE908300C9A10993E
:10DDC00098470E9910980844401E80B20990119807
:10DDD000001D0A99084480B208901698806A40682D
:10DDE0000790DDE907300C9A099998470A98401C7A
:10DDF0000A900F9808380A998842D3DC00200A90CC
:10DE000026E01098001D0A99084480B209901698DF
:10DE1000806A40680890DDE908310C9A11989847AB
:10DE20001098001D0A99084480B209900F99119822
:10DE30000844401E80B208901698806A4068079097
:10DE4000DDE907300C9A099998470A98401C0A9016
:10DE50000E9808380A998842D3DC1698408A04281C
:10DE600003D01698408A472878D111980F3080B295
:10DE70000A901098113080B2099007F025FE10B971
:10DE80001698006B01E016984068089007F01CFE99
:10DE9000E8BB0898F3F7B8FB07902FA10898F3F7B1
:10DEA000A1FBA8B9169881890798A1EBC001119828
:10DEB00000EB510080B20A901698C089183806907D
:10DEC00000EBD07041101098084480B2099015E022
:10DED000169880893838069000EBD0704110119860
:10DEE000084480B20A901698C0892838069000EB42
:10DEF000D07041101098084480B20990002005228B
:10DF0000CDE9002002901698806A069000E005E0B6
:10DF1000DDE908320A9907F005F94CE000200522F6
:10DF2000CDE9002002901698806A0790DDE9093259
:10DF3000089900F00BFA00200522CDE9002002909C
:10DF40000A98153080B207901698806A0690DDE92D
:10DF5000072104E0850900200A0000002CE0891C4C
:10DF6000099B00F0F3F900200522CDE90020029082
:10DF70000998193080B207901698806A0690DDE9FA
:10DF80000731091D0A9A00F0E1F900200522CDE9C8
:10DF9000002002900998193080B207900A98153035
:10DFA00080B206901698806A0590DDE90731891DD8
:10DFB000069A00F0CBF9A6E11698408A06283AD1D5
:10DFC00000200A902BE00020099022E00A98C0EB84
:10DFD000401109980844D549085C6C2801D14120BA
:10DFE00000E0022008901098401D0A99084480B271
:10DFF0000790099911980844401D80B20690169820
:10E00000806A4368059306A807C898470998401C8A
:10E01000099009981F28D9DB0A98401C0A900A9891
:10E020002028D0DB0121169801F022F90121169851
:10E03000FEF71AFE67E11698408A07283AD10020B9
:10E040000A902BE00020099022E00A98C0EB4011D2
:10E0500009980844B649085C0D2801D1422000E027
:10E06000022008901098401D0A99084480B2079039
:10E07000099911980844401D80B206901698806A4C
:10E080004368059306A807C898470998401C09905B
:10E0900009981F28D9DB0A98401C0A900A98202862
:10E0A000D0DB0121169801F0E3F800211698FEF765
:10E0B000DBFD28E11698408A432842D100200A90CF
:10E0C0002BE00020099022E00A98C0EB401109984B
:10E0D00008449849085C102801D1432000E0022040
:10E0E00008901098401D0A99084480B20790099939
:10E0F00011980844401D80B206901698806A4368C3
:10E10000059306A807C898470998401C09900998E4
:10E110001F28D9DB0A98401C0A900A982028D0DBD7
:10E120000121169800F0A8FD0021169800F0AEFE1F
:10E130000021169800F010FD0121169800F016FE3F
:10E14000E1E01698408A442869D1002009902BE02C
:10E150000020089022E00998C0EB4011089808447C
:10E160007549085C852801D1442000E00220079011
:10E170001098401D0999084480B20690089911989A
:10E180000844401D80B205901698806A4368049345
:10E1900005A807C898470898401C089008981F28A9
:10E1A000D9DB0998401C099009982028D0DB06F09B
:10E1B00033FD28B903220021169800F00DFC04E07D
:10E1C00002220021169800F007FC07F0B5FC68B1A8
:10E1D00007F0B2FC00F0030009900998401D0246C8
:10E1E00002210890169800F0F7FB00BF0AF00CF827
:10E1F00020B909220121169800F0EEFB06F034FC4C
:10E2000000F003000A900A9840B10A98401EC0B27C
:10E21000024603210990169800F0DEFB73E0169881
:10E22000408A4C2803D01698408A4D286BD1169806
:10E23000C08AE8BB1198113080B20A901098113052
:10E2400080B20990169840680890012002210522AA
:10E250001023CDE90032CDE902100898007807902C
:10E260001698806A0690079BDDE9092102F034FBCD
:10E270000120022105221023CDE90032CDE9021050
:10E280000898407807900A980C3080B2069016984B
:10E29000806A0590DDE90613099A02F01DFB012052
:10E2A000022105221023CDE90032CDE9021000E061
:10E2B00029E00898807807900A98183080B2069074
:10E2C0001698806A0590DDE90613099A02F004FBAE
:10E2D0000120022105221823CDE90032CDE90210E8
:10E2E0000898C07807900998143080B206900A9870
:10E2F000093080B205901698806A049005A90EC96D
:10E3000002F0EAFA00BF1698C08A012804D10BA1D6
:10E31000169800F06DFE07E01698C08A022803D117
:10E3200008A1169800F064FE00BF19E49AC0030823
:10E330007AC403085AC80308DACF03083530306DB1
:10E34000560000003230306D560000002DE9FF4FBE
:10E3500081B0064617469846029801F099FD009054
:10E360000024A1463BE04FF0000A33E0009810F88B
:10E37000090000FA0AF000F0800098B12546E21783
:10E3800004EB12721211A4EB0212424491B2A346A2
:10E39000E21704EB127207EB221290B273680E9A26
:10E3A000984714E0109890B12546E21704EB1272DA
:10E3B0001211A4EB0212424491B2A346E21704EBFD
:10E3C000127207EB221290B273680F9A9847641C7E
:10E3D0000AF1010ABAF1080FC8DB09F10109B9F124
:10E3E000200FC0DB05B0BDE8F08F2DE9FF4F81B0F5
:10E3F000884691469A46404601F04AFD0090002426
:10E40000002621E000271CE00098805DB84000F065
:10E410008000A0B12546E01704EB10700011A4EBBA
:10E420000010504482B2A346E01704EB107009EBD1
:10E43000201081B20E98C3B201980BF041FB641C0E
:10E440007F1C082FE0DB761C202EDBDB05B0BDE84F
:10E45000F08F000007B59AB04FF45970199044F24C
:10E460003060189040F6624017904FF41B501690A1
:10E470001A98008915901A98408914901A988089E2
:10E4800013901A98C08912901320119010900020B8
:10E490000E901B9820B9FE480F9041200E9003E08B
:10E4A000FC480F9042200E9003200D900C9000200D
:10E4B00006903EE00020059033E0069808B90598E4
:10E4C00060B3069820B91398C01E0599884225D0DC
:10E4D0001298C01E0699884201D10598F0B1129891
:10E4E000C01E0699884204D11398C01E059988421F
:10E4F00014D0069914980844401C80B204901599D1
:10E5000005980844401C80B203901A98806A4068BD
:10E5100004220290DDE90230049998470598401CD6
:10E5200005901398801E05998842C6DC0698401C09
:10E5300006901298801E06998842BBDC0020069047
:10E54000AAE04FF459710698814001F40040F8B1F7
:10E550000698C117059000EB91708110149808443B
:10E5600080B203900698C117049000EB917081105F
:10E570000498A0EB81011598084480B202901A9883
:10E58000806A406804220190DDE9013003999847D0
:10E5900044F230610698814001F4004010B30698BF
:10E5A000C117059000EB91708110149801441298E6
:10E5B0000844001F80B203900698C117049000EB36
:10E5C000917081100498A0EB81011598084480B2E5
:10E5D00002901A98806A406804220190DDE90130B7
:10E5E0000399984740F662410698814001F4004043
:10E5F00010B30698C117059000EB91708110149824
:10E60000084480B203900698C117049000EB917003
:10E6100081100498A0EB81011598014413980844D7
:10E62000001F80B202901A98806A4068042201900C
:10E63000DDE90130039998474FF41B51069881405A
:10E6400001F4004028B30698C117059000EB9170C3
:10E6500081101498014412980844001F80B203905E
:10E660000698C117049000EB917081100498A0EBFC
:10E6700081011598014413980844001F80B202904C
:10E680001A98806A406804220190DDE901300399FC
:10E6900098470698401C069006981028FFF651AF40
:10E6A0000020069026E01598001D0699084480B2C7
:10E6B00005901A98806A406804220490DDE90430CD
:10E6C00014999847129914980844401E80B20590F6
:10E6D0001598001D0699084480B204901A98806A23
:10E6E000406804220390DDE90330059998470698B5
:10E6F000401C06901398083806998842D3DC002005
:10E70000069026E01498001D0699084480B20590F2
:10E710001A98806A406804220490DDE90431159853
:10E7200098471498001D0699084480B205901399E3
:10E7300015980844401E80B204901A98806A406878
:10E7400004220390DDE90330059998470698401CA0
:10E7500006901298A0F1080106988142D2DC119827
:10E76000C117049000EB5170C1100498A0EBC100D8
:10E7700038B11198C117059000EB5170C010401CC2
:10E7800007E0119806900698C117069800EB5170A3
:10E79000C01080B20B900020069054E0002005903D
:10E7A0004AE00598C117039000EB5170C2100B9915
:10E7B000069800FB01210F98415C0598C217049050
:10E7C00000EB5270C2100498A0EBC200814001F02F
:10E7D0008000B8B10C99149801440698084480B29E
:10E7E00004900599159801440D98084480B203904F
:10E7F0001A98806A406801220290DDE9023004998B
:10E80000984716E00C99149801440698084480B281
:10E8100004900599159801440D98084480B203901E
:10E820001A98806A40680290DDE902300E9A0499D5
:10E8300098470598401C0590119905988842B0DBCF
:10E840000698401C0690109906988842A6DB1598F9
:10E85000193080B20A901498001D80B2099007F018
:10E8600033F920B90C491C9851F8200003E00B49FA
:10E870001C9851F8200008900898F2F7C5FE80B265
:10E88000079007F021F9A8BB0020512208E0000002
:10E89000B2D70308EBD70308F00C0020580C002077
:10E8A000CDE9002002901A98806A0690DDE90832CE
:10E8B0000A9906F037FC002051221023CDE90120EF
:10E8C000009303900A99079801EBC000801C80B266
:10E8D00006901A98806A3A230590099A069901F0E1
:10E8E000FBFF0221079801EBC000083081B21A98A3
:10E8F000418365E0FFE700205122CDE9002002902E
:10E900001A98806A0690DDE909320899FFF71EFD22
:10E9100000205122CDE9002002900A98103080B2E8
:10E9200006901A98806A0590DDE90813891C069AFA
:10E93000FFF70CFD0898007950B300205122CDE973
:10E94000002002900A98203080B206901A98806ABF
:10E950000590DDE90813091D069AFFF7F7FC002072
:10E9600051221023CDE90120009303900A98303002
:10E9700080B206901A98806A3A230590099A0699FF
:10E9800001F0AAFF0A983A3081B21A98418317E041
:10E99000002051221023CDE90120009303900A9812
:10E9A000203080B206901A98806A3A230590099A1E
:10E9B000069901F091FF0A982A3081B21A98418392
:10E9C000E0211A984182DDE91A01C1821C991A9846
:10E9D00001831DB000BD00002DE9F04F99B0054640
:10E9E000884691462989686A8089084480B21890CF
:10E9F0006989686AC089084480B21790B8F1000F2D
:10EA000002D12A26172710E0B8F1010F02D12A26D9
:10EA100005270AE0B8F1020F02D14E26052704E0CF
:10EA2000B8F1030F01D14E2617271E240E20159092
:10EA30002246E31704EB5373DB10A4EBC30333B19B
:10EA40002146E31704EB5373DB105B1C04E0204604
:10EA5000C31700EB5373DB109BB2149330223D4974
:10EA600008A8F2F79BFD18223A49303102A8F2F7C4
:10EA700095FDB9F1140F4BDA08A850F82900019060
:10EA800002A830F8190016904FF0000B3CE04FF050
:10EA9000000A35E04FEAEA720AEB5272D310149A78
:10EAA0000BFB0233019AD25C4FEAEA730AEB537311
:10EAB000DB10AAEBC3039A4002F080027AB11798E8
:10EAC0003844584482B218985044304481B2A86AFD
:10EAD0000123D0F800C005F11400E0470EE01798BC
:10EAE0003844584482B218985044304481B2A86ADD
:10EAF000D0F800C005F11400169BE0470AF1010AA6
:10EB0000A245C7DB0BF1010B15988345BFDB1DE068
:10EB10004FF0000A17E04FF0000B10E01798384450
:10EB2000504482B218985844304481B2A86A0423F1
:10EB3000D0F800C005F11400E0470BF1010BA3452C
:10EB4000ECDB0AF1010A15988245E4DB19B0BDE857
:10EB5000F08F00008CD803082DE9FF5F06468A4637
:10EB60003189706A808908441FFA80FB7189706A54
:10EB7000C089084480B203904D2002901520019076
:10EB8000BAF1010F04D107241027DFF8E08013E069
:10EB9000BAF1000F04D107241027DFF8D4800BE06E
:10EBA000BAF1020F04D10C241027DFF8C88003E06B
:10EBB00007241027DFF8B4802246E31704EB5373D1
:10EBC000DB10A4EBC30333B12146E31704EB53730B
:10EBD000DB105B1C04E02046C31700EB5373DB1013
:10EBE0009BB200934FF000093CE0002536E0EA17A5
:10EBF00005EB5272D310009A09FB023218F802207A
:10EC0000EB1705EB5373DB10A5EBC3039A4002F03F
:10EC100080028AB1019B03981844484482B20BEBEE
:10EC200005030298184481B2B06A0423D0F800C0EA
:10EC300006F11400E04710E0019B03981844484493
:10EC400082B20BEB05030298184481B2B06A052327
:10EC5000D0F800C006F11400E0476D1CA542C6DBE9
:10EC600009F10109B945C0DBBDE8FF9FF9D40308EC
:10EC700009D5030819D503082DE9F047044689464C
:10EC80002189606A8089084487B26189606AC08985
:10EC900008441FFA80F8B9F1000F30D100252BE0AD
:10ECA000002626E005EB4500C0EB451030442D4919
:10ECB000085CD8280ED108F11500284482B2B81992
:10ECC0002A3081B2A06A4123D0F800C004F11400B8
:10ECD000E0470DE008F11500284482B2B8192A3047
:10ECE00081B2A06A0223D0F800C004F11400E0470A
:10ECF000761C1D2ED6DB6D1C102DD1DB2FE00025E0
:10ED00002BE0002626E005EB4500C0EB4510304423
:10ED10001549085CD8280ED108F11500284482B2A4
:10ED2000B8192A3081B2A06A4223D0F800C004F199
:10ED30001400E0470DE008F11500284482B2B8192C
:10ED40002A3081B2A06A0223D0F800C004F1140076
:10ED5000E047761C1D2ED6DB6D1C102DD1DBBDE8E7
:10ED6000F08700003ACC03080ACE03082DE9F34FE0
:10ED700083B005462989686A808908441FFA80F8AB
:10ED80006989686AC08908441FFA80F94FF0600AEF
:10ED90004FF0050B1024202001903B4802902146A3
:10EDA000E31704EB5373DB10A4EBC30333B1224628
:10EDB000E31704EB5373DB105B1C04E02046C3171E
:10EDC00000EB5373DB109BB20093049800283DD0F6
:10EDD000002737E0002632E0F21706EB5272D3101C
:10EDE000009A07FB0233029AD25CF31706EB5373C7
:10EDF000DB10A6EBC3039A4002F080027AB109EB64
:10EE00000B00384482B208EB0600504481B2A86A75
:10EE10000123D0F800C005F11400E0470EE009EB33
:10EE20000B00384482B208EB0600504481B2A86A55
:10EE30004523D0F800C005F11400E047761CA64237
:10EE4000CADB7F1C01988742C4DB19E0002614E06E
:10EE500000270FE009EB0B00304482B208EB0700FB
:10EE6000504481B2A86A0423D0F800C005F1140010
:10EE7000E0477F1CA742EDDB761C01988642E7DB6A
:10EE800005B0BDE8F08F000039D503082DE9FF5F1C
:10EE9000054688462989686A808908441FFA80F9EE
:10EEA0006989686AC089084480B203902A20029068
:10EEB00006200190B8F1000F03D11D240A26494F06
:10EEC00010E0B8F1010F03D12D240A26464F09E0C6
:10EED000B8F1020F03D125240D26444F02E01D2472
:10EEE0000A26404F002082461BE04FF0000B12E044
:10EEF000019B03981844504482B209EB0B0302981B
:10EF0000184481B2A86A0423D0F800C005F11400A7
:10EF1000E0470BF1010BBBF12D0FE9DB0AF101001A
:10EF20008246BAF10D0FE0DB2246E31704EB537380
:10EF3000DB10A4EBC30333B12146E31704EB537397
:10EF4000DB105B1C04E02046C31700EB5373DB109F
:10EF50009BB200934FF0000B3FE04FF0000A38E007
:10EF60004FEAEA720AEB5272D310009A0BFB02329C
:10EF7000BA5C4FEAEA730AEB5373DB10AAEBC303E4
:10EF80009A4002F080028AB1019B039818445844C9
:10EF900082B209EB0A030298184481B2A86A0423DA
:10EFA000D0F800C005F11400E04710E0019B039881
:10EFB0001844584482B209EB0A030298184481B2FB
:10EFC000A86A0523D0F800C005F11400E0470AF153
:10EFD000010AA245C4DB0BF1010BB345BDDBBDE863
:10EFE000FF9F000054D403087CD40308B8D403085E
:10EFF0002DE9FF5F04460D462189606A8089084437
:10F000001FFA80F96189606AC089084480B2039060
:10F0100004200290E08A012802D0E08A022811D15F
:10F02000A189A1F12E0000EBD071C1F34F06E18957
:10F03000A1F10C0000EBD0714910491C8FB20220E5
:10F04000029003E044261027042002904FF00008AD
:10F0500000200190824619E04FF0000B11E0039868
:10F060003844504482B209EB0B003044404481B232
:10F07000A06AD0F800C004F11400029BE0470BF135
:10F08000010BBBF1320FEADB0AF1010ABAF10A0FF8
:10F09000E2DB029802280BD12846F2F7B5FA824645
:10F0A000A189A1EBCA0000EBD071C1F34F0600BFEC
:10F0B000CAE02878302802D16748009023E02878F9
:10F0C000312802D1654800901DE02878322802D10D
:10F0D0006348009017E02878352802D161480090F5
:10F0E00011E028786D2804D15F480090012001903C
:10F0F00009E02878562804D15C480090022001904D
:10F1000001E055480090019840BB4FF0000A21E013
:10F110004FF0000B19E0009810F80A0000FA0BF00D
:10F1200000F0800078B903983844504482B209EB6B
:10F130000B003044404481B2A06A0523D0F800C0DF
:10F1400004F11400E0470BF1010BBBF1080FE2DB07
:10F150000AF1010ABAF10A0FDADB70E0019801281E
:10F1600035D14FF0000B2EE04FF0000A26E04FEAB9
:10F17000EA720AEB52720BEB4B0303EBE203009AC9
:10F18000D25C4FEAEA730AEB5373DB10AAEBC303BA
:10F190009A4002F080027AB903983844584482B207
:10F1A00009EB0A003044404481B2A06A0523D0F83C
:10F1B00000C004F11400E0470AF1010ABAF1160F89
:10F1C000D5DB0BF1010BBBF10A0FCDDB40E0019861
:10F1D000022834D14FF0000B2DE04FF0000A25E05B
:10F1E0004FEAEA720AEB5272D21002EB4B03009A1A
:10F1F000D25C4FEAEA730AEB5373DB10AAEBC3034A
:10F200009A4002F080027AB903983844584482B296
:10F2100009EB0A003044404481B2A06A0523D0F8CB
:10F2200000C004F11400E0470AF1010ABAF10A0F24
:10F23000D6DB0BF1010BBBF10A0FCEDB08E008F1C6
:10F2400008001FFA80F86D1C287800287FF431AF81
:10F2500000BFBDE8FF9F0000FAD3030804D40308F1
:10F260000ED4030818D4030822D4030840D403089A
:10F270002DE9F047044689462189606A808908445F
:10F2800086B26189606AC089084487B2B9F1000F0B
:10F2900054D000254FE05C4830F8150000F47F4062
:10F2A000594911F81510C1F3850140EA010A4FF0E0
:10F2B000000825E00AFA08F000F4004078B107F1F0
:10F2C0001A00284482B206EB08002A3081B2A06AF4
:10F2D0000523D0F800C004F11400E0470EE007F168
:10F2E0001A00284482B206EB08002A3081B2A06AD4
:10F2F0000423D0F800C004F11400E04708F101082D
:10F30000B8F1100FD6DB4FF0000810E007F11A003B
:10F31000284482B206EB08003A3081B2A06A042386
:10F32000D0F800C004F11400E04708F10108B8F17A
:10F33000080FEBDB6D1C092DADDB62E000255EE004
:10F34000314830F815A04FF0000825E00AFA08F01F
:10F3500000F4004078B107F11A00284482B206EBAD
:10F3600008002A3081B2A06A0523D0F800C004F159
:10F370001400E0470EE007F11A00284482B206EBC1
:10F3800008002A3081B2A06A0423D0F800C004F13A
:10F390001400E04708F10108B8F1100FD6DB4FF078
:10F3A000000828E0194810F8150000FA08F000F0ED
:10F3B000800078B107F11A00284482B206EB0800F9
:10F3C0003A3081B2A06A0523D0F800C004F11400DD
:10F3D000E0470EE007F11A00284482B206EB08006D
:10F3E0003A3081B2A06A0423D0F800C004F11400BE
:10F3F000E04708F10108B8F1080FD3DB6D1C092DB7
:10F400009EDBBDE8F0870000D6D30308E8D30308ED
:10F41000002100E0491C022905D2064800EB01103A
:10F4200000680028F6D1022901D001207047002091
:10F43000FCE70000C806012038B50546284600F064
:10F4400012FA044664B9694628460BF001FA0446EC
:10F4500034B9E86AFCF78EFF04460CB90020286036
:10F46000204638BDF7B582B016460398019001A832
:10F4700001F084F90546002D02DA0B2005B0F0BD3D
:10F480000F4850F8254024B12046FCF763F80020CF
:10F490002070029810B10020029908700849029863
:10F4A00041F82500029808B1012E01D00020E5E7BF
:10F4B000002202A903A800F003FD07463846DDE755
:10F4C000540D00202DE9F74F98B0044616461CB99C
:10F4D00009201BB0BDE8F08F06F03F06324603A9B5
:10F4E00019A800F0EDFC0546002D7DD1039804908D
:10F4F00004A8199900F022FF05468DB99DF85B001C
:10F5000000F0800008B106250AE026F0010008B1ED
:10F51000012000E00020014604A8FBF7DDFF0546BE
:10F5200006F01C0000287DD06DB1042D08D1FFF736
:10F530006FFF18B104A8FDF7CCF900E012200546D2
:10F5400046F008060AE09DF8160000F0110008B128
:10F55000072503E006F0040000B10825002D71D155
:10F5600006F0080000286DD001F0F9F80290039829
:10F570000078042867D1039820600399096901F194
:10F58000340001F0A8FFA0600399096901F1380077
:10F5900001F0ADFFC4E904010398006990F821006F
:10F5A00000F00200E0710020E0610399096901F1B7
:10F5B000080002990AF0D4FA002003990969087535
:10F5C0000399096901F10C0002990AF0C9FA0020B7
:10F5D00003990969487520200399096908710399FD
:10F5E000096901F1340000E00FE100210AF0B8FAE6
:10F5F0000399096901F13800002213460AF0BCFAA8
:10F600000399096901F12800002213460AF0B4FAAF
:10F6100001200399096981F8210004A80AF0E0FAA1
:10F62000054600E048E0002D57D1A068002854D0DE
:10F6300000222046A1680AF007F90546A068401E8E
:10F640000399486149E0139901F10E0002990AF00B
:10F6500087FA139901F1160002990AF081FA202025
:10F660001399C8721399039801F022FF8346002270
:10F67000139903980AF062FA139901F11C00002112
:10F680000AF06EFA01200399C870BBF1000F24D074
:10F690000398406B02900022594604A80AF0D4F85F
:10F6A0000546D5B9DDE9021002F090F80546ABF148
:10F6B00001000399486110E07DB99DF8160000F043
:10F6C000100008B1042508E006F0020028B19DF8FA
:10F6D000160000F0010000B10725BDB906F00800D2
:10F6E00008B146F040060398406BA0641398E064AC
:10F6F00026F0010008B1012000E00020014604A826
:10F7000001F074FEE062E06A00B90225002D7CD1B0
:10F7100003980078042821D106982062089820F0E8
:10F72000FF009DF81710084360621798A0620399C4
:10F73000096901F1340001F0CEFEA0600399096966
:10F7400001F1380001F0D3FEC4E904010398006917
:10F7500090F8210000F00200E0710CE0139903988A
:10F7600001F0A6FEA060139901F11C0001F0B3FEA8
:10F770000021C4E90401002020650398206003985B
:10F78000C088A08084F83060002084F83100606474
:10F79000A063E0634FF40072002104F1540001F013
:10F7A000EEFF06F02000002858D00023D4E9041012
:10F7B00059405840014351D0D4E90401C4E90E0135
:10F7C000039840894FEA4029D4F808A0D4E9047886
:10F7D00010E05146204600F0FFFE8246BAF1010FCC
:10F7E00000D802250AF1010000B90125B7EB09078D
:10F7F00068F100082DB90020B9EB070170EB080093
:10F80000E7D3C4F840A005B900E012E04FF400725D
:10F81000002338464146F1F790FE00214A404B4014
:10F820001A431BD051460398FBF7D9FE019008B943
:10F83000022513E04FF40072002338464146F1F7E9
:10F840007CFE019908446064626C03994878012346
:10F8500004F15401FDF7CAF900B101250DB10020F2
:10F860002060284635E62DE9F04395B0044614A9FA
:10F8700020460AF0EDFF0546002D7DD194F83000BA
:10F8800000F04000002877D094F8300000F08000AD
:10F8900090B1626C14994878012304F15401FDF78A
:10F8A000CBF918B1012015B0BDE8F08394F8300011
:10F8B00000F07F0084F8300000F051FF814614987A
:10F8C0000078042860D1204600F052FA054635B988
:10F8D0004FF0FF322046216C00F065FA0546002DFE
:10F8E0007ED12146684601F065FE0546002D77D1A0
:10F8F00014980069007940F0200014990969087192
:10F90000E07940F001001499096981F82100A168AB
:10F91000149A126902F134000AF022F9D4E904734E
:10F920001499096901F138003A460AF025F9D4E939
:10F9300004731499096901F128003A460AF01CF988
:10F940001499096901F10C0049460AF009F90020EF
:10F950001499096948751499096901F11000002189
:10F960000AF0FEF868460AF03BF9054625B91498F6
:10F970000AF080F9054600E032E094F8300000F02B
:10F98000BF0084F830002BE0A16C149801F01EFF3A
:10F9900005462DBBE66CF07A40F02000F07231464F
:10F9A000A26820680AF0CAF806F11C0021690AF072
:10F9B000D7F8494606F116000AF0D2F8002106F100
:10F9C00012000AF007F901201499C87014980AF07F
:10F9D00051F9054694F8300000F0BF0084F830007B
:10F9E000284660E72DE9FF4F87B0044615469B4641
:10F9F000089803900020CBF8000004A920460AF0E4
:10FA000027FF0590059818B994F83100059018B1B2
:10FA100005980BB0BDE8F08F94F8300000F00200BC
:10FA200008B90720F5E704980078042807D0A06BF0
:10FA30004019A16B884202D2A06BC0F1FF3507E1EB
:10FA4000D4E90E014FF400720023CDE90001F1F773
:10FA500074FD00214A404B401A436ED1D4E90E0197
:10FA60004FF400720023CDE90001F1F766FD04991F
:10FA70004989491E00EA010ABAF1000F3BD1002270
:10FA8000D4E90E015040514008430AD1D4F808800F
:10FA9000B8F1000F17D100212046FBF7F9FD804691
:10FAA00011E0206D50B1D4E90E0102460B46CDE9BC
:10FAB00000012046FBF762FD804604E02046216CF1
:10FAC000FBF7E6FD8046B8F1000F00D1C3E0B8F1C6
:10FAD000010F03D1022084F831009AE708F10100F8
:10FAE00018B9012084F8310093E7C4F84080A06879
:10FAF00008B9C4F8088094F8300000F0800090B194
:10FB0000626C04994878012304F15401FDF794F8DC
:10FB100018B1012084F831007BE794F8300000F040
:10FB20007F0084F83000216C0498FBF758FD0746ED
:10FB300027B9022084F831006BE74BE057444FEAC5
:10FB40005529B9F1000F2DD00AEB09000499498914
:10FB5000884203D904984089A0EB0A09049948789F
:10FB60004B463A460399FDF767F818B1012084F82F
:10FB700031004EE7606CC01B484510D2606CC01B62
:10FB8000039A02EB40214FF4007204F1540001F09B
:10FB9000E9FD94F8300000F07F0084F830004FEA6F
:10FBA000492637E0606CB84213D0D4E90E30D4E96E
:10FBB00004219A1A88410CD20499487801233A46C4
:10FBC00004F15401FDF712F818B1012084F8310056
:10FBD0001FE76764208FC0F30800C0F50076AE42CF
:10FBE00000D92E46D4E90E014FF400720023CDE96E
:10FBF0000001F1F7A2FC04F15400104432460290D7
:10FC0000039901F0AFFD94F8300040F0800084F8D3
:10FC1000300000BF039830440390D4E90E209219BD
:10FC200040F10000C4E90E20D4E90E23D4E9041009
:10FC3000891A984102D2D4E90E0101E0D4E9040105
:10FC4000C4E90401DBF800003044CBF80000AD1B30
:10FC5000002D7FF4F5AE00BF94F8300040F0400076
:10FC600084F830000020D4E682B0CDE9000121F014
:10FC7000004001909DED000B02B051EC100B70475D
:10FC800010B50246802A01DA10461BE051B1FF2A66
:10FC900001DD002304E0A2F180030B4C34F81330A3
:10FCA00018460FE0002007E0074B33F8103093426E
:10FCB00000D103E0431C98B28028F5DB00BF00F1BF
:10FCC0008003D8B210BD00003604040830B5B0F58A
:10FCD000805F01DA244D00E0244D294600BF31F851
:10FCE000022B0AB1904200DA3CE031F8023B1C12D0
:10FCF000DBB2D518854230DD092C2CD2DFE804F0C8
:10FD000005090F13171B1F232700851A31F815004B
:10FD100021E0851A05F00105451BA8B21BE0A0F102
:10FD20001005A8B217E0A0F12005A8B213E0A0F1D9
:10FD30003005A8B20FE0A0F11A05A8B20BE000F15F
:10FD40000805A8B207E0A0F15005A8B203E0A0F5AD
:10FD5000E355A8B200BF00BF04E0002CBFD101EB07
:10FD60004301BCE700BF30BD36050408280704087E
:10FD70002DE9F0410446E079032812D1A568A7696E
:10FD80000BE06A1C2946206809F072FC064616B191
:10FD90003046BDE8F0816D1C7F1E002FF1D10020A0
:10FDA000E0710020F5E72DE9F04104460D461746C5
:10FDB00016E0E369012B03D9E369EB1A9B1C00E011
:10FDC0003B461A46E369EB1A591C206809F050FCBF
:10FDD000064616B13046BDE8F081E069401EE0619C
:10FDE000E0690028E5D100BFF5E72DE9F74F0546AA
:10FDF0000E46B61EE869801EB04200D80026344682
:10FE0000A2464FF0000B00BF286B00EB14312846D0
:10FE100001F0DCFC18B14FF0FF30BDE8FE8FC4F3F9
:10FE2000C80904F0070101208840C7B200BF00BF25
:10FE300005F1380010F8090000EA07087806070EF7
:10FE4000601C0446E969891E884203D30024002708
:10FE50004FF40079B8F1000F08D10BF1010083468F
:10FE60000299884205D10AF10200D6E7A2464FF076
:10FE7000000BB44201D10020CFE7002FD8D10127D9
:10FE800009F101008146B0F5007FD0D3BCE7000046
:10FE900010B50246134600210AE0074830F8110069
:10FEA0001C88A04203D1054800EB411010BD491C3D
:10FEB0009429F2D30148F9E7D4EF0308FCF00308D2
:10FEC0002DE9F74F8CB000210D9801600C9800F0DF
:10FED00055FC0A900A98002803DA0B200FB0BDE801
:10FEE000F08FFE490A9851F820400CB90C20F5E734
:10FEF0000D9804600E9800F0FE000E90207888B1F6
:10FF00006078FCF78BFE0990099800F0010048B971
:10FF10000E9828B1099800F0040008B10A20DDE726
:10FF20000020DBE7002020700A9860706078FCF702
:10FF300033FE0990099800F0010008B10320CDE7D5
:10FF40000E9828B1099800F0040008B10A20C5E70E
:10FF5000002631462046FBF767FA8146B9F1020FC9
:10FF600003D0B9F1020F2FDA2EE0002514E04FF490
:10FF7000DF7000EB051104F1380008440B900B987A
:10FF8000007920B10B98083001F0A5FA00E00020BC
:10FF900002A941F825006D1C042DE8D3002505B108
:10FFA0006D1E00BF02A850F8256026B131462046DC
:10FFB000FBF73AFA00E003208146B9F1020F03DBB8
:10FFC000681C05460428EDD3B9F1040F01D10120C6
:10FFD00084E7B9F1020F01DB0D207FE7B9F1010FD2
:10FFE0007AD10B2500E06D1C402D04D204F13800BD
:10FFF000405D0028F7D0402D01D20D206EE704F1BE
:020000040803EF
:10000000A00001F0A5FAB0F5807F01D00D2065E7D2
:1000100094F8A41001208840B0F5007F01D00D2095
:100020005CE704F1800001F062FA871941F10008F1
:10003000391E78F1010001D30D204FE704F18C0047
:1000400001F049FA206294F8A600A070A078012877
:1000500001D00D2042E794F8A5100120884060816E
:10006000608908B90D2039E704F1940001F033FAF2
:1000700082469B498A4501D90D202FE70AF10200EB
:10008000E061666204F1900001F025FA30442063DB
:1000900004F1880001F01FFA3044A0620021608959
:1000A00000FB0AF0226B10184941381A78EB010066
:1000B00001D20D2012E704F1980001F00CFAE06281
:1000C0002046E16AFBF78BFA01460090204601F0DA
:1000D0007DFB10B1012001E721E000250FE004F1D4
:1000E0003800405D812809D104F13801294401F12B
:1000F000140001F0F0F9022800D103E02035B5F535
:10010000007FECD300BFB5F5007F01D10D20E5E6FF
:100110004FF0FF30A06160614FF00409F3E004F19B
:10012000430001F015FAB0F5007F01D00D20D5E6AF
:1001300004F14E0001F00CFA8346BBF1000F04D12C
:1001400004F15C0001F0C7F98346C4F820B04820F0
:10015000005DA070A078012804D0A078022801D00A
:100160000D20BBE6A0780BFB00FB4520005D608105
:10017000608918B16089411E084008B10D20ADE6C4
:1001800004F1490001F0E4F92081207A00F00F0029
:1001900008B10D20A2E604F14B0001F0D9F9089056
:1001A000089820B904F1580001F095F9089004F17D
:1001B000460001F0CDF90190019808B90D208DE6B7
:1001C00001985844218900EB11100790DDE90701DF
:1001D000814201D20D2081E6DDE90710401A6189D4
:1001E000B0FBF1FABAF1000F01D10D2076E64FF025
:1001F00003094FF6F570824501D84FF0020940F629
:10020000F570824501D84FF001090AF10200E06162
:10021000666201983044A062079830442063B9F1C7
:10022000030F13D104F1620001F092F908B10D201F
:1002300054E6208908B10D2050E604F1640001F075
:100240004AF9E062E0698000069015E0208908B96B
:100250000D2043E6A06A5844E062B9F1020F02D1D2
:10026000E069400007E0207F00F00100E16901EB58
:10027000410100EB51000690216A069800F2FF1040
:10028000B1EB502F01D20D2028E64FF0FF30A061D6
:10029000606180202071B9F1030F34D104F168004E
:1002A00001F056F901282ED1711C204601F08EFA7A
:1002B00048BB0020207104F2362001F049F94AF6CB
:1002C000552188421FD104F1380001F004F9054995
:1002D000884218D104F5077006E00000540D002094
:1002E000FDFFFF7F5252614101F0F5F80F4988424E
:1002F00009D104F5087001F0EEF8A06104F5097069
:1003000001F0E9F8606184F8009009480088401C19
:1003100080B207490880E0800648E0600648206116
:100320002046FBF717F90020D8E500007272416102
:100330005C0D002048090120E80601202DE9F34169
:1003400005462C46266802E00198401C0190019861
:1003500000782F28F8D0019800785C28F4D000208D
:10036000A060E06101980078202808D280214B200D
:10037000415500212846FCF7BAFB07464DE000BF77
:1003800001A92846FBF794FE074607B144E028463A
:10039000FCF7BAF8074695F84B803FB1042F04D11B
:1003A00000BF08F0040000B9052735E008F004009C
:1003B00000B131E0A07900F0100008B905272BE06A
:1003C000307804281DD1A0682062206920F0FF0049
:1003D000E17908436062E86CA062316901F13400A0
:1003E00001F079F8A060306990F8210000F0020077
:1003F000E071316901F1380001F079F8C4E90401D4
:1004000009E0288EC0F3080206F1380011183046C2
:1004100001F04EF8A060B3E700BF3846BDE8FC81AC
:100420000C4812E0017B0C4A52F8211021B1017BEB
:1004300052F82110086003E0017B084A42F82100CD
:10044000017B054A42F82100103005498842E9D372
:1004500070470000680D00208012002098120020D4
:10046000080E002070B54FF0FF36002514E0194C3F
:100470000EE0606858B1206920F00F0038B9207C88
:1004800000F00F00A84202D160688047064614348D
:1004900011488442EDD36D1C102DE8DB002514E0DB
:1004A0000C4C0EE0A06858B1206920F00F0038B95C
:1004B000207C00F00F00A84202D1A06880470646C9
:1004C000143405488442EDD36D1C102DE8DB304612
:1004D00070BD0000DC420508584405082DE9FF4FB7
:1004E00083B0814690461D460B224846049901F090
:1004F00039F9052D18D92F4611E038F802BB002430
:100500000BE0584667F35F0007464FEA6B0B07F4B2
:10051000803008B11D484740641C102CF1D3B8F856
:1005200000000028E9D13D46072400BF05F00F0078
:1005300000F1300ABAF1390F03DD0AF1070000F0CB
:10054000FF0A2046641E01A901F800A02D09002D14
:10055000ECD17E200855002600E0761CA64203D28E
:1005600019F806002028F8D100BF082C04D2204634
:10057000641C01A9085C00E020203146761C09F8C3
:100580000100082EF1D307B0BDE8F08F2110010063
:10059000004870474400002010B50748007848B96B
:1005A00001200549087005490868F7F7E7F903488D
:1005B00001F0EEF8014810BD48080020701300203B
:1005C0000348007808B9002070470248FCE70000A3
:1005D00084090020741900202DE9FC5F06460C46B2
:1005E0003568022C02D3E869A04202D84FF0010915
:1005F000B2E04FF0FF392878012806D0022830D029
:10060000032841D0042878D152E0274607EB57074A
:10061000A86A00EB5721284601F0D8F800B19AE00B
:1006200038467F1CC0F3080105F1380010F801803E
:10063000A86A00EB5721284601F0C8F800B18AE00B
:10064000C7F3080105F13800405C48EA002804F0CF
:10065000010010B14FEA181001E0C8F30B00814609
:1006600079E0A86A00EB1421284601F0AFF800B148
:1006700071E040F2FF1101EA440205F1380150181F
:1006800000F066FF814666E0A86A00EBD4112846B8
:1006900001F09CF800B15EE040F2FF1101EA840233
:1006A00005F13801501800F016FF20F0704952E0B3
:1006B0000022D6E9041051405040014347D0B068B1
:1006C000A4EB000AD6E90420521E60F10000CDE937
:1006D00000204FF400720023DDE90001F0F72DFF48
:1006E0006989B0FBF1FBF07902280AD1DA4508D814
:1006F000DA4503D16FF0004001E029E0601C81463B
:1007000029E0F079032805D1B069504502D904F1F8
:10071000010920E0F079022818D0F06910B16FF0DB
:10072000004912E0A86A00EBD411284601F04EF807
:1007300000B110E040F2FF1101EA840205F1380136
:10074000501800F0C8FE20F0004904E000BF00BFD0
:100750004FF0010900BF00BF4846BDE8FC9F0020E4
:100760007047000010B50348007808B900F048F958
:10077000014810BD500D0020B006012070B50246A2
:100780004FF0FF301568E5B1116800E0491C0D78A5
:10079000202D02D30D783A2DF8D10D783A2D0FD1B6
:1007A000146814F8015BA5F130030A2B07D28C42C0
:1007B00005D1022B03D218464D1C2946156070BD89
:1007C000002000BFFBE7000002460648006838B181
:1007D0000548008801FB0020024B1B68185C70472D
:1007E0000020FCE74C080020540800200048704717
:1007F00034DB00200246A2F13C0082B2A2F11600D6
:10080000462390FBF3F02F4B1880A2F115001B88B4
:10081000C3EBC30303EB8303A0EB4300401E2A4B4F
:100820001880A1F14900282390FBF3F0274B188092
:100830001846008800EB8000A1EBC0003038244B44
:1008400018802048008810B12048008810B94FF067
:10085000FF30704715201F4B18802F2058801948F3
:100860000088C0EBC00000EB8000152303EB4000C4
:10087000184B98801548008800EB80002F2303EB6D
:10088000C000144BD8800E205881082018810D48D4
:10089000008800EB8000D8810C48008800EB8000C5
:1008A0009881052018820748008846235843094B41
:1008B00058820648008800EB8000C004000C988233
:1008C0000020C6E77C090020800900207E09002066
:1008D00082090020741900202DE9FC5F0746884634
:1008E00015461E460C9CAA462046E31704EB53739C
:1008F000DB1021464FEAE47C04EB5C7C4FEAEC0C15
:10090000A4EBCC0CBCF1000F02D04FF0010C01E0C5
:100910004FF0000C6344224604EBD27C4FEA6C0C8F
:1009200003FB0CF3DBB20193A6F12000C6B24FF03B
:10093000000B3AE0102C05D11E4800EB061010F811
:100940000B9006E006EBC6001B4901EB800010F897
:100950000B900020009022E009F0800028B17B6815
:10096000294640460D9A984706E00F9820B17B68CB
:10097000294640460E9A98474FEA49604FEA106967
:10098000681C85B2A5EB0A00A04205D1554608F1C6
:1009900001001FFA80F805E00098401C00900098C4
:1009A0000828D9DB00BF0BF1010B01988345C1DB9F
:1009B000BDE8FC9FE4E9030888DC03080146C1F3B5
:1009C0000C02C2B94A13082A15D2DFE802F0040665
:1009D000080A0C0E101205200FE006200DE007207B
:1009E0000BE0082009E0062007E0052005E01620BE
:1009F00003E0022001E0162000BF00BF70470000A6
:100A000010B5FFF7C9FD0446206880880749C86013
:100A10002068C08808610648086006488860064863
:100A20004860012005490870002010BDB006012073
:100A3000F59A0308C9070308D59A0308500D00204A
:100A40002DE9F04F89B00446606A81892089084405
:100A50001FFA80FB606AC1896089084487B26568B3
:100A60000026208A00F4805008B1182000E01020F1
:100A700007904FF000084FF0FF394FF0FF3A207C0D
:100A8000C0F3800070B106A9204600F0D7F9814676
:100A9000B9F1000F1CD0606A007D00F0E000000298
:100AA000069015E0208A0690207CC0F3C00078B143
:100AB00004A9204600F0C2F98246BAF1000F05D021
:100AC000606A007D00F0E000000204904FF0010831
:100AD000B9F1000F02D1BDF8180005E0BDF81810FB
:100AE00001F46040FFF76AFF0890BAF1000F02D1ED
:100AF000BDF8100005E0BDF8101001F46040FFF7EC
:100B00005DFF059033E028780A2804D1002607F11C
:100B1000100087B26D1C2878802810DD0599089890
:100B20008DE803010BEB06018AB23B462946A06A19
:100B3000FDF70CFC06F1100086B2AD1C17E0059A1B
:100B4000DDE907018DE807012B780BEB060291B276
:100B50003A46A06AFFF7C0FE0798102803D106F1B5
:100B6000080086B202E006F10C0086B26D1C2878FF
:100B70000028C8D1208A20F00801218209B0BDE8F0
:100B8000F08F00000146486A007D00F00100B0B916
:100B9000087C00F00100D0B9088A40F004020A8203
:100BA000088A40F001020A82088A20F002020A82C2
:100BB00008480068401C074A106000207047087C05
:100BC00000F0010018B9088A40F001020A824FF0D3
:100BD000FF30F3E74C0D00202DE9FF5F0F46144670
:100BE0001D46DDF838B0A146A5F12000C5B20026AB
:100BF00026E0154800EB051010F806804FF0000ABB
:100C000019E008F0800030B10BF0FF0322463946AE
:100C1000009808F055FF4FEA48604FEA1068601CE2
:100C200084B2A4EB0900102803D14C46781C87B28B
:100C300004E00AF1010ABAF1080FE2DB00BF761CFA
:100C4000102ED6DBBDE8FF9FE4E903082DE9F84349
:100C500007460D4616461C46DDF82080A94613E0DF
:100C600020780A2804D1641C06F1120086B24D4691
:100C7000CDF800802378324629463846FFF7ACFF8E
:100C800005F1080085B2641C20780028E8D1BDE891
:100C9000F883000010B50346D9821A83586A007D94
:100CA00000F0010080B9187C00F0010060B9022456
:100CB0009C82188A20F002041C8204480068401CB0
:100CC000024C2060002010BD0020FCE74C0D0020ED
:100CD0000246107CC0F3C000C0B95160107C00F027
:100CE000010098B9506A007D00F0010070B9108AC7
:100CF00040F008031382108A20F002031382054893
:100D00000068401C034B1860002070474FF0FF3014
:100D1000FBE700004C0D00200146486A007D00F012
:100D2000010070B9087C00F0010050B1088A20F081
:100D300003020A8204480068401C034A1060002035
:100D400070474FF0FF30FBE74C0D002070B50646B2
:100D50003446E06A30B12046E16A8847A08A40F014
:100D60000201A182656809E0E86A18B12846E96ACB
:100D7000884702E04FF0FF3070BD2D68002DF3D1A1
:100D80000020F9E770B50026224805683EE0287D7E
:100D9000C0F3400080B9E86A70B1287D00F001001E
:100DA00050B92846E96A8847A88A40F00201A9821A
:100DB00000212983761C04E0287D00F0010000B1A9
:100DC00023E06C681EE0207CC0F34000C8B9E06AF4
:100DD000B8B1207C00F0010018B1207CC0F3800085
:100DE00078B12046E16A8847208A40F002012182DA
:100DF000207CC0F3800018B1208A20F004012182F9
:100E0000761C2468002CDED100BF2D68002DBED1D9
:100E1000304670BD480D002010B50024064800681B
:100E200040B1FFF7AFFF044624B103480068001B40
:100E30000149086010BD00004C0D002010B50246AD
:100E40000B46506A41681AE0914217D0148908890C
:100E5000844213DB0C8988890444108984420DDDA7
:100E600054894889844209DB4C89C88904445089E3
:100E7000844203DD488A1880002010BD09680029DB
:100E8000E2D1481EF9E70146486A10B94FF0FF3039
:100E90007047486A406820B9486A031D19600020FD
:100EA000F6E7486A426800E0126810680028FBD143
:100EB000116000BFECE7000002460848006818B95E
:100EC00006480260002070470448016800E0096895
:100ED00008680028FBD10A6000BFF4E7480D002035
:100EE00000B58FB000BF1E48006840F000501C499C
:100EF00008600846006800F00050009000BF00BF86
:100F000000BF17480838006840F00100144908394C
:100F100008600846006800F00100009000BF00BFB4
:100F200020200A9003200B9000200C900AA90D4865
:100F3000F2F780FC0C480D4908600846F1F71BFFEA
:100F40000020029002200390102201A90748F1F727
:100F500045FE10210548F1F739FF00200FB000BD14
:100F6000E844025800000258007400406C10002051
:100F700030B587B0142102A8F0F729FB00BF534811
:100F8000006840F00100514908600846006800F020
:100F90000100019000BF00BF00BF0846006840F09C
:100FA000020008600846006800F00200019000BFDF
:100FB00000BF00BF0846006840F004000860084613
:100FC000006800F00400019000BF00BF00BF0846A9
:100FD000006840F0080008600846006800F008005B
:100FE000019000BF00BF00BF0846006840F010003D
:100FF00008600846006800F01000019000BF00BFC4
:10100000002439E004EB4400314901EBC000806862
:10101000029004EB440001EBC000C068039004EBB5
:10102000440001EBC000006904900220059004EB2D
:101030004401274A02EBC101486802A9F2F7FAFB12
:1010400004EB4400224901EBC000C068022812D022
:1010500004EB44030D4605EBC3031A7D04EB440384
:1010600005EBC3031B8999B204EB440305EBC303EF
:101070005868F2F7F4FC641C0A2CC3D315480088A6
:1010800004F000F801210B2000F05AF900210C2097
:1010900000F056F901210D2000F052F900210E2038
:1010A00000F04EF9002211462820F2F79FFF282079
:1010B000F2F76AFF002211460620F2F797FF06209A
:1010C000F2F762FF002007B030BD0000E044025894
:1010D00038A903081600002010B500F05BF90020C5
:1010E00010BD000001480078704700003400002067
:1010F0000149087070470000340000200248006871
:10110000401C014908607047300000200148006819
:1011100070470000240C004000B59DB0142118A8B1
:10112000F0F755FA00BF3448006840F0010032493A
:1011300008600846006800F00100009000BF00BF92
:1011400000BF2D480838006840F001002A490839DE
:1011500008600846006800F00100009000BF00BF72
:10116000402108A8F0F733FA4FF40040189002200D
:10117000199000201A9003201B9001201C9018A9A0
:101180001E48F2F757FB0020049005900690079048
:101190000190029003904FF0804008900020099049
:1011A00000210A91411E0B9100210C9180210E918A
:1011B00008A8F5F7C9FE08B1F1F740F84FF4005060
:1011C0000490002005900690079004A908A8F5F760
:1011D000B1FF08B1F1F732F800200190039001A9A6
:1011E00008A8F5F753FE08B1F1F728F808A8F5F7B5
:1011F00069FF1DB000BD0000E8440258000002581D
:1012000000B58DB0142108A8F0F7E1F900BF384807
:10121000006840F00400364908600846006800F0A5
:101220000400009000BF00BF00BF314808380068CC
:1012300040F010002E49083908600846006800F0A8
:101240001000009000BF00BF40212A48F0F7BFF90E
:10125000012008900220099000200A9003200B90A2
:1012600002200C9008A92448F2F7E4FA0020049028
:101270000590069007900190029003901F481D4929
:1012800008600020486000211A4881604FF6FF7115
:10129000C1600021016180218161F5F755FE08B12F
:1012A000F0F7CCFF4FF4005004900020059006901A
:1012B000079004A90F48F5F73DFF08B1F0F7BEFF0E
:1012C00000200190039001A90A48F5F7DFFD08B15D
:1012D000F0F7B4FF0748F5F711FF012211461E2071
:1012E000F2F784FE1E20F2F771FE0DB000BD000083
:1012F000E844025880100020001002580008004006
:10130000034800680349098800EB0140704700006A
:1013100024080040380000200649097819B9411E08
:10132000054A916204E0411E034A9162034A11603A
:1013300070470000680900200000014028040040B8
:1013400070B504460D461148007800B170BD01200B
:101350000E490870102C00DDF8E73DB10120A040D7
:101360000B49098808430A49088006E00120A0408B
:10137000074909888143064801800548008803F031
:1013800081FE00200149087000BFDFE7180000203F
:101390001600002000B587B000BF1248006840F07A
:1013A0000200104908600846006800F00200019041
:1013B00000BF00BFC02002900120039004900220D3
:1013C000059002A90848F2F735FA01228021064863
:1013D000F2F745FB012240210348F2F740FB07B03A
:1013E00000BD0000E04402580004025810B5024657
:1013F0000B46002116E02B4800EB01100068146832
:10140000A0420ED1274800EB011040689468A0422A
:1014100007D1244800EB01108068146BA04200D172
:1014200002E0491C0229E6D300BF022922D1002193
:1014300000E0491C022905D21A4800EB011000689F
:101440000028F6D1022901D1002010BD154C04EB73
:10145000011410682060134C04EB01149068606064
:10146000104C04EB0114106BA06000200D4C04EB39
:101470000114A08133B10B4800EB0110808908B141
:101480000020E2E713B14FF4807004E0054800EB60
:1014900001108089401C034C04EB0114A081481CFE
:1014A000D3E70000C80601200020704700207047E5
:1014B00070B505460C4604F11A0000F049F80646DE
:1014C0002878032805D104F1140000F041F846EA19
:1014D0000046304670BD0146C8788A7842EA00204E
:1014E0004A7842EA00200A7842EA0020704770B544
:1014F0000246D3790024250245EA1364907940EA34
:101500000323250245EA1364507940EA03232502A8
:1015100045EA1364107940EA0323250245EA13647F
:10152000D07840EA0323200240EA1364917841EA2C
:101530000323210241EA1364507840EA0323250281
:1015400045EA1364117841EA03231846214670BD29
:10155000014648780A7842EA0020704700B587B013
:10156000142102A8F0F733F800BF1048006840F0DB
:1015700004000E4908600846006800F0040001906D
:1015800000BF00BF042002900120039004900320BC
:10159000059002A90648F2F74DF9012204210448FA
:1015A000F2F75DFA002007B000BD0000E0440258E9
:1015B0000008025870B504460D4628682060286A65
:1015C000A06095F82400E071686A20F0FF00002117
:1015D000C4E90401A86AE0642046E16CFBF787FADD
:1015E00006461EB9204600F003F80646304670BD98
:1015F0002DE9F047044620680669A16B206800F0D9
:10160000E5F8054615B12846BDE8F087E06B00789F
:10161000852801D00220F7E720223046E16B00F058
:10162000A1F87078401C4FEA4018B8F1600F02D35F
:10163000B8F5187F01D90220E6E700212046FBF724
:1016400037F805460DB12846DEE7A16B206800F0AB
:10165000BDF805460DB12846D6E7E06B0078C028F6
:1016600001D00220D0E7202206F12000E16B00F03B
:1016700079F896F823002C300F21B0FBF1F0B8EB8D
:10168000401F01D20220BFE7402700BF00212046B3
:10169000FBF70EF805460DB12846B5E7A16B2068AB
:1016A00000F094F805460DB12846ADE7E06B0078F0
:1016B000C12801D00220A7E7B7F5187F04D2F0199E
:1016C0002022E16B00F04EF807F12000074640456C
:1016D000DCD3B7F5187F0AD8304609F0D7F8814631
:1016E000B01CFFF735FF814501D002208CE70020B8
:1016F0008AE70000F2F7DAF903F08CF9F8F7FCF961
:10170000F9F718FE03F086F9F6F70AFDFEF7AAFED0
:10171000F6F7B0FDF6F7F6FC012206A10648FDF744
:10172000A1FE0649086003E008F0ACF903F072F985
:10173000FAE70000303A0000080E00200800002000
:10174000F0B503461D460C46002000BF15F8017B8E
:1017500014F801CBA7EB0C00561E321E01D0002856
:10176000F4D0F0BD30B503460C463AB100BF14F8D2
:10177000015B03F8015B551E2A1EF8D130BD10B580
:10178000034600BF03F8011B541E221EFAD110BDF0
:10179000014611B94FF0FF307047084A48681060A1
:1017A000074A8868106008688088064A10800868C0
:1017B000C088054A10800020EEE700004C08002099
:1017C00050080020540800205608002070B5044638
:1017D0000D460026606BA84210D0204608F092FA11
:1017E00006465EB9607801232A4604F13801FBF70A
:1017F000FDF910B14FF0FF3501266563304670BD2D
:1018000010B50C480C490860C720486000210A4800
:10181000816040F2E731C160002101618021816176
:10182000F5F792FB08B1F0F709FD0348F5F766FC00
:1018300010BD0000001C00408011002010B50C48B5
:101840000C490860C720486000210A48816040F2C6
:10185000E731C1600021016180218161F5F774FBEE
:1018600008B1F0F7EBFC0348F5F748FC10BD0000A9
:1018700000200040C011002010B50C480C49086041
:10188000C720486000210A48816040F2E731C1600A
:101890000021016180218161F5F756FB08B1F0F765
:1018A000CDFC0348F5F72AFC10BD000000440140C0
:1018B0000012002010B50C480C490860C720486091
:1018C00000210A48816040F2E731C16000210161D6
:1018D00080218161F5F738FB08B1F0F7AFFC0348D0
:1018E000F5F70CFC10BD000000480140401200203C
:1018F00000B595B000BF1A48006840F008001849CC
:1019000008600846006800F00800019000BF00BFB2
:101910000020129013901490402102A8EFF757FE78
:1019200010480290C720039000210491491E0591A0
:101930008021089102A8F5F707FB08B1F0F77EFCBB
:1019400000201290149012A902A8F5F79FFA08B18E
:10195000F0F774FC02A8F5F7B5FB15B000BD000068
:10196000E8440258000C00400EB5002000900190A1
:101970000290104810490860C720486000210E48B6
:10198000816040F2E731C16080218161F5F7DCFAC6
:1019900008B1F0F753FC0020009002906946064819
:1019A000F5F774FA08B1F0F749FC0348F5F7A6FB20
:1019B0000EBD0000001400404011002010B5044688
:1019C0003CB908490968D1F84600072104F040FFF6
:1019D00010BD04490968D1F846000A2104F038FF17
:1019E000F6E70000200D002010B50948007850B936
:1019F0000020F6F773FE00234FF400620121184621
:101A0000F6F7AEFB02E00120F6F7CCFD002010BD9A
:101A1000680900200346022B02DB4FF0FF307047BD
:101A20000848C05C012809D1074830F81300088035
:101A3000064830F8130010800020F0E74FF0FF3028
:101A4000EDE70000880A0020800A0020840A0020B8
:101A50004FF00061002210E00B4B08681B689842B1
:101A600009D1094B88689B68984204D1074B4868A4
:101A7000186048687047091D521C47F6EC70824296
:101A8000EADB4FF0FF30F5E77CDC0308440D002073
:101A90002DE9FC5F81460C469346A76AB9F80C1005
:101AA0002089084480B20190B9F80E10608908447A
:101AB0001FFA80FA00200090019E59E0002000905B
:101AC000554650E0A9B2B0B2BA68904700F0FF089E
:101AD000B8F13C0F01D1012000900098012813D1EA
:101AE000B8F1020F10D1E089A5EB0A0100EBD0722A
:101AF000B1EB620F08DD6B1E99B2B0B2BA689047C5
:101B00003C2801D100200090009800B92AE0BBF1E8
:101B1000010F13D1B8F1020F05D1A9B2B0B24F2213
:101B20007B68984707E0B8F1470F04D1A9B2B0B27B
:101B300050227B6898474F21218312E0B8F14F0F64
:101B400005D1A9B2B0B202227B68984707E0B8F18C
:101B5000500F04D1A9B2B0B247227B689847022146
:101B6000218300BF6D1CE0895044A842AADC761C8A
:101B7000A18901980844B042A0DCBDE8FC9F2DE992
:101B8000F05F04460F46B4F80880B4F80A90606A23
:101B9000B0F810B027B1608A0B2805D1BDE8F09FDE
:101BA000608A042800D1F9E7454626E04E461FE04A
:101BB000B2B2A9B2584607F03DFE8246012F0BD1C2
:101BC000BAF1040F05D1B2B2A9B20B23584607F0FF
:101BD00077FF0B2161820AE0BAF10B0F05D1B2B297
:101BE000A9B20423584607F06BFF04216182761CDA
:101BF000E0894844B042DBDC6D1CA0894044A84227
:101C0000D4DC00BFCAE7000010B50948006868B11D
:101C100007480068401E064908600846006828B961
:101C2000122004F065F900200249087010BD000080
:101C3000B00B0020840B002070B505460C461646FC
:101C4000A86AA06265620020E06240F6FF716181CF
:101C500020602046FFF717F970BD00002DE9F84F0E
:101C600007460E4615469846DDF82C904FF0000AC0
:101C7000308A001F80B20090708A90FBF9F0001F3C
:101C80001FFA80FB002469E00BF103006043C01CD5
:101C90001FFA80FA022104EB840000EBC40005EB7C
:101CA0008000018104EB840000EBC40005EB8000A0
:101CB000A0F80AA004EB840101EBC40105EB81014B
:101CC0000098888104EB840000EBC40005EB8000E1
:101CD000A0F80EB004EB840000EBC40005EB80001C
:101CE0008762204804EB840101EBC40105EB81010C
:101CF000C86204EB840000EBC40005EB8000466280
:101D00000A9850F8240004EB840101EBC40105EBB0
:101D10008101086344B9472104EB840000EBC4004F
:101D200005EB8000418207E0042104EB840000EB16
:101D3000C40005EB8000418258F8240004EB8401C4
:101D400001EBC40105EB8101486004EB840101EB68
:101D5000C40105EB8100FFF796F8641C4C4593DB4A
:101D6000BDE8F88FB5DA02082DE9F05F80468946B4
:101D700015469A46C12678274FF02A0B00247BE0AF
:101D800004EB840000EBC40005EB80000681022117
:101D900004EB840000EBC40005EB8000418104EB00
:101DA000840000EBC40005EB8000878104EB840015
:101DB00000EBC40005EB8000A0F80EB004EB84003B
:101DC00000EBC40005EB8000C0F828802C4804EB31
:101DD000840101EBC40105EB8101C86204EB8400BE
:101DE00000EBC40005EB8000C0F8249044B9062144
:101DF00004EB840000EBC40005EB8000418227E087
:101E0000012C08D1072104EB840000EBC40005EB92
:101E1000800041821CE0022C08D1432104EB8400A5
:101E200000EBC40005EB8000418211E0032C0FD1D0
:101E3000442104EB840000EBC40005EB80004182E8
:101E4000042104EB840000EBC40005EB8000018159
:101E500004EB840101EBC40105EB8100FFF713F8EB
:101E6000012C04D107F17800304486B203E007F179
:101E70001400304486B2641C544581DBBDE8F09FF9
:101E8000B5DA02082DE9F84F07460E461546984682
:101E90004FF00309308A001F80B20090708A06213B
:101EA00090FBF1F0001F1FFA80FAD3460024B8E03F
:101EB000022C01D0052C02D14FF0180B00E0D346C4
:101EC000022104EB840000EBC40005EB80000181DB
:101ED00004EB840000EBC40005EB8000A0F80A903E
:101EE00004EB840101EBC40105EB810100988881BA
:101EF00004EB840000EBC40005EB8000A0F80EB0FA
:101F000004EB840000EBC40005EB800087624848C6
:101F100004EB840101EBC40105EB8101C86204EB11
:101F2000840000EBC40005EB800046620A9850F87C
:101F3000240004EB840101EBC40105EB810108637B
:101F400044B9472104EB840000EBC40005EB80009A
:101F500041824EE0012C08D14C2104EB840000EBBF
:101F6000C40005EB8000418243E0022C10D14C21DB
:101F700004EB840000EBC40005EB800041820121EA
:101F800004EB840000EBC40005EB8000C18230E06C
:101F9000032C08D14C2104EB840000EBC40005EBBA
:101FA0008000418225E0042C08D14D2104EB8400FF
:101FB00000EBC40005EB800041821AE0052C10D133
:101FC0004D2104EB840000EBC40005EB800041824E
:101FD000022104EB840000EBC40005EB8000C18209
:101FE00007E04D2104EB840000EBC40005EB80000A
:101FF000418258F8240004EB840101EBC40105EB95
:10200000810148603CB104EB840101EBC40105EBA4
:102010008100FEF738FF0BF1030048441FFA80F9F6
:10202000641C0B988442FFF643AFBDE8F88F0000B4
:10203000B5DA020870B505460C4616460021A181A6
:10204000E181A8892082288A6082A5620448E06232
:1020500046F0E001A1822046FEF72EFF70BD000091
:1020600019B802082DE9F04107460E46154600242E
:102070005DE0052C16DA8D2104FB01F0143081B2ED
:1020800004EB840000EBC40005EB80000181708A42
:102090001B3881B204EB840000EBC40005EB800028
:1020A000418115E0601F8D214843143081B204EB5B
:1020B000840000EBC40005EB80000181708A363893
:1020C00081B204EB840000EBC40005EB8000418189
:1020D000892104EB840000EBC40005EB80008181C2
:1020E000192104EB840000EBC40005EB8000C181E2
:1020F00004EB840000EBC40005EB800087620E480F
:1021000004EB840101EBC40105EB8101C86204EB1F
:10211000840000EBC40005EB8000466204EB840100
:1021200001EBC40105EB8100FEF7ADFE641C0A2C37
:102130009FDBBDE8F0810000618D0308F8B505461E
:102140000C4616466A460021284602F031FE401C25
:1021500000B9F8BD462121824FF4F0716182A8894F
:102160004638A0810021E181A56246F0E001A1820C
:102170000020E0622046FEF79FFE00BFE9E7000076
:102180002DE9F04706460D4617469846DDF820A093
:10219000022F01D0BDE8F087718AA1F1180000EB91
:1021A000D071C1F34F0900245EE004EB840000EB22
:1021B000C40005EB8000008A40F4805104EB8400E9
:1021C00000EBC40005EB8000018204EB84000C21CD
:1021D00001FB04000A3081B204EB840000EBC40070
:1021E00005EB8000018104EB840000EBC40005EBEB
:1021F0008000A0F80A9044B904EB840000EBC4000E
:1022000005EB8000C0F8048007E004EB840000EBDD
:10221000C40005EB8000C0F804A004EB840101EBCE
:10222000C40105EB8101B06A886204EB840000EB15
:10223000C40005EB800046620D4804EB840101EB0D
:10224000C40105EB8101C862002004EB840101EBAD
:10225000C40145F8210004EB840101EBC40105EB46
:102260008100FEF710FE641CBC429EDB00BF91E7BC
:10227000410A03082DE9F04105460C4616461F4663
:10228000698AA1F1100000EBD071C1F34F08208AD8
:1022900020F480512182208A20F460412182208A0A
:1022A00030432082A889401D2081A4F80A806760FD
:1022B000A86AA06265620448E062002020602046AF
:1022C000FEF7E1FDBDE8F081410A03082DE9F04188
:1022D00006460D46174698460FB9BDE8F081002422
:1022E000B0E004EB840000EBC40005EB8000008A42
:1022F00004EB840101EBC40105EB8101088204BBFE
:10230000912104EB840000EBC40005EB8000018107
:102310000F2104EB840000EBC40005EB8000418139
:1023200004EB840000EBC40005EB8000008A20F47D
:10233000805104EB840000EBC40005EB80000182B7
:1023400050E0012C21D140F2DB1104EB840000EBC2
:10235000C40005EB8000018104EB840000EBC400A5
:1023600005EB8000008A40F4805104EB840000EB10
:10237000C40005EB800001820B2104EB840000EB1C
:10238000C40005EB800041812CE0022C21D140F2F9
:10239000EB1104EB840000EBC40005EB800001812D
:1023A00004EB840000EBC40005EB8000008A40F4DD
:1023B000805104EB840000EBC40005EB8000018237
:1023C0000B2104EB840000EBC40005EB800041818D
:1023D00008E040F2DD1104EB840000EBC40005EBE3
:1023E0008000018158F8240004EB840101EBC40152
:1023F00005EB8101486004EB840101EBC40105EBAE
:102400008101B06A886204EB840000EBC40005EB34
:10241000800046620E4804EB840101EBC40105EB29
:102420008101C862002004EB840101EBC40145F87E
:10243000210004EB840101EBC40105EB8100FEF7F0
:1024400022FD641CBC42FFF64CAF00BF45E7000014
:10245000410A03087CB506460C46154601AA6946A2
:10246000B06A02F0A5FC401C00B97CBD012D04D16E
:10247000208A40F44041218219E0022D04D1208AB3
:1024800020F44041218212E0032D08D1208A20F45B
:1024900040412182208A40F48041218207E0208A45
:1024A00020F440412182208A40F400412182012D04
:1024B00001D0022D0FD1B089BDF8001008441730AB
:1024C0002081BDF8040000EBD071491029316181F1
:1024D000618921830AE0308AC11700EB5171CA106B
:1024E000A91E51430D39218111216181B06AA06279
:1024F00066620448E062002020602046FEF7C3FCCC
:1025000000BFB2E7A546030870B506460C4615465F
:10251000208A20F470412182012D04D1208A20825A
:10252000642161812FE0022D07D1208A40F480517F
:1025300021824FF4B871618125E0032D06D1208AF4
:1025400040F4005121824B2161811CE0042D07D110
:10255000208A40F4405121824FF49671618112E04B
:10256000052D07D1208A40F4804121824FF49671D5
:10257000218108E0062D06D1208A40F4A041218265
:102580004FF4FA712181032D03DA208A40F0010112
:102590002182B06AA06266620348E0620020206087
:1025A0002046FEF770FC70BD014803082DE9F05F7E
:1025B00006460D4617469946DDF828B0022F01D091
:1025C000BDE8F09F718AA1F1180000EBD071C1F352
:1025D0004F0A308A00EBD0714FEA610800246EE0A8
:1025E00004EB840000EBC40005EB8000008A40F49B
:1025F000805104EB840000EBC40005EB80000182F5
:1026000004EB840000EBC40005EB8000008A4FF46B
:102610000051A140084381B204EB840000EBC400E8
:1026200005EB8000018208FB04F0253081B204EB49
:10263000840000EBC40005EB8000018104EB840002
:1026400000EBC40005EB8000A0F80AA044B904EB3D
:10265000840000EBC40005EB8000C0F8049007E0A4
:1026600004EB840000EBC40005EB8000C0F804B06C
:1026700004EB840101EBC40105EB8101B06A8862BF
:1026800004EB840000EBC40005EB800046620E48BA
:1026900004EB840101EBC40105EB8101C862002059
:1026A00004EB840101EBC40145F8210004EB840133
:1026B00001EBC40105EB8100FEF7E5FB641CBC42A5
:1026C0008EDB00BF7CE70000410A030870B52DEDEA
:1026D000068B04460D469FEDB60AB64880ED000A0B
:1026E0009FEDB30AB44880ED000A9FEDB40BB0EE45
:1026F000409B9FEDB20BB0EE40AB002022E034F8DF
:10270000101000EE101AB8EE400A9FEDAE1AC0EE9F
:10271000010AA84991ED000A30EE800A81ED000A15
:1027200035F8101000EE101AB8EE400ADFEDA50AD9
:1027300080EE201AA04991ED000A31EE000A81EDE9
:10274000000A401CB0F52F7FD9DB00203CE034F8B4
:10275000101000EE101AB8EE400A9649D1ED000AAA
:1027600070EE600A34F8101000EE101AB8EE400A4D
:10277000904991ED001A30EE410A20EE800AB7EE42
:10278000C00A30EE090BB0EE409B35F8101000EE99
:10279000101AB8EE400A8849D1ED000A70EE600ABE
:1027A00035F8101000EE101AB8EE400A824991ED8B
:1027B000001A30EE410A20EE800AB7EEC00A30EE71
:1027C0000A0BB0EE40AB401CB0F52F7FBFDBB0EE84
:1027D000490BF7F749FE7C4880ED000BB0EE4A0B41
:1027E000F7F742FE794880ED000B724991ED000A3F
:1027F000BCEEC00A10EE101A89B2754A1288881A07
:10280000002801DB014600E0414203290FDA6E494E
:1028100091ED000B9FED6F1BB4EEC10BF1EE10FAC2
:1028200005D26E480078401C6C49087002E0002018
:102830006A490870604991ED000ABCEEC00A10EECA
:10284000101A89B2624A1288881A002801DB0146F0
:1028500000E0414203290FDA5C4991ED000B9FED46
:102860005D1BB4EEC10BF1EE10FA05D25B48407867
:10287000401C5A49487002E00020584948705748A7
:1028800000780A284DDB554840780A2849DB54482F
:1028900090ED000ABCEEC00A10EE100A81B2514859
:1028A0000078401E504A22F810104D4890ED010A61
:1028B000BCEEC00A10EE100A81B24A480078401EF1
:1028C0004A4A22F81010474800780E2818D11120E3
:1028D00003F00EFB002043490870454908601C22A4
:1028E0004149444800680E30EEF758FE1C223F492B
:1028F000404800682A30EEF751FEBDEC068B70BDF3
:102900003848007800F07AF83B48007840B9012058
:102910003949087033490978891CC8B203F0E8FACC
:10292000EBE72448D0ED000A2948008800EE100AA1
:10293000B8EE400A30EEC00AF0EE000A20EE200A9F
:10294000B0EE408A264890ED000A30EE080A80ED8D
:10295000000A90ED000ABCEEC00A10EE100A81B227
:10296000002004F067F91448D0ED000A18480088E8
:1029700000EE100AB8EE400A30EEC00AF0EE000A8F
:1029800020EE200AB0EE408A154890ED010A30EEA4
:10299000080A80ED010A90ED010ABCEEC00A10EEB3
:1029A000100A81B2012004F045F900BFA5E700003C
:1029B00000000000880B00208C0B002000000000AD
:1029C0000000000000002F44900B0020980B002016
:1029D000A00B00200000000000005940AD0B0020BB
:1029E000A40B0020840B002088DB0020A4DB002047
:1029F000B00B0020800B0020AC0B00202DE9F0472D
:102A00008146B9F10E0F6ED2DFE809F007111B25E0
:102A10002F39444F59636E78828D06250926322757
:102A2000B84641F2883401206249087087E00625E3
:102A300009266427B84641F2883402205D490870AF
:102A40007DE0062509269627B84641F28834032002
:102A50005849087073E006250926C827B84641F290
:102A6000883404205349087069E006250926FA27AE
:102A7000B84641F2883405204E4908705FE00625CB
:102A800009264FF49677B84641F288340620494922
:102A9000087054E0062509264FF4AF77B84641F296
:102AA000883407204349087049E004250926322765
:102AB000B84641F2883408203E4908703FE00425BA
:102AC00009266427B84641F288340920394908703C
:102AD00035E0042509269627B84641F288340A20B5
:102AE000344908702BE029E004250926C827B84698
:102AF00041F288340B202F49087020E00425092674
:102B0000FA27B84641F288340C202A49087016E0AA
:102B1000042509264FF49677B84641F288340D20F3
:102B2000244908700BE0042509264FF4AF77B84616
:102B300041F288340E201F49087000E000BF00BF3A
:102B4000E9B2002006F054FCE9B2012006F050FC86
:102B5000304604F07BFD06EB4601174A52F831007F
:102B600006F086FA15480068878014480068C78018
:102B7000002003F02BFD012003F028FD1048A0F8F1
:102B8000008000EE104AB8EE400A0E4880ED000AC0
:102B900000EE104AB8EE400A80ED010A00200A4912
:102BA00008704870094908700A2009490860BDE8A2
:102BB000F0870000840B0020F8D80308800B002069
:102BC000A00B0020A40B0020AD0B0020AC0B0020BC
:102BD000B00B002010B50948008840B90021084614
:102BE00006F0C6FA0021012006F0C2FA04E003480C
:102BF0000088401E0149088010BD00008A0900209D
:102C000010B50348006800F061F802F093FF10BDB2
:102C1000340B00202DE9F05F054689469346FDF709
:102C2000CFFC8246BAF8024047E0A1B24846AA6803
:102C30009047C6B24FF000083BE008EB480022493D
:102C400001EB40073878B04205D1A1B201224846D5
:102C50006B6898472BE07878B04205D1A1B2012289
:102C600048466B68984722E0B878B04205D1A1B2D7
:102C7000012248466B68984719E0F878B04205D1C0
:102C8000A1B2002248466B68984710E03879B042FC
:102C900005D1A1B2002248466B68984707E07879D1
:102CA000B04204D1A1B2002248466B68984708F1AF
:102CB0000108B8F1050FC0DB641CBAF80600A04299
:102CC000B3DCBDE8F09F0000F0DA030870B50646FB
:102CD00006B970BDFDF774FC0446258805E0A9B26D
:102CE00000223046FFF796FF6D1CA088A842F6DC54
:102CF00000BFEEE72DE9F0470446A789E189606847
:102D0000C0890844C01C1FFA80F8618A6068C089C5
:102D1000081AC01E1FFA80F900250FE0002609E0FE
:102D200005EB080291B2BA1990B2A26A5368022266
:102D30009847761C208AB042F2DC6D1C4D45EDDBD5
:102D4000BDE8F08770B502460D4600230021244EF1
:102D50003668741904F00303A1080ABB33B1012BD0
:102D60000AD0022B0ED0032B18D111E01D4E36686D
:102D700036F81160301212E01B4E366836F81160DA
:102D800030120CE0194E366836F81160301206E049
:102D9000174E366836F81160301200E000BF1DE0B3
:102DA00033B1012B09D0022B0CD0032B14D10EE030
:102DB0000C4E366816F811000FE00B4E366816F808
:102DC00011000AE0094E366816F8110005E0084EB9
:102DD000366816F8110000E000BF00BF70BD0000AB
:102DE00078090020580900205C09002060090020B3
:102DF0006409002070B504460D462946204601F0BE
:102E00006DF870BD2DE9F84F05460E469146FDF769
:102E1000D7FB074605F0D4FD00904FF0000B0020D3
:102E20004C49088048804FF6FF704B490880488025
:102E3000484604F045FF002485E059460020FFF78E
:102E400081FF824659460120FFF77CFF80464FFAFA
:102E50008AF000EE100AB8EEC00A404880ED000A81
:102E60004FFA88F000EE100AB8EEC00A3C4880ED38
:102E7000000A3A4890ED000A3A4800EB840080EDE1
:102E8000000A374890ED000A374800EB840080EDD7
:102E9000000AB88A00EBD071491000EE101AB8EEA3
:102EA000C00A2E49D1ED000A9FED301A01EE200A2A
:102EB000BCEEC00A10EE101A25F81410B88A00EB08
:102EC000D071491000EE101AB8EEC00A2449D1EDB5
:102ED000000A9FED261A01EE200ABCEEC00A10EE91
:102EE000101A26F8141000980069834435F814006D
:102EF00018490988884203DD35F81400154908800F
:102F000036F8140013494988884203DD36F8140066
:102F10001049488035F814000F490988884203DABF
:102F200035F814000C49088036F814000A4949881D
:102F3000884203DA36F814000749488001200C491A
:102F400008704870641C788AA0423FF776AFBDE8ED
:102F5000F88F0000800A0020840A00208C0A0020DC
:102F6000900A002090190020102600200100F0BFD8
:102F7000880A0020F0B589B006460D46634AD2E9BA
:102F800000109268CDE90702069161A000680590E3
:102F90005E4A0C32D2E900109268CDE90302029138
:102FA0005CA000680190708A2038032190FBF1F04A
:102FB00087B20024A5E0052104EB840000EBC400E7
:102FC00005EB8000018107F108006043083081B201
:102FD00004EB840000EBC40005EB8000418104EBAE
:102FE000840000EBC40005EB8000C781308B04280F
:102FF00038D102A850F8240004EB840101EBC4018D
:1030000005EB8101486001A8015D04EB840000EB41
:10301000C40005EB8000C18204F1280081B204EBFA
:10302000840000EBC40005EB800041830CB1012C4F
:103030000DD1308A00EBD071491014318AB204EB03
:10304000840101EBC40105EB81018A8131E0308A02
:103050000A3881B204EB840000EBC40005EB800069
:10306000818126E006A850F8240004EB840101EBDE
:10307000C40105EB8101486005A8015D04EB8400F3
:1030800000EBC40005EB8000C18204F11E0081B298
:1030900004EB840000EBC40005EB80004183308A20
:1030A0000A3881B204EB840000EBC40005EB800019
:1030B0008181318A04EB840000EBC40005EB8000C1
:1030C0008183154804EB840101EBC40105EB810108
:1030D000C86204EB840000EBC40005EB800046628C
:1030E000FF2104EB840000EBC40005EB800041826B
:1030F00004EB840101EBC40105EB8100FDF7C3FE85
:10310000641C032CFFF657AF09B0F0BDECDB0308DD
:103110000202020002020300F1CD02082DE9F84F7D
:103120000446032C01DBBDE8F88F00F033FF814635
:10313000022C36D104EB840000EBC4007E4901EB85
:10314000800080894FF6FF7101EA4005A02604EB5C
:10315000840101EBC401784A02EB8101888900EB0C
:10316000D0714A1004EB840101EBC401724B03EBF4
:1031700081010989891A8FB204EB840000EBC40035
:10318000194601EB8000418904EB840000EBC40088
:103190001A4602EB8000C0890844801C1FFA80F8A0
:1031A00022E004EB840000EBC400634901EB8000E3
:1031B0008589A02604EB840000EBC40001EB8000AD
:1031C000078904EB840000EBC40001EB8000418917
:1031D00004EB840000EBC400574A02EB8000C08976
:1031E0000844801C1FFA80F805FB06F0484500D90A
:1031F00099E734215148EEF7EAF94FF4C36150489A
:10320000EEF7E5F900214D488181C18105824682B2
:103210004C484A49C86201214848C182A01C47491C
:10322000088308464784A0F824804549FFF7A2FE9A
:103230004248FDF78BFD34BB43490968D1F846008D
:10324000062103F005FB824651463D4804F0ACFAE6
:103250003D490968D1F84600072103F0F9FA824692
:1032600051463748343004F09FFA37490968D1F89D
:103270004600082103F0ECFA824651463048683097
:1032800004F092FA4EE0012C26D12F490968D1F8BA
:103290004600092103F0DCFA82465146284804F032
:1032A00083FA29490968D1F846000A2103F0D0FAC7
:1032B000824651462248343004F076FA22490968A1
:1032C000D1F846000B2103F0C3FA824651461C4850
:1032D000683004F069FA25E01B490968D1F8460016
:1032E0000D2103F0B5FA82465146154804F05CFA08
:1032F00015490968D1F846000E2103F0A9FA824663
:1033000051460F48343004F04FFA0F490968D1F89C
:1033100046000F2103F09CFA824651460848683067
:1033200004F042FAFF2033462A46414600903846D0
:1033300000F012FE00BFF6E6183B00202CE2002051
:1033400014DC0020D9420308200D00202DE9FF4F96
:1033500085B00F4691469A46DDE912B5FDF730F982
:1033600004464FF00008022D02D14FF0AF0808E0EC
:10337000052D02D14FF48C7803E00A2D01D140F2E3
:103380003B1800261CE0608808F1010137F8111095
:10339000084480B28DE8010ACDF80CA0608837F8A7
:1033A00018C0604482B220883044284483B2208808
:1033B000304481B2059800F0CDFF08F101082E4499
:1033C000E08961894843401EB042DCDC09B0BDE8B9
:1033D000F08F00002DE9F84300F0DCFD80464FF44B
:1033E0002874CB252149096809688988081B00EBE6
:1033F000D07149101E398EB21C4909680968C98804
:10340000481B00EBD071C1F34F0714FB05F040459A
:1034100001D9BDE8F88334211548EEF7D8F84FF408
:10342000C3611448EEF7D3F8002111488181C181AE
:103430000482458210480E49C86201210C48C182AD
:1034400006210183468487840A4900F017F808485A
:10345000FDF77CFC02F07CFBFF202B462246394620
:103460000090304600F078FD00BFD2E7BC0B002092
:103470002CE2002014DC0020D94203082DE9F041A1
:1034800006460D46308A16380A2190FBF1F087B2C5
:10349000002468E00A2094FBF0F100FB1140B91C05
:1034A0004843801C81B204EB840000EBC40005EBB0
:1034B000800001810A2094FBF0F000EB400101EB59
:1034C0008010801C81B204EB840000EBC40005EB8B
:1034D0008000418104EB840000EBC40005EB800018
:1034E0008781412104EB840000EBC40005EB8000E0
:1034F000C18104F13C0081B204EB840000EBC40004
:1035000005EB80004183318A04EB840000EBC400AA
:1035100005EB80008183164804EB840101EBC401B4
:1035200005EB8101C86204EB840000EBC40005EBED
:1035300080004662012104EB840000EBC40005EB2F
:103540008000C182FF2104EB840000EBC40005EB86
:103550008000418204EB840101EBC40105EB810092
:10356000FDF791FC641C1E2C94DBBDE8F08100008B
:10357000F1CD02082DE9F05F06460F4690469B46C6
:10358000DDF828900B9800EB4000704901EB4005F6
:103590000024D5E0BBF1000F68D138F8141037F8DB
:1035A0001400B268904700F0FF0ABAF1000F0FD183
:1035B000B9F1000F02D095F804C001E095F803C0FE
:1035C000624638F8141037F81400736898474CE0D6
:1035D000BAF1010F0FD1B9F1000F02D095F801C077
:1035E00001E095F800C0624638F8141037F814006E
:1035F0007368984739E0E87850450AD1B9F1010F6E
:1036000007D16A7938F8141037F8140073689847AE
:103610002BE0287950450AD1B9F1000F07D16A791A
:1036200038F8141037F81400736898471DE02878AC
:1036300050450AD1B9F1010F07D1AA7838F8141012
:1036400037F81400736898470FE0687850450AD13E
:10365000B9F1000F07D1AA7838F8141037F8140020
:103660007368984701E04FF0000A68E038F81410DA
:1036700037F81400B268904700F0FF0A28785045E8
:103680000AD1B9F1000F07D138F8141037F8140037
:1036900001227368984751E0687850450AD1B9F122
:1036A000010F07D138F8141037F81400012273689D
:1036B000984743E0E87850450AD1B9F1000F07D1A7
:1036C00038F8141037F8140000227368984735E072
:1036D000287950450AD1B9F1010F07D138F81410F3
:1036E00037F8140000227368984727E0687950453E
:1036F0000FD1B9F1000F02D095F803C001E095F8A1
:1037000004C0624638F8141037F8140073689847FC
:1037100014E0A87850450FD1B9F1000F02D095F808
:1037200000C001E095F801C0624638F8141037F87F
:1037300014007368984701E04FF0000A00BF641C52
:10374000B4F5C87FFFF626AFBDE8F09FF0DA0308B6
:103750002DE9F04105460E4614461F46DDF8188057
:103760002781A4F80A800021A181E181A562064891
:10377000E062666204216182012121822046FDF718
:1037800082FBBDE8F08100003146030870B58EB0C1
:1037900006460D4628229C4904A8EDF7FFFE9BA291
:1037A00007CA01AB07C3002428E1042C24D10A2155
:1037B00004EB840000EBC40005EB800001810821CC
:1037C00004EB840000EBC40005EB8000C1813221D2
:1037D00004FB01F0283081B204EB840000EBC4004C
:1037E00005EB80004181022104EB840000EBC40062
:1037F00005EB8000018367E0052C25DB072C23DC2B
:10380000318A2839032291FBF2F0611F00F10A028C
:1038100051430A318AB204EB840101EBC40105EB88
:1038200081010A814FF4877204EB840101EBC4012A
:1038300005EB81014A812E2204EB840101EBC401D6
:1038400005EB8101CA813FE0082C21DB308A00EBC7
:10385000D07149103A318AB204EB840101EBC40102
:1038600005EB81010A81242104EB840000EBC400F4
:1038700005EB8000C181A01F32214843193081B27D
:1038800004EB840000EBC40005EB800041811BE0E9
:10389000502104EB840000EBC40005EB80000181A3
:1038A000242104EB840000EBC40005EB8000C181FF
:1038B000322104FB01F0193081B204EB840000EBEB
:1038C000C40005EB800041814CB94FF48D7104EBCD
:1038D000840000EBC40005EB800081814CE0012CEA
:1038E00008D1BC2104EB840000EBC40005EB800090
:1038F000818141E0022C01D0032C10D1A889A0388D
:10390000052190FBF1F0402101EB400081B204EB76
:10391000840000EBC40005EB800081812CE0032CC7
:1039200010D1A889A038052190FBF1F0402101EBCE
:10393000400081B204EB840000EBC40005EB800082
:10394000818119E0052C0DDB308A2838032190FB9A
:10395000F1F081B204EB840000EBC40005EB8000C1
:10396000818109E0308A143881B204EB840000EBD5
:10397000C40005EB8000818104A850F8240004EB0A
:10398000840101EBC40105EB8101486004EB840074
:1039900000EBC40005EB80004483318A04EB840013
:1039A00000EBC40005EB800081831B4804EB84011D
:1039B00001EBC40105EB8101C86204EB840000EB5C
:1039C000C40005EB8000466201A8015D04EB8400A1
:1039D00000EBC40005EB8000C182FF2104EB8400F2
:1039E00000EBC40005EB8000418204EB840101EB95
:1039F000C40105EB8100FDF746FA641C0A2CFFF6B2
:103A0000D4AE0EB070BD000004DC03080502020253
:103A10000000000002020000F1CD02082DE9F84389
:103A200000F0B8FA80464FF4BE744FF4A5754A49C9
:103A3000096809688988081B00EBD071C1F34F063B
:103A4000454909680968C988481B00EBD071C1F372
:103A50004F0714FB05F0404501D9BDE8F883342138
:103A60003E48EDF7B4FD4FF4C3613D48EDF7AFFDBF
:103A700000213A488181C181048245823948374911
:103A8000C86200213548C1820121018346848784B0
:103A90003349FFF77BFE3148FDF758F93249096891
:103AA000D1F84600002102F0D3FE814649462C4859
:103AB00003F07AFE2C490968D1F84600012102F092
:103AC000C7FE814649462648343003F06DFE26493C
:103AD0000968D1F84600022102F0BAFE8146494643
:103AE0001F48683003F060FE1F490968D1F846009E
:103AF000032102F0ADFE8146494619489C3003F08F
:103B000053FE19490968D1F84600042102F0A0FECD
:103B100081464946154803F047FE13490968D1F824
:103B20004600052102F094FE814649460F48343094
:103B300003F03AFE0C48006890F850100848D03066
:103B400004F0CEFAFF202B4622463946009030463C
:103B500000F002FA00BF80E7BC0B00202CE200203E
:103B600014DC0020D9420308200D0020B4DD002021
:103B70001CB5FCF7F7FD4849086000224749464854
:103B80000068FEF757FA0022454943480068FEF7EF
:103B9000D5FA0122424934313F480068FEF7CEFA97
:103BA000012240493C480068FEF7C8FA06203E4919
:103BB0003E4B3F4ACDE90010394937480068FEF7CF
:103BC0004DF8072038493B4B3B4ACDE900103449BA
:103BD000343131480068FEF755F90423374A2F493C
:103BE0002D480068FEF7C0F8354A2C492A4800687D
:103BF000FEF738FA33A035A3022236490090364842
:103C0000FEF7D4FC35A037A3022237490090324892
:103C10006830FEF7B5FA35A34FF4204234492E48F8
:103C20003430FEF727FB012232491C48FEF704F826
:103C30000222304934311948FDF7FEFF2E4B032292
:103C40002E491648FEF742FB01222D491348FEF784
:103C500001FC02222A4934311048FEF7FBFB012205
:103C600028490E48FEF750FC0222264934310B4801
:103C7000FEF74AFC21484089801C80B200901F4812
:103C80000089103883B2204A044903480068FFF7CE
:103C90005FFD00201CBD0000280B0020903200209A
:103CA00094330020FC330020CC0A0020940A00202A
:103CB00030340020B00A0020A4370020183B002038
:103CC000103900203230306D560000003130306D38
:103CD00056000000E83B0020F83200203530306DFF
:103CE000730000004D000000503C00202020000028
:103CF000D04200203C440020040B0020044300205C
:103D0000A444002074450020E848002010B50F4866
:103D1000007870B1002005F05BF8012005F04AF84A
:103D20000021022005F040FA0021032005F03CFAB2
:103D300005E0002005F03EF8012005F049F80348B1
:103D4000007880F001000149087010BD780B002058
:103D50000148007870470000780B002000B595B04E
:103D6000002002900390049000BF1548006840F0C6
:103D70001000134908600846006800F01000019028
:103D800000BF00BF0F48059000200690002107915A
:103D90001321089100210B9105A8F3F7D5F808B17C
:103DA000EEF74CFA202002900020049002A905A80A
:103DB000F3F76CF808B1EEF741FA15B000BD00005A
:103DC000E84402580010004030B52DED028B81B060
:103DD0004FF060559FED190BB0EE408B002416E0BC
:103DE000B0EE480BF6F7E8FA9FED161B9FED152B8A
:103DF00002EE001BBCEEC10B10EE100A25F81400F9
:103E00009FED120B38EE000BB0EE408B641CB4F546
:103E10007A7FE5DB00204FF47A732A460146009052
:103E20000C48EFF70DF80C48006840F001000A4913
:103E3000086001B0BDEC028B30BD00000000000046
:103E4000000000000000000000409F40B7EEE6A91F
:103E50000EB9793FDCE200200010004000B587B0C9
:103E6000142102A8EDF7B3FB00BF0C48006840F036
:103E700001000A4908600846006800F0010001904E
:103E800000BF00BF10200290032003900020049088
:103E900002A90348EFF7CEFC07B000BDE04402588A
:103EA0000000025810B508480078062801D100200B
:103EB00010BDFFF7D3FFF4F789F8FFF74FFFFFF7C7
:103EC00083FF0020F4E700005C08002070B5044682
:103ED0000D462946204604F061F870BD70B50546D0
:103EE0000C4655B90CB9012000E0002002464FF401
:103EF00080510748EFF7B3FD08E00CB9012000E05E
:103F00000020024620210348EFF7A9FD70BD000004
:103F1000000802580004025810B506490968D1F893
:103F200046000E2102F094FC0446204605F05EF89F
:103F300010BD0000200D002010B501231A461946BF
:103F40000448EFF7D9FF012200210248EFF770FF84
:103F500010BD0000C81200202DE9F04104460D46B6
:103F600016461F46DDF8188001232A4621460848D8
:103F7000EFF78CFF01233A4631460548EFF7BCFFC7
:103F8000012241460248EFF753FFBDE8F0810000EF
:103F9000C812002004480068C0880349096889885D
:103FA0004843C0F500207047440800202021244ADF
:103FB0009160890191602021224A1160890111607C
:103FC0002149097861B910211160C9021D4A0C32DA
:103FD0001160111F096841F00101121F116027E0F3
:103FE0001021184A11608902154A5161D162154A9F
:103FF0000C321160134A243211601149096941F0F1
:1040000001010F4A11611146896A41F00101916273
:104010000C490831096841F001010A4A083211606F
:1040200008492031096841F00101064A2032116037
:104030000649096841F00101044A11607047000017
:10404000000002400804024068090020000001400E
:104050002DE9F74F86B006460F46089808B90620A6
:1040600000E007200590089808B9704800E0704803
:104070000490089808B9322000E0332003904FF0F4
:10408000000813242246E31704EB5373DB10A4EB60
:10409000C30333B12146E31704EB5373DB105B1CFE
:1040A00004E02046C31700EB5373DB109BB202936E
:1040B000708940F6FF71884202D14FF6FF7801E027
:1040C000B6F80A804FF0000A4BE0002545E0EA17F9
:1040D00005EB5272D310029A0AFB0233049AD25CA7
:1040E000EB1705EB5373DB10A5EBC3039A4002F00B
:1040F0008002C2B907EB0A0399B2A8B2B36A9A6800
:104100009047C0B201900198022803D0039901980A
:10411000884207D107EB0A0291B2A8B2B26A53688B
:10412000059A984718E007EB0A0399B2A8B2B36A58
:104130009A689047C0B201900198022803D005996F
:104140000198884207D107EB0A0291B2A8B2B26A7D
:104150005368039A984700BF6D1CA542B7DB0AF16C
:10416000010ABAF10C0FB0DB77814FF6FF70804582
:1041700002D109B0BDE8F08F4FF6FF79B84512DDE6
:10418000A8EB07001FFA80F9B9F10C0F04DD4FF01E
:1041900000094FF00C0B1AE0C9F10C001FFA80F96E
:1041A0004FF00C0B13E0B8450FDAA7EB08001FFA2D
:1041B00080F9B9F10C0F04DD4FF000094FF00C0B42
:1041C00005E0CB464FF0000901E04FF6FF794FF6CE
:1041D000FF70814500D1CCE74D4622E04FF0000A48
:1041E0001CE008EB050399B21FFA8AF0B36A9A68DB
:1041F0009047C0B2019005990198884203D0039975
:104200000198884208D108EB050291B21FFA8AF0A2
:10421000B26A5368022298470AF1010AA245E0DB1C
:104220006D1C5D45DADB00BFA3E7000024D803085E
:1042300048D803082DE9FF5F884691461E46DDF801
:104240003CB034462246E31704EB5373DB10A4EB77
:10425000C30333B12146E31704EB5373DB105B1C3C
:1042600004E02046C31700EB5373DB101FFA83FAF8
:1042700000272CE0002527E0EA1705EB5272D21048
:1042800007FB0A221BF80220EB1705EB5373DB1028
:10429000A5EBC3039A4002F0800252B109EB07007C
:1042A00082B208EB050081B2109B009805F008FC73
:1042B00009E009EB070082B208EB050081B2032395
:1042C000009805F0FDFB6D1CA542D5DB7F1C0E9808
:1042D0008742CFDBBDE8FF9FF0B589B00446E08A96
:1042E00030BB228A638A02FB03F1174A1268906886
:1042F0000322EDF765F9F6F7FBFF0646F7F720F81E
:1043000007463B46324611A101A8F6F70BF801A873
:10431000EDF77AF9218AA1EBC000C0F34F05012027
:104320000090208A01AB02222946FCF78FFC09E0AD
:10433000228A638A02FB03F1034A1268906803220F
:10434000EDF73EF909B0F0BDBC0B00202573202528
:10435000730000002DE9FF4F87B00546DDF85C8053
:1043600000200690059008990A98A0EB010A099987
:104370001498401A0490089E099FBAF1000F02DDBC
:10438000012003900AE0BAF1000F02D1002003904F
:1043900004E04FF0FF300390CAF1000A04980028AF
:1043A00002DD012002900AE0049810B9002002907A
:1043B00005E04FF0FF3002900498404204900498CA
:1043C000824501DDD14601E0DDF81090169800EB42
:1043D0004000724901EB400400200190D4E01598A0
:1043E00000285AD1B9B2B0B2AA68904700F0FF0BCA
:1043F000BBF1000F0DD1B8F1000F02D094F804C04A
:1044000001E094F803C06246B9B2B0B26B68984755
:1044100042E0BBF1010F0DD1B8F1000F02D094F8CA
:1044200001C001E094F800C06246B9B2B0B26B6856
:10443000984731E0E078584508D1B8F1010F05D12F
:104440006279B9B2B0B26B68984725E020795845D7
:1044500008D1B8F1000F05D16279B9B2B0B26B687A
:10446000984719E02078584508D1B8F1010F05D1D7
:10447000A278B9B2B0B26B6898470DE06078584541
:1044800008D1B8F1000F05D1A278B9B2B0B26B680B
:10449000984701E04FF0000B5AE0B9B2B0B2AA68F9
:1044A000904700F0FF0B2078584508D1B8F1000F75
:1044B00005D1B9B2B0B201226B68984747E0607885
:1044C000584508D1B8F1010F05D1B9B2B0B20122F7
:1044D0006B6898473BE0E078584508D1B8F1000F89
:1044E00005D1B9B2B0B200226B6898472FE02079AD
:1044F000584508D1B8F1010F05D1B9B2B0B20022C8
:104500006B68984723E0607958450DD1B8F1000FEA
:1045100002D094F803C001E094F804C06246B9B236
:10452000B0B26B68984712E0A07858450DD1B8F149
:10453000000F02D094F800C001E094F801C0624678
:10454000B9B2B0B26B68984701E04FF0000B00BF02
:10455000069850440690DDE904100844059006983A
:10456000484505DD0698A0EB09000690039806442F
:104570000598484505DD0598A0EB090005900298CF
:1045800007440198401C019009F1010101988842FB
:104590007FF725AF0BB0BDE8F08F0000F0DA03081D
:1045A0002DE9FF4104460E462589678901F08CFA02
:1045B00068B901200522CDE900201C49029051F87C
:1045C00026303A462946A06A00F0ACFD2CE0174997
:1045D000F01C51F8208001200522CDE90020029036
:1045E0003B462A464146A06AF9F7B0FE0120052263
:1045F000CDE9002005F110018AB202903B4608F196
:104600000201A06AF9F7A2FE012005221023CDE9DC
:10461000012005F1200291B20093039020233A4635
:10462000A06AFCF759F900BFBDE8FF81100B00201C
:104630002DE9F04387B004461822194901A8ECF788
:10464000ADFFB4F80880B4F80A90207C00F00100B7
:1046500030B1A06A4946826840469047054600E06E
:104660001B25002616E0002711E001A830F81600EF
:10467000B84000F4004048B109EB060291B208EBE3
:10468000070290B2A26A53682A4698477F1C102FEF
:10469000EBDB761C0C2EE6DB07B0BDE8F0830000F8
:1046A000D4D803082DE9F04F85B0044650A3D3E9D0
:1046B00001211868DB68CDE90313CDE901024FF051
:1046C000000B00200090208A00F4404060B1B0F55B
:1046D000804F0DD0B0F5004F0ED0B0F5404F0FD148
:1046E0000627002000900DE007270020009009E039
:1046F00017270120009005E017270120009001E016
:10470000062700BF00BF207CC0F3800010B9A08A3C
:10471000022814D1616A097D01F0E0010802FCF76A
:104720004DF980464FF0010B207CC0F3800008B1AA
:104730000121A182208A20F00401218201E00121CF
:10474000A1824EE0B4F80890B4F80AA0002536E043
:10475000002631E0BBF1000F23D1009880B901A8F9
:10476000405DB04000F0800028B30AEB050291B232
:1047700009EB060290B2A26A53683A4698471AE0DB
:1047800001A8405D304100F00100A0B10AEB050234
:1047900091B209EB060290B2A26A53683A46984772
:1047A00009E00AEB050291B209EB060290B2A26A97
:1047B000536842469847761C082ECBDB6D1C0D2DA6
:1047C000C6DBA08A401EA082A08A48B1E18A21816E
:1047D000218B6181B4F80890B4F80A904FF0000B77
:1047E00000BFA08A0028ADD105B0BDE8F08F000061
:1047F00002060E1E3E7FFF7F3E1E0E0602000000D8
:104800002DE9F04F85B0044600200490FBF7D8FE58
:104810008146604A07CA01AB07C3207CC0F3800011
:1048200010B9A08A02280CD101200490207CC0F38A
:10483000800008B10121A182208A20F00401218298
:1048400001E00121A182208A4FEA203801A800EB73
:10485000480797E0B8F1040F01DB012000E00020D9
:104860008246B8F1040F02DBB9F8020001E0B9F8A2
:1048700000008346B8F1040F02DBB9F8060001E03E
:10488000B9F8040000905D4669E0BAF1000F06D166
:104890006189A8B2A36A9A689047C6B205E0A9B236
:1048A0002089A36A9A689047C6B2049860BBBAF19F
:1048B000000F14D146B93A786189A8B2D4F828C05B
:1048C000DCF80430984749E0012E47D17A786189B5
:1048D000A8B2D4F828C0DCF8043098473EE046B9C6
:1048E0003A78A9B22089D4F828C0DCF80430984777
:1048F00034E0012E32D17A78A9B22089D4F828C0C8
:10490000DCF80430984729E0BAF1000F13D1387869
:10491000B04206D16189A8B2A26A536800229847C2
:104920001CE07878B04219D16189A8B2A26A5368B4
:104930000122984712E03878B04206D1A9B2208906
:10494000A26A53680022984708E07878B04205D1FF
:10495000A9B22089A26A536801229847AD1C009829
:10496000854292DBA08A401EA082A08A48B1BAF19B
:10497000000F02D1218B618101E0E18A21810020B9
:10498000049000BFA08A00287FF464AF05B0BDE8A2
:10499000F08F0000ECD8030810B504463CB9084974
:1049A0000968D1F84600062101F052FF10BD044904
:1049B0000968D1F84600092101F04AFFF6E7000036
:1049C000200D002088B94FF0B041096848F201027B
:1049D00011434FF0B04211601146496848F201029C
:1049E00091434FF0B042516010E04FF0B041496840
:1049F00048F2010211434FF0B0425160114609687C
:104A000048F2010291434FF0B0421160704700201C
:104A10007047000010B50248EFF734F810BD0000F1
:104A2000681600202DE9F04706460F4690464FF4E1
:104A3000AF7903F0C5FF8246002510E049463846AD
:104A4000FEF780F944B2DAF81000814400EE104A13
:104A5000B8EEC00A06EB850080ED000A6D1C4545E6
:104A6000ECD3BDE8F087000000B504490968D1F82F
:104A70004600172101F0ECFE00BD0000200D0020D3
:104A80002DE9F0412DED028B06460D46B0EE408A31
:104A90001746FBF795FD0446A08A00EE100AB8EE13
:104AA000400AC0EE080AF0EE608A002022E0411CB5
:104AB00006EB8101D1ED000A60EEA80A9FED111A04
:104AC00060EE810AB0EE600AA18A00EE901AF8EE5C
:104AD000600A70EEC00AFCEEE00A10EE901A25F8AB
:104AE000101035F81010A28A914202DDA18A25F833
:104AF0001010401C618A8142D9DCBDEC028BBDE8FC
:104B0000F0810000CDCC4C3F38B5002000906946C4
:104B10000E4800F01DF80546ADB90098B0F57A7F53
:104B20000FD9EEF703FE002406E004F17000202206
:104B30000121EDF7B7FB641C102CF6DB034800F0F5
:104B400041F8002038BD4FF0FF30FBE7C0DB00200C
:104B50002DE9F047A0B081460F464FF6FF75DFF80C
:104B60006080002425E008EBC41A80225146684684
:104B7000ECF714FD6E465221304601F0B5FD96F873
:104B80005210884201D1254612E04FF6FF7085424F
:104B900004D14FF0FF3020B0BDE8F08708EBC51A14
:104BA000532251464846ECF7F9FC3D600020F2E7FD
:104BB000641CB4F5806FD6DB4FF0FF30EBE70000EC
:104BC00000000E08F0B5A1B00646124F00241BE00D
:104BD00007EBC411802201A8ECF7E0FC002505E0FA
:104BE00001A8405DFF2800D002E06D1C802DF7DB9E
:104BF00000BF802D07D107EBC410314604F0DEFC66
:104C0000002021B0F0BD641CB4F5806FE0DB4FF0F4
:104C1000FF30F6E700000E0800B504490968D1F836
:104C20004600032101F014FE00BD0000200D00200D
:104C300070B505460C4685BB04F0010030B14C4808
:104C4000008840F040004A49088005E04848008854
:104C500020F040004649088004F0020030B144488A
:104C6000008840F080004249088005E04048008804
:104C700020F080003E49088004F0040030B13C4838
:104C8000008840F001003A4908806CE0384800880C
:104C900020F001003649088065E0FFE7012D30D1A2
:104CA00004F0010030B13248008840F4004030493F
:104CB000088005E02E48008820F400402C49088038
:104CC00004F0020030B12A48008840F4807028497E
:104CD000088005E02648008820F480702449088078
:104CE00004F0040030B12248008840F0020020495E
:104CF000088038E01E48008820F002001C49088027
:104D000031E0022D2FD104F0010030B118480088A5
:104D100040F480601649088005E01548008820F4BA
:104D200080601349088004F0020030B11048008808
:104D300040F400500E49088005E00D48008820F43A
:104D400000500B49088004F0040030B10848008886
:104D500040F480400649088005E00548008820F4BA
:104D60008040034908800248008800F08BF970BD3C
:104D70001600002070B504460D4624B929460520CA
:104D8000FCF7DEFA03E029460220FCF7D9FA70BDF1
:104D900070B50446FBF72AFD064606F10800055DDE
:104DA00005EB4500014901EBC00070BD8C090020F6
:104DB000F0B5034698893C3886B2186949382827E7
:104DC000B0FBF7F084B2A6F11600462790FBF7F08F
:104DD00085B204B115B94FF0FF30F0BD29B1C5EB74
:104DE000C500400000EB800008801AB1E00000EB35
:104DF000800010800020F0E72DE9F84380460C4643
:104E000015461E46089F19E020787F280BDD3346A3
:104E10002A46214640460097F9F7E7FA05F11000C7
:104E200085B2A41C0AE00097237832462946404602
:104E3000FBF7D2FE05F1080085B2641C207800283B
:104E4000E2D1BDE8F8832DE9F04F87B005464FF475
:104E50005970069044F23060059040F6624004902C
:104E60004FF41B5003902E896F89B5F80C80B5F86C
:104E70000E90686A008A029000242CE04FF0000A2D
:104E800024E014B9BAF1000F1ED01CB9A8F1030038
:104E9000504519D0A9F10300A04202D1BAF1000F88
:104EA00012D0A9F10300A04203D1A8F1030050459C
:104EB0000AD03819401C82B20AEB0600401C81B2AD
:104EC0000423029804F0FCFD0AF1010AA8F1020093
:104ED0005045D6DC641CA9F10200A042CEDC0024BF
:104EE00070E04FF45970A04000F4004098B1A24621
:104EF000E01704EB907007EBA00082B2A346E01726
:104F000004EB90708010A4EB8000304481B2192330
:104F1000029804F0D5FD44F23060A04000F4004057
:104F2000A8B1A246E01704EB907007EBA00048443C
:104F3000001F82B2A346E01704EB90708010A4EB30
:104F40008000304481B21923029804F0B9FD40F684
:104F50006240A04000F40040A8B1A246E01704EB74
:104F6000907007EBA00082B2A346E01704EB9070AC
:104F70008010A4EB800030444044001F81B219230C
:104F8000029804F09DFD4FF41B50A04000F4004037
:104F9000B8B1A246E01704EB907007EBA0004844BC
:104FA000001F82B2A346E01704EB90708010A4EBC0
:104FB000800030444044001F81B21923029804F05D
:104FC0007FFD641C102C8CDB002413E0301D20447A
:104FD00081B219233A46029804F072FD07EB0900EA
:104FE000401E82B2301D204481B21923029804F081
:104FF00067FD641CA8F10800A042E7DC002413E070
:10500000381D204482B219233146029804F058FD1D
:10501000381D204482B206EB0800401E81B21923DD
:10502000029804F04DFD641CA9F10800A042E7DCE1
:10503000686820B36868ECF7E7FA0446A989A1EB31
:10504000C40000EBD071C1F34F0AE989A1F110004F
:1050500000EBD071C1F34F0B288950441FFA80FA3E
:10506000688958441FFA80FB6868019000205B46FD
:1050700052460090DDE90110FFF7BEFE00BF07B009
:10508000BDE8F08F70B50446002202212448EEF7F7
:10509000E6FC002204212248EEF7E1FC0022082170
:1050A0001F48EEF7DCFC0A20F7F786F9002522E01E
:1050B000002208211A48EEF7D2FC04F4004028B17F
:1050C000012202211648EEF7CAFC04E00022022168
:1050D0001348EEF7C4FC0120F7F76EF9012208210E
:1050E0000F48EEF7BCFC0120F7F766F94FF6FF70AA
:1050F00000EA44046D1C102DDADB0122042108486B
:10510000EEF7ADFC0120F7F757F90022042104481F
:10511000EEF7A5FC002208210148EEF7A0FC70BDC7
:10512000001002582DE9FF5F07460D4616461C4643
:10513000DDE90F9ADDF83880AB4614E020780A28C4
:1051400004D1641C06F1180086B25D4610208DE87B
:1051500001072378324629463846FBF7BDFB05F1A7
:10516000080085B2641C20780028E7D1BDE8FF9FC5
:105170000248008800B9704700BFFCE71C0D002002
:105180002DE9FF5F05460E46FD4800884FF6FF718A
:1051900088423FD0FA480088192839D1F948B0F838
:1051A000D810D0F8F400408C084484B2F548B0F828
:1051B000D810D0F8F400408C0844A84210DC291B19
:1051C00064204143EF48B0F8DC0091FBF0F0EE4979
:1051D000088008460088642805DD6420088002E015
:1051E0000020E9490880E8480188E648D03002F00C
:1051F00077FFE5480078E549096881F85000E24901
:10520000098801EBC101633188B205F01BFB00BFC7
:10521000BDE8FF9FDE488189408C08441FFA80F872
:10522000DB48C189808C08441FFA80F9D848008A7D
:1052300040441FFA80FAD648408A48441FFA80FB4F
:10524000454505DB554503DC4E4501DB5E450DDD7F
:10525000D0480068401CCF4908600846006805280F
:1052600003D34FF6FE70C6490880D1E70020C94934
:105270000860C74903910127039948683BE0028908
:10528000C349498C11441FFA81F84289C049898C6D
:1052900011441FFA81F9818941441FFA81FAC189B9
:1052A00049441FFA81FB018B02290FD0454520DBC1
:1052B00055451EDC4E451CDB5E451ADCB54951F8F0
:1052C0002710491CB34A42F8271012E0454510DB6D
:1052D00055450EDCA9F10901B1420ADC0BF11201BE
:1052E0008E4206DCAB4951F82710491CA94A42F806
:1052F000271000687F1C0028C1D101200290F4E132
:10530000A449029851F8200005287DD3A048008BBD
:1053100000EB8001029800EB810099490880084663
:1053200000881A2810DB084600881C280CDC098835
:10533000153901EB810202EBC101924A02EB8100B7
:105340000121FCF71CFCCCE18D480088192802D112
:105350008D480580C5E18A4800887928F3DB8848B4
:105360000088793800EB800101EBC000854901EB32
:105370008000408A04280CD081480088793800EBEE
:10538000800101EBC0017F4800EB8100408AFF28CB
:105390007ED10020019000BF16E07C4909684A894F
:1053A000012181400A401AB10199491CC9B20191F9
:1053B000764909688A89012181400A401AB1019918
:1053C000491CC9B20191401C0A28E6DB01980A2851
:1053D0005ADA6B490988793901EB810202EBC10184
:1053E000684A02EB81000121FCF7C9FB00246448F4
:1053F000008879380A2821DA6448006840896049C1
:1054000009787939012200E06CE18A4010435F4954
:10541000096848815A4800787938C1B2002003F001
:10542000A1FC044656490988793901EB810202EB57
:10543000C101544A02EB81010C8224E050480088EB
:10544000793814281FDA5148006880894C49097856
:10545000833901228A40104381B24C48006881811F
:10546000474800788338C1B2012003F07BFC044632
:1054700043490988793901EB810202EBC101414AB4
:1054800002EB81010C8200BF3D480088793800E0C2
:1054900094E0142873DB3A480088793884B238499C
:1054A0000988793901EB810202EBC101354A02EB2F
:1054B00081000121FCF763FB142C0CDB162C0ADCA9
:1054C000201FC0B2009001213048009A0068463089
:1054D00001F01AFA70E0172C36DB1A2C34DC2B4959
:1054E0000968D1F84600132101F0B2F938B9132246
:1054F000012126480068463001F006FA14E02349ED
:105500000968D1F84600162101F0A2F9009000992F
:10551000173101EB810202EBC1011A4A02EB810053
:105520000021FCF72CFB00BFA4F11700C1B216222A
:1055300016480068463001F0E7F9A4F11200C1B244
:10554000022002F0A5FD37E01B2C35DB1C2C33DCE0
:105550000E490968D1F84600172101F079F9009049
:10556000009858B100991A3101EB810202EBC10297
:10557000044901EB82000021FCF701FB0CE01CE078
:10558000180D002014DC00201A0D0020200D002032
:105590002CE2002060E20020A4F11A00C1B2172220
:1055A00055480068463001F0AFF9A4F11B00C1B2C4
:1055B000032002F06DFD00BF00BF92E04F49098853
:1055C000793901EB810202EBC1014D4A02EB810006
:1055D0000021FCF7D4FA4948008879380A281ADAF9
:1055E00045480068408945490978793901228A404F
:1055F000904341490968488140480088793800EB68
:10560000800101EBC0003E4901EB8000048A204686
:1056100003F04CFC64E039480088793814281ADA21
:1056200035480068808935490978833901228A40E4
:10563000904331490968888130480088793800EB07
:10564000800101EBC0002E4901EB8000048A204656
:1056500003F02CFC44E0294800887938142812DB38
:1056600026480088793817280DDA244800887D38C4
:1056700080B201900198C2B200211F4800684630F4
:1056800001F042F92CE01D4800887938172810DB1A
:105690001A48008879381A280BDC13220021164892
:1056A0000068463001F030F9FF21022002F0F0FCE2
:1056B00016E01248008879381B2811DB0F48008853
:1056C00079381C280CDC172200210B480068463072
:1056D00001F01AF9FF21032002F0DAFCFDF790FA3D
:1056E00000BF06E00298401C02900298B842FFF604
:1056F00007AE00BF00BF8BE5200D0020180D002075
:1057000014DC00202DE9F04107460E4614463D2EDC
:105710006FD00EDC292E6FD006DC162E16D0172E79
:1057200022D0182E67D12AE02A2E69D02B2EF9D14B
:1057300081E0512E3AD004DC3E2E6FD03F2EF1D1C5
:10574000A0E0522E4ED0532EECD127E000F0BCF951
:10575000022808DA00F0C4F902F0A6FC01F0FEFE0F
:10576000804601F003FF97E024B90921012002F0EF
:105770008FFC03E0FF21012002F08AFC8CE024B9B9
:105780000321002002F084FC03E00221002002F04B
:105790007FFCFDF735FA424804707DE0FDF730FAF2
:1057A000204603F037FC3F48047075E0204603F0C4
:1057B00027FC5CB90121002003F0AEFC0021012090
:1057C00003F0AAFC002003F0FBF90AE000210846E0
:1057D00003F0A2FC0121084603F09EFC012003F027
:1057E000EFF959E0204603F001FC2046FFF7EAF804
:1057F00052E029E000E04EE00CB1FDF701FA4BE089
:105800002146002003F010FC0020FFF7C1FA0546F6
:105810002CB90020696803F0C7FC04E018E0002000
:10582000296803F0C1FCFEF793FA18B900210220A1
:1058300003F0BAFC30E021460020FDF7DBFA2146F8
:10584000002003F0C3FB27E00CB1FDF7D9F923E0FA
:105850002146012003F0E8FB0120FFF799FA0546F5
:1058600024B90120696803F09FFC03E00120296846
:1058700003F09AFCFEF76CFA18B90021032003F03C
:1058800093FC09E021460120FDF7B4FA21460120EE
:1058900003F09CFB00E000BF00BFBDE8F08100000A
:1058A000240D00207409002010B57C210648EBF778
:1058B0008EFE064800884FF6FF71884203D00348E9
:1058C000008800F005F810BD60E20020180D0020EF
:1058D0002DE9F04104460027292C29D00ADCA4F147
:1058E00015000A287DD2DFE800F01D1E1F20BB8BAB
:1058F0009BAB21223F2C20D008DC2A2C19D02B2C4A
:1059000018D03D2C17D03E2C6BD115E0512C15D062
:10591000522C14D0532C13D0A4F57F40FE3800280D
:10592000F2D19EE000BF00BF00BF00BF00BF00BFBC
:1059300000BF00BF00BF00BF00BF00BF00BF00BF6F
:10594000152C0DDB1E2C0BDCA4F11500C5B2C6B264
:10595000082E01D1042620E0092E1ED105261CE0C8
:10596000292C07DB2B2C05DCA4F12900C5B2801DF6
:10597000C6B212E03D2C07DB3F2C05DCA4F13D0054
:10598000C5B20930C6B208E0512C06DB532C04DC4A
:10599000A4F15100C5B20D30C6B205EB850000EB95
:1059A000C500364901EB8000877C781CC7B205EB47
:1059B000850000EBC50001EB8000C08AB84200DC26
:1059C0000027324639462E480068463000F09CFFDA
:1059D00005EB850101EBC501284A02EB8100394640
:1059E00000E042E001F0E0FEE1B205EB850202EBEF
:1059F000C502224B03EB82003A46FFF783FE35E0F7
:105A0000A4F1150101EB810202EBC1011B4A02EB7B
:105A100081000021FCF7B3F8022000F069FA25E0CC
:105A2000A4F1150101EB810202EBC101134A02EB63
:105A300081000021FCF7A3F8012000F059FA15E0DD
:105A4000A4F1150101EB810202EBC1010B4A02EB4B
:105A500081000021FCF793F8002000F049FA05E0EE
:105A600004E0002000F010F800E000BF00BF4FF697
:105A7000FF7004490880BDE8F081000014DC0020BC
:105A8000200D0020180D002010B504460CB9FEF7BB
:105A900053FA34210648EBF79AFD4FF4C3610548E9
:105AA000EBF795FD4FF6FF700349088010BD00002D
:105AB0002CE2002014DC0020180D00200148008B8F
:105AC000704700002CE2002000B504490968D1F8B5
:105AD0004600012100F0BCFE00BD0000200D0020AA
:105AE00070B5002421E004EB840000EBC4001049F1
:105AF00001EB8000408AE02816D104EB840303EB1D
:105B0000C4030D4605EB83031A7E04EB840303EB09
:105B1000C40305EB8303997D04EB840303EBC40307
:105B200005EB8300F8F796FC641C0A2CDBDB70BDE8
:105B3000103900207047000000B504490968D1F809
:105B40004600162100F084FE00BD0000200D00205C
:105B500070B5002440E04F48006840890121A14011
:105B60000840B0B104EB840101EBC4014A4A02EBE6
:105B700081000121FCF703F82146002001F0EAFD35
:105B8000054604EB840101EBC401434A02EB8101A9
:105B90000D824048006880890121A1400840D0B1B1
:105BA00004F10A0101EB810202EBC1013A4A02EB66
:105BB00081000121FBF7E3FF2146012001F0CAFD2E
:105BC000054604F10A0000EB800101EBC0003249F8
:105BD00001EB80000582641C0A2CBCDB2D4909689E
:105BE000D1F84600102100F033FE18B101212B48F6
:105BF000FBF7C5FF27490968D1F84600112100F0DD
:105C000027FE20B1012125483430FBF7B8FF214998
:105C10000968D1F84600122100F01AFE20B10121D6
:105C20001E486830FBF7ABFF1A490968D1F84600F7
:105C3000132100F00DFE012815D116490968D1F88D
:105C40004600162100F004FE00F0030404F11701E1
:105C500001EB810202EBC1010F4A02EB810001213D
:105C6000FBF78DFF00BF0B490968D1F846001721EB
:105C700000F0EEFD00F003065EB106F11A0101EB43
:105C8000810202EBC101044A02EB81000121FBF712
:105C900076FF70BD200D002014DC002024E00020E1
:105CA0002DE9F74F82B00E4691460298EBF7ACFC17
:105CB0008246BAF1000F03D14FF4967478250EE0B6
:105CC0000A2000EBCA0084B20EB9242504E0042E99
:105CD00001D13D2500E05625822C00DA82249C214A
:105CE0007C48EBF774FC34217B48EBF770FCC4F57F
:105CF000487000EBD071C1F34F07C5F5F07000EBB1
:105D0000D071C1F34F080120FFF7BEFEFF202B46E4
:105D10002246414600903846FEF71EF904FB05F185
:105D20006E4A126890680322EBF74AFCBAF1000F42
:105D300007D000200A230522009020460299FFF791
:105D40005BF8002164488181C18104824582012180
:105D5000C182002101834784A0F82480012E50D104
:105D6000A4F10F0000EBD071C1F34F0B052159488E
:105D70000181A5F1330081B256484181A0F80CB0F1
:105D80002E21C181FF21418255A052494860084619
:105D90000089384481B24F48C1834089404481B270
:105DA0004C4801844C484B4948620846A0F8109082
:105DB00000895844401D81B2464881874189C18786
:105DC000A0F840B02E21A0F84210FF21A0F8461004
:105DD00045A18163808F384481B23E48A0F85210BB
:105DE000C08F404481B23B48A0F854103A498165C5
:105DF000A0F84490FFF727F836483430FFF723F82F
:105E000063E0022E28D1A4F10A001FFA80FB0521CD
:105E100030480181A5F1330081B22E484181A0F8BC
:105E20000CB02E21C181FF2141822DA0294948605B
:105E300008460089384481B22648C18340894044DD
:105E400081B2244801842448224948620846A0F8C7
:105E50001090FEF7F8FF38E0032E28D1A4F10A00D5
:105E60001FFA80FB05211B480181A5F1330081B297
:105E700018484181A0F80CB02E21C181FF21418238
:105E800019A01449486008460089384481B2114875
:105E9000C1834089404481B20E4801840E480D49B7
:105EA00048620846A0F81090FEF7CDFF0DE0042EE2
:105EB0000BD114200090A4F10A0083B2A5F11900BF
:105EC00082B20521204600F087FE002005B0BDE823
:105ED000F08F000068E3002004E400202C0D002077
:105EE000C8A1CFFB00000000C8B7B6A800000000A2
:105EF000014602480170002070470000360D002066
:105F000003480078FE2801D1012070470020FCE7FB
:105F1000360D002010B5FF2002490870FEF70CF87E
:105F200010BD0000360D002010B50446222C4BD0C9
:105F300018DC142C41D009DC0C2C6BD2DFE804F007
:105F40006A2C316A6A2D386A6A6A2E3AA4F1160000
:105F50000B285FD2DFE800F0325E335E345E355EE0
:105F6000365E3700342C3BD00BDCA4F124000B2828
:105F700050D2DFE800F02A4F2B4F2C4F2D4F2E4FE1
:105F80002F00A4F13600092844D2DFE800F02C43AA
:105F900043432F383B3E400000BF00BFFFF7BAFF2E
:105FA00039E00320FFF7A4FF0020FCF727FD32E0D3
:105FB00000F06AFB01F08AFA2DE000BF00BF00BFCD
:105FC00000BF00BF00BF00BF00BF00BF00BF00BFD9
:105FD00000BF00BFFFF79EFF0020104908701AE0C5
:105FE000FFF798FF17E0FFF795FF14E0FFF792FF28
:105FF000002080F3108800BF01F098FA0BE003F056
:106000001FF908E0FFF786FF05E000F03DFBFFF712
:1060100081FF00E000BF00BF10BD0000840B002026
:1060200010B581480078192871D2DFE800F00D160C
:106030001F28313A434C555E67717A838C959EA731
:10604000B2BBCAD3DCE5EF000122114677A0FFF70F
:1060500027FEFE2074490870E2E00522012179A0A4
:10606000FFF71EFEFE2070490870D9E00A220121C8
:1060700079A0FFF715FEFE206B490870D0E01422CE
:1060800002217AA0FFF70CFEFE2067490870C7E0E6
:10609000162202217CA0FFF703FEFE206249087051
:1060A000BEE0182202217FA0FFF7FAFDFE205E4924
:1060B0000870B5E01A22022181A0FFF7F1FDFE2051
:1060C00059490870ACE01C22022184A0FFF7E8FDCA
:1060D000FE2055490870A3E01E22022186A0FFF78A
:1060E000DFFDFE20504908709AE02022022189A09D
:1060F000FFF7D6FDFE204C49087091E022220221D4
:106100008BA0FFF7CDFDFE204749087088E086E0B0
:10611000242202218DA0FFF7C3FDFE204249087012
:106120007EE02622022190A0FFF7BAFDFE203E4924
:10613000087075E02822022192A0FFF7B1FDFE2031
:10614000394908706CE02A22022195A0FFF7A8FDCA
:10615000FE203549087063E02C22022197A0FFF74A
:106160009FFDFE20304908705AE02E2202219AA09D
:10617000FFF796FDFE202C49087051E034220321E0
:106180009CA0FFF78DFDFE202749087000F03AFB28
:1061900046E0362203219AA0FFF782FDFE20224925
:1061A00008703DE0382204219848FFF779FDFE2071
:1061B0001D490870012080F3108800BF94490870C1
:1061C0002EE03A22012193A0FFF76AFDFE20164936
:1061D000087025E03C22012192A0FFF761FDFE201E
:1061E000114908701CE03E22032194A0FFF758FDDE
:1061F000FE200D49087013E03E22032196A0FFF710
:106200004FFDFE20084908700AE0FFE73E22032107
:1062100097A0FFF745FDFE200349087000E000BF8E
:1062200000BF002010BD0000360D0020D0A3D7BC59
:10623000CAB1D0E8D2AAB0CEB3F6C8ABB2BFCCBD1B
:10624000CDB70000B4F2BFAAB4F3C8DDC1BFB4E655
:10625000B4A2C9E8B1B80000BBD6B8B4B3F6B3A7CE
:10626000C4ACC8CFB2CECAFD00000000D5FDD4DA60
:10627000D6B4D0D0D0A3D7BCC7EBB5C8B4FD2831B5
:106280002F31342900000000D5FDD4DAD6B4D0D0A7
:10629000D0A3D7BCC7EBB5C8B4FD28322F31342901
:1062A00000000000D5FDD4DAD6B4D0D0D0A3D7BC3E
:1062B000C7EBB5C8B4FD28332F31342900000000E6
:1062C000D5FDD4DAD6B4D0D0D0A3D7BCC7EBB5C8EF
:1062D000B4FD28342F31342900000000D5FDD4DA74
:1062E000D6B4D0D0D0A3D7BCC7EBB5C8B4FD283541
:1062F0002F31342900000000D5FDD4DAD6B4D0D037
:10630000D0A3D7BCC7EBB5C8B4FD28362F3134298C
:1063100000000000D5FDD4DAD6B4D0D0D0A3D7BCCD
:10632000C7EBB5C8B4FD28372F3134290000000071
:10633000D5FDD4DAD6B4D0D0D0A3D7BCC7EBB5C87E
:10634000B4FD28382F31342900000000D5FDD4DAFF
:10635000D6B4D0D0D0A3D7BCC7EBB5C8B4FD2839CC
:106360002F31342900000000D5FDD4DAD6B4D0D0C6
:10637000D0A3D7BCC7EBB5C8B4FD2831302F31341A
:1063800029000000D5FDD4DAD6B4D0D0D0A3D7BC34
:10639000C7EBB5C8B4FD2831312F313429000000D6
:1063A000D5FDD4DAD6B4D0D0D0A3D7BCC7EBB5C80E
:1063B000B4FD2831322F313429000000D5FDD4DA64
:1063C000D6B4D0D0D0A3D7BCC7EBB5C8B4FD283164
:1063D000332F313429000000D5FDD4DAD6B4D0D023
:1063E000D0A3D7BCC7EBB5C8B4FD2831342F3134A6
:1063F00029000000D0A3D7BCB3C9B9A60000000093
:10640000D0A3D7BCCAA7B0DC00000000281600202B
:10641000380D0020B1A3B4E6CAA7B0DC2CD6D8CA88
:10642000D43F0000B1A3B4E6B3C9B9A62CCAC7B71C
:10643000F1B4F2BFAA55C5CC3F0000005344BFA839
:10644000B2BBB4E6D4DABBF2CEC4BCFECFB5CDB39A
:10645000B4EDCEF300000000B5B1C7B0D4DDCEB4CA
:10646000D6A7B3D6BEB4C7EBC6DAB4FD00000000B1
:10647000CEB4CAB6B1F0B5BDB4A5C3FEC6C1000066
:1064800010B51948002101608180002400BF18E088
:1064900004EB840000EBC400144901EB8000408A47
:1064A0000B280DD104EB840101EBC4010F4A02EB70
:1064B00081000021FBF763FB00200D49087002E01A
:1064C000641C032CE4DB00BF032C0BDA04EB840117
:1064D00001EBC401054A02EB8101098A214488B21B
:1064E000FFF722FD10BD0000300D002068E3002002
:1064F000370D00202DE9F04705460E46304800785C
:1065000008B1BDE8F087002455E004EB840000EBFF
:10651000C4002C4901EB8000408A00B94AE004EB3A
:10652000840000EBC400274901EB8000C78B04EB1B
:10653000840000EBC40001EB8000B0F8208004EB85
:10654000840000EBC40001EB8000808938441FFA0E
:1065500080F904EB840000EBC40001EB8000C089EB
:1065600040441FFA80FABD421FDD4D451DDA464505
:106570001BDD564519DA144830F81400401C124946
:1065800021F81400084630F81400032811DB04EB4E
:10659000840101EBC4010B4A02EB81000121FBF7EE
:1065A000EEFA01200649087003E00020064921F8B0
:1065B000140000BF641C032CA7DB00BFA1E7000090
:1065C000370D002068E30020300D00202DE9F05F3A
:1065D0000746FAF70BF90646301D00EB4700008826
:1065E00004B2F9F7EDFF8046B8F81450AC4205DD6F
:1065F0002CB2301D00EB4700048006E0062C04DAC4
:106600000624301D00EB47000480B8F80200204447
:10661000801F1FFA80F94946384602F0E7FB2846FA
:1066200005EBD072A4EB620200EE102AB8EEC00AAD
:10663000DFED130A60EE200A294605EBD1725210F5
:1066400000EE102AB8EEC00A80EE801ABDEEC10A34
:1066500010EE102A0FFA82FA02F01CFB08B9B0887B
:1066600000E0F0880FFA80FB51463846FDF72EFC1B
:106670000448B0F9000001F029FBBDE8F09F0000DC
:106680000000FA438809002012481349096808608D
:10669000124811490968486000BF00BF00BF00BF31
:1066A00000BFBFF34F8F00BF00BF00BF0C480068A2
:1066B00000F4E0600B490843001D0949086000BF71
:1066C00000BF00BFBFF34F8F00BF00BF00BF00BFC0
:1066D00000BFFDE778563412280D0020A8E6D4F15B
:1066E0000CED00E00000FA0510B502460023002082
:1066F00003E0145C1C44E3B2401C8842F9D3184602
:1067000010BD00207047000010B588B0FEF7FCF9FE
:106710000446FAF76BF83849086034B95322374910
:1067200035480068EAF73AFF62E0532132480068D2
:10673000EAF74DFFC820304909688880FA212E48C1
:106740000068C18006202C490968087206212A4881
:10675000006841729620284909680880FA20264975
:106760000968488005202449096881F84F000722FC
:10677000012121480068463000F0C6F80A220121B4
:106780001D480068463000F0BFF805201A49096826
:10679000488105211848006881811C22184901A8F8
:1067A000EAF7FCFE1C2201A9134800680E30EAF744
:1067B000F5FE1C2201A9104800682A30EAF7EEFE17
:1067C0003C200D49096881F8500052210A480068B0
:1067D000FFF78AFF0849096881F8520053220648EA
:1067E00001680648EAF7DAFE0448FEF7EBF900BF55
:1067F000002008B010BD0000B40B0020C0DB00205A
:1068000010DB030870B5104C104805685322294668
:106810002046EAF700FFB0B1532229462046EAF7A6
:10682000BDFE52212046FFF75FFF0849096881F845
:1068300052000648006890F85200214681F8520044
:106840000846FEF7BFF970BDC0DB0020B40B002086
:1068500002460020182954D2DFE801F00C0F12156F
:10686000181B1E2124272A2D303336393C3F424540
:10687000484B4E5102F0070044E0C2F3C10041E032
:10688000C2F340103EE0C2F380103BE0C2F3C01000
:1068900038E0C2F3002035E0C2F3402032E0C2F31A
:1068A00080202FE0C2F3C0202CE0C2F3003029E0AA
:1068B000C2F3403026E0C2F3803023E0C2F3C030A0
:1068C00020E0C2F301401DE0C2F381401AE0C2F3B0
:1068D000015017E0C2F3805014E0C2F3C05011E041
:1068E000C2F300600EE0C2F340600BE0C2F38060D0
:1068F00008E0C2F3C06005E0C2F3017002E0900F4F
:1069000000E000BF00BF704730B513460A46182BA1
:106910006FD2DFE803F00C16212C37424D58636F1D
:106920007A85909BA6B1BCC7D2DDE8F6F4F3046883
:1069300024F00704046001F0070504682C43046098
:10694000FFE0046824F01804046001F00305046803
:1069500044EAC5040460F4E021B1046844F0200472
:10696000046003E0046824F020040460E9E021B13D
:10697000046844F04004046003E0046824F0400428
:106980000460DEE021B1046844F08004046003E0A8
:10699000046824F080040460D3E021B1046844F466
:1069A0008074046003E0046824F480740460C8E028
:1069B00021B1046844F40074046003E0046824F422
:1069C00000740460BDE021B1046844F48064046094
:1069D00003E0046824F480640460B2E021B1046838
:1069E00044F40064046003E0046824F40064046078
:1069F000A7E0A5E021B1046844F48054046003E0FA
:106A0000046824F4805404609BE021B1046844F4D9
:106A10000054046003E0046824F40054046090E02F
:106A200021B1046844F48044046003E0046824F461
:106A30008044046085E021B1046844F400440460AB
:106A400003E0046824F4004404607AE0046824F459
:106A50004034046002F00305046844EA054404601D
:106A60006FE0046824F44024046002F00305046825
:106A700044EA8544046064E0046824F4401404603B
:106A800002F00305046844EA0554046059E0046810
:106A900024F48004046002F00105046844EA85548B
:106AA00004604EE0046824F40004046002F0010570
:106AB000046844EAC554046043E0046824F0807428
:106AC000046002F00105046844EA0564046038E0EB
:106AD000046824F00074046002F00105046844EACC
:106AE000456404602DE0046824F08064046002F0D2
:106AF0000105046844EA8564046022E017E00BE0C5
:106B0000FFE7046824F00064046002F001050468F3
:106B100044EAC564046014E0046824F0405404604E
:106B200002F00305046844EA0574046009E004689F
:106B300024F040440460046844EA8274046000E085
:106B400000BF00BF30BD000070B5FAF7DFFA1C4986
:106B50000968401A1B49884200D270BDFAF7D6FA7C
:106B60001749086018480068962800D2F5E71748CA
:106B7000007800B1F1E7002013490860144C154873
:106B80000568532229462046EAF745FDB0B1532255
:106B900029462046EAF702FD52212046FFF7A4FDD0
:106BA0000C49096881F852000A48006890F85200C0
:106BB000214681F852000846FEF704F800BFCCE7F2
:106BC000B80B002080841E0084080020840B002065
:106BD000C0DB0020B40B00202DE9F04781460C46B5
:106BE00015461E46DDF820A0002710E04FF00008F3
:106BF0000AE005EB080082B2E01981B21923484689
:106C000002F05EFF08F10108D045F2DB7F1CB742BD
:106C1000ECDB0748A0F8009044808580C680A0F88F
:106C200008A04FF6FF7002494881BDE8F0870000D8
:106C300038E4002010B9034A116002E0014A08322A
:106C400011607047340401402DE9F0412DED048BB3
:106C50000646B0EE408A41F28838F9F7C7FD05468E
:106C60003046FEF795F807463EB9388A10B905F167
:106C70000E0409E005F11C0406E0388A10B905F19C
:106C80002A0401E005F138049FED990AB4EEC08AA8
:106C9000F1EE10FA13DB208800EE100AB8EE400A7D
:106CA000DFED930A78EE600A9FED921A01EE200A5A
:106CB000BCEEC00A10EE100A1FFA80F812E19FED38
:106CC0008E0AB4EEC08AF1EE10FA23DB208800EEC3
:106CD000100AF8EE400A608800EE100AB8EE400A8A
:106CE00030EEC00ADFED850AC0EE208A608800EE33
:106CF000100AB8EE409A9FED800A78EE400AB0EE96
:106D0000490A08EEA00ABCEEC00A10EE100A1FFAEB
:106D100080F8E7E09FED790AB4EEC08AF1EE10FA50
:106D200023DB608800EE100AF8EE400AA08800EE2F
:106D3000100AB8EE400A30EEC00ADFED700AC0EE6D
:106D4000208AA08800EE100AB8EE409A9FED6B0AE8
:106D500078EE400AB0EE490A08EEA00ABCEEC00A7E
:106D600010EE100A1FFA80F8BCE0B5EEC08AF1EE12
:106D700010FA23DBA08800EE100AF8EE400AE08843
:106D800000EE100AB8EE400A30EEC00ADFED5B0AF2
:106D9000C0EE208AE08800EE100AB8EE409A9FED1F
:106DA000580A78EE400AB0EE490A08EEA00ABCEE96
:106DB000C00A10EE100A1FFA80F893E09FED510A06
:106DC000B4EEC08AF1EE10FA23DBE08800EE100A80
:106DD000F8EE400A208900EE100AB8EE400A30EEC4
:106DE000C00ADFED460AC0EE208A208900EE100AB4
:106DF000B8EE409A9FED410A78EE000AB0EE490ADB
:106E000008EEA00ABCEEC00A10EE100A1FFA80F8C5
:106E100068E09FED3D0AB4EEC08AF1EE10FA23DB84
:106E2000208900EE100AF8EE400A608900EE100A90
:106E3000B8EE400A30EEC00ADFED300AC0EE208A1C
:106E4000608900EE100AB8EE409A9FED2B0A78EEAA
:106E5000000AB0EE490A08EEA00ABCEEC00A10EE25
:106E6000100A1FFA80F83DE09FED280AB4EEC08AB0
:106E7000F1EE10FA23DB608900EE100AF8EE400A0A
:106E8000A08900EE100AB8EE400A30EEC00ADFED2D
:106E90001B0AC0EE208AA08900EE100AB8EE409AC4
:106EA0009FED130A78EE000AB0EE490A08EEA00A38
:106EB000BCEEC00A10EE100A1FFA80F812E0A0899A
:106EC00000EE100AB8EE400ADFED090A78EE200A5B
:106ED0009FED081A01EE200ABCEEC00A10EE100A5F
:106EE0001FFA80F84046BDEC048BBDE8F08100003D
:106EF0000080BB436666664000007A430000FA42A9
:106F0000000000000000FAC200007AC30080BBC38A
:106F10002DE9F0410446252518E0002613E0E44859
:106F20000088684300EB80002F3082B2E14B1B8861
:106F300006FB03F0153081B2A06A0023076804F154
:106F40001800B847761C472EE9DB6D1C092DE4DBE1
:106F5000002518E0252613E0D54B1B8806FB03F01F
:106F60002F3082B2D3480088684300EB8000153090
:106F700081B2A06A0023076804F11800B847761CA4
:106F8000292EE9DB6D1C0F2DE4DB00253DE0C84810
:106F9000008800EB80002F2303EBC000401C82B26E
:106FA00005F1150081B2A06A0023066804F11800FB
:106FB000B047C048008895FBF0F100FB115018BBAA
:106FC000BB48008800EB80002F2303EBC000801E2D
:106FD00082B205F1150081B2A06A0023066804F1AF
:106FE0001800B047B248008800EB80002F2303EB65
:106FF000C000401F82B205F1150081B2A06A0023D3
:10700000066804F11800B0476D1CAA480088C0EB60
:10701000C00000EB8000B5EB400FB8DB4FF4AF755C
:1070200060E005F12F0082B2A06A002314210668F7
:1070300004F11800B04705F12F0082B29D48008886
:10704000C0EBC00000EB8000152303EB400081B2D1
:10705000A06A0023066804F11800B047944800882D
:1070600095FBF0F100FB1150D8BB05F12F0082B267
:10707000A06A00231621066804F11800B04705F144
:107080002F0082B2A06A00231921066804F11800BB
:10709000B04705F12F0082B286480088C0EBC000DF
:1070A00000EB8000152303EB4000801E81B2A06A34
:1070B0000023066804F11800B04705F12F0082B2E2
:1070C0007C480088C0EBC00000EB8000152303EB78
:1070D0004000401F81B2A06A0023066804F1180036
:1070E000B0476D1C7248008800EB8000012101EB65
:1070F000C000A84295DC4FF4AF7588E005F12F0081
:1071000082B26C480088C0EBC00000EB80001530F4
:1071100081B2A06A0023066804F11800B0476448F1
:10712000008895FBF0F100FB1150002843D105F1D8
:107130002F0082B25F480088C0EBC00000EB8000E7
:10714000133081B2A06A0023066804F11800B0472A
:1071500005F12F0082B257480088C0EBC00000EB59
:107160008000103081B2A06A0023066804F1180084
:10717000B04705F12F0082B24E480088C0EBC00036
:1071800000EB8000163081B2A06A0023066804F18B
:107190001800B04705F12F0082B246480088C0EBC6
:1071A000C00000EB8000193081B2A06A002306689D
:1071B00004F11800B0473E48008800EB800095FBC2
:1071C000F0F100FB115008BB05F12F0082B23948E5
:1071D0000088C0EBC00000EB80000D3081B2A06AD7
:1071E0000023066804F11800B04705F12F0082B2B1
:1071F00030480088C0EBC00000EB80001C3081B23A
:10720000A06A0023066804F11800B0476D1C2848E6
:10721000008800EB8000012101EBC000A8423FF78D
:107220006DAFA06A00232E221421056804F1180016
:10723000A8471F48008800EB80002E2101EBC0000A
:10724000801C82B2A06A00231421056804F1180092
:10725000A84718480088C0EBC00000EB800014224B
:1072600002EB4000401C81B2A06A00232E22056878
:1072700004F11800A8470E48008800EB80002E2378
:1072800003EBC000801C82B20A480088C0EBC0003B
:1072900000EB8000142303EB4000401C81B2A06A85
:1072A0000023056804F11800A847BDE8F08100003C
:1072B0007E0900207C0900202DE9FE4F044621892B
:1072C000606A8089084486B26189606AC08908441E
:1072D00087B206F10F001FFA80F807F111001FFABC
:1072E00080F9FEF7F1FB08B9206B00E06068054605
:1072F000608A472801D1824601E04FF0020A4FF030
:10730000020B14E00F2002900CE0029A3A4491B272
:1073100006EB0B0290B2A26A536852469847029855
:10732000401C029002983C28EFDB0BF1010BA08976
:10733000001F5845E6DCFEF7C7FBB8BB2846EAF756
:1073400063F9834635A12846EAF74CF980B9A0894C
:10735000A0EBCB0006EB50001FFA80F8E189A1F109
:10736000180000EBD07107EB61011FFA81F911E001
:10737000A189A1F1380000EBD07106EB61011FFA81
:1073800081F8E189A1F1280000EBD07107EB6101E0
:107390001FFA81F900200522CDE9002002902B463A
:1073A0004A464146A06AFDF7BDFE34E0FFE70020F3
:1073B0000522CDE9002002904B4642462946A06AAC
:1073C000F6F7C4FF00200522CDE9002008F11501E1
:1073D0008AB202904B46A91CA06AF6F7B7FF0020BC
:1073E0000522CDE9002009F119018BB20290424635
:1073F000291DA06AF6F7AAFF00200522CDE900208A
:1074000009F119018BB208F115018AB20290A91D88
:10741000A06AF6F79BFFBDE8FE8F00000A0000009F
:1074200010B5F9F7E3F9114908600968D1F8460089
:107430000821FFF70DFA044621460020FBF7DAFC8D
:107440002146002001F0C2FD08490968D1F8460034
:107450000B21FFF7FDF9044621460120FBF7CAFC8A
:107460002146012001F0B2FD10BD0000200D0020DA
:107470002DE9FF5F04460F46B4F80880B4F80A907F
:10748000B4F80CA0B4F80EB0F9F79AF803900FB95D
:10749000022000E001200290002513E000260EE00B
:1074A00008EB060080B2019009EB050080B2009065
:1074B000A06A4368DDE9010200999847761C5645A9
:1074C000EEDB6D1C5D45E9DBBDE8FF9FECF72EF9B7
:1074D000002406E004F1700020220121EAF7E2FE18
:1074E000641C102CF6DB00BF00BF00BF00BF00BF54
:1074F000BFF34F8F00BF00BF00BF0A48006800F411
:10750000E06009490843001D0649086000BF00BF4C
:1075100000BFBFF34F8F00BF00BF00BF00BF00BF61
:10752000FDE700000CED00E00000FA0510B50A4888
:10753000007801280ED100F011F801280AD10020AE
:1075400000F07EFD00F00AF8044600F00FF800207D
:107550000149087010BD000088080020024800782A
:1075600000F0030070470000500B002010B50446E7
:1075700021460248FDF714F810BD00000443002026
:107580002DE9F0410646F9F731F9074697F84F40E3
:107590000EB9601E00E0601C04B201F029FA054635
:1075A000AC420CDB681E04B21A480078012821D1D5
:1075B00000201849087018A001F098FD1AE0002C6E
:1075C0000BDA002413480078012813D10020114958
:1075D000087017A001F08AFD0CE05CB1681EA042A3
:1075E00008D00C48007828B901200A49087000200A
:1075F00001F062FD04EB4401134A52F8310001F03E
:1076000037FD204600F022F8804687F84F40BDE85D
:10761000F08100007C0A0020C9A8C3E8CAB1BCE41C
:10762000D2D1BEADB5BDB4EFD7EEB4F3D6B5000040
:10763000C9A8C3E8CAB1BCE4D2D1BEADB5BDB4EFF0
:10764000D7EED0A1D6B50000F8D8030870B504462F
:10765000152C01D3002070BDF8F7B2FF05460026B7
:1076600004EB4400374901EBC0008068B0B904EB7B
:10767000440001EBC00090ED010ADFED330A60EE3B
:10768000200AE88900EE100AB8EE400A80EE801A5F
:10769000BCEEC10A10EE100A460849E004EB4400B3
:1076A000284901EBC0008068012816D104EB440092
:1076B00001EBC00090ED010ADFED240A60EE200A24
:1076C000E88900EE100AB8EE400A80EE801ABCEE9F
:1076D000C10A10EE100A46082AE004EB44001949DA
:1076E00001EBC0008068032801D1012620E004EBF3
:1076F0004400144901EBC0008068022816D104EB55
:10770000440001EBC00090ED010ADFED110A60EECC
:10771000200AE88900EE100AB8EE400A80EE801ACE
:10772000BCEEC10A10EE100A460801E0002092E704
:107730003046F9F7F1FD04EB4400024901EBC000CB
:1077400089E70000F8D80308000048430050434888
:1077500020BC3E4D10B502460B4600211EE001EB59
:10776000810000EBC1000F4C04EB8000408AE02850
:1077700013D101EB810000EBC10004EB8000C08A53
:1077800090420AD101EB810000EBC10004EB8000C4
:10779000008B984201D1C8B210BD491C0A29DEDB1A
:1077A000FF20F9E7103900202DE9F34F89B080461A
:1077B0004FF45970089044F23060079040F66240F0
:1077C00006904FF41B5005900A980290B8F81210DA
:1077D0000A98814206D1B8F81200FF2802D00BB0F7
:1077E000BDE8F08FB8F816100A98814200DCF6E781
:1077F00000BFB8F81200FF2802D1002004900FE06B
:10780000B8F812100298814205D00120049098F82F
:1078100012000A9004E00020049098F812000A90E8
:10782000B8F80C10B8F8160091FBF0F1B8F8082081
:107830000A9801FB002085B2B8F80A00801C86B2C5
:10784000B8F80C10B8F8160091FBF0F01FFA80F9A8
:10785000B8F80E00001F1FFA80FAB8F81C00039059
:10786000002447E04FF0000B3FE014B9BBF1000FDC
:1078700039D01CB9A9F10300584534D0AAF103004E
:10788000A04202D1BBF1000F2DD0AAF10300A0420B
:1078900003D1A9F10300584525D03019401C82B20C
:1078A0000BEB0500401C81B2039801F0C3FF0746B3
:1078B000042F0BD13019401C82B20BEB0500401C89
:1078C00081B20623039802F0FBF80CE0062F0AD1E0
:1078D0003019401C82B20BEB0500401C81B204231E
:1078E000039802F0EDF80BF1010BA9F102005845E5
:1078F000BBDC641CAAF10200A042B3DC002440E11E
:107900004FF45970A04000F4004050B3A346E01774
:1079100004EB907006EBA00082B2E01704EB9070CD
:107920008010A4EB8000284481B20194039801F0F8
:1079300081FF0746042F15D1049890B9E01704EB96
:10794000907006EBA00082B2E01704EB90708010FC
:10795000A4EB8000284481B206230194039802F02E
:10796000AFF817E0062F15D1049898B1A346E01799
:1079700004EB907006EBA00082B2E01704EB90706D
:107980008010A4EB8000284481B204230194039862
:1079900002F096F844F23060A04000F4004070B36A
:1079A000A346E01704EB907006EBA0005044001FC4
:1079B00082B2E01704EB90708010A4EB80002844A2
:1079C00081B20194039801F035FF0746042F17D1C7
:1079D0000498A0B9E01704EB907006EBA0005044A7
:1079E000001F82B2E01704EB90708010A4EB8000BF
:1079F000284481B206230194039802F061F819E04B
:107A0000062F17D10498A8B1A346E01704EB907095
:107A100006EBA0005044001F82B2E01704EB907008
:107A20008010A4EB8000284481B2042301940398C1
:107A300002F046F840F66240A04000F4004070B307
:107A4000A346E01704EB907006EBA00082B2E017AB
:107A500004EB90708010A4EB800028444844001F81
:107A600081B20194039801F0E5FE0746042F17D177
:107A70000498A0B9E01704EB907006EBA00082B266
:107A8000E01704EB90708010A4EB80002844484479
:107A9000001F81B206230194039802F011F819E047
:107AA000062F17D10498A8B1A346E01704EB9070F5
:107AB00006EBA00082B2E01704EB90708010A4EBFC
:107AC000800028444844001F81B204230194039895
:107AD00001F0F6FF4FF41B50A04000F4004090B3BB
:107AE000A346E01704EB907006EBA0005044001F83
:107AF00082B2E01704EB90708010A4EB8000284461
:107B00004844001F81B20194039801F093FE074698
:107B1000042F19D10498B0B9E01704EB907006EB6C
:107B2000A0005044001F82B2E01704EB9070801058
:107B3000A4EB800028444844001F81B2062301942E
:107B4000039801F0BDFF1BE0062F19D10498B8B1CE
:107B5000A346E01704EB907006EBA0005044001F12
:107B600082B2E01704EB90708010A4EB80002844F0
:107B70004844001F81B204230194039801F0A0FF40
:107B8000641C102CFFF6BCAE002443E0281D2044EA
:107B900081B23246039801F04DFE0746042F08D10A
:107BA000281D204481B206233246039801F088FF45
:107BB00009E0062F07D1281D204481B20423324654
:107BC000039801F07DFF06EB0A00401E82B2281DDB
:107BD000204481B2039801F02DFE0746042F0BD1FB
:107BE00006EB0A00401E82B2281D204481B2062303
:107BF000039801F065FF0CE0062F0AD106EB0A009E
:107C0000401E82B2281D204481B20423039801F053
:107C100057FF641CA9F10800A042B7DC002443E030
:107C2000301D204482B22946039801F003FE074626
:107C3000042F08D1301D204482B206232946039820
:107C400001F03EFF09E0062F07D1301D204482B22B
:107C500004232946039801F033FF301D204482B2EB
:107C600005EB0900401E81B2039801F0E3FD0746D1
:107C7000042F0BD1301D204482B205EB0900401EB9
:107C800081B20623039801F01BFF0CE0062F0AD1F6
:107C9000301D204482B205EB0900401E81B204234E
:107CA000039801F00DFF641CAAF10800A042B7DCA4
:107CB0000298A8F81200049800B990E599E5000030
:107CC00001490860704700007809002070B52DED6B
:107CD000028B84B00446A94B0FCB8DE80F00B4F59E
:107CE000BB7F17DDBDF8000000EE100AF8EE400A79
:107CF00000EE104AB8EEC00A9FEDA11A30EE410A1C
:107D00009FEDA01A41EE000ABCEEE00A10EE100A48
:107D100085B221E1FA2C29DBBDF8000000EE100A43
:107D2000F8EE400ABDF8020000EE100AB8EE400A74
:107D300030EEC00ADFED940A80EE208ABDF8020022
:107D400000EE100AF8EE408A00EE104AB8EEC00AC3
:107D5000DFED8E0A70EE600AB0EE680A08EE200AC7
:107D6000BCEEC00A10EE100A85B2F5E07D2C29DBCE
:107D7000BDF8020000EE100AF8EE400ABDF804005B
:107D800000EE100AB8EE400A30EEC00ADFED7E0ABF
:107D900080EE208ABDF8040000EE100AF8EE408A5A
:107DA00000EE104AB8EEC00ADFED770A70EE600A06
:107DB000B0EE680A08EE200ABCEEC00A10EE100A07
:107DC00085B2C9E0002C29DBBDF8040000EE100AE2
:107DD000F8EE400ABDF8060000EE100AB8EE400AC0
:107DE00030EEC00ADFED680A80EE208ABDF806009A
:107DF00000EE100AF8EE408A00EE104AB8EEC00A13
:107E0000DFED630A70EE600AB0EE680A08EE200A41
:107E1000BCEEC00A10EE100A85B29DE014F17D0F91
:107E200029DBBDF8060000EE100AF8EE400ABDF8A6
:107E3000080000EE100AB8EE400A30EEC00ADFED8E
:107E4000520A80EE208ABDF8080000EE100AF8EE13
:107E5000408A00EE104AB8EEC00ADFED4B0A70EE21
:107E6000200AB0EE680A08EE200ABCEEC00A10EE46
:107E7000100A85B270E014F1FA0F29DBBDF8080092
:107E800000EE100AF8EE400ABDF80A0000EE100AF3
:107E9000B8EE400A30EEC00ADFED3B0A80EE208AE1
:107EA000BDF80A0000EE100AF8EE408A00EE104A13
:107EB000B8EEC00ADFED350A70EE200AB0EE680AAF
:107EC00008EE200ABCEEC00A10EE100A85B243E0AC
:107ED00014F5BC7F29DDBDF80A0000EE100AF8EEAB
:107EE000400ABDF80C0000EE100AB8EE400A30EE71
:107EF000C00ADFED250A80EE208ABDF80C0000EEF6
:107F0000100AF8EE408A00EE104AB8EEC00ADFED23
:107F10001C0A70EE200AB0EE680A08EE200ABCEED9
:107F2000C00A10EE100A85B216E0BDF80C0000EE93
:107F3000100AF8EE400A00EE104AB8EEC00A9FEDB3
:107F4000101A30EE010A9FED0F1A41EE000ABCEE46
:107F5000E00A10EE100A85B22E460E480088B042A4
:107F600005D03346002210210B48EAF719FF0948D3
:107F7000068004B0BDEC028B70BD000028AA030887
:107F80000080BB439A99993F0000FA4200007A436F
:107F9000000000002C0000206C1000202DE9F041B2
:107FA0002DED028B05460E46F8F720FC0746704281
:107FB00000EE100AB8EEC00AB0EE408A45B9B0EE45
:107FC000480A0020FEF740FE04460848046008E026
:107FD000B0EE480A0120FEF737FE04460348083099
:107FE0000460BDEC028BBDE8F08100003404014068
:107FF00070B506461048C088104991FBF0F0B6FBFA
:10800000F0F40D484089A04215D00B494C81002561
:108010000DE0094B9B882B449AB2074B5B882344A5
:1080200099B2054B1888062301F04AFD6D1C0248E1
:108030000089A842EDDC70BD38E4002000DC0500BA
:1080400000F00301014A117070470000500B00203E
:1080500010B5044694B101200C490860C0034FF0EC
:10806000B041C1F8880000F015FE18B10620EBF70A
:10807000ADFF09E02820EBF7A9FF05E02820EBF78A
:1080800083FF0620EBF780FF10BD0000880000583A
:1080900070B504460D462A4621460248F6F79CFC78
:1080A00070BD0000B43B002010B5FBF751FE18B9BD
:1080B0000948FFF701F90DE0002409E004EB840111
:1080C00001EBC401054A02EB8100FFF7F5F8641CDF
:1080D000062CF3DB10BD0000A43700203034002054
:1080E0002DE9F04F85B004468B46A089243800EE78
:1080F000100AB8EEC00A9FED421AC0EE010A00EE67
:1081000010BAB8EE401AB1EE040A00EE810ABCEED5
:10811000C00A10EE100A85B2608AA84202D105B0EA
:10812000BDE8F08F052D01DA052506E0A0891F388E
:10813000A84202DCA0891F3885B2A08B0490268952
:10814000B4F80A906089093880B20390608AFF28E9
:108150000DD00A202B491A22CDE900210290608A15
:10816000304481B21346DDE90320FCF763F80820B0
:1081700024491A22CDE900210290701981B21346D8
:10818000DDE90320FCF756F86582002732E04FF066
:1081900000082BE009EB080082B2F01981B20498C4
:1081A00001F048FB8246AF420FDABAF10A0F02D063
:1081B000BAF1040F18D109EB080082B2F01981B2AC
:1081C0000923049801F07CFC0EE0BAF10A0F02D0FA
:1081D000BAF1090F08D109EB080082B2F01981B297
:1081E0000423049801F06CFC08F10108E089404583
:1081F000D0DC7F1CA089B842C9DC00BF8FE700003B
:108200000000C84281DB030800B504490968D1F8C1
:1082100046000221FEF71CFB00BD0000200D0020DF
:1082200070B501F099FDF8F79DFA5E490860F8F71E
:10823000DDFA5D490860F8F7C3F95C490860002081
:10824000FEF7C4F90120FEF7C1F900F0B9FB05689B
:10825000284600F00DFF5449096891F84F00FFF7D8
:10826000F5F9534908600020F9F7A8FB05462946AF
:10827000002000F0D9FE0120F9F7A0FB05462946B1
:10828000012000F0D1FE48480068047A0020F9F788
:1082900095FB40B9204601F0A1F845682946002029
:1082A00000F082FF07E0204601F098F805682946B3
:1082B000002000F079FF2146002001F099F83A48AB
:1082C0000068447A0020F9F779FB40B9204601F0B4
:1082D00085F845682946012000F066FF07E0204642
:1082E00001F07CF805682946012000F05DFF214679
:1082F000012001F07DF8FFF793F800F0CBFC054674
:1083000000F07EFEFBF708FE00F0DCFCFFF726F92C
:108310000546FFF72BF9002000F052FC012000F089
:108320004FFC00F0B7FC58B90121002000F0F4FE2A
:108330000021012000F0F0FE002000F041FC0AE0E6
:108340000021084600F0E8FE0121084600F0E4FEA6
:10835000012000F035FC1449096891F8501001EB38
:10836000C101633188B202F06DFA00F0E3FB05460B
:10837000FCF728FB00F09AFC0E49087008460078CC
:1083800000F048FE4FF400610B48E8F755F9FCF7A0
:108390006BFB0A490870FCF73FFC09490870002094
:1083A00070BD0000340B00204C0B0020480B002057
:1083B000440B0020740900201CDB0020590B002016
:1083C0005A0B0020FEB5FFF7C9F8012803D1F74882
:1083D000007800B9FEBDF0F7BDF818B9F348007891
:1083E00000B9F7E7F0F7BCF8F048007888B1F0483A
:1083F000007870B90120EE4908704FF4C862ED4969
:10840000ED48E9F7CBF84FF4C862EC49EC48E9F7DE
:10841000C5F800F03FFC064600F08CFB0546E3483B
:10842000007880BBE7480068E7490968E74A1278A6
:10843000CDE900210290E64A127802F0010202EB37
:10844000C20303EB0212DD4B03EB8211E04A127808
:1084500002F0010202EBC20303EB0212D54B03EB65
:10846000821033462A4600F071FBDA4A4FF4C87195
:10847000D948E8F7DDF9D74A121D4FF4C871D7483B
:10848000E8F7D6F9B7E0FFE7C8480078012857D1E8
:10849000002051E0C84931F81010D14A1288114427
:1084A000CB4A127802F0010202EBC20303EB021284
:1084B000C04B03EB821222F81010C549097801F075
:1084C000010101EBC10202EB01111A4602EB81111D
:1084D00031F8101009B2B1F5C77F0EDD40F28F11EF
:1084E000BB4A127802F0010202EBC20303EB021254
:1084F000B04B03EB821222F81010B549097801F055
:10850000010101EBC10202EB0111AA4A02EB811148
:1085100031F8101009B200290DDA0021AC4A1278A6
:1085200002F0010202EBC20303EB0212A14B03EBC8
:10853000821222F81010401CB0F5487FAADB5AE0E6
:108540009A480078022856D1002051E09C4931F821
:108550001010A34A528811449D4A127802F0010279
:1085600002EBC20303EB0212944B03EB821222F8DC
:1085700010109749097801F0010101EBC10202EBEB
:1085800001111A4602EB811131F8101009B2B1F550
:10859000C77F0EDD40F28F118D4A127802F0010282
:1085A00002EBC20303EB0212844B03EB821222F8AC
:1085B00010108749097801F0010101EBC10202EBBB
:1085C00001117E4A02EB811131F8101009B2002925
:1085D0000DDA00217E4A127802F0010202EBC2039A
:1085E00003EB0212754B03EB821222F81010401CB1
:1085F000B0F5487FAADB7B480078B8B1744A12789E
:1086000002F0010202EBC20303EB02126B4B03EB1D
:1086100082116F4A127802F0010202EBC20303EBEF
:108620000212644B03EB8210FAF750F8FCF71CFAC5
:108630006D49087000F0C4F96C4908606A48007818
:10864000A0B369480078012801D0012000E0002093
:1086500004464FF4006221466548FCF7E3F965489B
:108660000378654A62496548E7F7C5FF4FF4006241
:1086700063496148E7F796FE02AB01AA40F2FF3179
:108680005F48001DE8F76CF85148007800F00100E1
:1086900000EBC00202EB00105A4A02EB8011029A72
:1086A0009DED010A5648FCF7EBF900BF56480078EB
:1086B000FF2806D05448007854490870FF205249DA
:1086C00008704A480068808A4149097801F0010130
:1086D0004F4A22F811004D480078002864D1FCF779
:1086E0005BF9E8B93A48007800F00100484931F8F0
:1086F00010000021CDE900103548007800F001039A
:108700003348007800F0010000EBC00202EB0010DB
:10871000284A02EB801100223E480068FAF716FE54
:108720000120FCF739F9E8B92948007800F0010088
:10873000374931F810000121CDE9001024480078B4
:1087400000F001032248007800F0010000EBC002B5
:1087500002EB0010194A02EB801100222D4800683C
:10876000FAF7F4FD20480078F8B11948007800F0D5
:108770000100274931F810000221CDE9001014480A
:10878000007800F001031248007800F0010000EBCF
:10879000C00202EB00101B4A02EB801100221D48B0
:1087A0000068FAF7D3FD59E036E057E05E08002094
:1087B0006C0B00201C4900209C6E00209C55002062
:1087C000DC740020540B0020400B0020300B0020F4
:1087D000380B0020700B002090190020102600207C
:1087E00062080020840B0020590B0020440B00205D
:1087F0001C7B0020580B00201C9B00201CDB002051
:108800001CBB00201C620020240D00205A0B0020FD
:108810003C0B0020340B002004215D48007800F060
:108820000100CDE900015A48007800F0010000EB9A
:10883000C00303EB0010574B03EB80125448007841
:1088400000F0010000EBC00303EB0010524B03EB00
:108850008011002351480068FAF78CFE4C480068EC
:1088600000283AD01420F3F7BBFD4948007800F007
:10887000010098B34A48007888BB0020FCF78CF8C8
:1088800058B94848008800210B460122CDE9001064
:10889000414942480068FAF759FD0120FCF77CF88D
:1088A00058B940480088012100230A46CDE900104C
:1088B00038493A480068FAF749FD3B4800780028F3
:1088C00059D038480088022100230122CDE9001048
:1088D000364932480068FAF739FD4CE00CE0FFE712
:1088E0000420002101232B4ACDE900102A492B48FE
:1088F0000068FAF73FFE3EE02948007878BB002088
:10890000FCF74AF858B927484088002101231A4645
:10891000CDE90010264921480068FAF717FD01202B
:10892000FCF73AF858B91F48408801210B460A461F
:10893000CDE900101F4919480068FAF707FD1A48E9
:108940000078C0B117484088022101231A46CDE9BA
:108950000010194911480068FAF7F8FC0BE0FFE72E
:10896000042001210B46134ACDE9001010490B48A1
:108970000068FAF7FFFD06480068401C04490860DB
:108980000E48007810B90020FBF710FB00BF21E56E
:10899000380B00209C5500201C490020340B00207F
:1089A0005A0B00203C0B0020590B00201C620020B9
:1089B0005C4F0020DC5B00205C6800205E0800202B
:1089C0002DE9F041F7F712FF074697F84F4000F006
:1089D0000FF80546AC4201DB681E84B204EB44008C
:1089E000024901EBC0063046BDE8F081F8D8030823
:1089F0001520704710B5F8F77BFFEFF7D3FCEFF7C2
:108A00004DFCF8F789FBF8F7FBFB002010BD2DE9C2
:108A1000F05F04460F46D4F82880B4F80890B4F804
:108A20000AA027B1608A192805D1BDE8F09F608AA5
:108A3000042800D1F9E74D4627E0564620E0B1B2C0
:108A4000A8B2D8F80820904700F0FF0B012F0BD1F7
:108A5000BBF1040F05D1B1B2A8B21922D8F8043085
:108A60009847192161820AE0BBF1190F05D1B1B213
:108A7000A8B20422D8F80430984704216182761CF9
:108A8000E0895044B042DADC6D1CA0894844A84219
:108A9000D3DC00BFC9E7000038B5F8F737FB17494A
:108AA0000968401A00901649009888421CD215485F
:108AB0000068401C13490860134802881349144891
:108AC00001F0F0FA04460CB9E72405E0012C01D1CD
:108AD000E82401E04FF6FF740C4B1A880C4B198800
:108AE000E0B201F071FB07E000200449086005488E
:108AF0004068401C0349486038BD000078080020E9
:108B0000F0490200E013002068080020B81300209C
:108B10009013002010B5F7F753FD04490860F7F7EC
:108B200065FE03490860002010BD00006C080020AD
:108B30007008002000B504490968D1F846000E21EC
:108B4000FDF786FE00BD0000200D00202DE9F05F3E
:108B500007468846DDE90BABDDF82890FFF730FFCC
:108B600004461648008885004FF48036AF212069FE
:108B70004843A6EB4000A84205D220694843A6EB33
:108B80004000E1684518AF22D4E90310504301EBDF
:108B90004000A84204D9D4E90310504301EB8005FA
:108BA000AF2120694843A5EB4000E168421A4146E5
:108BB0003846FAF727F90020BDE8F09F1C00002096
:108BC0002DE9F0470646F7F711FE074607EB46008A
:108BD000008804B2F7F7F4FC8146B9F81450AC42AF
:108BE00004DD2CB207EB46010C8005E0012C03DA12
:108BF000012407EB46000480B9F802002044801FDE
:108C00001FFA80F84146304600F004F90121304651
:108C100000F0AEFA26B90021012000F0A9FA03E025
:108C20000021084600F0A4FA03201749088008F143
:108C3000060081B2304600F007F9284605EBD072F5
:108C4000C4EB620200EE102AB8EEC00ADFED0F0A94
:108C500060EE200A294605EBD172521000EE102A70
:108C6000B8EEC00A80EE801ABDEEC10A10EE102ADE
:108C70000FFA82FA0648A0F800A0B0F90000FFF74A
:108C800025F8BDE8F08700008A0900200000FA43BB
:108C90008809002000B504490968D1F846000D2173
:108CA000FDF7D6FD00BD0000200D002000B50449F1
:108CB0000968D1F846000F21FDF7CAFD00BD00008C
:108CC000200D002070B5F7F791FD0546002409E05E
:108CD00068890121A140084018B1E1B2002000F0EC
:108CE00041F8641C0A2CF3DB002409E0A889012167
:108CF000A140084018B1E1B2012000F033F8641C33
:108D00000A2CF3DB70BD000070B504460D46062C3E
:108D10000AD204EB840000EBC400044A02EB800199
:108D20002A460348F8F7B4FE70BD00003034002036
:108D30009433002070B504460D46072C0AD204EB8C
:108D4000840000EBC400044A02EB80012A46034879
:108D5000F8F79EFE70BD0000A4370020C833002045
:108D60007047000070B505460E4600240BE004EB8A
:108D7000840000EBC4000E4901EB8000408AE0282B
:108D800000D002E0641C0A2CF1DB00BF0A2C01D1E8
:108D9000FF2070BD04EB840101EBC401044A02EB27
:108DA000810032462946F5F755FBA0B2F1E70000F5
:108DB0001039002010B504461CB10448F7F7C6FF6F
:108DC00002E00248F9F796FF10BD0000C83300200A
:108DD00010B504461CB10448F7F7B8FF02E002489A
:108DE000F9F788FF10BD00009433002070B50446E9
:108DF0000D46022C0ADA04EB840101EBC401044A9B
:108E000002EB810022462946FBF722F970BD0000E3
:108E10003C44002070B504460D46022C10DA04EBE9
:108E2000840202EBC402074B03EB8202118904EBBC
:108E3000840202EBC40203EB82002A46F7F72AFF02
:108E400070BD0000A444002070B504460D46022CFD
:108E50000ADA04EB840101EBC401044A02EB81004D
:108E60002A460021F7F716FF70BD00007445002068
:108E700010B5044601210C48018321894183618991
:108E80008183A1892089084481B20748C183E1898F
:108E90006089084481B204480184FEF739F8002152
:108EA0000148018310BD00009032002010B5044637
:108EB0000A2C00DB10BD052C0ADA04EB840101EB5F
:108EC000C401124A02EB81000021FEF7D1FA12E040
:108ED00004EB840101EBC4010C4A02EB8100012187
:108EE000FEF7C6FA04EB840101EBC401074A02EB6A
:108EF0008100FFF7BDFF002104EB840000EBC400FC
:108F0000024A02EB8000418200BFD3E71039002003
:108F100010B5002415E004EB840000EBC4000A49FE
:108F200001EB8000008B4F280AD104EB840000EB9A
:108F3000C4000A4602EB800100220448F8F7A8FDAD
:108F4000641C062CE7D310BD30340020943300207D
:108F500010B5002415E004EB840000EBC4000A49BE
:108F600001EB8000008B4F280AD104EB840000EB5A
:108F7000C4000A4602EB800100220448F8F788FD8D
:108F8000641C072CE7D310BDA4370020C833002091
:108F900010B5002414E004EB840000EBC4000A497F
:108FA00001EB8000408A192809D104EB840101EB10
:108FB000C401054A02EB81000021FFF728FD641C73
:108FC000042CE8D310BD0000183B002070B5044607
:108FD0000D4604EB840101EBC401034A02EB81005E
:108FE0002946F3F741FE70BD183B002010B504463A
:108FF00021460248F5F7B0FD10BD0000803B00207F
:1090000010B5044621460248F5F736FE10BD0000B3
:10901000803B002010B5044621460248F5F736FF94
:1090200010BD0000803B002070B504460D4604EBE7
:10903000840101EBC401034A02EB81002946F6F7E3
:1090400017F970BD183B002010B500F047F858B96B
:109050000648008818B9002000F02EF804E0034804
:109060000088401E0149088010BD00002C0B002024
:109070007FB504460E48B0F8705014E0012002217C
:1090800005221823CDE90032CDE9021023780848E3
:10909000B0F87220294607480068F7F71DFC641CE9
:1090A00005F10C0085B220780028E7D17FBD0000D3
:1090B00004430020280B002010B5044634B10548B5
:1090C000F7F72AFE05200449088002E00148F7F777
:1090D00059FD10BDD04200202C0B00200248007C1E
:1090E00000F0010070470000D042002010B5044697
:1090F0000748007C00F0010048B10548F7F70CFE76
:1091000021460348F7F7E4FD05200249088010BD19
:10911000D04200202C0B002070B504460D46022CD6
:1091200022DAC5B104EB840000EBC4000F4901EB67
:109130008000018B04EB840000EBC4000B4A02EBBF
:109140008000418104EB840101EBC40102EB81004A
:10915000F7F7E2FD08E004EB840101EBC401034AE8
:1091600002EB8100F7F70EFD70BD0000A444002063
:1091700070B504460D46022C13DA4DB904EB840198
:1091800001EBC401074A02EB8100F7F7FBFC08E0A2
:1091900004EB840101EBC401024A02EB8100F7F702
:1091A000BBFD70BD7445002070B504460E4624B961
:1091B00031461A48F5F71CFF2FE0012C05D1314646
:1091C00016483430F5F714FF27E0022C11D10020A7
:1091D000FBF7DEFD05460020F8F7F0FB20B910484C
:1091E0006968F5F705FF03E00D482968F5F700FF0A
:1091F00013E00120FBF7CCFD05460120F8F7DEFB6C
:1092000028B907489C306968F5F7F2FE04E0044885
:109210009C302968F5F7ECFE00BF70BD183B0020BC
:109220000C38002010B50548F6F706F9FEF77EF970
:10923000002080F3108800BF10BD000048E400202B
:109240000348006810B90120014908607047000018
:10925000400D00202DE9F0475148006808B9BDE8ED
:10926000F08700BF4F4800780028FBD000204D4910
:1092700008704B49086012224B494C48F6F722F916
:10928000054645B11420FCF733FE00204449086030
:10929000FFF7C8FFE3E7464B362246494348F6F757
:1092A000A1FB054645B11420FCF722FE00203C49F5
:1092B0000860FFF7B7FFD2E73C48F6F7D4FA054657
:1092C00045B11420FCF714FE002035490860FFF773
:1092D000A9FFC4E7F7F760F98146D9F80470F7F7FA
:1092E00057F906460024A04658E04FF00008002039
:1092F00020E0395D16F8211000EB40022E4B995406
:10930000395D36F82110C1F3072200EB4001491CFA
:109310005A54395D56F82110C1F3074200EB400161
:10932000891C5A54641C08F1010824498C4200D35A
:1093300004E0401C40F6AA218842DAD300BF204650
:10934000FEF756FE08EB4802194B1B491748F6F783
:1093500049FB054645B11420FCF7CAFD0020104921
:109360000860FFF75FFF7AE71048F6F77CFA0546DA
:1093700045B11420FCF7BCFD002009490860FFF747
:1093800051FF6CE70D48844208D31520FCF7B0FD6F
:10939000002003490860FFF745FF60E7A5E70000EC
:1093A000400D0020380D0020E815002048E4002082
:1093B0003C0D002044DC0308A0E6002000DC050092
:1093C00010B5FFF747FF10BD70B504460D4629469E
:1093D0002046FBF72DFC70BD0A207047014601EBCB
:1093E0004100024A02EBC000704700008C090020D7
:1093F00070B505460C46022D00DB70BDFFF7ECFF93
:10940000A04200DCF9E72846F8F7D8FA48B904EB9F
:109410004400134A02EBC00041682846FFF7C4FE2F
:1094200007E004EB44000E4A52F830102846FFF7DC
:10943000BBFE04EB44000A4A02EBC000017C284654
:10944000FBF798FC04EB4400054A02EBC000143023
:1094500030F815102846FFF7B7FF00BFCDE7000032
:109460008C0900202DE9F04105468846022D01DBDC
:10947000BDE8F081F7F7BAF9074607F10800445D47
:10948000FFF7AAFF0646B8F1000F03D1601E00B235
:10949000044602E0601C00B204460446B4420CDB01
:1094A000701E04B22A480078012821D100202849E2
:1094B000087028A0FFF71AFE1AE0002C0BDA00242F
:1094C00023480078012813D100202149087027A0E3
:1094D000FFF70CFE0CE05CB1701EA04208D01C48E7
:1094E000007828B901201A4908700020FFF7E4FD30
:1094F00007F1080044552846F8F760FA48B904EB2C
:109500004400204A02EBC00041682846FFF74CFEA9
:1095100007E004EB44001B4A52F830102846FFF7DE
:1095200043FE04EB4400174A02EBC000017C2846CE
:10953000FBF720FC04EB4400124A02EBC00014309D
:1095400030F815102846FFF73FFF00BF90E70000F6
:109550007D0A0020B4B9D6B1B5E7D1B9D2D1B5BD35
:10956000B4EFD7EEB4F3D6B500000000B4B9D6B16D
:10957000B5E7D1B9D2D1B5BDB4EFD7EED0A1D6B54C
:10958000000000008C09002010B5F7F705F8044929
:109590000860F7F72BF903490860002010BD0000B0
:1095A000BC0B0020200D002010B5F6F7F5FF024996
:1095B0000860002010BD00002C0D00202DE9F041B6
:1095C00005460E463746EAF7B1F8002407E007EBF8
:1095D000441205EB44112020EAF71CF8641C042C0B
:1095E000F5DBBDE8F08100002DE9F04780460C4630
:1095F00004F11A00F7F7ACFF10B10020BDE8F087C6
:10960000207820F04000401E00EB800101EBC005F7
:109610004FF00109002619E01449895D0819F7F790
:1096200097FF0746B9F1000F09D0FF2D01D30020A5
:10963000E4E7B94628466D1C28F8107005E04FF69F
:10964000FF70874201D00020D8E7761C0D2EE3D3AF
:10965000207800F0400030B1FF2D01D30020CDE78D
:10966000002028F815000120C8E70000FC030408CA
:109670002DE9F04704460D4616464FF00209022D2B
:1096800077D3E069A84274D92078012806D002284F
:109690004BD0032861D004280DD15FE02F4607EBA3
:1096A0005707A06A00EB57212046F8F78FF881464C
:1096B000B9F1000F00D079E038467F1CC0F30801F3
:1096C00004F1380001EB000805F0010028B1F1B207
:1096D00098F8000061F31F1000E0304688F80000A1
:1096E0000120E070A06A00EB57212046F8F76EF8E1
:1096F0008146B9F1000F00D058E0C7F3080104F12A
:10970000380001EB000805F0010010B1C6F30710A6
:1097100006E098F8000000F0F000C6F303210843CB
:1097200088F800000120E07040E0A06A00EB1521FD
:109730002046F8F74BF88146B9F1000F00D035E02C
:10974000B1B240F2FF1202EA450304F13802981860
:1097500000F040FA0120E07028E000BFA06A00EBB2
:10976000D5112046F8F732F88146B9F1000F01D043
:109770001CE01CE0207804280BD040F2FF1101EA25
:10978000850204F138015018F7F7A5FE66F31B00B7
:10979000064640F2FF1101EA850204F13801501833
:1097A000314600F0DDF90120E07000BF00BF4846FF
:1097B000BDE8F0872DE9F04707460C461546984668
:1097C00084F80D800F20E07200202073002104F146
:1097D0001A0000F0FFF9681E00EB800101EBC009E0
:1097E00000200646824600BF4FF6FF70864204D036
:1097F000484609F1010937F810600D4911F80A10BF
:109800000819314600F0E6F90EB94FF6FF760AF175
:10981000010082460D28E7D34FF6FF70864202D042
:1098200037F8190008B945F040052570BDE8F08704
:10983000FC03040810B5034602FB0310014C246826
:10984000205C10BD500800202DE9F05F06460F4651
:1098500090464FF000093468BA46BB46022F02D347
:10986000E069B84202D80220BDE8F09FB8F1000FCD
:1098700011D02078042802D1F07902280BD04FF0C3
:10988000FF3241462046FFF7F3FE8146B9F1000F53
:1098900001D04846E8E700BF39463046F6F79CFE5F
:1098A000054605B93EE0012D01D10220DCE7681C28
:1098B00008B90120D8E7207804280AD000223946C8
:1098C0002046FFF7D5FE8146B9F1000F01D048468A
:1098D000CAE7D4E90610801E814206D2A069401C66
:1098E000A061207940F0010020710BF10100A84235
:1098F00001D1AB4612E0207804280DD1ABEB0A0071
:10990000421C002351462046F1F748FD8146B9F13B
:10991000000F01D04846A7E7AB46AA462F46E069AC
:10992000B842B9D800BF2078042812D1B8F1000F8E
:1099300002D10020F0710CE0F079032809D1B06861
:10994000404506D8B169B0680844404501D30220BB
:10995000F071002088E7000010B50C480068401C3A
:109960000A4908600A4804680CE0606848B1074882
:109970000068A168B0FBF1F201FB120008B9606851
:1099800080472468002CF0D110BD0000B0120020E8
:109990009812002010B50C484068401C0A494860E5
:1099A0000A4844680CE0606848B107484068A1680C
:1099B000B0FBF1F201FB120008B96068804724682F
:1099C000002CF0D110BD0000B01200209812002031
:1099D00010B50C488068401C0A4988600A488468B1
:1099E0000CE0606848B107488068A168B0FBF1F2FC
:1099F00001FB120008B9606880472468002CF0D190
:109A000010BD0000B01200209812002010B50C48C4
:109A1000C068401C0A49C8600A48C4680CE0606815
:109A200048B10748C068A168B0FBF1F201FB120021
:109A300008B9606880472468002CF0D110BD000090
:109A4000B01200209812002010B50C480069401C8C
:109A50000A4908610A4804690CE0606848B107488F
:109A60000069A168B0FBF1F201FB120008B960685F
:109A700080472468002CF0D110BD0000B0120020F7
:109A80009812002010B50C484069401C0A494861F2
:109A90000A4844690CE0606848B107484069A16819
:109AA000B0FBF1F201FB120008B96068804724683E
:109AB000002CF0D110BD0000B01200209812002040
:109AC00030B502FB0014024D2D682B5530BD00004F
:109AD0005008002030B5054B1B6833B1044C248876
:109AE00001FB0404014D2D682A5530BD4C080020AF
:109AF0005408002070B504883CB90E4D2D8802FB37
:109B000005150D4E3668735512E044888C420FDC03
:109B1000C4888C420CDB8488944209DC048994421A
:109B200006DB044D2D8802FB0515034E3668735580
:109B300070BD0000540800204C08002070B5064697
:109B40000C461546A9B204F11A0000F043F830782B
:109B5000032804D1290C04F1140000F03BF870BD77
:109B600000F8011B090A00F8011B090A00F8011B93
:109B7000090A00F8011B704730B500F8012B110AE3
:109B800041EA03621B0A00F8012B110A41EA036251
:109B90001B0A00F8012B110A41EA03621B0A00F8B4
:109BA000012B110A41EA03621B0A00F8012B110A7A
:109BB00041EA03621B0A00F8012B110A41EA036221
:109BC0001B0A00F8012B110A41EA03621B0A00F884
:109BD000012B30BD00F8011B091200F8011B704772
:109BE0002DE9F041044620680569284600F04EFE44
:109BF00080464146A81CFFF7EDFF6878471C2046C9
:109C0000E16CF2F774FF064618E0A16B2068F7F7E5
:109C1000DDFD064606B113E020222946E06BF7F78A
:109C2000A1FD01202168C870781E071E00D107E041
:109C3000203500212046F2F73BFD0646002EE4D0F9
:109C400000BF0EB1012E02D13046BDE8F0810220E6
:109C5000FBE730B5014600200B2200BF431003EBA9
:109C6000C01411F8015B6319D8B2531E1A1EF5D146
:109C700030BD000070B50446204600F043F80546AC
:109C8000002D38D1207803282ED1207901282BD11E
:109C90004202002104F13800F7F771FD4AF6552120
:109CA00004F23620FFF796FF144904F13800FFF75D
:109CB00057FF134904F50770FFF752FF04F50870CA
:109CC000A169FFF74DFF04F509706169FFF748FFCF
:109CD000606A401C60636078012304F13801626BA4
:109CE000F2F7AAFF00202071607800221146F2F7F7
:109CF00069FF00B10125284670BD00005252614144
:109D0000727241612DE9F04104460027E078F8B114
:109D1000656B607801232A4604F13801F2F78CFF65
:109D200008B1012714E00020E070A06A281A216A17
:109D300088420DD2A67809E0206A054460780123A4
:109D40002A4604F13801F2F777FF761E022EF3D28D
:109D50003846BDE8F0810000084890ED000AF2EEB8
:109D60000C0A60EE200A064890ED000AB8EE400AA0
:109D700080EE201A034880ED001A7047640B002023
:109D8000600B00205C0B002010B53720EAF71EF9AD
:109D90002C20EAF71BF92D20EAF718F97520EAF7CD
:109DA00015F97620EAF712F9002010BD10B5F7F783
:109DB000DBFDF7F725FDF7F741FDF7F75DFDF7F759
:109DC00079FDF6F72DFB002010BD00002DE9F041D4
:109DD00004460D46FBF772FE38B129462046FBF7D4
:109DE000CFF94FF0FF30BDE8F081FCF789F830B1D2
:109DF00029462046FCF77EFB4FF0FF30F3E7A348EF
:109E000000680088A04214DAA04800688088A04258
:109E10000FDD9E4800684088A8420ADA9B48006827
:109E2000C088A84205DD9A480088401C98490880EF
:109E30001DE198480089A04215DA96488189008979
:109E40000844A0420FDD93484089A8420BDA9148AC
:109E5000C18940890844A84205DD8D48808A401C9C
:109E60008B49888203E18B48808FA04217DA8948AA
:109E7000B0F84010808F0844A04210DD8548C08FA4
:109E8000A8420CDA8348B0F84210C08F0844A842B8
:109E900005DD7F48C08A401C7D49C882E7E07D48D7
:109EA000B0F87000A0421ADA7A48B0F87410B0F82E
:109EB00070000844A04212DD7648B0F87200A84253
:109EC0000DDA7448B0F87610B0F872000844A84271
:109ED00005DD6F48008B401C6D490883C7E06D4865
:109EE000B0F8A400A0421ADA6A48B0F8A810B0F896
:109EF000A4000844A04212DD6648B0F8A600A842BB
:109F00000DDA6448B0F8AA10B0F8A6000844A842D8
:109F100005DD5F48408B401C5D494883A7E05E48F3
:109F20008089A0427EDA5C48018A80890844A04288
:109F300078DD5948C089A84274DA5748418AC089F7
:109F40000844A8426EDDF9F703FFE8B300203FE0C4
:109F500000EB800101EBC001504A02EB81010A894C
:109F60004D49898911448EB200EB800101EBC0019B
:109F70004A4A02EB81014A894749C98911448FB293
:109F8000B44224DD00EB800101EBC001434A02EB47
:109F9000810189893144A14219DDBD4217DD00EB01
:109FA000800101EBC00102EB8101C9893944A9425A
:109FB0000DDD00F10E01364A32F81110491C8AB24B
:109FC00000F10E01324B00E005E023F81120401CA7
:109FD0000628BDDB45E0002041E000EB800101EBFD
:109FE000C0012F4A02EB81010A892B49B1F84010C8
:109FF00011448EB200EB800101EBC001284A02EB54
:10A0000081014A892449B1F8421011448FB2B44207
:10A0100024DD00EB800101EBC001214A02EB81014C
:10A02000898900E01EE03144A14217DDBD4215DD03
:10A0300000EB800101EBC00102EB8101C9893944C9
:10A04000A9420BDD00F11401114A32F81110491C2C
:10A050008AB200F114010E4B23F81120401C07288E
:10A06000BBDB04E00A48408F401C094948870020B8
:10A0700006E0074931F81010022900DBB3E6401C66
:10A080001E28F6DB4FF0FF30ADE600006C08002024
:10A090001C140020183B0020943300203034002092
:10A0A000A43700202DE9F04103460C461646002156
:10A0B0000022002500206BE0DFF8F8C0DCF800C0CB
:10A0C000BCF8127007EBD77CDFF8E880D8F8008086
:10A0D000B8F8008008EB6C0C33F81080C44513DD31
:10A0E000DFF8D0C0DCF800C0BCF802C0DFF8C480E4
:10A0F000D8F80080B8F80C80C44434F81080C44507
:10A1000002DA4F1CB9B242E0DFF8A8C0DCF800C0A8
:10A11000BCF8127007EBD77CDFF89880D8F8008085
:10A12000B8F8008008EB6C0C33F81080C4452CDACA
:10A13000DFF880C0DCF800C0BCF800C0DFF8748035
:10A14000D8F80080B8F81280C444DFF86880D8F8E6
:10A150000080B8F80E80ACEB080C33F81080C445D2
:10A1600013DDDFF850C0DCF800C0BCF802C0DFF837
:10A170004480D8F80080B8F80C80C44434F81080CB
:10A18000C44502DA571CBAB201E06F1CBDB2401CD4
:10A19000B04291DB914204DDA94202DD0020BDE81E
:10A1A000F0818A4203DDAA4201DD0120F7E70220A7
:10A1B000F5E700006C08002010B53C210148E7F7E6
:10A1C00006FA10BD1C1400202DE9F04104460E468D
:10A1D00017462046122C3DD009DCA0F10A000828C1
:10A1E00074D2DFE800F0A79FA39C171B3236182813
:10A1F0006DD008DC132830D014280CD0152868D076
:10A20000172863D16EE01A2875D0E72874D0E828A3
:10A21000F7D197E000BFF9F779FD98E0FDF79EF9D7
:10A2200018B90120FDF70CFF09E00020FDF708FF39
:10A230000020484908704849087048490870FDF7EF
:10A240008DF90546FDF792F981E01720FBF750FEE6
:10A250007DE07CE0F9F7BEF879E04148006818B18C
:10A260001620FBF745FE72E0FDF778F950B90120A2
:10A27000FDF7E6FEFDF772F90546FDF777F90120D7
:10A28000384908703848006840B9F6F73FFF374949
:10A29000B0FBF1F201FB1200334908603448036857
:10A2A000314834A102683948F0F73CF8374A38A100
:10A2B0003A48F0F737F82E480068401C2C490860EF
:10A2C0001320FBF715FEFEF7BBFF40E03EE014E075
:10A2D000FFE701210020FFF7C5F800210220FEF76B
:10A2E00063FF34E000210846FFF7BCF8002102209C
:10A2F000FEF75AFF2BE009E020E001210846FFF7B6
:10A30000B1F800210320FEF74FFF20E000210120DB
:10A31000FFF7A8F800210320FEF746FF17E0F9F742
:10A320007DFB14E00120F8F7F9FE10E00220F8F7B9
:10A33000F5FE0CE00020F8F7F1FE08E00120FDF743
:10A340001FF904E00020FDF71BF900BF00BF00BFAC
:10A35000BDE8F0815F080020600800206C0B002041
:10A3600008000020880800208C080020A08601003A
:10A3700090080020303A2F2F7069632F2F6F73637E
:10A3800025645F25642E626D70000000E8150020D2
:10A39000D5FDD4DAB1A3B4E6257300002816002059
:10A3A00038B5002400BF012269460020E8F798FA7A
:10A3B00001226946A420E8F793FA16208DF80000E0
:10A3C000012269468020E8F78BFA0C208DF8000006
:10A3D000012269468820E8F783FA02226946A12013
:10A3E000E7F7F6FF9DF8000030280BD19DF801003B
:10A3F000F82807D10020184908600520174908707F
:10A40000002038BD9DF80100012807D10020124925
:10A4100008600720114908700020F2E7E8F788FA81
:10A42000012809D10E49087000200B490860072057
:10A430000A4908700020E4E74FF4FA70E9F7D6F80B
:10A44000601CC4B2012C00DAADE74FF0FF300249C6
:10A45000086000BFD5E70000580800205C08002015
:10A460005D0800202DE9F047054689461646FFF7AE
:10A47000A3FE002027E035F810101F4A126812884A
:10A48000891A8CB21C490968C98901EB4101A142B2
:10A4900005DD1A490988491C184A118012E016493D
:10A4A0000968C98901EB4101B4EB810F05DB134950
:10A4B0004988491C114A518004E010498988491C87
:10A4C0000E4A9180401CB042D5DB0C4807884FF003
:10A4D000000800200AE0094931F81010B94204DDF3
:10A4E000064931F8107000F0FF08401C0328F2DB29
:10A4F0004046BDE8F08700006C0800201C140020D6
:10A500002DE9F04F81460D4616460027BC46B84659
:10A51000BA4600220023501E002462E035F814B031
:10A52000DFF82CE1DEF800E0BEF802E0ABEB0E0B4A
:10A530001FFA8BF1DFF81CB1DBF800B0BBF804B0F8
:10A540008B4508DDDFF80CB1DBF800B0BBF804B0D8
:10A55000ABEB010B07E0DFF8FCB0DBF800B0BBF8B9
:10A5600004B0A1EB0B0B1FFA8BF7DFF8E8B0DBF8B8
:10A5700000B0BBF806B08B4508DDDFF8D8B0DBF8DB
:10A5800000B0BBF806B0ABEB010B07E0DFF8C4B0DE
:10A59000DBF800B0BBF806B0A1EB0B0B1FFA8BFC8D
:10A5A000DFF8ACB0DBF800B0BBF80CB0BB4503DBA8
:10A5B00002F1010B1FFA8BF2DFF894B0DBF800B068
:10A5C000BBF80CB0E34503DB03F1010B1FFA8BF37F
:10A5D00008EB070B1FFA8BF80AEB0C0B1FFA8BFA30
:10A5E000641CB4429ADB022A03DB022B01DA00204E
:10A5F0000EE0022B03DB022A01DA012008E0022A26
:10A6000006DB022B04DBD04501DD012000E0002049
:10A6100050B90124DFF840B08BF800400324DFF884
:10A620003CB08BF8004011E001280AD10224DFF889
:10A6300028B08BF800400324DFF820B08BF80040EE
:10A6400004E00024DFF814B08BF80040BDE8F08F80
:10A650006C080020700800206B0800206A080020A9
:10A660002DE9F05F0F4690464FF0000AD146CB46E9
:10A67000FEF710FB18B924480068008802E0224861
:10A680000068408805464FF0FF3600201DE037F88F
:10A6900010101E4A12685288891A8CB2A54201DD38
:10A6A000291B00E0611B1FFA81FA18490968898992
:10A6B000BAEB410F04DC09F101011FFA81F903E053
:10A6C0000BF101011FFA81FB401C4045DFDBB9F1B2
:10A6D000020F01DB002601E04FF0FF366EB9FEF7F6
:10A6E000D9FA18B903200A49087002E00420084981
:10A6F000087003200749087002E00020054908702F
:10A700003046BDE8F09F0000700800206C08002073
:10A710006B0800206A08002010B504463B4800780A
:10A72000012829D1FCF71AFF01280DD138480078FB
:10A7300038B90120364908703648006880883649A3
:10A740000880012035490870354800684088201A83
:10A750003049096888800020FBF738FF2F480078CF
:10A76000012851D12B48006880882B490988401A5C
:10A7700000B22C49088047E024480078022826D1FE
:10A78000FCF7ECFE012816D12748007838B90120E3
:10A79000254908701F480068C0881F4948801D4827
:10A7A0000068C0881C494988401A00B21D49488089
:10A7B00002201A4908701A4800684088201A81B29D
:10A7C00014480068C1800120FBF700FF1CE00F481F
:10A7D000007803280AD1124800684088201A0D49E1
:10A7E000096808800020FEF7EBF90DE007480078C3
:10A7F000042809D10A4800684088201A05490968D8
:10A8000048800120FEF7DCF910BD00006B08002035
:10A810005F08002070080020940800205E080020D7
:10A820006C080020620800206008002010B5FCF7CA
:10A8300095FE0348006810B90020E7F7F5FD10BD4C
:10A84000580800200149486370470000004001405B
:10A8500070B504460D4609268CB1206878B1206891
:10A86000007860B1A0882168C988884207D1216832
:10A870004878F2F7D3F900F0010000B900260EB9CC
:10A88000206800E000202860304670BD30B50246E8
:10A890005478641C630100242046214610E00229FC
:10A8A00001D1491C0BE000F0010414B14FF4004445
:10A8B00000E0002404EB6004555C2C44A0B2491C69
:10A8C0009942ECD330BD70B5064600241BE0284603
:10A8D000F5F7FCF9054604F0010010B14FF4004013
:10A8E00000E0002000EB6400E9B2084484B204F008
:10A8F000010010B14FF4004000E0002000EB6400C4
:10A9000000EB252084B236F8021B0D1EDFD1204655
:10A9100070BD0000000001020304010203040607E9
:10A92000080900004727BCFA1A01015689EE46B50E
:10A930000006101600061016A03D05080008025873
:10A9400010000000010000000100000001000000F4
:10A95000703D0508000802580010000001000000CA
:10A960000100000001000000743D050800040258C9
:10A9700020000000010000000100000001000000B4
:10A98000903D0508001002580E0000000100000074
:10A990000000000001000000783D0508000C02588E
:10A9A000FFFF0000000000000000000000000000A9
:10A9B000803D0508000002580080000000001111D1
:10A9C0000000000001000000883D0508001002584A
:10A9D0000100000000001111000000000100000053
:10A9E000603D05080008025800400000000000001B
:10A9F0000100000001000000AC3D05080004025801
:10AA00000010000001000000010000000000000034
:10AA1000AC3D0508000402580020000001000000C1
:10AA200001000000000000009209FC0859089E0780
:10AA300008075E06AA050000F5990208B39A020805
:10AA4000859A0208BF9A0208199A0208DC3D050897
:10AA5000E0011001E00110010100010028000800E0
:10AA600005000800200104000000020009000000A9
:10AA7000C43D05082003E0012003E00101000100BE
:10AA80002E00FA002E001E008C01030000000100C1
:10AA90001E000000C43D05082003E0012003E00182
:10AAA000010001002E001700D20016008C010300E7
:10AAB0000000010012000000B83D05082003E0017D
:10AAC00020035802800004005800170028000100ED
:10AAD000A00002000000000028000000D03D050892
:10AAE0008002E0018002E0016000020030002100ED
:10AAF00010000A00640002000000000019000000BD
:10AB00000000000000000000000000000000000045
:10AB10000000000000000000000000000000000035
:10AB20000000000000000000000000000000000025
:10AB30000000000000000000000000000000000015
:10AB40000000000000000000030009000F001500D5
:10AB50001B00508158816081688170810200000073
:10AB600003000000040000000500000006000000D3
:10AB70002424242424242424242424242424242495
:10AB80002424242424242424242424242424242485
:10AB90002424242424242424242424242424242475
:10ABA0002424242424242424242424242424242465
:10ABB0002424242424242424242424242424242455
:10ABC0002424242424242424242424242424242445
:10ABD0002424242424242424242424242424242435
:10ABE0002424242424242424242424242424242425
:10ABF0002424242424242424242424242424242415
:10AC00002424242424242424242424242424242404
:10AC100024242424242424242424242424242424F4
:10AC200024242424242424242424242424242424E4
:10AC300024242424242424242424242424242424D4
:10AC400024242424242424242424242424242424C4
:10AC500024242424242424242424242424242424B4
:10AC600024242424242424242424242424242424A4
:10AC70002424242424242424242424242424242494
:10AC8000242424FFFFFFFFFFFFFFFF2424242424AC
:10AC90002424242424242424242424242424242474
:10ACA0002424242424242424242424242424242464
:10ACB0002424242424242424242424242424242454
:10ACC0002424242424242424242424242424242444
:10ACD0002424242424242424242424242424242434
:10ACE0002424242424242424242424242424242424
:10ACF0002424242424242424242424242424242414
:10AD000024242424FFFFFFFFFFFFFFFF242424242B
:10AD100024242424242424242424242424242424F3
:10AD200024242424242424242424242424242424E3
:10AD300024242424242424242424242424242424D3
:10AD400024242424242424242424242424242424C3
:10AD500024242424242424242424242424242424B3
:10AD600024242424242424242424242424242424A3
:10AD70002424242424242424242424242424242493
:10AD80002424242424FFFFFFFFFFFFFFFF242424AB
:10AD90002424242424242424242424242424242473
:10ADA0002424242424242424242424242424242463
:10ADB0002424242424242424242424242424242453
:10ADC0002424242424242424242424242424242443
:10ADD0002424242424242424242424242424242433
:10ADE0002424242424242424242424242424242423
:10ADF000242424242424242424242424242424FF38
:10AE0000242424242424FFFFFFFFFFFFFFFF24242A
:10AE100024242424FF242424242424242424242417
:10AE20002424242424242424242424242449494973
:10AE30004949494949242424242424242424242419
:10AE40002424242424242424242424494949494909
:10AE500049494949492424242424242424242424F9
:10AE60002424242424244949494949494949494930
:10AE7000242424242424242424242424242424FFB7
:10AE8000FFFF2424242424FFFFFFFFFFFFFFFF24F4
:10AE900024242424FFFFFF242424242424242424E1
:10AEA00024242424242424242424244949494949A9
:10AEB0004949494949494949492424242424242405
:10AEC000242424242424242424494949494949493F
:10AED000494949494949494924242424242424240A
:10AEE000242424242449494949494949494949498B
:10AEF000494949242424242424242424242424FFC8
:10AF0000FFFFFFFF24242424FFFFFFFFFFFFFFFFBD
:10AF100024242424FFFFFFFFFF24242424242424AA
:10AF20002424242424242424242449494949494903
:10AF3000494949494949494949494924242424243A
:10AF40002424242424242424494949494949494999
:10AF50004949494949494949492424242424242464
:10AF600024242424494949494949494949494949E5
:10AF7000494949492424242424242424242424FF22
:10AF8000FFFFFFFFFFFFFFFFFFFFFFFFFFFFFFFFD1
:10AF9000FFFFFFFFFFFFFFFFFFFFFF242424242408
:10AFA0002424242424242424242449494949494983
:10AFB0004949494949494949494949494924242470
:10AFC0002424242424242424494949494949494919
:10AFD00049494949494949494949242424242424BF
:10AFE0002424244949494949494949494949494940
:10AFF000494949494924242424242424242424FF7D
:10B00000FFFFFFFFFFFFFFFFFFFFFFFFFFFFFFFF50
:10B01000FFFFFFFFFFFFFFFFFFFFFFFFFF242424D1
:10B020002424242424242424242449494949494902
:10B0300049494949494949494949494949494924A5
:10B040002424242424242424494949494949494998
:10B050004949494949494949494949242424242419
:10B0600024242449494949494949494949494949BF
:10B07000494949494949242424242424242424FFD7
:10B08000FFFFFFFFFFFFFFFFFFFFFFFFFFFFFFFFD0
:10B09000FFFFFFFFFFFFFFFFFFFFFFFFFFFFFF249B
:10B0A0002424242424242424242449494949494982
:10B0B00049494924242424244949494949494949B9
:10B0C0004924242424242424244949494949494918
:10B0D000492424242424242424494949242424249C
:10B0E00024242424494949494949494949242424D3
:10B0F00024242424494949242424242424242424A1
:10B1000024FFFFFFFFFFFFFFFFFFFFFFFFFFFFFF2A
:10B11000FFFFFFFFFFFFFFFFFFFFFFFFFFFFFF241A
:10B120002424242424242424242449494949494901
:10B1300049492424242424242424244949494949CC
:10B14000494949242424242424494949494949494D
:10B150004924242424242424242424244924242465
:10B160002424242449494949494949492424242477
:10B17000242424242424244924242424242424246A
:10B18000242424FFFFFFFFFFFFFFFFFFFFFF242416
:10B1900024242424FFFFFFFFFFFFFFFFFFFFFF2406
:10B1A00024242424242424242424244949494949A6
:10B1B0004949242424242424242424242449494996
:10B1C00049494949242424242424494949494949CD
:10B1D000492424242424242424242424242424240A
:10B1E00024242424494949494949494924242424F7
:10B1F000242424242424242424242424242424240F
:10B200002424242424FFFFFFFFFFFFFFFF24242426
:10B2100024242424242424FFFFFFFFFFFFFFFF2416
:10B220002424242424242424242424494949494925
:10B230004949492424242424242424242424494915
:10B240004949494949492424242424494949494927
:10B250004949242424242424242424242424242464
:10B26000242424242449494949494949242424249B
:10B27000242424242424242424242424242424248E
:10B28000242424242424FFFFFFFFFFFFFF24242481
:10B29000242424242424242424FFFFFFFFFFFFFF71
:10B2A00024242424242424242424242449494949CA
:10B2B00049494924242424242424242424242424DF
:10B2C00049494949494949242424242449494949A7
:10B2D00049494924242424242424242424242424BF
:10B2E000242424242449494949494949242424241B
:10B2F000242424242424242424242424242424240E
:10B3000024242424242424FFFFFFFFFFFF242424DB
:10B310002424242424242424242424FFFFFFFFFFA6
:10B32000FF24242424242424242424242449494993
:10B330004949494924242424242424242424242439
:10B34000244949494949494924242424244949494B
:10B3500049494949492424242424242424242424F4
:10B36000242424242424494949494949492424249A
:10B37000242424242424242424242424242424248D
:10B380002424242424242424FFFFFFFFFF24242436
:10B3900024242424242424242424242424FFFFFFDC
:10B3A000FFFF242424242424242424242449494938
:10B3B00049494949242424242424242424242424B9
:10B3C0002424244949494949494924242424244915
:10B3D0004949494949494949242424242424242405
:10B3E000242424242424244949494949494924241A
:10B3F000242424242424242424242424242424240D
:10B40000242424FFFFFFFFFFFFFFFFFFFFFF242493
:10B410002424242424242424242424242424FFFF36
:10B42000FFFFFFFFFFFFFFFFFF24242424244949DF
:10B430004949494949242424242424242424242413
:10B4400024242424494949494949492424242424B9
:10B450004949494949494949494949242424242415
:10B460002424242424242449494949494949242499
:10B47000242424242424242424242424242424248C
:10B4800024242424FFFFFFFFFFFFFFFFFFFF2424EE
:10B49000242424242424242424242424242424246C
:10B4A000FFFFFFFFFFFFFFFFFFFF242424242449A9
:10B4B000494949494949242424242424242424246E
:10B4C0002424242424494949494949492424242439
:10B4D0002424494949494949494949494949242470
:10B4E0002424242424242424494949494949492419
:10B4F000242424242424242424242424242424240C
:10B500002424242424FFFFFFFFFFFFFFFFFFFF246D
:10B5100024242424242424242424242424242424EB
:10B5200024FFFFFFFFFFFFFFFFFFFF24242424244D
:10B5300049494949494949242424242424242424C8
:10B5400024242424242449494949494949242424B8
:10B5500024242424494949494949494949494949EF
:10B560004924242424242424244949494949494973
:10B57000242424242424242424242424242424248B
:10B58000242424242424FFFFFFFFFFFFFFFFFFFFED
:10B59000242424242424242424242424242424246B
:10B5A0002424FFFFFFFFFFFFFFFFFFFF24242424CD
:10B5B0002449494949494949242424242424242448
:10B5C0002424242424242449494949494949242438
:10B5D00024242424242449494949494949494949B9
:10B5E00049494949242424242424494949494949A9
:10B5F00049242424242424242424242424242424E6
:10B6000024242424242424FFFFFFFFFFFFFFFFFF47
:10B61000FF2424242424242424242424242424240F
:10B62000242424FFFFFFFFFFFFFFFFFFFF2424244C
:10B6300024244949494949494924242424242424C7
:10B6400024242424242424244949494949494924B7
:10B6500024242424242424242449494949494949A7
:10B660004949494949492424242424494949494903
:10B670004949242424242424242424242424242440
:10B680002424242424242424FFFFFFFFFFFFFFFFA2
:10B69000FFFF2424242424242424242424242424B4
:10B6A00024242424FFFFFFFFFFFFFFFFFFFF2424CC
:10B6B0002424244949494949494924242424242447
:10B6C0002424242424242424244949494949494937
:10B6D0002424242424242424242424244949494996
:10B6E000494949494949494924242424494949495E
:10B6F000494949242424242424242424242424249B
:10B70000242424242424242424FFFFFFFFFFFFFFFC
:10B71000FFFFFF2424242424242424242424242458
:10B720002424242424FFFFFFFFFFFFFFFFFFFF244B
:10B7300024242424494949494949492424242424C6
:10B7400024242424242424242424494949494949DB
:10B75000492424242424242424242424242424495F
:10B7600049494949494949494924242424494949DD
:10B7700049494949242424242424242424242424F5
:10B7800024242424242424242424FFFFFFFFFFFF57
:10B79000FFFFFFFFFF242424242424242424242422
:10B7A0002424242424FFFFFFFFFFFFFFFFFFFFFFF0
:10B7B0002424242424494949494949492424242446
:10B7C0002424242424242424242424494949494980
:10B7D00049492424242424242424242424242424DF
:10B7E0002424494949494949494949242424494982
:10B7F0004949494949242424242424242424242450
:10B8000024242424242424242424242424242424F8
:10B8100024FFFFFFFFFFFF242424242424242424C6
:10B82000242424242424FFFFFFFFFF242424242491
:10B8300024242424242424494949494949492424C5
:10B8400024242424242424242424244949494949FF
:10B85000494924242424242424242424242424245E
:10B86000242424244949494949494949242424494B
:10B870004949494949494924242424242424242485
:10B880002424242424242424242424242424242478
:10B890002424FFFFFFFFFFFF242424242424242446
:10B8A000242424242424FFFFFFFFFFFF2424242436
:10B8B0002424242424242424494949494949492445
:10B8C00024242424242424242424242449494949A4
:10B8D00049494924242424242424242424242424B9
:10B8E0002424242424244949494949494924242415
:10B8F0002449494949494949242424242424242405
:10B9000024242424242424242424242424242424F7
:10B91000242424FFFFFFFFFFFFFF242424242424EA
:10B92000242424242424FFFFFFFFFFFFFF242424DA
:10B9300024242424242424242449494949494949C4
:10B9400049242424242424242424242449494949FE
:10B950004949494924242424242424242424242413
:10B960002424242424242449494949494949242494
:10B97000242449494949494949492424242424245F
:10B980002424242424242424242424242424242477
:10B9900024242424FFFFFFFFFFFFFFFFFF242424B4
:10B9A000242424242424FFFFFFFFFFFFFFFF24247F
:10B9B000242424242424242424242449494949498E
:10B9C000494924242424242424242424244949497E
:10B9D000494949492424242424244924242424246E
:10B9E0002424242424242424494949494949492414
:10B9F00024242424494949494949494924242424DF
:10BA000024242424242424242424242424242424F6
:10BA100024242424FFFFFFFFFFFFFFFFFFFFFF247D
:10BA20002424242424FFFFFFFFFFFFFFFFFFFFFF6D
:10BA30002424242424242424242424244949494932
:10BA400049494949242424242424242424494949B3
:10BA500049494949492424242424244949242424A3
:10BA6000242424242424242449494949494949496E
:10BA70002424242424494949494949494949242439
:10BA80002424242424242424244924242424242451
:10BA900024242424FFFFFFFFFFFFFFFFFFFFFFFF22
:10BAA000FFFFFFFFFFFFFFFFFFFFFFFFFFFFFFFFA6
:10BAB000FFFF242424242424242424242424494946
:10BAC000494949494949492424242424494949499F
:10BAD00049494949492424242424242449494949D9
:10BAE00049242424242424244949494949494949C9
:10BAF00024242424242424494949494949494949B9
:10BB00004924242424242424494949242424242461
:10BB100024242424FFFFFFFFFFFFFFFFFFFFFFFFA1
:10BB2000FFFFFFFFFFFFFFFFFFFFFFFFFFFFFFFF25
:10BB3000FFFFFFFF24242424242424242424242459
:10BB40004949494949494949494949494949494965
:10BB5000494949494924242424242424244949497D
:10BB60004949494949494949494949494949494945
:10BB7000492424242424242424494949494949495D
:10BB800049494949494949494949494924242424B9
:10BB9000242424242424FFFFFFFFFFFFFFFFFFFFD7
:10BBA000FFFFFFFFFFFFFFFFFFFFFFFFFFFFFFFFA5
:10BBB000FFFFFFFF242424242424242424242424D9
:10BBC000242449494949494949494949494949492F
:10BBD0004949494949242424242424242424494922
:10BBE00049494949494949494949494949494949C5
:10BBF0004924242424242424242424494949494927
:10BC00004949494949494949494949494924242413
:10BC10002424242424242424FFFFFFFFFFFFFFFF0C
:10BC2000FFFFFFFFFFFFFFFFFFFFFFFFFFFFFFFF24
:10BC3000FFFFFFFF24242424242424242424242458
:10BC400024242424494949494949494949494949F8
:10BC500049494949492424242424242424242449C6
:10BC60004949494949494949494949494949494944
:10BC700049242424242424242424242424494949F0
:10BC8000494949494949494949494949494924246E
:10BC900024242424242424242424FFFFFFFFFF241D
:10BCA000242424FFFFFFFFFFFFFFFF24242424FFA1
:10BCB000FFFFFFFF242424242424242424242424D8
:10BCC00024242424242424494949494949494949E7
:10BCD0004949494924242424242424242424242490
:10BCE00049494949494949494949494949494949C4
:10BCF00049242424242424242424242424242449BA
:10BD000049494949494949494949494949494924C8
:10BD1000242424242424242424242424FFFFFF2452
:10BD200024242424FFFFFFFFFFFFFFFF24242424FB
:10BD300024FFFFFF24242424242424242424242432
:10BD400024242424242424242424494949494949D5
:10BD50004949492424242424242424242424242434
:10BD600024242424494949494949494949494924FC
:10BD70002424242424242424242424242424242483
:10BD80002424244949494949494949494924242401
:10BD90002424242424242424242424242424FF2488
:10BDA0002424242424FFFFFFFFFFFFFFFF2424247B
:10BDB000242424FF24242424242424242424242468
:10BDC0002424242424242424242424242424242433
:10BDD0002424242424242424242424242424242423
:10BDE0002424242424242424242424242424242413
:10BDF0002424242424242424242424242424242403
:10BE000024242424242424242424242424242424F2
:10BE100024242424242424242424242424242424E2
:10BE2000242424242424FFFFFFFFFFFFFFFF2424FA
:10BE300024242424242424242424242424242424C2
:10BE400024242424242424242424242424242424B2
:10BE500024242424242424242424242424242424A2
:10BE60002424242424242424242424242424242492
:10BE70002424242424242424242424242424242482
:10BE80002424242424242424242424242424242472
:10BE90002424242424242424242424242424242462
:10BEA00024242424242424FFFFFFFFFFFFFFFF247A
:10BEB0002424242424242424242424242424242442
:10BEC0002424242424242424242424242424242432
:10BED0002424242424242424242424242424242422
:10BEE0002424242424242424242424242424242412
:10BEF0002424242424242424242424242424242402
:10BF000024242424242424242424242424242424F1
:10BF100024242424242424242424242424242424E1
:10BF20002424242424242424FFFFFFFFFFFFFFFFF9
:10BF300024242424242424242424242424242424C1
:10BF400024242424242424242424242424242424B1
:10BF500024242424242424242424242424242424A1
:10BF60002424242424242424242424242424242491
:10BF70002424242424242424242424242424242481
:10BF80002424242424242424242424242424242471
:10BF90002424242424242424242424242424242461
:10BFA0002424242424242424242424242424242451
:10BFB0002424242424242424242424242424242441
:10BFC0002424242424242424242424242424242431
:10BFD0002424242424242424242424242424242421
:10BFE0002424242424242424242424242424242411
:10BFF0002424242424242424242424242424242401
:10C0000024242424242424242424242424242424F0
:10C0100024242424242424242424242424242424E0
:10C0200024242424242424242424242424242424D0
:10C0300024242424242424242424242424242424C0
:10C0400024242424242424242424242424242424B0
:10C0500024242424242424242424242424242424A0
:10C060002424242424242424242424242424242490
:10C070002424242424242424242424242424242480
:10C080002424242424242424242424242424242470
:10C09000242424242424242424246C6C6C6C6C6CB0
:10C0A0006C6C6C6C6C6C6C6C6C6C6C6C6C6C6C6CD0
:10C0B0006C6C6C6C6C6C6C6C6C6C6C6C6C6C6C6CC0
:10C0C0006C6C6C6C6C6C6C6C6C6C6C6C6C6C6C6CB0
:10C0D0006C6C6C6C6C6C6C6C6C6C6C6C6C6C6C6CA0
:10C0E0006C6C6C6C6C6C6C6C6C6C6C6C6C6C6C6C90
:10C0F0006C6C6C6C6C6C6C6C6C6C6C6C6C6C6C6C80
:10C100006C6C6C6C6C6C6C6C6C6C6C6C6C6C6C6C6F
:10C110006C6C6C6C6C6C6C6C6C6C6C6C6C6C6C6C5F
:10C120006C6C6C6C6C6C6C6C6C6C6C6C6C6C6C6C4F
:10C130006C6C6C6C6C6C6C6C6C6C6C6C6C6C6C6C3F
:10C140006C6C6C6C6C6C6C6C6C6C6C6C6C6C6C6C2F
:10C150006C6C6C6C6C6C6C6C6C6C6C6C6C6C6C6C1F
:10C160006C6C6C6C6C6C6C6C6C6C6C6C6C6C6C6C0F
:10C170006C6C6C6C6C6C6C6C6C6C6C6C6C6C6C6CFF
:10C180006C6C6C6C6C6C6C6C6C6C6C6C6C6C6C6CEF
:10C190006C6C6C6C6C6C6C6C6C6C6C6C6C6C6C6CDF
:10C1A0006C6C6C6C6C6C6C6C6C6C6C6C6C6C6C6CCF
:10C1B0006C6C6C6C6C6C6C6C6C6C6C6C6C6C6C6CBF
:10C1C0006C6C6C6C6C6C6C6C6C6C6C6C6C6C6C6CAF
:10C1D0006C6C6C6C6C6C6C6C6C6C6C6C6C6C6C6C9F
:10C1E0006C6C6C6C6C6C6C6C6C6C6C6C6C6C6C6C8F
:10C1F0006C6C6C6C6C0000006C006C0000006C6C73
:10C200006C0000006C6C6C006C6C6C6C6C6C6C6C1E
:10C210006C6C6C006C6C6C00006C6C006C6C6C6C0E
:10C220006C006C6C6C00006C6C6C6C6C6C6C6C6C92
:10C230006C006C6C6C6C6C006C6C006C6C6C6C6C82
:10C24000006C6C6C6C006C6C6C6C6C6C6C6C6C6C06
:10C25000006C6C6C6C6C6C6C6C006C6C6C6C6C0062
:10C260006C6C6C6C006C6C6C6C6C6C6C6C6C6C00E6
:10C270006C6C6C6C6C6C6C6C000000000000006CF2
:10C280006C6C6C006C6C6C6C6C6C6C6C6C6C006CC6
:10C290006C6C6C6C6C6C6C006C6C6C6C6C006C6CB6
:10C2A0006C6C006C6C6C6C6C6C6C6C6C6C006C6CA6
:10C2B0006C6C6C6C6C6C006C6C6C6C6C006C6C6C96
:10C2C0006C006C6C6C6C6C6C6C6C6C6C006C6C6C86
:10C2D0006C6C006C6C006C6C6C6C6C006C6C6C6CE2
:10C2E000006C6C6C6C6C6C6C6C6C6C6C006C6C6C66
:10C2F000006C6C6C006C6C6C6C6C006C6C6C6C002E
:10C300006C6C6C6C6C6C6C6C6C6C6C6C0000006CB1
:10C310006C6C0000006C6C6C0000006C6C00000029
:10C320006C6C6C6C6C6C6C6C6C6C6C6C6C6C6C6C4D
:10C330006C6C6C6C6C6C6C6C6C6C6C6C6C6C6C6C3D
:10C340006C6C6C6C6C6C6C6C6C6C6C6C6C6C6C6C2D
:10C350006C6C6C6C6C6C6C6C6C6C6C6C6C6C6C6C1D
:10C360006C6C6C6C6C6C6C6C6C6C6C6C6C6C6C6C0D
:10C370006C6C6C6C6C6C6C6C6C6C6C6C6C6C6C6CFD
:10C380006C6C6C6C6C6C6C6C6C6C6C6C6C6C6C6CED
:10C390006C6C6C6C6C6C6C6C6C6C6C6C6C6C6C6CDD
:10C3A0006C6C6C6C6C6C6C6C6C6C6C6C6C6C6C6CCD
:10C3B0006C6C6C6C6C6C6C6C6C6C6C6C6C6C6C6CBD
:10C3C0006C6C6C6C6C6C6C6C6C6C6C6C6C6C6C6CAD
:10C3D0006C6C6C6C6C6C6C6C6C6C6C6C6C6C6C6C9D
:10C3E0006C6C6C6C6C6C6C6C6C6C6C6C6C6C6C6C8D
:10C3F0006C6C6C6C6C6C6C6C6C6C6C6C6C6C6C6C7D
:10C400006C6C6C6C6C6C6C6C6C6C6C6C6C6C6C6C6C
:10C410006C6C6C6C6C6C6C6C6C6C6C6C6C6C6C6C5C
:10C420006C6C6C6C6C6C6C6C6C6C6C6C6C6C6C6C4C
:10C430006C6C6C6C6C6C6C6C6C6C6C6C6C6C6C6C3C
:10C440006C6C6C6C6C6C6C6C6C6C6C6C6C6C6C6C2C
:10C450006C6C6C6C6C6C6C6C6C6C6C6C6C6C6C6C1C
:10C460006C6C6C6C6C6C6C6C6C6C6C6C6C6C6C6C0C
:10C470006C6C6C6C6C6C6C6C6C6C0D0D0D0D0D0D36
:10C480000D0D0D0D0D0D0D0D0D0D0D0D0D0D0D0DDC
:10C490000D0D0D0D0D0D0D0D0D0D0D0D0D0D0D0DCC
:10C4A0000D0D0D0D0D0D0D0D0D0D0D0D0D0D0D0DBC
:10C4B0000D0D0D0D0D0D0D0D0D0D0D0D0D0D0D0DAC
:10C4C0000D0D0D0D0D0D0D0D0D0D0D0D0D0D0D0D9C
:10C4D0000D0D0D0D0D0D0D0D0D0D0D0D0D0D0D0D8C
:10C4E0000D0D0D0D0D0D0D0D0D0D0D0D0D0D0D0D7C
:10C4F0000D0D0D0D0D0D0D0D0D0D0D0D0D0D0D0D6C
:10C500000D0D0D0D0D0D0D0D0D0D0D0D0D0D0D0D5B
:10C510000D0D0D0D0D0D0D0D0D0D0D0D0D0D0D0D4B
:10C520000D0D0D0D0D0D0D0D0D0D0D0D0D0D0D0D3B
:10C530000D0D0D0D0D0D0D0D0D0D0D0D0D0D0D0D2B
:10C540000D0D0D0D0D0D0D0D0D0D0D0D0D0D0D0D1B
:10C550000D0D0D0D0D0D0D0D0D0D0D0D0D0D0D0D0B
:10C560000D0D0D0D0D0D0D0D0D0D0D0D0D0D0D0DFB
:10C570000D0D0D0D0D0D0D0D0D0D0D0D0D0D0D0DEB
:10C580000D0D0D0D0D0D0D0D0D0D0D0D0D0D0D0DDB
:10C590000D0D0D0D0D0D0D0D0D0D0D0D0D0D0D0DCB
:10C5A0000D0D0D0D0D0D0D0D0D0D0D0D0D0D0D0DBB
:10C5B0000D0D0D0D0D0D0D0D0D0D0D0D0D0D0D0DAB
:10C5C0000D0D0D0D0D0D0D0D0D0D0D0D0D0D0D0D9B
:10C5D0000D0D0D0D0D0000000D000D0000000D0DE6
:10C5E0000D0000000D0D0000000D0D0D0D0D0D0DC9
:10C5F0000D0D0D000D0D0D00000D0D000D0D0D0D9F
:10C600000D000D0D000D0D0D000D0D0D0D0D0D0D81
:10C610000D000D0D0D0D0D000D0D000D0D0D0D0D71
:10C62000000D0D0D0D0D0D000D0D0D0D0D0D0D0D54
:10C63000000D0D0D0D0D0D0D0D000D0D0D0D0D0051
:10C640000D0D0D0D0D0D000D0D0D0D0D0D0D0D0034
:10C650000D0D0D0D0D0D0D0D000000000000000D65
:10C660000D0D0D0D0D000D0D0D0D0D0D0D0D000D14
:10C670000D0D0D0D0D0D0D000D0D0D0D0D000D0D04
:10C680000D0D0D000D0D0D0D0D0D0D0D0D000D0DF4
:10C690000D0D0D0D0D0D000D0D0D0D0D000D0D0DE4
:10C6A0000D0D000D0D0D0D0D0D0D0D0D000D0D0DD4
:10C6B0000D0D000D0D000D0D0D0D0D000D0D0D0DD1
:10C6C000000D0D0D0D0D0D0D0D0D0D0D000D0D0DB4
:10C6D000000D0D0D000D0D0D0D0D000D0D0D000DBE
:10C6E0000D000D0D0D0D0D0D0D0D0D0D0000000DAE
:10C6F0000D0D0000000D0D0D0000000D00000000EC
:10C70000000D0D0D0D0D0D0D0D0D0D0D0D0D0D0D66
:10C710000D0D0D0D0D0D0D0D0D0D0D0D0D0D0D0D49
:10C720000D0D0D0D0D0D0D0D0D0D0D0D0D0D0D0D39
:10C730000D0D0D0D0D0D0D0D0D0D0D0D0D0D0D0D29
:10C740000D0D0D0D0D0D0D0D0D0D0D0D0D0D0D0D19
:10C750000D0D0D0D0D0D0D0D0D0D0D0D0D0D0D0D09
:10C760000D0D0D0D0D0D0D0D0D0D0D0D0D0D0D0DF9
:10C770000D0D0D0D0D0D0D0D0D0D0D0D0D0D0D0DE9
:10C780000D0D0D0D0D0D0D0D0D0D0D0D0D0D0D0DD9
:10C790000D0D0D0D0D0D0D0D0D0D0D0D0D0D0D0DC9
:10C7A0000D0D0D0D0D0D0D0D0D0D0D0D0D0D0D0DB9
:10C7B0000D0D0D0D0D0D0D0D0D0D0D0D0D0D0D0DA9
:10C7C0000D0D0D0D0D0D0D0D0D0D0D0D0D0D0D0D99
:10C7D0000D0D0D0D0D0D0D0D0D0D0D0D0D0D0D0D89
:10C7E0000D0D0D0D0D0D0D0D0D0D0D0D0D0D0D0D79
:10C7F0000D0D0D0D0D0D0D0D0D0D0D0D0D0D0D0D69
:10C800000D0D0D0D0D0D0D0D0D0D0D0D0D0D0D0D58
:10C810000D0D0D0D0D0D0D0D0D0D0D0D0D0D0D0D48
:10C820000D0D0D0D0D0D0D0D0D0D0D0D0D0D0D0D38
:10C830000D0D0D0D0D0D0D0D0D0D0D0D0D0D0D0D28
:10C840000D0D0D0D0D0D0D0D0D0D0D0D0D0D0D0D18
:10C850000D0D0D0D0D0D0D0D0D0D101010101010F6
:10C8600010101010101010101010101010101010C8
:10C8700010101010101010101010101010101010B8
:10C8800010101010101010101010101010101010A8
:10C890001010101010101010101010101010101098
:10C8A0001010101010101010101010101010101088
:10C8B0001010101010101010101010101010101078
:10C8C0001010101010101010101010101010101068
:10C8D0001010101010101010101010101010101058
:10C8E0001010101010101010101010101010101048
:10C8F0001010101010101010101010101010101038
:10C900001010101010101010101010101010101027
:10C910001010101010101010101010101010101017
:10C920001010101010101010101010101010101007
:10C930001010101010101010101000000000000057
:10C940000000000000000000000000101010101097
:10C9500010101010101010101000001010101010F7
:10C960000000001010101010000010101010101017
:10C9700010101010101010100010101010101000D7
:10C9800000001010101010100010101010101010D7
:10C9900010101010101010001010101010100000C7
:10C9A00000101010101010001010101010101010A7
:10C9B00010101010101010101010101010000000A7
:10C9C0001010101010101010101010101010101067
:10C9D0001010101010101010101010100000001087
:10C9E0001010101010101010101010101010101047
:10C9F0001010101010101010101010000000101067
:10CA00001010101010101010101010101010101026
:10CA10001010101010101010101000000010101046
:10CA20001010101010101010101010101010101006
:10CA30001010101010101010100000001010101026
:10CA400010101010101010101010101010101010E6
:10CA50001010101010101010000000101010101006
:10CA600010101010101010101010101010101010C6
:10CA700010101010101010000000101010101010E6
:10CA800010101010101010101010101010101010A6
:10CA900010101010101000000010101010101010C6
:10CAA0001010101010101010101010101010101086
:10CAB00010101010100000001010101010101010A6
:10CAC0001010101010101010101010101010101066
:10CAD0001010101000000010101010101010101086
:10CAE0001010101010101010101010101010101046
:10CAF0001010100000001010101010101010101066
:10CB00001010101010101010101010101010101025
:10CB10001010000000101010101010101010101045
:10CB20001010101010101010101010101010101005
:10CB30001000000010101010101010101010101025
:10CB400010101010101010101010101010101010E5
:10CB50000000001010101010101010101010101005
:10CB600010101010101010101010101010100000E5
:10CB700000000010101010101010101010101010E5
:10CB800010101010101010101010100000000000F5
:10CB900000000000101010101010101010101010D5
:10CBA0001010101010101010101010101010101085
:10CBB0001010101010101010101010101010101075
:10CBC0001010101010101010101010101010101065
:10CBD0001010101010101010101010101010101055
:10CBE0001010101010101010101010101010101045
:10CBF0001010101010101010101010101010101035
:10CC00001010101010101010101010101010101024
:10CC10001010101010101010101010101010101014
:10CC20001010101010101010101010101010101004
:10CC300010101010101010101010D8D8D8D8D8D844
:10CC4000D8D8D8D8D8D8D8D8D8D8D8D8D8D8D8D864
:10CC5000D8D8D8D8D8D8D8D8D8D8D8D8D8D8D8D854
:10CC6000D8D8D8D8D8D8D8D8D8D8D8D8D8D8D8D844
:10CC7000D8D8D8D8D8D8D8D8D8D8D8D8D8D8D8D834
:10CC8000D8D8D8D8D8D8D8D8D8D8D8D8D8D8D8D824
:10CC9000D8D8D8D8D8D8D8000000D8D8D800D8D874
:10CCA000D8D8D800D8D8D8D800D8D8D8D8D8D8D8B4
:10CCB000D8D8D800D8D8D800D8D800D8D8D8D8D87C
:10CCC00000D8D8000000D8D8D8D8D8D8D8D8D8001C
:10CCD000D8D8D8D8D8D8D800D8D8D8D8D800D8D884
:10CCE000D8D800D8D8D8D8D8D8D8D8D800D8D8D874
:10CCF000D8D8D8D800D8D8D8D8D800D8D8D8D8003C
:10CD0000D8D8D8D8D8D8D8D8D800D8D8D8D8D8D87B
:10CD1000D800000000000000D8D8D8D800D8D8D853
:10CD2000D8D8D8D8D8D800D8D8D8D8D8D8D800D833
:10CD3000D8D8D8D800D8D8D8D800D8D8D8D8D8D823
:10CD4000D8D8D800D8D8D8D8D8D8D800D8D8D8D813
:10CD5000D800D8D8D8D800D8D8D8D8D8D8D8D8D803
:10CD6000D800D8D8D800D8D800D8D8D8D8D800D8A3
:10CD7000D8D8D800D8D8D8D8D8D8D8D8D8D8D800E3
:10CD80000000D8D8D800D8D8D8D8D800D8D8D8D883
:10CD900000D8D8D8D8D8D8D8D8D8D8D8D8D8D8D8EB
:10CDA000D8D8D8D8D8D8D8D8D8D8D8D8D8D8D8D803
:10CDB000D8D8D8D8D8D8D8D8D8D8D8D8D8D8D8D8F3
:10CDC000D8D8D8D8D8D8D8D8D8D8D8D8D8D8D8D8E3
:10CDD000D8D8D8D8D8D8D8D8D8D8D8D8D8D8D8D8D3
:10CDE000D8D8D8D8D8D8D8D8D8D8D8D8D8D8D8D8C3
:10CDF000D8D8D8D8D8D8D8D8D8D8D8D8D8D8D8D8B3
:10CE0000D8D8D8D8D8D8D8D8D8D8D8D8D8D8D8D8A2
:10CE1000D8D8D8D8D8D8D8D8D8D8D8D8D8D8D8D892
:10CE2000D8D8D8D8D8D8D8D8D8D8D8D8D8D8D8D882
:10CE3000D8D8D8D8D8D8D8D8D8D8D8D8D8D8D8D872
:10CE4000D8D8D8D8D8D8D8D8D8D8D8D8D8D8D8D862
:10CE5000D8D8D8D8D8D8D8D8D8D8D8D8D8D8D8D852
:10CE6000D8D8D8D8D8D8D8000000D8D8D800D8D8A2
:10CE7000D8D8D800D8D8D8000000D8D8D8D8D8D892
:10CE8000D8D8D800D8D8D800D8D800D8D8D8D8D8AA
:10CE900000D8D800D8D8D800D8D8D8D8D8D8D80072
:10CEA000D8D8D8D8D8D8D800D8D8D8D8D800D8D8B2
:10CEB000D8D8D8D800D8D8D8D8D8D8D800D8D8D8A2
:10CEC000D8D8D8D800D8D8D8D8D800D8D8D8D8D892
:10CED000D800D8D8D8D8D8D8D800D8D8D8D8D8D882
:10CEE000D800000000000000D8D8D8D8D800D8D882
:10CEF000D8D8D8D8D8D800D8D8D8D8D8D8D800D862
:10CF0000D8D8D8D800D8D8D8D800D8D8D8D8D8D851
:10CF1000D8D8D800D8D8D8D8D8D8D800D8D8D8D841
:10CF2000D800D8D8D800D8D8D8D8D8D8D8D8D8D831
:10CF3000D800D8D8D800D8D800D8D8D8D8D800D8D1
:10CF4000D800D8D8D8D8D8D8D8D8D8D8D8D8D80011
:10CF50000000D8D8D800D8D8D8D8D800D8D8000061
:10CF6000000000D8D8D8D8D8D8D8D8D8D8D8D8D8C9
:10CF7000D8D8D8D8D8D8D8D8D8D8D8D8D8D8D8D831
:10CF8000D8D8D8D8D8D8D8D8D8D8D8D8D8D8D8D821
:10CF9000D8D8D8D8D8D8D8D8D8D8D8D8D8D8D8D811
:10CFA000D8D8D8D8D8D8D8D8D8D8D8D8D8D8D8D801
:10CFB000D8D8D8D8D8D8D8D8D8D8D8D8D8D8D8D8F1
:10CFC000D8D8D8D8D8D8D8D8D8D8D8D8D8D8D8D8E1
:10CFD000D8D8D8D8D8D8D8D8D8D8858585858585C3
:10CFE00085858585858585858585858585858585F1
:10CFF00085858585858585858585858585858585E1
:10D0000085858585858585858585858585858585D0
:10D0100085858585858585858585858585858585C0
:10D0200085858585858585858585858585858585B0
:10D0300085858585858585858585858585858585A0
:10D040008585858585858585858585858585858590
:10D050008585858585858585858585858585858580
:10D060008585858585858585858585858585858570
:10D070008585858585858585858585858585858560
:10D080008585858585858585858585858585858550
:10D090008585858585858585858585858585858540
:10D0A0008585858585858585858585858585858530
:10D0B0008585858585858585858585858585858520
:10D0C00085000000000085858585858585858585A9
:10D0D000858585858585858585858585858500000A
:10D0E000000000000000858585858585858585850E
:10D0F00085858585858585858585858585000085EA
:10D100008585858500858585858585858585858554
:10D1100085858585858585858585850000858585C9
:10D1200085858585858585858585858585858585AF
:10D1300085858585858585858585000085858585A9
:10D14000858585858585858585858585858585858F
:10D150008585858585858585850000858585858589
:10D16000858585858585858585858585858585856F
:10D1700085858585858585850000008585858585EE
:10D18000858585858585858585858585858585854F
:10D1900085858585858585850000008585858585CE
:10D1A000858585858585858585858585858585852F
:10D1B0008585858585858585000000008585858533
:10D1C000858585858585858585858585858585850F
:10D1D0008585858585858585000000000085858598
:10D1E00085858585858585858585858585858585EF
:10D1F00085858585858585858500000000858585F3
:10D2000085858585858585858585858585858585CE
:10D21000858585858585858585850000008585854D
:10D2200085858585858585858585858585858585AE
:10D2300085858585858585858585000085858585A8
:10D24000858585858585858585858585858585858E
:10D250008585858585858585850000858585858588
:10D26000858585858585858585858585858585856E
:10D2700000858585858585850000858585858585ED
:10D2800085858585858585858585858585858500D3
:10D290000085858585850000008585858585858552
:10D2A00085858585858585858585858585858500B3
:10D2B00000000000000000858585858585858585C1
:10D2C0008585858585858585858585858585850093
:10D2D0000000000085858585858585858585858512
:10D2E00085858585858585858585858585858585EE
:10D2F00085858585858585858585858585858585DE
:10D3000085858585858585858585858585858585CD
:10D3100085858585858585858585858585858585BD
:10D3200085858585858585858585858585858585AD
:10D33000858585858585858585858585858585859D
:10D34000858585858585858585858585858585858D
:10D35000858585858585858585858585858585857D
:10D36000858585858585858585858585858585856D
:10D37000858585858585858585858585858585855D
:10D38000858585858585858585858585858585854D
:10D39000858585858585858585858585858585853D
:10D3A000858585858585858585858585858585852D
:10D3B00085858585858585858585FC66636363634D
:10D3C0006366FC1D336160606060311E0818182CB4
:10D3D0002C3C4636EF0038F7186218341838181805
:10D3E000181C182C18463CEF7000D800D800D80044
:10D3F000D800D800D800D8007000C399999999999D
:10D40000999999C387E7E7E7E7E7E7E7E781E3C1AA
:10D4100099F9FBFBF7EFC181C1C3DFC783F1FDFDC4
:10D420009B87FFF0E0FFF9F4FFFCF4123CEC899CD1
:10D43000EC999E5C999E5C999F3C999F3C088F3C1F
:10D440000E009F40CF40CEC0CEC0E5C0E5C0F3C0C7
:10D45000F3C0F3C0FBFFFFF8F3FFF7F8F1FFF7F8B5
:10D46000E9C44308E9E66660ECE66660C0E666602B
:10D47000DCE66660BE6664600C3033080C7FFFFF3C
:10D48000FF888EFFFFFFFFC8A6FFFFFFFFC8A6C3F0
:10D490001048E1C8B2998A264CC8B8999E6678C8E7
:10D4A000B8999E6664C8BC999E664CC8BE999E6633
:10D4B0004CC81EC30C2220008B3FFFC7F8333FFF30
:10D4C000E7F83BFFFFE7F81E227026188F3126642D
:10D4D000C8C7332664C8E333266408733330E4F8DE
:10D4E00033332FE4E84601004218FFFFE03FF8FF26
:10D4F000FFEFBFF8FFFFF07FF80EEEEEEEEEEEEE80
:10D500000082C6EEEEEEEEEEE0E0EEEEEEEEEEC601
:10D510008200EEEEEEEEEEEE0EE070EF70EF70EFEA
:10D5200070EF70EF70EF70EF70EF70EF70EF70EF03
:10D5300070EF70EF70EF700F0000003FF03FF003EE
:10D5400000030003000300030003000300030003C3
:10D55000000300030E000E000E00063F8630E2308E
:10D56000303030301830183018301830183018304B
:10D5700030302030C03F800000000000000000007C
:10D58000003F1F8FE01108892010080100120901D7
:10D59000001E0F010012090100100801001008010F
:10D5A00000381C03800000000000000000000000A4
:10D5B0000000000000000000001CE00E70084004A5
:10D5C0002004800240030002800107C280030001A2
:10D5D0000004800100084001001CE00380000000FE
:10D5E000000000000000000000000000000000003B
:10D5F000001CE00FE0084009200480010005000144
:10D60000000507C100020001000200010002000144
:10D610000007000380000000000000000000000080
:10D620000000000000000000007070030030601176
:10D630000028A0110028A33940252491A02523917A
:10D640002025249120222491207273DBB000000059
:10D6500000000000000000000000000000000000CA
:10D660000002001F00020008800502088005020871
:10D670008008820F80089FC8400F8208401042082F
:10D68000401042084038E01F800000000000000009
:10D6900000000000000000000001001F0001000861
:10D6A00080028008800280088004400F8004478840
:10D6B0004007C0084008200840082008401C701F90
:10D6C00080000000000000000000000000000000DA
:10D6D0000001000F800100044002810440028544E3
:10D6E00040044387C00445442007C10420082004A7
:10D6F00020082004201C700FC00000000000000063
:10D7000000000000000000000001000F8001000484
:10D71000400280044002810440044007C00447C422
:10D720002007C0042008210420082004201C700FBA
:10D73000C000000000000000000000000000000029
:10D740000000203800002010000050100000501091
:10D7500000008810000088100000F810000104107C
:10D760000001041000038E380000000000000000DB
:10D770000000FFFF1FF81FF81FF81FF8018001804D
:10D780000180018001800180018001800180018091
:10D790000180018001800180018001800180018081
:10D7A0000180018001800180018001800180018071
:10D7B0000180000000000000000000000000006088
:10D7C0000000E00001E00000600000600000600078
:10D7D00000600000600000600001F8000000000030
:10D7E0000000000000000000000000000000000039
:10D7F0000000000000000001F00003180000180005
:10D8000000300000600000C0000180000300000341
:10D81000180003F8000000000000000000000000F5
:10D82000000000000003E000C1E001C0E003C060B0
:10D8300000C02000C00000C00000C02000C0600088
:10D84000C0E00001E00003E00003E003C1E007E006
:10D85000E004606000602000E00001C00003802060
:10D8600007006007E0E007E1E00003E080107FE0F0
:10D870007FE006000600060006000600060006001F
:10D88000060006008010E070F9F0000079D503086A
:10D8900079D50308B1D50308E9D5030821D60308D3
:10D8A00059D6030891D60308C9D6030801D703083F
:10D8B00039D70308000000000000000041004200CA
:10D8C0004600460046004600460046004600460028
:10D8D00046004600E007F81FFC3FFC3FFE7FFE7F4E
:10D8E000FE7FFE7FFC3FFC3FF81FE0072E2F30310C
:10D8F0003435363738393A3B483E05080000FA439C
:10D900000300000078000000010000000A00000091
:10D91000C83E05080000FA4303000000780000003C
:10D920000100000005000000D83E05080000FA4391
:10D930000300000078000000010000000200000069
:10D94000D03E05080000FA43030000007800000004
:10D950000100000001000000503E05080000803F6B
:10D96000000000003700000001000000010000007E
:10D97000703E050800002040000000001400000078
:10D980000100000001000000F83D050800002040F3
:10D990000000000014000000020000000100000070
:10D9A000183E0508000020400000000014000000A0
:10D9B0000400000001000000283E0508000020408F
:10D9C00000000000140000000A0000000100000038
:10D9D000203E050800002040000000001400000068
:10D9E0001400000001000000583E0508000020401F
:10D9F00000000000140000002800000001000000EA
:10DA0000603E0508000020410000000014000000F6
:10DA10001400000001000000683E050800002041DD
:10DA200000000000140000003200000001000000AF
:10DA3000E83D05080000C841000000001400000097
:10DA40002800000001000000403E05080000484298
:10DA5000000000001400000032000000010000007F
:10DA6000F03D05080000C84200000000140000005E
:10DA70003200000001000000003E0508000048439D
:10DA8000000000001400000032000000010000004F
:10DA9000103E05080000FA430000000014000000DA
:10DAA0003200000001000000083E050800007A4432
:10DAB000000000001400000032000000010000001F
:10DAC000303E050800007A44000000001400000009
:10DAD0006400000001000000383E050800007A44A0
:10DAE0000000000014000000C80000000100000059
:10DAF000090A0B0C0D0E0F10111213141C1D1E1F02
:10DB0000202122232425262728292A2B2C2D0000FA
:10DB100020195E179815D71313124F10900E251960
:10DB200063179E15DD1318125410970EFF8FFBFF1D
:10DB3000C0FF8FFBFFC0C00C001800C00C00180E07
:10DB4000C00C00180EC00C00180EC00C001800C04D
:10DB50000C001800FF8FF81800FF8FF81800C00C99
:10DB6000001800C00C001800C00C00180EC00C00FB
:10DB7000180EC00C00180EC00C001800C00C0018C5
:10DB800000007F800001FFE00007FFF8000FFFFCAE
:10DB9000001FFFFE003FFFFF003FFFFF007FFFFF72
:10DBA000807FFFFF80FFFFFFC0FFFFFFC0FFFFFF81
:10DBB000C0FFFFFFC0FFFFFFC0FFFFFFC0FFFFFF71
:10DBC000C0FFFFFFC07FFFFF807FFFFF803FFFFFA1
:10DBD000003FFFFF001FFFFE000FFFFC0007FFF8E4
:10DBE0000001FFE000007F8000000000240C002006
:10DBF0002C0C0020340C00203C0C0020440C002095
:10DC00004C0C0020C00B0020F00B0020D80B002093
:10DC1000E40B002000000000180C00201C0C002069
:10DC2000200C0020000C00200C0C00200000010043
:10DC3000030007000E401CE038707038E01CC00F75
:10DC400080070003424D36941100000000003600AA
:10DC50000000280000002003000020FEFFFF01005C
:10DC600018000000000000941100000000000000F7
:10DC70000000000000000000000000004725BC87F5
:10DC80000000000088EC26FD0000000000000000FD
:10DC90000000000000000000000000000000000084
:10DCA0000000000000000000000000000000000074
:10DCB00000000000000000000000000F80380FFE90
:10DCC000380F803800000000000000000000000055
:10DCD0000000000000000100000600000C000038F9
:10DCE00000003100000600000C0000380000300089
:10DCF000000000000000000061800067F807F98064
:10DD00000061800061800061800061800067F80729
:10DD1000F98000618000000000000000000001C0E8
:10DD2000E003E0F00630080418081FFFFE040E08A8
:10DD30000787F00381E000000000000001F000060A
:10DD40000C00040408060C7001F9C0000E00003B32
:10DD5000E000EC18070808040C180003E0000000BD
:10DD60000001E00007F003F818041C080417080776
:10DD7000E1D003C0E00023B0003C08002008000010
:10DD8000100000000000000100003100003200001F
:10DD90001C00000000000000000000000000000067
:10DDA0000000000000000000000000000000000073
:10DDB00000000000000000007F0001FFC00780F0AD
:10DDC0000C001810000420000200000000000020D9
:10DDD00000021000040C00180780F001FFC0007F53
:10DDE0000000000000000000000000000000000033
:10DDF000000000004200006600006600003C0000D9
:10DE0000180003FFC0001800003C00006600006618
:10DE100000004200000000000800000800000800A8
:10DE200000080000080001FFC00008000008000012
:10DE300008000008000008000000000000010000C9
:10DE40003100003200001C00000000000000000053
:10DE500000000000000000000000000000000000C2
:10DE60000800000800000800000800000800000882
:10DE70000000080000080000080000080000000082
:10DE800000000000000000003800003800003800EA
:10DE90000000000000000000000000000000000082
:10DEA0000000000000000000000600001C000070E0
:10DEB000000180000E0000380000C0000700001CB8
:10DEC0000000300000000000000000007F8001FF23
:10DED000E00380700600180400080400080600181B
:10DEE00003807001FFE0007F800000000000000060
:10DEF000000001000801000801000803FFF807FF07
:10DF0000F800000800000800000800000000000001
:10DF100000000001C03802C0580400980401180431
:10DF20000218040418061C1803F81801E0F8000091
:10DF30000000000000000001C0E003C0F004000881
:10DF400004080804080806180803F41801E7F0009C
:10DF500001E0000000000000000000000300000DD0
:10DF60000000110000610000810803010807FFF8AC
:10DF70000FFFF80001080001080000000000000089
:10DF800000E007FCD0060808061008061008061076
:10DF900008061838060FF00607C000000000000051
:10DFA000000000003F8001FFE003843002081804F5
:10DFB0001008041008041008071810030FF00007D9
:10DFC000C000000000000000000003C000070000C7
:10DFD0000600000600F80607F806180006E000072D
:10DFE000000006000000000000000001E1E003F76F
:10DFF000F0063410041808041808040C08040C086F
:10E0000006161803F3F001C1E00000000000000054
:10E01000F80003FC30030638040208040208040276
:10E02000080404100308F001FFC0007F0000000096
:10E0300000000000000000000000000000000000E0
:10E0400070380070380070380000000000000000D8
:10E0500000000000000000000000000000000000C0
:10E0600000000000301A00301C000000000000001A
:10E070000000000000000000000000000000000898
:10E0800000001400002200004100008080010040D8
:10E09000020020040010080008000000000000003A
:10E0A00021000021000021000021000021000021AA
:10E0B00000002100002100002100002100000000DC
:10E0C0000000000000000800080400100200200109
:10E0D0000040008080004100002200001400000881
:10E0E0000000000000000003C00004C000040000A5
:10E0F000080038080F380808380810000C300007EE
:10E10000E00003C000000000000000003F8000FFAE
:10E11000E0038070020F1006708804C08804830832
:10E12000047F8802C09003012000FE400000080028
:10E1300000180001F8003E0801C20007020007E2D3
:10E140000000FE00001FC80001F8000038000008B1
:10E1500004000807FFF807FFF8040808040808048B
:10E16000080804080806180803F41801E7F000017D
:10E17000E0000000000000003F8001FFE00380702D
:10E180000200180400080400080400080400100637
:10E1900000200780C000000004000807FFF807FF08
:10E1A000F804000804000804000804001802001025
:10E1B00003807001FFE0007F80000000040008077A
:10E1C000FFF807FFF8040808040808040808040812
:10E1D00008043E0804000806001801006000000062
:10E1E00004000807FFF807FFF80408080408000403
:10E1F0000800040800043E0006000006000001803C
:10E2000000000000000000003F8001FFE00380707C
:10E210000600180400080402080402080203F007BC
:10E2200083F000020000020004000807FFF807FF67
:10E23000F8040808000800000800000800000800B2
:10E2400004080807FFF807FFF804000800000000B2
:10E25000000004000804000804000807FFF807FF96
:10E26000F804000804000804000800000000000092
:10E270000000000000060000070000010400010487
:10E28000000104000307FFFE07FFFC040000040078
:10E290000004000004000807FFF807FFF8040C085A
:10E2A000001800003E0004C7800503C80600F804FB
:10E2B000003804001800000804000807FFF807FFF2
:10E2C000F80400080000080000080000080000082A
:10E2D00000000800001800006000000004000807AB
:10E2E000FFF807800807FC00007FC00003F8000764
:10E2F000C000780007800807FFF807FFF80400084F
:10E3000004000807FFF807000803C00000E0000051
:10E310003800001E000007000001C00400F007FFE5
:10E32000F8040000000000007F8001FFE00380701F
:10E330000600180400080400080600180300300155
:10E34000FFE0007F8000000004000807FFF807FFDF
:10E35000F804040804040004040004040004040095
:10E36000060C0003F80001F00000000000000000AF
:10E370007F8001FFE00380700600880400880400AD
:10E38000C806003C03003E01FFE6007F8400000059
:10E3900004000807FFF807FFF80408080408000451
:10E3A0000C00040F00040BC00610F003F03801E06D
:10E3B0000800000800000001E0F803F0300630100B
:10E3C000041808041808040C08040C0802061802B3
:10E3D00007F00781E0000000018000060000040053
:10E3E0000004000004000807FFF807FFF804000815
:10E3F0000400000400000600000180000400000783
:10E40000FFE007FFF004001800000800000800000B
:10E410000800000800000804001007FFE0040000E6
:10E4200004000006000007E00007FE00041FE000F3
:10E4300001F80000380001E0043E0007C0000600BB
:10E440000004000004000007E00007FFC0041FF8FC
:10E450000007C007F80007FF80043FF80007C0046A
:10E46000F800070000040000000000040008060097
:10E470001807C07805F1C8003E00001F800463E85B
:10E480000780F806001804000800000004000006D9
:10E49000000007800007E008047C08001FF8000760
:10E4A000F800180804E00807000006000004000057
:10E4B0000000000100080600380400F80403E80426
:10E4C0000F08047C0805F00807C0080700180400BE
:10E4D00060000000000000000000000000000000DC
:10E4E0000000003FFFFE200002200002200002206A
:10E4F00000022000020000000000000000000800F0
:10E500000007000000C0000038000006000001C045
:10E5100000003000000E00000100000000000000BC
:10E520000000200002200002200002200002200043
:10E53000023FFFFE0000000000000000000000009D
:10E540000000000000000000000800001000003083
:10E550000000200000300000100000080000000053
:10E5600000000000000001000001000001000001A7
:10E570000000010000010000010000010000010096
:10E580000001000001000001000000000000000088
:10E59000002000002000001000001000000000001B
:10E5A000000000000000000000000000000000006B
:10E5B00000F00019F8001B180022080026080024AB
:10E5C00008002410003FF8001FF8000008000018A1
:10E5D00000000004000007FFF80FFFF0001818000B
:10E5E0001008002008002008003018001FF0000F5D
:10E5F000C00000000000000007C0001FF00018303D
:10E60000002008002008002008003C08001C100022
:10E6100000600000000000000000000007C0001FB4
:10E62000F00038180020080020080020080410100E
:10E6300007FFF80FFFF000001000000000000000CE
:10E6400000000007C0001FF0001230002218002256
:10E6500008002208003208001E10000E20000000F2
:10E6600000000000200000200800200801FFF8033F
:10E67000FFF80620080420080420080720000300F3
:10E680000000000000000000000E000E6E001FF3EE
:10E690000031B10020B10020B1003191001F130002
:10E6A0002E1E00200E00300000000004000807FFAE
:10E6B000F80FFFF8001008002000002000002008DC
:10E6C000003FF8001FF800000800000000000000F4
:10E6D0000000002008002008002008063FF8063F40
:10E6E000F80000080000080000080000000000001A
:10E6F00000000000000000000300000300200100F3
:10E700002001002003063FFE063FFC000000000041
:10E710000000000000000004000807FFF80FFFF8E9
:10E72000000188000300002FC00038F800203800E6
:10E7300020080000080000000000000000000400A5
:10E740000804000804000807FFF80FFFF80000089D
:10E750000000080000080000000000000020080081
:10E760003FF8003FF8001008002000003FF8003F8D
:10E77000F8001008002000003FF8003FF8000008F3
:10E78000000000002008003FF8003FF800100800DB
:10E790001000002000002008003FF8001FF80000D3
:10E7A000080000000000000007C0000FF000183053
:10E7B0000030080020080020080030080018300051
:10E7C0000FF00007C0000000000000002001003F23
:10E7D000FF003FFF00101100200900200800200862
:10E7E000003038001FF0000FC000000000000000E3
:10E7F00007C0001FF0003818002008002008002083
:10E8000009001011001FFF003FFF00000100000081
:10E81000002008002008002008003FF8003FF80012
:10E820000808001008002008002000003000003018
:10E8300000000000000000000000000C78001E181E
:10E8400000330800230800210800218800219800D7
:10E8500030F00038600000000000000020000020C0
:10E860000000200000FFF003FFF80020080020084F
:10E870000020080000300000000000000000000040
:10E880002000003FF0007FF80000180000080000A2
:10E8900008002010003FF8007FF00000100000008A
:10E8A000000000002000003000003C00003F80001D
:10E8B00023F0000078000070002380003C0000304E
:10E8C00000002000002000003C00003FE00023F892
:10E8D0000000E0002700003E00003FE00021F800BB
:10E8E00001E0003E000020000000000020080020A1
:10E8F00008003838003E680027800003C8002CF864
:10E900000038380020180020080000000000000037
:10E910002000003003003C01003F830023EC000096
:10E9200070002380003C0000200000200000000058
:10E930000000000000000038080020380020F80027
:10E9400023E8002F88003E08003808002018000047
:10E950007000000000000000000000000000000047
:10E960000000000008000014001FF7FC3000062023
:10E970000002000000000000000000000000000095
:10E9800000000000000000000000FFFFFF0000008A
:10E990000000000000000000000000000000000077
:10E9A00000002000023000061FF7FC0014000008E1
:10E9B0000000000000000000000000000000000057
:10E9C000000000180000600000400000400000202F
:10E9D00000001000000800000400000400000C000B
:10E9E0000010000000000000000000000000000017
:10E9F000000000000000000000001FCC000C000020
:10EA00000000000000000800300060000800300036
:10EA100060000000022003FC1E20022003FC1E20D8
:10EA20000220000000000E1811043FFF10840C7833
:10EA3000000000000F0010840F3800C00778188411
:10EA40000078000000780F8410C411240E9800E4B0
:10EA5000008400080800680070000000000000004A
:10EA60000000000000000000000007E0181820046B
:10EA700040020000000040022004181807E00000D7
:10EA8000000000000240024001800FF001800240BF
:10EA9000024000000080008000800FF800800080AD
:10EAA000008000000001000D000E000000000000CA
:10EAB00000000000000000800080008000800080D6
:10EAC000008000800000000C000C0000000000002E
:10EAD0000000000000000006001800600180060031
:10EAE00018002000000007F00808100410040808AF
:10EAF00007F000000000080408041FFC00040004E4
:10EB00000000000000000E0C1014102410441184AA
:10EB10000E0C000000000C181004110411041288DF
:10EB20000C700000000000E00320042408241FFCF7
:10EB30000024000000001F981084110411041088A4
:10EB400010700000000007F00888110411041888F4
:10EB50000070000000001C00100010FC13001C00DE
:10EB60001000000000000E3811441084108411447D
:10EB70000E38000000000700088C1044104408887C
:10EB800007F00000000000000000030C030C000070
:10EB9000000000000000000000010106000000006D
:10EBA000000000000000008001400220041008085E
:10EBB0001004000002200220022002200220022075
:10EBC0000220000000001004080804100220014088
:10EBD0000080000000000E001200100C106C10806D
:10EBE0000F00000003E00C1813E4142417C40828D5
:10EBF00007D000000004003C03C41C40074000E4B0
:10EC0000001C000410041FFC1104110411040E88E0
:10EC10000070000003E00C18100410041004100829
:10EC20001C10000010041FFC10041004100408083D
:10EC300007F0000010041FFC1104110417C4100495
:10EC40000818000010041FFC1104110017C0100068
:10EC50000800000003E00C181004100410441C7895
:10EC60000040000010041FFC10840080008010840D
:10EC70001FFC10040000100410041FFC10041004FA
:10EC80000000000000030001100110011FFE100031
:10EC90001000000010041FFC110403801464181CF1
:10ECA0001004000010041FFC100400040004000401
:10ECB000000C000010041FFC1F0000FC1F001FFCC4
:10ECC0001004000010041FFC0C04030000E01018E6
:10ECD0001FFC100007F008081004100410040808B6
:10ECE00007F0000010041FFC1084108010801080BA
:10ECF0000F00000007F0081810241024101C080A48
:10ED000007F2000010041FFC1104110011C01130A3
:10ED10000E0C000400000E1C11041084108410441A
:10ED20001C3800001800100010041FFC1004100014
:10ED30001800000010001FF8100400040004100464
:10ED40001FF8100010001E0011E0001C007013805E
:10ED50001C0010001FC0103C00E01F0000E0103C31
:10ED60001FC000001004180C163401C001C0163476
:10ED7000180C100410001C00130400FC13041C00E9
:10ED8000100000000804101C1064108413041C04FC
:10ED9000101800000000000000007FFE400240024A
:10EDA00040020000000030000C0003800060001CE6
:10EDB0000003000000004002400240027FFE00000D
:10EDC0000000000000000000200040004000400063
:10EDD000200000000001000100010001000100010D
:10EDE0000001000100004000400020000000000081
:10EDF0000000000000000098012401440144014487
:10EE000000FC000410001FFC0088010401040088BD
:10EE1000007000000000007000880104010401047B
:10EE2000008800000000007000880104010411083F
:10EE30001FFC0004000000F80144014401440144A7
:10EE400000C800000000010401040FFC11041104BB
:10EE500011001800000000D601290129012901C96B
:10EE60000106000010041FFC0084010001000104E1
:10EE700000FC000400000104190419FC0004000453
:10EE8000000000000000000300010101190119FE4B
:10EE90000000000010041FFC0024004001B4010C1D
:10EEA000010400000000100410041FFC0004000412
:10EEB00000000000010401FC0104010001FC010448
:10EEC000010000FC010401FC0084010001000104B8
:10EED00000FC0004000000F8010401040104010426
:10EEE00000F80000010101FF008501040104008811
:10EEF000007000000000007000880104010401059A
:10EF000001FF00010104010401FC0084010401006F
:10EF100001800000000000CC012401240124012410
:10EF20000198000000000100010007F8010401043D
:10EF300000000000010001F80004000400040108C2
:10EF400001FC0004010001800170000C0010016050
:10EF50000180010001F0010C003001C00030010C03
:10EF600001F0010000000104018C00740170018CAB
:10EF700001040000010101810171000E001801600F
:10EF80000180010000000184010C0134014401846E
:10EF9000010C0000000000000000000001003EFC29
:10EFA000400240020000000000000000FFFF0000DF
:10EFB000000000000000400240023EFC0100000092
:10EFC0000000000000006000800080004000400061
:10EFD00020002000C6B5C2CAD6DCC6DAB7E5D4A484
:10EFE000C1F4B9A6C4DCC6BDBEF9D6B5D5FDCAB15B
:10EFF000D0E8D2AAB0CEC8ABB2BFCCBDCDB7B8BAFC
:10F00000C5CCD6D8CAD4D7EEB4F3C4ACC8CFB2CE30
:10F01000CAFDD0A1D4DAC7EBD6B4D0D0B2BDD6E801
:10F02000B2E2C1BFB4F2BFAAB4F3C8DDC1BFD4CB52
:10F03000D0D0CDA3D6B9B5C8B4FDC7D0BBBBCEB474
:10F04000CAB6B1F0B5BDB4A5C3FEC6C1D6D8C6F424
:10F05000CAC7B7F1C8B7B6A8C8A1CFFBC0A9D5B970
:10F06000B9A6C4DCB3C9B9A6CAA7B0DCD5BCBFD5A4
:10F07000B1C8D3D0D0A7BBD6B8B4B3F6B3A7B9D86C
:10F08000BBFABFD8D6C6B5F7BDDAB2A8D0CEBCF2AF
:10F09000D6D0B7B1CCE5D6D0B5B1C7B0D4DDCEB4FB
:10F0A000D6A7B3D6BEB4B5A5B4CEB4A5B7A2B4A204
:10F0B000B4E6C9E8B1B8BBF9CFDFD0A3D7BCCBAEBB
:10F0C000C6BDB4B9D6B1B9D8BBFABFA8B2BBBBF202
:10F0D000BCFECFB5CDB3B4EDCEF3D7D4B6AFBEAB97
:10F0E000CFB8CFE0B9E2B1EAB1A3B4E6CAFDD1A787
:10F0F000CEC4C2F6BFEDB8BACEBBB3E504223CC263
:10F1000004040408FDD0242024C200024FE458184F
:10F110006BE0481048084FE44006000000103050F3
:10F120002890251020102650ACD0757F265024D072
:10F1300028302510289020502010000000010002E7
:10F14000000C7FF04000420052F852907E905290A6
:10F1500052F8420240017FFE0000000000422044BD
:10F16000FFD82A402A402A50FFCC204600187FE0D2
:10F170004440444444427FFC000000001FF800105B
:10F18000FFF000201FF0040409541154F2544BFF07
:10F1900044544A547354425400040000040044048C
:10F1A00054024FFC54006600040240024FE4581819
:10F1B0006BE0481048084FE44006000000000000E3
:10F1C0007F0042FF54928892869201FE4692789286
:10F1D0004292419242FF7C0000000000002020305B
:10F1E000202020203FC0204228442888083009C41D
:10F1F000FE04080608040FF80000000008001DFFC8
:10F20000E9504950095229511DFE08000000FEFC3A
:10F210001222122222422E4E04040000008080801E
:10F22000A08090808E8084808080FFFF808082809C
:10F230008480B880908080800080000008100818CA
:10F240000810FFE00820094002500C18F21051A0ED
:10F250001124104210413FFE100000000100020086
:10F260000FFFF4004002200227FE25522D52F552D6
:10F270006552255227FE20020002000000044004CF
:10F28000400443FC40044004400440047FFC41042B
:10F2900041044104410441044004000000003FE0F7
:10F2A0002220222022203FE00800090008C0080296
:10F2B0000801FFFE08000800080000000000308080
:10F2C000A0BFAAA0AAA0AABEA0E0FEA0A0A0AABE1D
:10F2D000AAA0AAA2A0A1B0BE208000004040404148
:10F2E0005F41524252727FD45254524852487E4833
:10F2F000525452645F43404240400000104010426C
:10F300001081FFFE11021204081A08E2FF040AC865
:10F310000A304A682B840A06080400000000010233
:10F32000020206220A2212222222C3FE22221222D4
:10F330000A220E62062204060002000002002200D9
:10F34000327EAE44624426443A44227E02007FFF6D
:10F35000400042104610590860F000001040104272
:10F360001081FFFE1200110865105960418047FFAF
:10F370004140512049186D0C410800000080008078
:10F380000081488226843488009000A0FFC000A03D
:10F390000098008C008700820080000000000401BB
:10F3A00008011FF22802C804481849E0481058080C
:10F3B00068040FF70002000000000000042204426D
:10F3C00005823E3E24226422B63E2DA2242224BE83
:10F3D00024623FA2043E0402040200001002100254
:10F3E000501257D2555255525552FFFE95529552D2
:10F3F000955297D210121002100200000200420033
:10F400003BFE100400080904090409F8090809086A
:10F41000FF80086048183804081E00000204020437
:10F4200003FCFAA8AAA8AAA8ABFFAA12AAC4AAA871
:10F43000AA90FAA802C40286020400000400040193
:10F44000040204040408043005C0FE0005800460C2
:10F450000410040C0406040304020000002E7D20A6
:10F4600055284D267FC84D46554A7D440408043032
:10F47000FFC00430240C1C060404000002008200BB
:10F48000420033FE200400090006001801E0FE00DF
:10F4900001C00030000C00030002000004400442E0
:10F4A00014A234AA554AD6521C9435242424264842
:10F4B0006548349004D0046000400000084249428E
:10F4C0002A541C74FFC81C582A644A4001020F04C5
:10F4D000F8C8483008CC0F0608040000002000409F
:10F4E000008003000E0004020001FFFE000008007F
:10F4F00004000300018000E00040000000202040E4
:10F50000208023FE26003904E1042104210427FC85
:10F5100021042104210421042004000002004200EF
:10F52000320023FE0004440855FF55505550FD504D
:10F530005552555155FE44000400000010801082C1
:10F540001101FFFE1201140200041118FFE0104027
:10F55000102010001FFC0002000F00000840108067
:10F56000210063FFCE00440002002200220222019B
:10F5700023FE2200220022000200000000000422DC
:10F58000042204423D82040404040404FFE8240825
:10F590002410242024C004400400000040205F24E4
:10F5A00041427F0401F88214FE14AAA8AA90FF80A9
:10F5B00084FF5510492854446604000010208C3FF5
:10F5C00061C0060000017FE2400C4FF040087FE67A
:10F5D00000001FE000020001FFFE00000202020224
:10F5E0000202FBEAAAAAAAAAAAAAABFEAAAAAAAAE5
:10F5F000AAAAFBEA020A020202020000084008422C
:10F600000881FFFE09000A002800200020022001D6
:10F610003FFE2000200020002000000002004202E7
:10F620004204420842307FC0420042004200420091
:10F630007FFE42004200420042000000040004013C
:10F64000040204040408043005C0FE0005800460C0
:10F650000410040C040604030402000008203020F7
:10F66000224024402CBF3922A2226C2222223122A5
:10F6700028BF2E8024403060204000000202020299
:10F680000202FBEAAAAAAAAAAAAAABFEAAAAAAAA44
:10F69000AAAAFBEA020A0202020200000202820493
:10F6A00073F8200400140432445245924612443246
:10F6B000452244A2447A44320402000008401080EB
:10F6C000210063FFCE00440002002200220222013A
:10F6D00023FE22002200220002000000010002009E
:10F6E00004001FFFE00040C020802EA02AA2AAA193
:10F6F0006ABE2AA02EA020A020C0000000020002A6
:10F70000000200020FFE000200020002FFFE0202E1
:10F71000020202020202020200020000090011209D
:10F72000E520452065205D30452C1F20E522452140
:10F7300065FE5D20452041200100000004000840D6
:10F740001080E3FF5C000A40224022582240FE4223
:10F75000224123FE2240224002400000020002001B
:10F760000200FFF8041004222444201820603F8087
:10F770002000200420023FFC000000001040104246
:10F780001081FFFE114014420FC23444E45827E0B8
:10F790002C50344827C400460044000002040204F0
:10F7A00012081208121012601380FFFF128012401C
:10F7B000122012101218020C02080000020082002F
:10F7C000720023FE0004000900027F0C417041001A
:10F7D000410041407F30000E000400000001008223
:10F7E0007E8C44B047C0448444867EFC0000000008
:10F7F0003FE000020003FFFE000000000000444262
:10F800004E435442644447FC54444E48444800002C
:10F810001FF000020001FFFE0000000004021FFCB8
:10F82000EA404A404FFC4A425A416FFE00020FC272
:10F830000842FFFE08440FD4000E00001080108222
:10F840001101FFFE120020212FA1FAA22AAC2AF0FA
:10F850002AA8FAA42FA62023202200000002000CD0
:10F86000FFF0904192429A4C97F092409240924021
:10F8700097FF9A409240F2400040000010021002B0
:10F88000501257D2555255525552FFFE955295522D
:10F89000955297D2101210021002000000020004CC
:10F8A00000181FE01200127E124492447244524427
:10F8B0001244124412441E7E0000000001000102A6
:10F8C000010401087D705508550455FC5522552248
:10F8D00055227D22012201020102000000004100A8
:10F8E0004100427E4644444448445FC4704440441E
:10F8F0004844447E46004300000000000080210090
:10F9000027FC3A10221123F2080C1FF0E9204920AD
:10F910004FFC592269214FFE00000000000208043C
:10F92000301825E024102408A40467FE2442244251
:10F9300024422442280230022000000040084008EF
:10F940007FF04910491049207FFF402040443E0885
:10F950002190206021903E0C2008000010200C20F7
:10F9600080FF63000C00000027FF1C900490FC90B7
:10F9700004900C92149127FE0000000010401044E7
:10F980001082FFFC11001202000C1FF0100010008A
:10F990009000700010001000100000000002000C29
:10F9A000FFF09080928292FF9F8292C492A09290E8
:10F9B0009F9892A4F2E602A300820000002020306B
:10F9C000202020203FC0204228442888083009C435
:10F9D000FE04080608040FF80000000008001DFFE0
:10F9E000E9504950095229511DFE08000000FEFC53
:10F9F0001222122222422E4E040400000002000CA9
:10FA00001FF012001210120A13F21004FF0810D097
:10FA10009030504813841102100F00000020203055
:10FA2000202020203FC0204228442888083009C4D4
:10FA3000FE04080608040FF8000000000000028021
:10FA4000048118826884088808B0FFC008A0089064
:10FA5000088C0886088300820080000000000002F5
:10FA60007F8C40304FC040207F9D040A1F04E8C8AF
:10FA7000483008C80F060803080200000000000014
:10FA800001FE010401040104FF0411041104110426
:10FA9000110411FE100010000000000008003002E8
:10FAA0002102228224822882A08260FE2082288273
:10FAB000248222822102280230000000000000007F
:10FAC000FFFE04040408041004000000FFFC02020E
:10FAD0000202020204020402041E00000040208010
:10FAE0002100220027FF2C903490E490249424924B
:10FAF000249327FE20002000200000000002108236
:10FB000013849C4870301850158A120202040F04A6
:10FB1000F8C8483008CC0F06080400000E000000AA
:10FB2000FFFF10080C1210621384FD0410981FE0F0
:10FB300010601090130C1006100400000000080163
:10FB400010092012DF2255E45554554855485554A4
:10FB5000555455625F42400300020000000000005F
:10FB60003F7E0204020402040204FFFC02040204B9
:10FB70000204020402043F7E000000000002000CA8
:10FB80007FF0400040004000400040004000400046
:10FB9000400040004000400040000000008008811C
:10FBA000088208848888789028A00FC008A0189040
:10FBB000E88C48861883088200800000102010C05E
:10FBC0001300FFFF12001182100C00307FC04000B4
:10FBD000400040007FFC0002001E00001040104268
:10FBE0001081FFFE1100120000021942124214425D
:10FBF000507E344212421B421002000000000A00F4
:10FC0000F2FC52801280FFFF1284128612FC000068
:10FC10003FF000020001FFFE00000000040084002D
:10FC200077F820110022000CFFF0940095F0FD20E1
:10FC3000952095F28001FFFE0000000020002000CA
:10FC4000220022002200FA0023FF220022002200CC
:10FC5000FA10220823F020002000000008200620CF
:10FC600080FF6702000C1FF1110111821164FF185F
:10FC700011181164118618031002000002014202DB
:10FC8000420C7FF0420042007FFE420042210242CD
:10FC9000088411082710E2704020000008001000BE
:10FCA000E3FF4800640051F8414855482548C548DD
:10FCB00045F86402540147FE4000000000000000C7
:10FCC0003FE01040104010401040FFFF1040104037
:10FCD000104010403FE01000000000002400DF0052
:10FCE00055005D21572A55685FB909AF1028E8C84B
:10FCF000251A220D2D003080208000000200040013
:10FD00001FFEE80040100820085009900E10FFFE6A
:10FD10000B10089008600830002000000000000070
:10FD20003FE01040104010401040FFFF10401040D6
:10FD3000104010403FE010000000000000000000F4
:10FD4000020442443A44124402440244FE4402443F
:10FD50000A447244224403FE000000001000100018
:10FD600017FE15209524752257FC1000100013F87B
:10FD70003002D00157FE10001000000001004900C1
:10FD80005900697EDFD24A524AD201527E5248520D
:10FD90004852487E4F8048000800000002040204D8
:10FDA00012081208121012601380FFFF1280124016
:10FDB000122012101218020C02080000000010029B
:10FDC00010021202130412C41228FE10121012287C
:10FDD00012C413041202100310020000104010425B
:10FDE0001081FFFE11001680248024A02498FC922C
:10FDF000248127FE2480248004800000210022002A
:10FE00002CF0F490249024F2F40127FE22020F0437
:10FE1000F8C8083009CC0E060804000000100010D5
:10FE20001FD014909490749054901FFF14903490AD
:10FE3000D49054901FD00010001000000040407A71
:10FE400038C203040C0432080C10F02010C01F80CC
:10FE500010601010140C18061004000004021FFC9F
:10FE6000EA404A404FFC4A425A416FFE00020FC22C
:10FE70000842FFFE08440FD4000E000000020804F0
:10FE80007C08081108E10F82F96209140908491475
:10FE900029E43802080308020800000002000400F8
:10FEA0001BFEE400440437FE0044248824FE25A4FD
:10FEB000FEA424A42CA474FE2400000000202040F2
:10FEC000208023FF26003840E440A44024422441FF
:10FED00025FE264024402040004000000200820011
:10FEE00073FE20040009010102027DC24134410871
:10FEF00041087D3403C202030202000000400440B6
:10FF0000088010FFE15251524A52447E44524A52F4
:10FF1000715241FF008000C0008000000088208AEC
:10FF2000209220B2FFD22A922A922ABE2A922A92A4
:10FF3000FFD220A220B2209A0090000002040644C2
:10FF40001AC4E34846480048090409040908FFC8E0
:10FF50000930492839442902011F0000104011804E
:10FF60001600FFFF1400120200421184166490185C
:10FF70007018106415861203110200000040404002
:10FF8000387E138004000800FFFE5244124492445D
:10FF90007FFC124416C4324C10040000000808080C
:10FFA0000810086009800E020001FFFE0400060030
:10FFB0000980106020300018001000000080808050
:10FFC000A08090808E8084808080FFFF80808280EF
:10FFD0008480B8809080808000800000010009202B
:10FFE000292229222FE2292229227FFE4922492281
:10FFF0004FE2C92249220922090000000002200222
:020000040804EE
:1000000020022FFE295229523952E95229522952EF
:1000100029522FFE200220020002000000800881E9
:10002000088208848888789028A00FC008A01890BB
:10003000E88C48861883088200800000102010C0D9
:100040001300FFFF12001182100C00307FC040002F
:10005000400040007FFC0002001E00000000020083
:1000600002000200020002000200FFFF2200224004
:1000700022202230221C2208020000000000401032
:10008000402040404080410042007FFE600042002E
:100090004300418040E0C0404000000000001004E8
:1000A00013C41244124A124A13D410041008FF90C9
:1000B000106050583184111E00000000020004003E
:1000C0001FFFF00041800680788028800880FFFFB5
:1000D000088008800880088000800000000000027E
:1000E000408444C84D9055A06682468144FE888075
:1000F000B2A0819080C880460000000004040C4437
:1001000034C4C548064808492102230C25F0B9002B
:10011000610021FC25022382210E000002800C8058
:100120003480E7FF24822484020012FFFE921292A0
:100130001292FE92129212FF020000000200820050
:1001400073FC200800110242FA448A488A508BE06E
:100150008A508A48FA44024700420000000000002A
:1001600000001FFF122212223222D2225222122219
:10017000122212221FFF0000000000000410243889
:1001800024D02710243024A0247204240808083026
:10019000FFC0080408020FFC0000000024101CE04F
:1001A0000700FFFF0D0034800040440055FF55500C
:1001B000FD505552555155FE44000000080818885E
:1001C0002988CA904C90109000003FFC210821081B
:1001D0003FF8210821083FFC00000000082008C06B
:1001E0000B00FFFF0C000A00098000007FFF444263
:1001F0004442444244427FFF0000000000000201EC
:10020000420222043A1813E00200FE00020003FC3E
:100210000A02720222020602021E0000082008C022
:100220000B00FFFF0A000990042044C0440244016F
:1002300047FE44004480446004380000020004008B
:100240001FFEE800410401087D104560458047FE1F
:1002500045C045307D18010C0108000000202040F9
:10026000208023FF26003840E440A440244224415B
:1002700025FE26402440204000400000084249421C
:100280002A541C74FFC81C582A644A4001020F04F7
:10029000F8C8483008CC0F060804000002000C40E3
:1002A000084048403A402A400A428A417AFE2B40A0
:1002B0000A401840EA404C4008400000100210027A
:1002C000100210041E0411889050702010501188E4
:1002D0001E081004100610041004000000067FF829
:1002E000488248817FFE0008121013E290017FFED1
:1002F000410002801C600838001000000800300136
:10030000280129F229023D04A91869E0291C3D02AF
:10031000290229F22802300E20000000000004010A
:1003200008011FF22802C804481849E0481058087C
:1003300068040FF7000200000000000000800300C6
:100340000C0037FEC0045404130490E45004700CF5
:1003500010741784120410040004000000204020D0
:10036000387F138000001FC0108010801080FFFFB6
:100370001080108010801FC00000000043554541D0
:100380004141414345454549494941414592924F83
:100390004F4F5555594F554F9C4F9E9F41494F5573
:1003A000A5A5A6A7A8A9AAABACADAEAFB0B1B2B394
:1003B000B4414141B8B9BABBBCBDBEBFC0C1C2C3E4
:1003C000C4C54141C8C9CACBCCCDCECFD1D145459A
:1003D0004549494949D9DADBDCDD49DF4FE14F4F77
:1003E0004F4FE6E8E85555555959EEEFF0F1F2F365
:1003F000F4F5F6F7F8F9FAFBFCFDFEFF010305073B
:10040000090E10121416181C1E222A2B2C2E3A3BF1
:100410003C3D3E3F5B5D7C7F00000100040010001E
:10042000400000010002000001000200040008007A
:10043000100020000000C700FC00E900E200E4001A
:10044000E000E500E700EA00EB00E800EF00EE0066
:10045000EC00C400C500C900E600C600F400F600C8
:10046000F200FB00F900FF00D600DC00F800A3005A
:10047000D800D7009201E100ED00F300FA00F1008E
:10048000D100AA00BA00BF00AE00AC00BD00BC00A5
:10049000A100AB00BB0091259225932502252425C0
:1004A000C100C200C000A9006325512557255D2564
:1004B000A200A5001025142534252C251C25002577
:1004C0003C25E300C3005A2554256925662560258F
:1004D00050256C25A400F000D000CA00CB00C80055
:1004E0003101CD00CE00CF0018250C2588258425AC
:1004F000A600CC008025D300DF00D400D200F50098
:10050000D500B500FE00DE00DA00DB00D900FD00FA
:10051000DD00AF00B400AD00B1001720BE00B60092
:10052000A700F700B800B000A800B700B900B300FA
:10053000B200A025A00061001A03E0001703F80034
:100540000703FF00010078010001300132010601BC
:10055000390110014A012E017901060180014D0087
:1005600043028101820182018401840186018701A5
:10057000870189018A018B018B018D018E018F0119
:1005800090019101910193019401F6019601970167
:10059000980198013D029B019C019D0120029F0151
:1005A000A001A001A201A201A401A401A601A7012A
:1005B000A701A901AA01AB01AC01AC01AE01AF01D9
:1005C000AF01B101B201B301B301B501B501B7018A
:1005D000B801B801BA01BB01BC01BC01BE01F70101
:1005E000C001C101C201C301C401C501C401C701E9
:1005F000C801C701CA01CB01CA01CD011001DD014B
:1006000001008E01DE011201F3010300F101F4018A
:10061000F401F8012801220212013A020900652CB6
:100620003B023B023D02662C3F0240024102410276
:1006300046020A01530240008101860155028901E8
:100640008A0158028F015A0290015C025D025E022B
:100650005F02930161026202940164026502660214
:100660006702970196016A02622C6C026D026E02AB
:100670009C01700271029D01730274029F01760257
:100680007702780279027A027B027C02642C7E0275
:100690007F02A60181028202A901840285028602EC
:1006A0008702AE014402B101B20145028D028E0201
:1006B0008F0290029102B7017B030300FD03FE034A
:1006C000FF03AC0304008603880389038A03B10394
:1006D0001103C2030200A303A303C4030803CC0352
:1006E00003008C038E038F03D8031801F2030A0062
:1006F000F903F303F403F503F603F703F703F90330
:10070000FA03FA03300420035004100760042201A6
:100710008A043601C1040E01CF040100C004D004D4
:1007200044016105260400007D1D0100632C001EAC
:100730009601A01E5A01001F0806101F0606201F62
:100740000806301F0806401F0606511F0700591FE4
:10075000521F5B1F541F5D1F561F5F1F601F08063F
:10076000701F0E00BA1FBB1FC81FC91FCA1FCB1F97
:10077000DA1FDB1FF81FF91FEA1FEB1FFA1FFB1F11
:10078000801F0806901F0806A01F0806B01F04005F
:10079000B81FB91FB21FBC1FCC1F0100C31FD01F41
:1007A0000206E01F0206E51F0100EC1FF21F010018
:1007B000FC1F4E2101003221702110028421010012
:1007C0008321D0241A05302C2F04602C0201672CC1
:1007D0000601752C0201802C6401002D260841FFC2
:1007E0001A0300000000803F000000005E836C3FA1
:1007F00015EFC33EF304353FF304353F15EFC33E19
:100800005E836C3F000000000000803F15EFC3BE18
:100810005E836C3FF30435BFF304353F5E836CBFEA
:1008200015EFC33E000080BF000000005E836CBF78
:1008300015EFC3BEF30435BFF30435BF15EFC3BED8
:100840005E836CBF00000080000080BF15EFC33ED8
:100850005E836CBFF304353FF30435BF5E836C3FAA
:1008600015EFC3BE0000803F00000000BE147B3FB8
:10087000C2C5473E5E836C3F15EFC33E31DB543F3C
:10088000DA390E3FF304353FF304353FDA390E3FD2
:1008900031DB543F15EFC33E5E836C3FC2C5473E1C
:1008A000BE147B3F000000000000803FC2C547BE71
:1008B000BE147B3F15EFC3BE5E836C3FDA390EBFBB
:1008C00031DB543FF30435BFF304353F31DB54BF14
:1008D000DA390E3F5E836CBF15EFC33EBE147BBF9B
:1008E000C2C5473E000080BF00000000BE147BBFB1
:1008F000C2C547BE5E836CBF15EFC3BE31DB54BFBC
:10090000DA390EBFF30435BFF30435BFDA390EBF51
:1009100031DB54BF15EFC3BE5E836CBFC2C547BE9B
:10092000BE147BBF00000080000080BFC2C5473EF0
:10093000BE147BBF15EFC33E5E836CBFDA390E3F3A
:1009400031DB54BFF304353FF30435BF31DB543F93
:10095000DA390EBF5E836C3F15EFC3BEBE147B3F1A
:10096000C2C547BE0000803F000000006DC47E3F4E
:1009700036BDC83DBE147B3FC2C5473E0BFA743F2F
:1009800031A0943E5E836C3F15EFC33E98C5613F36
:10099000EA5AF13E31DB543FDA390E3F03E4453F7A
:1009A0009967223FF304353FF304353F9967223FAF
:1009B00003E4453FDA390E3F31DB543FEA5AF13E5A
:1009C00098C5613F15EFC33E5E836C3F31A0943EF6
:1009D0000BFA743FC2C5473EBE147B3F36BDC83DCF
:1009E0006DC47E3F000000000000803F36BDC8BDE2
:1009F0006DC47E3FC2C547BEBE147B3F31A094BECE
:100A00000BFA743F15EFC3BE5E836C3FEA5AF1BE2A
:100A100098C5613FDA390EBF31DB543F996722BF79
:100A200003E4453FF30435BFF304353F03E445BF1A
:100A30009967223F31DB54BFDA390E3F98C561BF59
:100A4000EA5AF13E5E836CBF15EFC33E0BFA74BFEA
:100A500031A0943EBE147BBFC2C5473E6DC47EBF6D
:100A600036BDC83D000080BF000000006DC47EBFE1
:100A700036BDC8BDBE147BBFC2C547BE0BFA74BF2E
:100A800031A094BE5E836CBF15EFC3BE98C561BF35
:100A9000EA5AF1BE31DB54BFDA390EBF03E445BF79
:100AA000996722BFF30435BFF30435BF996722BFAE
:100AB00003E445BFDA390EBF31DB54BFEA5AF1BE59
:100AC00098C561BF15EFC3BE5E836CBF31A094BEF5
:100AD0000BFA74BFC2C547BEBE147BBF36BDC8BDCE
:100AE0006DC47EBF00000080000080BF36BDC83DE1
:100AF0006DC47EBFC2C5473EBE147BBF31A0943ECD
:100B00000BFA74BF15EFC33E5E836CBFEA5AF13E29
:100B100098C561BFDA390E3F31DB54BF9967223F78
:100B200003E445BFF304353FF30435BF03E4453F19
:100B3000996722BF31DB543FDA390EBF98C5613F58
:100B4000EA5AF1BE5E836C3F15EFC3BE0BFA743FE9
:100B500031A094BEBE147B3FC2C547BE6DC47E3F6C
:100B600036BDC8BD0000803F000000000FB17F3FD0
:100B70002FFB483D6DC47E3F36BDC83DAC3A7D3F3E
:100B80008340163EBE147B3FC2C5473EF853783FB4
:100B9000CCCF783E0BFA743F31A0943E0809713FE8
:100BA000D47CAC3E5E836C3F15EFC33ED86B673F91
:100BB00080E8DA3E98C5613FEA5AF13E1A945B3FFD
:100BC0003D9C033F31DB543FDA390E3F029F4D3FDE
:100BD000C07F183F03E4453F9967223FF9AE3D3F90
:100BE0004AEB2B3FF304353FF304353F4AEB2B3FF1
:100BF000F9AE3D3F9967223F03E4453FC07F183F70
:100C0000029F4D3FDA390E3F31DB543F3D9C033F9D
:100C10001A945B3FEA5AF13E98C5613F80E8DA3E9C
:100C2000D86B673F15EFC33E5E836C3FD47CAC3E10
:100C30000809713F31A0943E0BFA743FCCCF783E47
:100C4000F853783FC2C5473EBE147B3F8340163EF3
:100C5000AC3A7D3F36BDC83D6DC47E3F2FFB483D5D
:100C60000FB17F3F000000000000803F2FFB48BD18
:100C70000FB17F3F36BDC8BD6DC47E3F834016BEF9
:100C8000AC3A7D3FC2C547BEBE147B3FCCCF78BED9
:100C9000F853783F31A094BE0BFA743FD47CACBEBD
:100CA0000809713F15EFC3BE5E836C3F80E8DABE72
:100CB000D86B673FEA5AF1BE98C5613F3D9C03BFC0
:100CC0001A945B3FDA390EBF31DB543FC07F18BF47
:100CD000029F4D3F996722BF03E4453F4AEB2BBF7C
:100CE000F9AE3D3FF30435BFF304353FF9AE3DBFE8
:100CF0004AEB2B3F03E445BF9967223F029F4DBF5C
:100D0000C07F183F31DB54BFDA390E3F1A945BBF06
:100D10003D9C033F98C561BFEA5AF13ED86B67BF5F
:100D200080E8DA3E5E836CBF15EFC33E080971BFF1
:100D3000D47CAC3E0BFA74BF31A0943EF85378BF1C
:100D4000CCCF783EBE147BBFC2C5473EAC3A7DBF18
:100D50008340163E6DC47EBF36BDC83D0FB17FBF18
:100D60002FFB483D000080BF000000000FB17FBF97
:100D70002FFB48BD6DC47EBF36BDC8BDAC3A7DBF3C
:100D8000834016BEBE147BBFC2C547BEF85378BFB2
:100D9000CCCF78BE0BFA74BF31A094BE080971BFE6
:100DA000D47CACBE5E836CBF15EFC3BED86B67BF8F
:100DB00080E8DABE98C561BFEA5AF1BE1A945BBFFB
:100DC0003D9C03BF31DB54BFDA390EBF029F4DBFDC
:100DD000C07F18BF03E445BF996722BFF9AE3DBF8E
:100DE0004AEB2BBFF30435BFF30435BF4AEB2BBFEF
:100DF000F9AE3DBF996722BF03E445BFC07F18BF6E
:100E0000029F4DBFDA390EBF31DB54BF3D9C03BF9B
:100E10001A945BBFEA5AF1BE98C561BF80E8DABE9A
:100E2000D86B67BF15EFC3BE5E836CBFD47CACBE0E
:100E3000080971BF31A094BE0BFA74BFCCCF78BE45
:100E4000F85378BFC2C547BEBE147BBF834016BEF1
:100E5000AC3A7DBF36BDC8BD6DC47EBF2FFB48BD5B
:100E60000FB17FBF00000080000080BF2FFB483D16
:100E70000FB17FBF36BDC83D6DC47EBF8340163EF7
:100E8000AC3A7DBFC2C5473EBE147BBFCCCF783ED7
:100E9000F85378BF31A0943E0BFA74BFD47CAC3EBB
:100EA000080971BF15EFC33E5E836CBF80E8DA3E70
:100EB000D86B67BFEA5AF13E98C561BF3D9C033FBE
:100EC0001A945BBFDA390E3F31DB54BFC07F183F45
:100ED000029F4DBF9967223F03E445BF4AEB2B3F7A
:100EE000F9AE3DBFF304353FF30435BFF9AE3D3FE6
:100EF0004AEB2BBF03E4453F996722BF029F4D3F5A
:100F0000C07F18BF31DB543FDA390EBF1A945B3F04
:100F10003D9C03BF98C5613FEA5AF1BED86B673F5D
:100F200080E8DABE5E836C3F15EFC3BE0809713FEF
:100F3000D47CACBE0BFA743F31A094BEF853783F1A
:100F4000CCCF78BEBE147B3FC2C547BEAC3A7D3F16
:100F5000834016BE6DC47E3F36BDC8BD0FB17F3F16
:100F60002FFB48BD0000803F0000000043EC7F3FA6
:100F7000B00AC93C0FB17F3F2FFB483D6D4E7F3F0C
:100F800005A9963D6DC47E3F36BDC83D24137E3F06
:100F900073B2FA3DAC3A7D3F8340163E283B7C3F1E
:100FA000A2102F3EBE147B3FC2C5473E9DC7793F6E
:100FB000135C603EF853783FCCCF783E07BA763F5B
:100FC000938E883E0BFA743F31A0943E4714733FD2
:100FD000E59AA03E0809713FD47CAC3E9ED86E3F96
:100FE0002A44B83E5E836C3F15EFC33EA7096A3FB3
:100FF000CA7BCF3ED86B673F80E8DA3E59AA643F90
:101000007533E63E98C5613FEA5AF13E05BE5E3F44
:10101000275DFC3E1A945B3F3D9C033F5348583F7D
:101020009BF5083F31DB543FDA390E3F3D4D513FD0
:101030002A68133F029F4D3FC07F183F12D1493F9E
:10104000D17F1D3F03E4453F9967223F70D8413F60
:101050005636273FF9AE3D3F4AEB2B3F4268393FBA
:10106000BB85303FF304353FF304353FBB85303F4C
:101070004268393F4AEB2B3FF9AE3D3F5636273F9A
:1010800070D8413F9967223F03E4453FD17F1D3F20
:1010900012D1493FC07F183F029F4D3F2A68133F3E
:1010A0003D4D513FDA390E3F31DB543F9BF5083F50
:1010B0005348583F3D9C033F1A945B3F275DFC3EDD
:1010C00005BE5E3FEA5AF13E98C5613F7533E63E84
:1010D00059AA643F80E8DA3ED86B673FCA7BCF3EAF
:1010E000A7096A3F15EFC33E5E836C3F2A44B83EB2
:1010F0009ED86E3FD47CAC3E0809713FE59AA03E75
:101100004714733F31A0943E0BFA743F938E883E90
:1011100007BA763FCCCF783EF853783F135C603EF9
:101120009DC7793FC2C5473EBE147B3FA2102F3EEC
:10113000283B7C3F8340163EAC3A7D3F73B2FA3D7C
:1011400024137E3F36BDC83D6DC47E3F05A9963D44
:101150006D4E7F3F2FFB483D0FB17F3FB00AC93C2A
:1011600043EC7F3F000000000000803FB00AC9BC94
:1011700043EC7F3F2FFB48BD0FB17F3F05A996BDD4
:101180006D4E7F3F36BDC8BD6DC47E3F73B2FABDA4
:1011900024137E3F834016BEAC3A7D3FA2102FBE83
:1011A000283B7C3FC2C547BEBE147B3F135C60BE7C
:1011B0009DC7793FCCCF78BEF853783F938E88BED9
:1011C00007BA763F31A094BE0BFA743FE59AA0BEF1
:1011D0004714733FD47CACBE0809713F2A44B8BEA3
:1011E0009ED86E3F15EFC3BE5E836C3FCA7BCFBEF9
:1011F000A7096A3F80E8DABED86B673F7533E6BE61
:1012000059AA643FEA5AF1BE98C5613F275DFCBE0A
:1012100005BE5E3F3D9C03BF1A945B3F9BF508BF34
:101220005348583FDA390EBF31DB543F2A6813BFA9
:101230003D4D513FC07F18BF029F4D3FD17F1DBF25
:1012400012D1493F996722BF03E4453F563627BF75
:1012500070D8413F4AEB2BBFF9AE3D3FBB8530BF55
:101260004268393FF30435BFF304353F426839BF64
:10127000BB85303FF9AE3DBF4AEB2B3F70D841BF35
:101280005636273F03E445BF9967223F12D149BF35
:10129000D17F1D3F029F4DBFC07F183F3D4D51BFC5
:1012A0002A68133F31DB54BFDA390E3F534858BF29
:1012B0009BF5083F1A945BBF3D9C033F05BE5EBF94
:1012C000275DFC3E98C561BFEA5AF13E59AA64BF4A
:1012D0007533E63ED86B67BF80E8DA3EA7096ABF80
:1012E000CA7BCF3E5E836CBF15EFC33E9ED86EBFF8
:1012F0002A44B83E080971BFD47CAC3E471473BF82
:10130000E59AA03E0BFA74BF31A0943E07BA76BFAF
:10131000938E883EF85378BFCCCF783E9DC779BF77
:10132000135C603EBE147BBFC2C5473E283B7CBFFA
:10133000A2102F3EAC3A7DBF8340163E24137EBFE1
:1013400073B2FA3D6DC47EBF36BDC83D6D4E7FBFE2
:1013500005A9963D0FB17FBF2FFB483D43EC7FBFF2
:10136000B00AC93C000080BF0000000043EC7FBF12
:10137000B00AC9BC0FB17FBF2FFB48BD6D4E7FBF08
:1013800005A996BD6DC47EBF36BDC8BD24137EBF02
:1013900073B2FABDAC3A7DBF834016BE283B7CBF1A
:1013A000A2102FBEBE147BBFC2C547BE9DC779BF6A
:1013B000135C60BEF85378BFCCCF78BE07BA76BF57
:1013C000938E88BE0BFA74BF31A094BE471473BFCE
:1013D000E59AA0BE080971BFD47CACBE9ED86EBF92
:1013E0002A44B8BE5E836CBF15EFC3BEA7096ABFAF
:1013F000CA7BCFBED86B67BF80E8DABE59AA64BF8C
:101400007533E6BE98C561BFEA5AF1BE05BE5EBF40
:10141000275DFCBE1A945BBF3D9C03BF534858BF79
:101420009BF508BF31DB54BFDA390EBF3D4D51BFCC
:101430002A6813BF029F4DBFC07F18BF12D149BF9A
:10144000D17F1DBF03E445BF996722BF70D841BF5C
:10145000563627BFF9AE3DBF4AEB2BBF426839BFB6
:10146000BB8530BFF30435BFF30435BFBB8530BF48
:10147000426839BF4AEB2BBFF9AE3DBF563627BF96
:1014800070D841BF996722BF03E445BFD17F1DBF1C
:1014900012D149BFC07F18BF029F4DBF2A6813BF3A
:1014A0003D4D51BFDA390EBF31DB54BF9BF508BF4C
:1014B000534858BF3D9C03BF1A945BBF275DFCBED9
:1014C00005BE5EBFEA5AF1BE98C561BF7533E6BE80
:1014D00059AA64BF80E8DABED86B67BFCA7BCFBEAB
:1014E000A7096ABF15EFC3BE5E836CBF2A44B8BEAE
:1014F0009ED86EBFD47CACBE080971BFE59AA0BE71
:10150000471473BF31A094BE0BFA74BF938E88BE8C
:1015100007BA76BFCCCF78BEF85378BF135C60BEF5
:101520009DC779BFC2C547BEBE147BBFA2102FBEE8
:10153000283B7CBF834016BEAC3A7DBF73B2FABD78
:1015400024137EBF36BDC8BD6DC47EBF05A996BD40
:101550006D4E7FBF2FFB48BD0FB17FBFB00AC9BC26
:1015600043EC7FBF00000080000080BFB00AC93C90
:1015700043EC7FBF2FFB483D0FB17FBF05A9963DD0
:101580006D4E7FBF36BDC83D6DC47EBF73B2FA3DA0
:1015900024137EBF8340163EAC3A7DBFA2102F3E7F
:1015A000283B7CBFC2C5473EBE147BBF135C603E78
:1015B0009DC779BFCCCF783EF85378BF938E883ED5
:1015C00007BA76BF31A0943E0BFA74BFE59AA03EED
:1015D000471473BFD47CAC3E080971BF2A44B83E9F
:1015E0009ED86EBF15EFC33E5E836CBFCA7BCF3EF5
:1015F000A7096ABF80E8DA3ED86B67BF7533E63E5D
:1016000059AA64BFEA5AF13E98C561BF275DFC3E06
:1016100005BE5EBF3D9C033F1A945BBF9BF5083F30
:10162000534858BFDA390E3F31DB54BF2A68133FA5
:101630003D4D51BFC07F183F029F4DBFD17F1D3F21
:1016400012D149BF9967223F03E445BF5636273F71
:1016500070D841BF4AEB2B3FF9AE3DBFBB85303F51
:10166000426839BFF304353FF30435BF4268393F60
:10167000BB8530BFF9AE3D3F4AEB2BBF70D8413F31
:10168000563627BF03E4453F996722BF12D1493F31
:10169000D17F1DBF029F4D3FC07F18BF3D4D513FC1
:1016A0002A6813BF31DB543FDA390EBF5348583F25
:1016B0009BF508BF1A945B3F3D9C03BF05BE5E3F90
:1016C000275DFCBE98C5613FEA5AF1BE59AA643F46
:1016D0007533E6BED86B673F80E8DABEA7096A3F7C
:1016E000CA7BCFBE5E836C3F15EFC3BE9ED86E3FF4
:1016F0002A44B8BE0809713FD47CACBE4714733F7E
:10170000E59AA0BE0BFA743F31A094BE07BA763FAB
:10171000938E88BEF853783FCCCF78BE9DC7793F73
:10172000135C60BEBE147B3FC2C547BE283B7C3FF6
:10173000A2102FBEAC3A7D3F834016BE24137E3FDD
:1017400073B2FABD6DC47E3F36BDC8BD6D4E7F3FDE
:1017500005A996BD0FB17F3F2FFB48BD43EC7F3FEE
:10176000B00AC9BC0000803F0000000011FB7F3FB1
:10177000900E493C43EC7F3FB00AC93C98D37F3F71
:101780002CC3163D0FB17F3F2FFB483DAB847F3FFD
:10179000742B7B3D6D4E7F3F05A9963D580E7F3FD4
:1017A00080B6AF3D6DC47E3F36BDC83DB0707E3F54
:1017B0002EBCE13D24137E3F73B2FA3DCCAB7D3F9E
:1017C00086CF093EAC3A7D3F8340163EC9BF7C3F81
:1017D000B6AB223E283B7C3FA2102F3ECDAC7B3FD8
:1017E000CF6E3B3EBE147B3FC2C5473E02737A3F7D
:1017F0000115543E9DC7793F135C603E9812793FB6
:101800007F9A6C3EF853783FCCCF783EC58B773FBC
:10181000C07D823E07BA763F938E883EC6DE753F16
:10182000229A8E3E0BFA743F31A0943EDD0B743F3A
:1018300086A09A3E4714733FE59AA03E5213723F2A
:10184000128FA63E0809713FD47CAC3E73F56F3F02
:10185000EF63B23E9ED86E3F2A44B83E93B26D3FCE
:101860004A1DBE3E5E836C3F15EFC33E0C4B6B3F83
:1018700053B9C93EA7096A3FCA7BCF3E3CBF683F08
:101880004136D53ED86B673F80E8DA3E880F663F29
:101890004F92E03E59AA643F7533E63E5A3C633F9F
:1018A000BBCBEB3E98C5613FEA5AF13E2146603F13
:1018B000CBE0F63E05BE5E3F275DFC3E532D5D3F0F
:1018C000E4E7003F1A945B3F3D9C033F6AF2593FB7
:1018D000824B063F5348583F9BF5083FE595563FDE
:1018E0006B9A0B3F31DB543FDA390E3F4918533FB7
:1018F000CDD3103F3D4D513F2A68133F1F7A4F3FD4
:10190000D9F6153F029F4D3FC07F183FF8BB4B3FB4
:10191000C6021B3F12D1493FD17F1D3F65DE473FC5
:10192000CBF61F3F03E4453F9967223F00E2433F68
:1019300025D2243F70D8413F5636273F67C73F3FE7
:101940001594293FF9AE3D3F4AEB2B3F3B8F3B3F80
:10195000DE3B2E3F4268393FBB85303F233A373F5D
:10196000C9C8323FF304353FF304353FC9C8323F9D
:10197000233A373FBB85303F4268393FDE3B2E3F3D
:101980003B8F3B3F4AEB2B3FF9AE3D3F1594293F40
:1019900067C73F3F5636273F70D8413F25D2243F87
:1019A00000E2433F9967223F03E4453FCBF61F3FE8
:1019B00065DE473FD17F1D3F12D1493FC6021B3F25
:1019C000F8BB4B3FC07F183F029F4D3FD9F6153FF4
:1019D0001F7A4F3F2A68133F3D4D513FCDD3103FF3
:1019E0004918533FDA390E3F31DB543F6B9A0B3FB6
:1019F000E595563F9BF5083F5348583F824B063FBD
:101A00006AF2593F3D9C033F1A945B3FE4E7003F75
:101A1000532D5D3F275DFC3E05BE5E3FCBE0F63EAD
:101A20002146603FEA5AF13E98C5613FBBCBEB3E91
:101A30005A3C633F7533E63E59AA643F4F92E03EFD
:101A4000880F663F80E8DA3ED86B673F4136D53E67
:101A50003CBF683FCA7BCF3EA7096A3F53B9C93E26
:101A60000C4B6B3F15EFC33E5E836C3F4A1DBE3E81
:101A700093B26D3F2A44B83E9ED86E3FEF63B23EAC
:101A800073F56F3FD47CAC3E0809713F128FA63EC0
:101A90005213723FE59AA03E4714733F86A09A3EC8
:101AA000DD0B743F31A0943E0BFA743F229A8E3EB8
:101AB000C6DE753F938E883E07BA763FC07D823E74
:101AC000C58B773FCCCF783EF853783F7F9A6C3EFA
:101AD0009812793F135C603E9DC7793F0115543ED3
:101AE00002737A3FC2C5473EBE147B3FCF6E3B3E7A
:101AF000CDAC7B3FA2102F3E283B7C3FB6AB223EB5
:101B0000C9BF7C3F8340163EAC3A7D3F86CF093E3D
:101B1000CCAB7D3F73B2FA3D24137E3F2EBCE13D3A
:101B2000B0707E3F36BDC83D6DC47E3F80B6AF3DD0
:101B3000580E7F3F05A9963D6D4E7F3F742B7B3D30
:101B4000AB847F3F2FFB483D0FB17F3F2CC3163D39
:101B500098D37F3FB00AC93C43EC7F3F900E493C8D
:101B600011FB7F3F000000000000803F900E49BC49
:101B700011FB7F3FB00AC9BC43EC7F3F2CC316BDAD
:101B800098D37F3F2FFB48BD0FB17F3F742B7BBDA8
:101B9000AB847F3F05A996BD6D4E7F3F80B6AFBD3C
:101BA000580E7F3F36BDC8BD6DC47E3F2EBCE1BD23
:101BB000B0707E3F73B2FABD24137E3F86CF09BE5C
:101BC000CCAB7D3F834016BEAC3A7D3FB6AB22BE68
:101BD000C9BF7C3FA2102FBE283B7C3FCF6E3BBECF
:101BE000CDAC7B3FC2C547BEBE147B3F011554BE82
:101BF00002737A3F135C60BE9DC7793F7F9A6CBECB
:101C00009812793FCCCF78BEF853783FC07D82BE22
:101C1000C58B773F938E88BE07BA763F229A8EBED9
:101C2000C6DE753F31A094BE0BFA743F86A09ABE03
:101C3000DD0B743FE59AA0BE4714733F128FA6BE1A
:101C40005213723FD47CACBE0809713FEF63B2BE41
:101C500073F56F3F2A44B8BE9ED86E3F4A1DBEBE84
:101C600093B26D3F15EFC3BE5E836C3F53B9C9BEDF
:101C70000C4B6B3FCA7BCFBEA7096A3F4136D5BE2E
:101C80003CBF683F80E8DABED86B673F4F92E0BE4A
:101C9000880F663F7533E6BE59AA643FBBCBEBBEE7
:101CA0005A3C633FEA5AF1BE98C5613FCBE0F6BEAD
:101CB0002146603F275DFCBE05BE5E3FE4E700BFF6
:101CC000532D5D3F3D9C03BF1A945B3F824B06BF83
:101CD0006AF2593F9BF508BF5348583F6B9A0BBFB8
:101CE000E595563FDA390EBF31DB543FCDD310BFF7
:101CF0004918533F2A6813BF3D4D513FD9F615BFD0
:101D00001F7A4F3FC07F18BF029F4D3FC6021BBFC7
:101D1000F8BB4B3FD17F1DBF12D1493FCBF61FBF50
:101D200065DE473F996722BF03E4453F25D224BFC4
:101D300000E2433F563627BF70D8413F159429BF74
:101D400067C73F3F4AEB2BBFF9AE3D3FDE3B2EBF9F
:101D50003B8F3B3FBB8530BF4268393FC9C832BF6C
:101D6000233A373FF30435BFF304353F233A37BFF7
:101D7000C9C8323F426839BFBB85303F3B8F3BBF4C
:101D8000DE3B2E3FF9AE3DBF4AEB2B3F67C73FBF5F
:101D90001594293F70D841BF5636273F00E243BF14
:101DA00025D2243F03E445BF9967223F65DE47BF44
:101DB000CBF61F3F12D149BFD17F1D3FF8BB4BBFB0
:101DC000C6021B3F029F4DBFC07F183F1F7A4FBF07
:101DD000D9F6153F3D4D51BF2A68133F491853BFEF
:101DE000CDD3103F31DB54BFDA390E3FE59556BFF6
:101DF0006B9A0B3F534858BF9BF5083F6AF259BF97
:101E0000824B063F1A945BBF3D9C033F532D5DBF41
:101E1000E4E7003F05BE5EBF275DFC3E214660BF94
:101E2000CBE0F63E98C561BFEA5AF13E5A3C63BF2B
:101E3000BBCBEB3E59AA64BF7533E63E880F66BF45
:101E40004F92E03ED86B67BF80E8DA3E3CBF68BF88
:101E50004136D53EA7096ABFCA7BCF3E0C4B6BBF4C
:101E600053B9C93E5E836CBF15EFC33E93B26DBFDD
:101E70004A1DBE3E9ED86EBF2A44B83E73F56FBF62
:101E8000EF63B23E080971BFD47CAC3E521372BFFF
:101E9000128FA63E471473BFE59AA03EDD0B74BFB8
:101EA00086A09A3E0BFA74BF31A0943EC6DE75BF81
:101EB000229A8E3E07BA76BF938E883EC58B77BF37
:101EC000C07D823EF85378BFCCCF783E981279BF60
:101ED0007F9A6C3E9DC779BF135C603E02737ABFE8
:101EE0000115543EBE147BBFC2C5473ECDAC7BBF7F
:101EF000CF6E3B3E283B7CBFA2102F3EC9BF7CBFAC
:101F0000B6AB223EAC3A7DBF8340163ECCAB7DBF24
:101F100086CF093E24137EBF73B2FA3DB0707EBFF8
:101F20002EBCE13D6DC47EBF36BDC83D580E7FBF9F
:101F300080B6AF3D6D4E7FBF05A9963DAB847FBF98
:101F4000742B7B3D0FB17FBF2FFB483D98D37FBFE4
:101F50002CC3163D43EC7FBFB00AC93C11FB7FBFC9
:101F6000900E493C000080BF0000000011FB7FBFC5
:101F7000900E49BC43EC7FBFB00AC9BC98D37FBF69
:101F80002CC316BD0FB17FBF2FFB48BDAB847FBFF5
:101F9000742B7BBD6D4E7FBF05A996BD580E7FBFCC
:101FA00080B6AFBD6DC47EBF36BDC8BDB0707EBF4C
:101FB0002EBCE1BD24137EBF73B2FABDCCAB7DBF96
:101FC00086CF09BEAC3A7DBF834016BEC9BF7CBF79
:101FD000B6AB22BE283B7CBFA2102FBECDAC7BBFD0
:101FE000CF6E3BBEBE147BBFC2C547BE02737ABF75
:101FF000011554BE9DC779BF135C60BE981279BFAE
:102000007F9A6CBEF85378BFCCCF78BEC58B77BFB4
:10201000C07D82BE07BA76BF938E88BEC6DE75BF0E
:10202000229A8EBE0BFA74BF31A094BEDD0B74BF32
:1020300086A09ABE471473BFE59AA0BE521372BF22
:10204000128FA6BE080971BFD47CACBE73F56FBFFA
:10205000EF63B2BE9ED86EBF2A44B8BE93B26DBFC6
:102060004A1DBEBE5E836CBF15EFC3BE0C4B6BBF7B
:1020700053B9C9BEA7096ABFCA7BCFBE3CBF68BF00
:102080004136D5BED86B67BF80E8DABE880F66BF21
:102090004F92E0BE59AA64BF7533E6BE5A3C63BF97
:1020A000BBCBEBBE98C561BFEA5AF1BE214660BF0B
:1020B000CBE0F6BE05BE5EBF275DFCBE532D5DBF07
:1020C000E4E700BF1A945BBF3D9C03BF6AF259BFAF
:1020D000824B06BF534858BF9BF508BFE59556BFD6
:1020E0006B9A0BBF31DB54BFDA390EBF491853BFAF
:1020F000CDD310BF3D4D51BF2A6813BF1F7A4FBFCC
:10210000D9F615BF029F4DBFC07F18BFF8BB4BBFAC
:10211000C6021BBF12D149BFD17F1DBF65DE47BFBD
:10212000CBF61FBF03E445BF996722BF00E243BF60
:1021300025D224BF70D841BF563627BF67C73FBFDF
:10214000159429BFF9AE3DBF4AEB2BBF3B8F3BBF78
:10215000DE3B2EBF426839BFBB8530BF233A37BF55
:10216000C9C832BFF30435BFF30435BFC9C832BF95
:10217000233A37BFBB8530BF426839BFDE3B2EBF35
:102180003B8F3BBF4AEB2BBFF9AE3DBF159429BF38
:1021900067C73FBF563627BF70D841BF25D224BF7F
:1021A00000E243BF996722BF03E445BFCBF61FBFE0
:1021B00065DE47BFD17F1DBF12D149BFC6021BBF1D
:1021C000F8BB4BBFC07F18BF029F4DBFD9F615BFEC
:1021D0001F7A4FBF2A6813BF3D4D51BFCDD310BFEB
:1021E000491853BFDA390EBF31DB54BF6B9A0BBFAE
:1021F000E59556BF9BF508BF534858BF824B06BFB5
:102200006AF259BF3D9C03BF1A945BBFE4E700BF6D
:10221000532D5DBF275DFCBE05BE5EBFCBE0F6BEA5
:10222000214660BFEA5AF1BE98C561BFBBCBEBBE89
:102230005A3C63BF7533E6BE59AA64BF4F92E0BEF5
:10224000880F66BF80E8DABED86B67BF4136D5BE5F
:102250003CBF68BFCA7BCFBEA7096ABF53B9C9BE1E
:102260000C4B6BBF15EFC3BE5E836CBF4A1DBEBE79
:1022700093B26DBF2A44B8BE9ED86EBFEF63B2BEA4
:1022800073F56FBFD47CACBE080971BF128FA6BEB8
:10229000521372BFE59AA0BE471473BF86A09ABEC0
:1022A000DD0B74BF31A094BE0BFA74BF229A8EBEB0
:1022B000C6DE75BF938E88BE07BA76BFC07D82BE6C
:1022C000C58B77BFCCCF78BEF85378BF7F9A6CBEF2
:1022D000981279BF135C60BE9DC779BF011554BECB
:1022E00002737ABFC2C547BEBE147BBFCF6E3BBE72
:1022F000CDAC7BBFA2102FBE283B7CBFB6AB22BEAD
:10230000C9BF7CBF834016BEAC3A7DBF86CF09BE35
:10231000CCAB7DBF73B2FABD24137EBF2EBCE1BD32
:10232000B0707EBF36BDC8BD6DC47EBF80B6AFBDC8
:10233000580E7FBF05A996BD6D4E7FBF742B7BBD28
:10234000AB847FBF2FFB48BD0FB17FBF2CC316BD31
:1023500098D37FBFB00AC9BC43EC7FBF900E49BC85
:1023600011FB7FBF00000080000080BF900E493C41
:1023700011FB7FBFB00AC93C43EC7FBF2CC3163DA5
:1023800098D37FBF2FFB483D0FB17FBF742B7B3DA0
:10239000AB847FBF05A9963D6D4E7FBF80B6AF3D34
:1023A000580E7FBF36BDC83D6DC47EBF2EBCE13D1B
:1023B000B0707EBF73B2FA3D24137EBF86CF093E54
:1023C000CCAB7DBF8340163EAC3A7DBFB6AB223E60
:1023D000C9BF7CBFA2102F3E283B7CBFCF6E3B3EC7
:1023E000CDAC7BBFC2C5473EBE147BBF0115543E7A
:1023F00002737ABF135C603E9DC779BF7F9A6C3EC3
:10240000981279BFCCCF783EF85378BFC07D823E1A
:10241000C58B77BF938E883E07BA76BF229A8E3ED1
:10242000C6DE75BF31A0943E0BFA74BF86A09A3EFB
:10243000DD0B74BFE59AA03E471473BF128FA63E12
:10244000521372BFD47CAC3E080971BFEF63B23E39
:1024500073F56FBF2A44B83E9ED86EBF4A1DBE3E7C
:1024600093B26DBF15EFC33E5E836CBF53B9C93ED7
:102470000C4B6BBFCA7BCF3EA7096ABF4136D53E26
:102480003CBF68BF80E8DA3ED86B67BF4F92E03E42
:10249000880F66BF7533E63E59AA64BFBBCBEB3EDF
:1024A0005A3C63BFEA5AF13E98C561BFCBE0F63EA5
:1024B000214660BF275DFC3E05BE5EBFE4E7003FEE
:1024C000532D5DBF3D9C033F1A945BBF824B063F7B
:1024D0006AF259BF9BF5083F534858BF6B9A0B3FB0
:1024E000E59556BFDA390E3F31DB54BFCDD3103FEF
:1024F000491853BF2A68133F3D4D51BFD9F6153FC8
:102500001F7A4FBFC07F183F029F4DBFC6021B3FBF
:10251000F8BB4BBFD17F1D3F12D149BFCBF61F3F48
:1025200065DE47BF9967223F03E445BF25D2243FBC
:1025300000E243BF5636273F70D841BF1594293F6C
:1025400067C73FBF4AEB2B3FF9AE3DBFDE3B2E3F97
:102550003B8F3BBFBB85303F426839BFC9C8323F64
:10256000233A37BFF304353FF30435BF233A373FEF
:10257000C9C832BF4268393FBB8530BF3B8F3B3F44
:10258000DE3B2EBFF9AE3D3F4AEB2BBF67C73F3F57
:10259000159429BF70D8413F563627BF00E2433F0C
:1025A00025D224BF03E4453F996722BF65DE473F3C
:1025B000CBF61FBF12D1493FD17F1DBFF8BB4B3FA8
:1025C000C6021BBF029F4D3FC07F18BF1F7A4F3FFF
:1025D000D9F615BF3D4D513F2A6813BF4918533FE7
:1025E000CDD310BF31DB543FDA390EBFE595563FEE
:1025F0006B9A0BBF5348583F9BF508BF6AF2593F8F
:10260000824B06BF1A945B3F3D9C03BF532D5D3F39
:10261000E4E700BF05BE5E3F275DFCBE2146603F8C
:10262000CBE0F6BE98C5613FEA5AF1BE5A3C633F23
:10263000BBCBEBBE59AA643F7533E6BE880F663F3D
:102640004F92E0BED86B673F80E8DABE3CBF683F80
:102650004136D5BEA7096A3FCA7BCFBE0C4B6B3F44
:1026600053B9C9BE5E836C3F15EFC3BE93B26D3FD5
:102670004A1DBEBE9ED86E3F2A44B8BE73F56F3F5A
:10268000EF63B2BE0809713FD47CACBE5213723FF7
:10269000128FA6BE4714733FE59AA0BEDD0B743FB0
:1026A00086A09ABE0BFA743F31A094BEC6DE753F79
:1026B000229A8EBE07BA763F938E88BEC58B773F2F
:1026C000C07D82BEF853783FCCCF78BE9812793F58
:1026D0007F9A6CBE9DC7793F135C60BE02737A3FE0
:1026E000011554BEBE147B3FC2C547BECDAC7B3F77
:1026F000CF6E3BBE283B7C3FA2102FBEC9BF7C3FA4
:10270000B6AB22BEAC3A7D3F834016BECCAB7D3F1C
:1027100086CF09BE24137E3F73B2FABDB0707E3FF0
:102720002EBCE1BD6DC47E3F36BDC8BD580E7F3F97
:1027300080B6AFBD6D4E7F3F05A996BDAB847F3F90
:10274000742B7BBD0FB17F3F2FFB48BD98D37F3FDC
:102750002CC316BD43EC7F3FB00AC9BC11FB7F3FC1
:10276000900E49BC0000803F00000000C4FE7F3F87
:10277000890FC93B11FB7F3F900E493CE6F47F3F38
:10278000B6C9963C43EC7F3FB00AC93C29E17F3F84
:10279000B949FB3C98D37F3F2CC3163D8FC37F3F85
:1027A00007E02F3D0FB17F3F2FFB483D189C7F3F37
:1027B0006814623DAB847F3F742B7B3DC76A7F3FCB
:1027C0000A208A3D6D4E7F3F05A9963D9D2F7F3F94
:1027D0008C30A33D580E7F3F80B6AF3D9DEA7E3FD3
:1027E000C33ABC3D6DC47E3F36BDC83DC99B7E3FEC
:1027F000B93DD53DB0707E3F2EBCE13D23437E3FC9
:102800007638EE3D24137E3F73B2FA3DB1E07D3F52
:102810000295033ECCAB7D3F86CF093E74747D3F6D
:10282000B708103EAC3A7D3F8340163E73FE7C3FB6
:10283000DE761C3EC9BF7C3FB6AB223EB07E7C3FFD
:10284000FCDE283E283B7C3FA2102F3E31F57B3F2B
:102850009840353ECDAC7B3FCF6E3B3EFC617B3F2D
:10286000379B413EBE147B3FC2C5473E16C57A3FEB
:1028700060EE4D3E02737A3F0115543E841E7A3F4E
:1028800097395A3E9DC7793F135C603E4E6E793F43
:10289000667C663E9812793F7F9A6C3E7BB4783FA7
:1028A00051B6723EF853783FCCCF783E10F1773F67
:1028B000E1E67E3EC58B773FC07D823E1724773FA1
:1028C000CE86853E07BA763F938E883E974D763FFB
:1028D00007958B3EC6DE753F229A8E3E976D753FFB
:1028E000DD9D913E0BFA743F31A0943E2284743FEB
:1028F00017A1973EDD0B743F86A09A3E3F91733F30
:10290000789E9D3E4714733FE59AA03EF894723F2F
:10291000C595A33E5213723F128FA63E578F713F4B
:10292000C486A93E0809713FD47CAC3E6680703FE6
:102930003A71AF3E73F56F3FEF63B23E30686F3F61
:10294000EC54B53E9ED86E3F2A44B83EBE466E3F1C
:10295000A031BB3E93B26D3F4A1DBE3E1D1C6D3F74
:102960001E07C13E5E836C3F15EFC33E58E86B3FC8
:1029700029D5C63E0C4B6B3F53B9C93E7BAB6A3F72
:102980008B9BCC3EA7096A3FCA7BCF3E9165693FCE
:10299000095AD23E3CBF683F4136D53EA816683F33
:1029A0006B10D83ED86B673F80E8DA3ECCBE663FFE
:1029B00079BEDD3E880F663F4F92E03E0B5E653F7D
:1029C000FA63E33E59AA643F7533E63E73F4633F0E
:1029D000B700E93E5A3C633FBBCBEB3E1082623FFF
:1029E0007994EE3E98C5613FEA5AF13EF206613FA6
:1029F000071FF43E2146603FCBE0F63E27835F3F52
:102A00002DA0F93E05BE5E3F275DFC3EBEF65D3F54
:102A1000B217FF3E532D5D3FE4E7003FC7615C3FC7
:102A2000B142023F1A945B3F3D9C033F50C45A3F62
:102A300084F4043F6AF2593F824B063F6A1E593FB5
:102A400036A1073F5348583F9BF5083F2670573F34
:102A5000AD480A3FE595563F6B9A0B3F93B9553FFA
:102A6000D0EA0C3F31DB543FDA390E3FC3FA533F13
:102A700084870F3F4918533FCDD3103FC633523F91
:102A8000B01E123F3D4D513F2A68133FAF64503F87
:102A900039B0143F1F7A4F3FD9F6153F908D4E3F06
:102AA000073C173F029F4D3FC07F183F79AE4C3F18
:102AB00000C2193FF8BB4B3FC6021B3F7FC74A3FCE
:102AC0000C421C3F12D1493FD17F1D3FB3D8483F34
:102AD00012BC1E3F65DE473FCBF61F3F2AE2463F52
:102AE000F92F213F03E4453F9967223FF5E3443F37
:102AF000A99D233F00E2433F25D2243F29DE423FE8
:102B00000A05263F70D8413F5636273FDAD0403F6E
:102B10000566283F67C73F3F1594293F1BBC3E3FD2
:102B200082C02A3FF9AE3D3F4AEB2B3F03A03C3F1A
:102B300069142D3F3B8F3B3FDE3B2E3FA47C3A3F49
:102B4000A5612F3F4268393FBB85303F1652383F61
:102B50001DA8313F233A373FC9C8323F6C20363F6A
:102B6000BCE7333FF304353FF304353FBCE7333F65
:102B70006C20363FC9C8323F233A373F1DA8313F4A
:102B80001652383FBB85303F4268393FA5612F3F21
:102B9000A47C3A3FDE3B2E3F3B8F3B3F69142D3FE9
:102BA00003A03C3F4AEB2B3FF9AE3D3F82C02A3F9A
:102BB0001BBC3E3F1594293F67C73F3F0566283F32
:102BC000DAD0403F5636273F70D8413F0A05263FAE
:102BD00029DE423F25D2243F00E2433FA99D233F07
:102BE000F5E3443F9967223F03E4453FF92F213F36
:102BF0002AE2463FCBF61F3F65DE473F12BC1E3F31
:102C0000B3D8483FD17F1D3F12D1493F0C421C3FF2
:102C10007FC74A3FC6021B3FF8BB4B3F00C2193F6C
:102C200079AE4C3FC07F183F029F4D3F073C173F96
:102C3000908D4E3FD9F6153F1F7A4F3F39B0143F64
:102C4000AF64503F2A68133F3D4D513FB01E123FC5
:102C5000C633523FCDD3103F4918533F84870F3FAF
:102C6000C3FA533FDA390E3F31DB543FD0EA0C3F11
:102C700093B9553F6B9A0B3FE595563FAD480A3FD8
:102C80002670573F9BF5083F5348583F36A1073FF2
:102C90006A1E593F824B063F6AF2593F84F4043F53
:102CA00050C45A3F3D9C033F1A945B3FB142023FE0
:102CB000C7615C3FE4E7003F532D5D3FB217FF3E25
:102CC000BEF65D3F275DFC3E05BE5E3F2DA0F93E92
:102CD00027835F3FCBE0F63E2146603F071FF43E6F
:102CE000F206613FEA5AF13E98C5613F7994EE3EA3
:102CF0001082623FBBCBEB3E5A3C633FB700E93EDC
:102D000073F4633F7533E63E59AA643FFA63E33ECA
:102D10000B5E653F4F92E03E880F663F79BEDD3E19
:102D2000CCBE663F80E8DA3ED86B673F6B10D83E7A
:102D3000A816683F4136D53E3CBF683F095AD23E8F
:102D40009165693FCA7BCF3EA7096A3F8B9BCC3E0A
:102D50007BAB6A3F53B9C93E0C4B6B3F29D5C63E8E
:102D600058E86B3F15EFC33E5E836C3F1E07C13EC4
:102D70001D1C6D3F4A1DBE3E93B26D3FA031BB3E50
:102D8000BE466E3F2A44B83E9ED86E3FEC54B53ED8
:102D900030686F3FEF63B23E73F56F3F3A71AF3EFD
:102DA0006680703FD47CAC3E0809713FC486A93E62
:102DB000578F713F128FA63E5213723FC595A33EA7
:102DC000F894723FE59AA03E4714733F789E9D3E6B
:102DD0003F91733F86A09A3EDD0B743F17A1973E4B
:102DE0002284743F31A0943E0BFA743FDD9D913EE6
:102DF000976D753F229A8E3EC6DE753F07958B3ED6
:102E0000974D763F938E883E07BA763FCE86853EB5
:102E10001724773FC07D823EC58B773FE1E67E3E3B
:102E200010F1773FCCCF783EF853783F51B6723EE1
:102E30007BB4783F7F9A6C3E9812793F667C663E01
:102E40004E6E793F135C603E9DC7793F97395A3E7D
:102E5000841E7A3F0115543E02737A3F60EE4D3E68
:102E600016C57A3FC2C5473EBE147B3F379B413EE5
:102E7000FC617B3FCF6E3B3ECDAC7B3F9840353E07
:102E800031F57B3FA2102F3E283B7C3FFCDE283EE5
:102E9000B07E7C3FB6AB223EC9BF7C3FDE761C3E97
:102EA00073FE7C3F8340163EAC3A7D3FB708103E30
:102EB00074747D3F86CF093ECCAB7D3F0295033EC7
:102EC000B1E07D3F73B2FA3D24137E3F7638EE3D8C
:102ED00023437E3F2EBCE13DB0707E3FB93DD53DE2
:102EE000C99B7E3F36BDC83D6DC47E3FC33ABC3DE5
:102EF0009DEA7E3F80B6AF3D580E7F3F8C30A33DAC
:102F00009D2F7F3F05A9963D6D4E7F3F0A208A3D4C
:102F1000C76A7F3F742B7B3DAB847F3F6814623D63
:102F2000189C7F3F2FFB483D0FB17F3F07E02F3DAF
:102F30008FC37F3F2CC3163D98D37F3FB949FB3CDD
:102F400029E17F3FB00AC93C43EC7F3FB6C9963CBC
:102F5000E6F47F3F900E493C11FB7F3F890FC93B50
:102F6000C4FE7F3F000000000000803F890FC9BB06
:102F7000C4FE7F3F900E49BC11FB7F3FB6C996BC93
:102F8000E6F47F3FB00AC9BC43EC7F3FB949FBBCC4
:102F900029E17F3F2CC316BD98D37F3F07E02FBDAB
:102FA0008FC37F3F2FFB48BD0FB17F3F681462BDC9
:102FB000189C7F3F742B7BBDAB847F3F0A208ABD6A
:102FC000C76A7F3F05A996BD6D4E7F3F8C30A3BD7C
:102FD0009D2F7F3F80B6AFBD580E7F3FC33ABCBD2B
:102FE0009DEA7E3F36BDC8BD6DC47E3FB93DD5BDAF
:102FF000C99B7E3F2EBCE1BDB0707E3F7638EEBDF2
:1030000023437E3F73B2FABD24137E3F029503BE75
:10301000B1E07D3F86CF09BECCAB7D3FB70810BE87
:1030200074747D3F834016BEAC3A7D3FDE761CBE95
:1030300073FE7C3FB6AB22BEC9BF7C3FFCDE28BE20
:10304000B07E7C3FA2102FBE283B7C3F984035BE0F
:1030500031F57B3FCF6E3BBECDAC7B3F379B41BE56
:10306000FC617B3FC2C547BEBE147B3F60EE4DBED8
:1030700016C57A3F011554BE02737A3F97395ABE7E
:10308000841E7A3F135C60BE9DC7793F667C66BE36
:103090004E6E793F7F9A6CBE9812793F51B672BEE0
:1030A0007BB4783FCCCF78BEF853783FE1E67EBE64
:1030B00010F1773FC07D82BEC58B773FCE8685BE3F
:1030C0001724773F938E88BE07BA763F07958BBE4D
:1030D000974D763F229A8EBEC6DE753FDD9D91BE2E
:1030E000976D753F31A094BE0BFA743F17A197BE40
:1030F0002284743F86A09ABEDD0B743F789E9DBEED
:103100003F91733FE59AA0BE4714733FC595A3BE98
:10311000F894723F128FA6BE5213723FC486A9BEA6
:10312000578F713FD47CACBE0809713F3A71AFBE76
:103130006680703FEF63B2BE73F56F3FEC54B5BE6F
:1031400030686F3F2A44B8BE9ED86E3FA031BBBEE8
:10315000BE466E3F4A1DBEBE93B26D3F1E07C1BE46
:103160001D1C6D3F15EFC3BE5E836C3F29D5C6BEE7
:1031700058E86B3F53B9C9BE0C4B6B3F8B9BCCBE21
:103180007BAB6A3FCA7BCFBEA7096A3F095AD2BE52
:103190009165693F4136D5BE3CBF683F6B10D8BED4
:1031A000A816683F80E8DABED86B673F79BEDDBEFF
:1031B000CCBE663F4F92E0BE880F663FFA63E3BE27
:1031C0000B5E653F7533E6BE59AA643FB700E9BEA2
:1031D00073F4633FBBCBEBBE5A3C633F7994EEBEC6
:1031E0001082623FEA5AF1BE98C5613F071FF4BEE4
:1031F000F206613FCBE0F6BE2146603F2DA0F9BE4E
:1032000027835F3F275DFCBE05BE5E3FB217FFBE52
:10321000BEF65D3FE4E700BF532D5D3FB14202BF04
:10322000C7615C3F3D9C03BF1A945B3F84F404BFBD
:1032300050C45A3F824B06BF6AF2593F36A107BFBE
:103240006A1E593F9BF508BF5348583FAD480ABF17
:103250002670573F6B9A0BBFE595563FD0EA0CBFDF
:1032600093B9553FDA390EBF31DB543F84870FBF26
:10327000C3FA533FCDD310BF4918533FB01E12BFFE
:10328000C633523F2A6813BF3D4D513F39B014BF7A
:10329000AF64503FD9F615BF1F7A4F3F073C17BFA9
:1032A000908D4E3FC07F18BF029F4D3F00C219BF97
:1032B00079AE4C3FC6021BBFF8BB4B3F0C421CBF54
:1032C0007FC74A3FD17F1DBF12D1493F12BC1EBFED
:1032D000B3D8483FCBF61FBF65DE473FF92F21BF6C
:1032E0002AE2463F996722BF03E4453FA99D23BFD9
:1032F000F5E3443F25D224BF00E2433F0A0526BF41
:1033000029DE423F563627BF70D8413F056628BFA9
:10331000DAD0403F159429BF67C73F3F82C02ABF1C
:103320001BBC3E3F4AEB2BBFF9AE3D3F69142DBF9E
:1033300003A03C3FDE3B2EBF3B8F3B3FA5612FBF31
:10334000A47C3A3FBB8530BF4268393F1DA831BFDE
:103350001652383FC9C832BF233A373FBCE733BFA4
:103360006C20363FF30435BFF304353F6C2036BF85
:10337000BCE7333F233A37BFC9C8323F165238BF84
:103380001DA8313F426839BFBB85303FA47C3ABF9E
:10339000A5612F3F3B8F3BBFDE3B2E3F03A03CBFD1
:1033A00069142D3FF9AE3DBF4AEB2B3F1BBC3EBF1E
:1033B00082C02A3F67C73FBF1594293FDAD040BF7C
:1033C0000566283F70D841BF5636273F29DE42BFE9
:1033D0000A05263F00E243BF25D2243FF5E344BF60
:1033E000A99D233F03E445BF9967223F2AE246BFD8
:1033F000F92F213F65DE47BFCBF61F3FB3D848BF4B
:1034000012BC1E3F12D149BFD17F1D3F7FC74ABFAB
:103410000C421C3FF8BB4BBFC6021B3F79AE4CBFF2
:1034200000C2193F029F4DBFC07F183F908D4EBF15
:10343000073C173F1F7A4FBFD9F6153FAF6450BF07
:1034400039B0143F3D4D51BF2A68133FC63352BFB8
:10345000B01E123F491853BFCDD3103FC3FA53BF1C
:1034600084870F3F31DB54BFDA390E3F93B955BF24
:10347000D0EA0C3FE59556BF6B9A0B3F267057BFBD
:10348000AD480A3F534858BF9BF5083F6A1E59BFD5
:1034900036A1073F6AF259BF824B063F50C45ABF5C
:1034A00084F4043F1A945BBF3D9C033FC7615CBF3B
:1034B000B142023F532D5DBFE4E7003FBEF65DBF62
:1034C000B217FF3E05BE5EBF275DFC3E27835FBF90
:1034D0002DA0F93E214660BFCBE0F63EF20661BF6B
:1034E000071FF43E98C561BFEA5AF13E108262BFE1
:1034F0007994EE3E5A3C63BFBBCBEB3E73F463BFA3
:10350000B700E93E59AA64BF7533E63E0B5E65BF5E
:10351000FA63E33E880F66BF4F92E03ECCBE66BFC3
:1035200079BEDD3ED86B67BF80E8DA3EA81668BF7B
:103530006B10D83E3CBF68BF4136D53E916569BF30
:10354000095AD23EA7096ABFCA7BCF3E7BAB6ABF8E
:103550008B9BCC3E0C4B6BBF53B9C93E58E86BBF3D
:1035600029D5C63E5E836CBF15EFC33E1D1C6DBFE3
:103570001E07C13E93B26DBF4A1DBE3EBE466EBF22
:10358000A031BB3E9ED86EBF2A44B83E30686FBFA4
:10359000EC54B53E73F56FBFEF63B23E668070BF0B
:1035A0003A71AF3E080971BFD47CAC3E578F71BFF2
:1035B000C486A93E521372BF128FA63EF89472BF02
:1035C000C595A33E471473BFE59AA03E3F9173BFD4
:1035D000789E9D3EDD0B74BF86A09A3E228474BF08
:1035E00017A1973E0BFA74BF31A0943E976D75BF3B
:1035F000DD9D913EC6DE75BF229A8E3E974D76BF09
:1036000007958B3E07BA76BF938E883E172477BF07
:10361000CE86853EC58B77BFC07D823E10F177BFD9
:10362000E1E67E3EF85378BFCCCF783E7BB478BFDE
:1036300051B6723E981279BF7F9A6C3E4E6E79BF3A
:10364000667C663E9DC779BF135C603E841E7ABF70
:1036500097395A3E02737ABF0115543E16C57ABF98
:1036600060EE4D3EBE147BBFC2C5473EFC617BBFD2
:10367000379B413ECDAC7BBFCF6E3B3E31F57BBF30
:103680009840353E283B7CBFA2102F3EB07E7CBFC9
:10369000FCDE283EC9BF7CBFB6AB223E73FE7CBFBA
:1036A000DE761C3EAC3A7DBF8340163E74747DBF0F
:1036B000B708103ECCAB7DBF86CF093EB1E07DBFE1
:1036C0000295033E24137EBF73B2FA3D23437EBFAF
:1036D0007638EE3DB0707EBF2EBCE13DC99B7EBF0B
:1036E000B93DD53D6DC47EBF36BDC83D9DEA7EBFA8
:1036F000C33ABC3D580E7FBF80B6AF3D9D2F7FBF04
:103700008C30A33D6D4E7FBF05A9963DC76A7FBF34
:103710000A208A3DAB847FBF742B7B3D189C7FBF02
:103720006814623D0FB17FBF2FFB483D8FC37FBF41
:1037300007E02F3D98D37FBF2CC3163D29E17FBF03
:10374000B949FB3C43EC7FBFB00AC93CE6F47FBFFC
:10375000B6C9963C11FB7FBF900E493CC4FE7FBFAB
:10376000890FC93B000080BF00000000C4FE7FBF7E
:10377000890FC9BB11FB7FBF900E49BCE6F47FBF28
:10378000B6C996BC43EC7FBFB00AC9BC29E17FBF74
:10379000B949FBBC98D37FBF2CC316BD8FC37FBF75
:1037A00007E02FBD0FB17FBF2FFB48BD189C7FBF27
:1037B000681462BDAB847FBF742B7BBDC76A7FBFBB
:1037C0000A208ABD6D4E7FBF05A996BD9D2F7FBF84
:1037D0008C30A3BD580E7FBF80B6AFBD9DEA7EBFC3
:1037E000C33ABCBD6DC47EBF36BDC8BDC99B7EBFDC
:1037F000B93DD5BDB0707EBF2EBCE1BD23437EBFB9
:103800007638EEBD24137EBF73B2FABDB1E07DBF42
:10381000029503BECCAB7DBF86CF09BE74747DBF5D
:10382000B70810BEAC3A7DBF834016BE73FE7CBFA6
:10383000DE761CBEC9BF7CBFB6AB22BEB07E7CBFED
:10384000FCDE28BE283B7CBFA2102FBE31F57BBF1B
:10385000984035BECDAC7BBFCF6E3BBEFC617BBF1D
:10386000379B41BEBE147BBFC2C547BE16C57ABFDB
:1038700060EE4DBE02737ABF011554BE841E7ABF3E
:1038800097395ABE9DC779BF135C60BE4E6E79BF33
:10389000667C66BE981279BF7F9A6CBE7BB478BF97
:1038A00051B672BEF85378BFCCCF78BE10F177BF57
:1038B000E1E67EBEC58B77BFC07D82BE172477BF91
:1038C000CE8685BE07BA76BF938E88BE974D76BFEB
:1038D00007958BBEC6DE75BF229A8EBE976D75BFEB
:1038E000DD9D91BE0BFA74BF31A094BE228474BFDB
:1038F00017A197BEDD0B74BF86A09ABE3F9173BF20
:10390000789E9DBE471473BFE59AA0BEF89472BF1F
:10391000C595A3BE521372BF128FA6BE578F71BF3B
:10392000C486A9BE080971BFD47CACBE668070BFD6
:103930003A71AFBE73F56FBFEF63B2BE30686FBF51
:10394000EC54B5BE9ED86EBF2A44B8BEBE466EBF0C
:10395000A031BBBE93B26DBF4A1DBEBE1D1C6DBF64
:103960001E07C1BE5E836CBF15EFC3BE58E86BBFB8
:1039700029D5C6BE0C4B6BBF53B9C9BE7BAB6ABF62
:103980008B9BCCBEA7096ABFCA7BCFBE916569BFBE
:10399000095AD2BE3CBF68BF4136D5BEA81668BF23
:1039A0006B10D8BED86B67BF80E8DABECCBE66BFEE
:1039B00079BEDDBE880F66BF4F92E0BE0B5E65BF6D
:1039C000FA63E3BE59AA64BF7533E6BE73F463BFFE
:1039D000B700E9BE5A3C63BFBBCBEBBE108262BFEF
:1039E0007994EEBE98C561BFEA5AF1BEF20661BF96
:1039F000071FF4BE214660BFCBE0F6BE27835FBF42
:103A00002DA0F9BE05BE5EBF275DFCBEBEF65DBF44
:103A1000B217FFBE532D5DBFE4E700BFC7615CBFB7
:103A2000B14202BF1A945BBF3D9C03BF50C45ABF52
:103A300084F404BF6AF259BF824B06BF6A1E59BFA5
:103A400036A107BF534858BF9BF508BF267057BF24
:103A5000AD480ABFE59556BF6B9A0BBF93B955BFEA
:103A6000D0EA0CBF31DB54BFDA390EBFC3FA53BF03
:103A700084870FBF491853BFCDD310BFC63352BF81
:103A8000B01E12BF3D4D51BF2A6813BFAF6450BF77
:103A900039B014BF1F7A4FBFD9F615BF908D4EBFF6
:103AA000073C17BF029F4DBFC07F18BF79AE4CBF08
:103AB00000C219BFF8BB4BBFC6021BBF7FC74ABFBE
:103AC0000C421CBF12D149BFD17F1DBFB3D848BF24
:103AD00012BC1EBF65DE47BFCBF61FBF2AE246BF42
:103AE000F92F21BF03E445BF996722BFF5E344BF27
:103AF000A99D23BF00E243BF25D224BF29DE42BFD8
:103B00000A0526BF70D841BF563627BFDAD040BF5E
:103B1000056628BF67C73FBF159429BF1BBC3EBFC2
:103B200082C02ABFF9AE3DBF4AEB2BBF03A03CBF0A
:103B300069142DBF3B8F3BBFDE3B2EBFA47C3ABF39
:103B4000A5612FBF426839BFBB8530BF165238BF51
:103B50001DA831BF233A37BFC9C832BF6C2036BF5A
:103B6000BCE733BFF30435BFF30435BFBCE733BF55
:103B70006C2036BFC9C832BF233A37BF1DA831BF3A
:103B8000165238BFBB8530BF426839BFA5612FBF11
:103B9000A47C3ABFDE3B2EBF3B8F3BBF69142DBFD9
:103BA00003A03CBF4AEB2BBFF9AE3DBF82C02ABF8A
:103BB0001BBC3EBF159429BF67C73FBF056628BF22
:103BC000DAD040BF563627BF70D841BF0A0526BF9E
:103BD00029DE42BF25D224BF00E243BFA99D23BFF7
:103BE000F5E344BF996722BF03E445BFF92F21BF26
:103BF0002AE246BFCBF61FBF65DE47BF12BC1EBF21
:103C0000B3D848BFD17F1DBF12D149BF0C421CBFE2
:103C10007FC74ABFC6021BBFF8BB4BBF00C219BF5C
:103C200079AE4CBFC07F18BF029F4DBF073C17BF86
:103C3000908D4EBFD9F615BF1F7A4FBF39B014BF54
:103C4000AF6450BF2A6813BF3D4D51BFB01E12BFB5
:103C5000C63352BFCDD310BF491853BF84870FBF9F
:103C6000C3FA53BFDA390EBF31DB54BFD0EA0CBF01
:103C700093B955BF6B9A0BBFE59556BFAD480ABFC8
:103C8000267057BF9BF508BF534858BF36A107BFE2
:103C90006A1E59BF824B06BF6AF259BF84F404BF43
:103CA00050C45ABF3D9C03BF1A945BBFB14202BFD0
:103CB000C7615CBFE4E700BF532D5DBFB217FFBE15
:103CC000BEF65DBF275DFCBE05BE5EBF2DA0F9BE82
:103CD00027835FBFCBE0F6BE214660BF071FF4BE5F
:103CE000F20661BFEA5AF1BE98C561BF7994EEBE93
:103CF000108262BFBBCBEBBE5A3C63BFB700E9BECC
:103D000073F463BF7533E6BE59AA64BFFA63E3BEBA
:103D10000B5E65BF4F92E0BE880F66BF79BEDDBE09
:103D2000CCBE66BF80E8DABED86B67BF6B10D8BE6A
:103D3000A81668BF4136D5BE3CBF68BF095AD2BE7F
:103D4000916569BFCA7BCFBEA7096ABF8B9BCCBEFA
:103D50007BAB6ABF53B9C9BE0C4B6BBF29D5C6BE7E
:103D600058E86BBF15EFC3BE5E836CBF1E07C1BEB4
:103D70001D1C6DBF4A1DBEBE93B26DBFA031BBBE40
:103D8000BE466EBF2A44B8BE9ED86EBFEC54B5BEC8
:103D900030686FBFEF63B2BE73F56FBF3A71AFBEED
:103DA000668070BFD47CACBE080971BFC486A9BE52
:103DB000578F71BF128FA6BE521372BFC595A3BE97
:103DC000F89472BFE59AA0BE471473BF789E9DBE5B
:103DD0003F9173BF86A09ABEDD0B74BF17A197BE3B
:103DE000228474BF31A094BE0BFA74BFDD9D91BED6
:103DF000976D75BF229A8EBEC6DE75BF07958BBEC6
:103E0000974D76BF938E88BE07BA76BFCE8685BEA5
:103E1000172477BFC07D82BEC58B77BFE1E67EBE2B
:103E200010F177BFCCCF78BEF85378BF51B672BED1
:103E30007BB478BF7F9A6CBE981279BF667C66BEF1
:103E40004E6E79BF135C60BE9DC779BF97395ABE6D
:103E5000841E7ABF011554BE02737ABF60EE4DBE58
:103E600016C57ABFC2C547BEBE147BBF379B41BED5
:103E7000FC617BBFCF6E3BBECDAC7BBF984035BEF7
:103E800031F57BBFA2102FBE283B7CBFFCDE28BED5
:103E9000B07E7CBFB6AB22BEC9BF7CBFDE761CBE87
:103EA00073FE7CBF834016BEAC3A7DBFB70810BE20
:103EB00074747DBF86CF09BECCAB7DBF029503BEB7
:103EC000B1E07DBF73B2FABD24137EBF7638EEBD7C
:103ED00023437EBF2EBCE1BDB0707EBFB93DD5BDD2
:103EE000C99B7EBF36BDC8BD6DC47EBFC33ABCBDD5
:103EF0009DEA7EBF80B6AFBD580E7FBF8C30A3BD9C
:103F00009D2F7FBF05A996BD6D4E7FBF0A208ABD3C
:103F1000C76A7FBF742B7BBDAB847FBF681462BD53
:103F2000189C7FBF2FFB48BD0FB17FBF07E02FBD9F
:103F30008FC37FBF2CC316BD98D37FBFB949FBBCCD
:103F400029E17FBFB00AC9BC43EC7FBFB6C996BCAC
:103F5000E6F47FBF900E49BC11FB7FBF890FC9BB40
:103F6000C4FE7FBF00000080000080BF890FC93BF6
:103F7000C4FE7FBF900E493C11FB7FBFB6C9963C83
:103F8000E6F47FBFB00AC93C43EC7FBFB949FB3CB4
:103F900029E17FBF2CC3163D98D37FBF07E02F3D9B
:103FA0008FC37FBF2FFB483D0FB17FBF6814623DB9
:103FB000189C7FBF742B7B3DAB847FBF0A208A3D5A
:103FC000C76A7FBF05A9963D6D4E7FBF8C30A33D6C
:103FD0009D2F7FBF80B6AF3D580E7FBFC33ABC3D1B
:103FE0009DEA7EBF36BDC83D6DC47EBFB93DD53D9F
:103FF000C99B7EBF2EBCE13DB0707EBF7638EE3DE2
:1040000023437EBF73B2FA3D24137EBF0295033E65
:10401000B1E07DBF86CF093ECCAB7DBFB708103E77
:1040200074747DBF8340163EAC3A7DBFDE761C3E85
:1040300073FE7CBFB6AB223EC9BF7CBFFCDE283E10
:10404000B07E7CBFA2102F3E283B7CBF9840353EFF
:1040500031F57BBFCF6E3B3ECDAC7BBF379B413E46
:10406000FC617BBFC2C5473EBE147BBF60EE4D3EC8
:1040700016C57ABF0115543E02737ABF97395A3E6E
:10408000841E7ABF135C603E9DC779BF667C663E26
:104090004E6E79BF7F9A6C3E981279BF51B6723ED0
:1040A0007BB478BFCCCF783EF85378BFE1E67E3E54
:1040B00010F177BFC07D823EC58B77BFCE86853E2F
:1040C000172477BF938E883E07BA76BF07958B3E3D
:1040D000974D76BF229A8E3EC6DE75BFDD9D913E1E
:1040E000976D75BF31A0943E0BFA74BF17A1973E30
:1040F000228474BF86A09A3EDD0B74BF789E9D3EDD
:104100003F9173BFE59AA03E471473BFC595A33E88
:10411000F89472BF128FA63E521372BFC486A93E96
:10412000578F71BFD47CAC3E080971BF3A71AF3E66
:10413000668070BFEF63B23E73F56FBFEC54B53E5F
:1041400030686FBF2A44B83E9ED86EBFA031BB3ED8
:10415000BE466EBF4A1DBE3E93B26DBF1E07C13E36
:104160001D1C6DBF15EFC33E5E836CBF29D5C63ED7
:1041700058E86BBF53B9C93E0C4B6BBF8B9BCC3E11
:104180007BAB6ABFCA7BCF3EA7096ABF095AD23E42
:10419000916569BF4136D53E3CBF68BF6B10D83EC4
:1041A000A81668BF80E8DA3ED86B67BF79BEDD3EEF
:1041B000CCBE66BF4F92E03E880F66BFFA63E33E17
:1041C0000B5E65BF7533E63E59AA64BFB700E93E92
:1041D00073F463BFBBCBEB3E5A3C63BF7994EE3EB6
:1041E000108262BFEA5AF13E98C561BF071FF43ED4
:1041F000F20661BFCBE0F63E214660BF2DA0F93E3E
:1042000027835FBF275DFC3E05BE5EBFB217FF3E42
:10421000BEF65DBFE4E7003F532D5DBFB142023FF4
:10422000C7615CBF3D9C033F1A945BBF84F4043FAD
:1042300050C45ABF824B063F6AF259BF36A1073FAE
:104240006A1E59BF9BF5083F534858BFAD480A3F07
:10425000267057BF6B9A0B3FE59556BFD0EA0C3FCF
:1042600093B955BFDA390E3F31DB54BF84870F3F16
:10427000C3FA53BFCDD3103F491853BFB01E123FEE
:10428000C63352BF2A68133F3D4D51BF39B0143F6A
:10429000AF6450BFD9F6153F1F7A4FBF073C173F99
:1042A000908D4EBFC07F183F029F4DBF00C2193F87
:1042B00079AE4CBFC6021B3FF8BB4BBF0C421C3F44
:1042C0007FC74ABFD17F1D3F12D149BF12BC1E3FDD
:1042D000B3D848BFCBF61F3F65DE47BFF92F213F5C
:1042E0002AE246BF9967223F03E445BFA99D233FC9
:1042F000F5E344BF25D2243F00E243BF0A05263F31
:1043000029DE42BF5636273F70D841BF0566283F99
:10431000DAD040BF1594293F67C73FBF82C02A3F0C
:104320001BBC3EBF4AEB2B3FF9AE3DBF69142D3F8E
:1043300003A03CBFDE3B2E3F3B8F3BBFA5612F3F21
:10434000A47C3ABFBB85303F426839BF1DA8313FCE
:10435000165238BFC9C8323F233A37BFBCE7333F94
:104360006C2036BFF304353FF30435BF6C20363F75
:10437000BCE733BF233A373FC9C832BF1652383F74
:104380001DA831BF4268393FBB8530BFA47C3A3F8E
:10439000A5612FBF3B8F3B3FDE3B2EBF03A03C3FC1
:1043A00069142DBFF9AE3D3F4AEB2BBF1BBC3E3F0E
:1043B00082C02ABF67C73F3F159429BFDAD0403F6C
:1043C000056628BF70D8413F563627BF29DE423FD9
:1043D0000A0526BF00E2433F25D224BFF5E3443F50
:1043E000A99D23BF03E4453F996722BF2AE2463FC8
:1043F000F92F21BF65DE473FCBF61FBFB3D8483F3B
:1044000012BC1EBF12D1493FD17F1DBF7FC74A3F9B
:104410000C421CBFF8BB4B3FC6021BBF79AE4C3FE2
:1044200000C219BF029F4D3FC07F18BF908D4E3F05
:10443000073C17BF1F7A4F3FD9F615BFAF64503FF7
:1044400039B014BF3D4D513F2A6813BFC633523FA8
:10445000B01E12BF4918533FCDD310BFC3FA533F0C
:1044600084870FBF31DB543FDA390EBF93B9553F14
:10447000D0EA0CBFE595563F6B9A0BBF2670573FAD
:10448000AD480ABF5348583F9BF508BF6A1E593FC5
:1044900036A107BF6AF2593F824B06BF50C45A3F4C
:1044A00084F404BF1A945B3F3D9C03BFC7615C3F2B
:1044B000B14202BF532D5D3FE4E700BFBEF65D3F52
:1044C000B217FFBE05BE5E3F275DFCBE27835F3F80
:1044D0002DA0F9BE2146603FCBE0F6BEF206613F5B
:1044E000071FF4BE98C5613FEA5AF1BE1082623FD1
:1044F0007994EEBE5A3C633FBBCBEBBE73F4633F93
:10450000B700E9BE59AA643F7533E6BE0B5E653F4E
:10451000FA63E3BE880F663F4F92E0BECCBE663FB3
:1045200079BEDDBED86B673F80E8DABEA816683F6B
:104530006B10D8BE3CBF683F4136D5BE9165693F20
:10454000095AD2BEA7096A3FCA7BCFBE7BAB6A3F7E
:104550008B9BCCBE0C4B6B3F53B9C9BE58E86B3F2D
:1045600029D5C6BE5E836C3F15EFC3BE1D1C6D3FD3
:104570001E07C1BE93B26D3F4A1DBEBEBE466E3F12
:10458000A031BBBE9ED86E3F2A44B8BE30686F3F94
:10459000EC54B5BE73F56F3FEF63B2BE6680703FFB
:1045A0003A71AFBE0809713FD47CACBE578F713FE2
:1045B000C486A9BE5213723F128FA6BEF894723FF2
:1045C000C595A3BE4714733FE59AA0BE3F91733FC4
:1045D000789E9DBEDD0B743F86A09ABE2284743FF8
:1045E00017A197BE0BFA743F31A094BE976D753F2B
:1045F000DD9D91BEC6DE753F229A8EBE974D763FF9
:1046000007958BBE07BA763F938E88BE1724773FF7
:10461000CE8685BEC58B773FC07D82BE10F1773FC9
:10462000E1E67EBEF853783FCCCF78BE7BB4783FCE
:1046300051B672BE9812793F7F9A6CBE4E6E793F2A
:10464000667C66BE9DC7793F135C60BE841E7A3F60
:1046500097395ABE02737A3F011554BE16C57A3F88
:1046600060EE4DBEBE147B3FC2C547BEFC617B3FC2
:10467000379B41BECDAC7B3FCF6E3BBE31F57B3F20
:10468000984035BE283B7C3FA2102FBEB07E7C3FB9
:10469000FCDE28BEC9BF7C3FB6AB22BE73FE7C3FAA
:1046A000DE761CBEAC3A7D3F834016BE74747D3FFF
:1046B000B70810BECCAB7D3F86CF09BEB1E07D3FD1
:1046C000029503BE24137E3F73B2FABD23437E3F9F
:1046D0007638EEBDB0707E3F2EBCE1BDC99B7E3FFB
:1046E000B93DD5BD6DC47E3F36BDC8BD9DEA7E3F98
:1046F000C33ABCBD580E7F3F80B6AFBD9D2F7F3FF4
:104700008C30A3BD6D4E7F3F05A996BDC76A7F3F24
:104710000A208ABDAB847F3F742B7BBD189C7F3FF2
:10472000681462BD0FB17F3F2FFB48BD8FC37F3F31
:1047300007E02FBD98D37F3F2CC316BD29E17F3FF3
:10474000B949FBBC43EC7F3FB00AC9BCE6F47F3FEC
:10475000B6C996BC11FB7F3F900E49BCC4FE7F3F9B
:10476000890FC9BB0000803F00000000B1FF7F3F00
:10477000C70F493BC4FE7F3F890FC93B39FD7F3FCF
:1047800059CB163C11FB7F3F900E493C4AF87F3FC6
:104790004B517B3CE6F47F3FB6C9963CE3F07F3F4C
:1047A00069EAAF3C43EC7F3FB00AC93C05E77F3F75
:1047B0007B2AE23C29E17F3FB949FB3CAFDA7F3FEE
:1047C0002F340A3D98D37F3F2CC3163DE2CB7F3F69
:1047D000CC51233D8FC37F3F07E02F3D9EBA7F3FE3
:1047E000D56D3C3D0FB17F3F2FFB483DE3A67F3F9A
:1047F0000E88553D189C7F3F6814623DB1907F3F05
:1048000038A06E3DAB847F3F742B7B3D08787F3FA3
:104810000ADB833DC76A7F3F0A208A3DE95C7F3F10
:10482000B464903D6D4E7F3F05A9963D543F7F3F58
:10483000F9EC9C3D9D2F7F3F8C30A33D491F7F3F6E
:10484000BA73A93D580E7F3F80B6AF3DC9FC7E3F8D
:10485000DAF8B53D9DEA7E3FC33ABC3DD4D77E3FF2
:10486000397CC23D6DC47E3F36BDC83D69B07E3FD8
:10487000B7FDCE3DC99B7E3FB93DD53D8B867E3F82
:10488000377DDB3DB0707E3F2EBCE13D385A7E3F28
:104890009AFAE73D23437E3F7638EE3D722B7E3F0A
:1048A000C075F43D24137E3F73B2FA3D38FA7D3F64
:1048B0004577003EB1E07D3F0295033E8CC67D3FCB
:1048C0006EB2063ECCAB7D3F86CF093E6E907D3FFB
:1048D0004AEC0C3E74747D3FB708103EDE577D3FB6
:1048E000CA24133EAC3A7D3F8340163EDD1C7D3F1B
:1048F000E05B193E73FE7C3FDE761C3E6CDF7C3F46
:104900007B911F3EC9BF7C3FB6AB223E8A9F7C3F56
:104910008CC5253EB07E7C3FFCDE283E3A5D7C3F68
:1049200004F82B3E283B7C3FA2102F3E7A187C3F98
:10493000D428323E31F57B3F9840353E4DD17B3F08
:10494000EC57383ECDAC7B3FCF6E3B3EB2877B3FD2
:104950003E853E3EFC617B3F379B413EAB3B7B3F10
:10496000B9B0443EBE147B3FC2C5473E37ED7A3FE7
:104970004FDA4A3E16C57A3F60EE4D3E599C7A3F6B
:10498000F101513E02737A3F0115543E10497A3FBE
:104990008F27573E841E7A3F97395A3E5EF3793F00
:1049A0001A4B5D3E9DC7793F135C603E439B793F48
:1049B000836C633E4E6E793F667C663EC040793FB5
:1049C000BA8B693E9812793F7F9A6C3ED6E3783F66
:1049D000B2A86F3E7BB4783F51B6723E8684783F72
:1049E0005AC3753EF853783FCCCF783ED122783FFA
:1049F000A4DB7B3E10F1773FE1E67E3EB7BE773F1A
:104A0000C0F8803EC58B773FC07D823E3A58773FE5
:104A10007002843E1724773FCE86853E5BEF763F5B
:104A2000DA0A873E07BA763F938E883E1B84763F2C
:104A3000F8118A3E974D763F07958B3E7A16763F62
:104A4000C0178D3EC6DE753F229A8E3E7BA6753F0F
:104A50002C1C903E976D753FDD9D913E1D34753F3A
:104A6000351F933E0BFA743F31A0943E62BF743FF2
:104A7000D220963E2284743F17A1973E4B48743F44
:104A8000FE20993EDD0B743F86A09A3ED9CE733F3F
:104A9000AF1F9C3E3F91733F789E9D3E0E53733FE8
:104AA000DF1C9F3E4714733FE59AA03EEBD4723F54
:104AB0008718A23EF894723FC595A33E7054723F8A
:104AC0009F12A53E5213723F128FA63E9FD1713F97
:104AD0001F0BA83E578F713FC486A93E7A4C713F89
:104AE0000102AB3E0809713FD47CAC3E02C5703F69
:104AF0003CF7AD3E6680703F3A71AF3E373B703F4A
:104B0000CBEAB03E73F56F3FEF63B23E1BAF6F3F32
:104B1000A5DCB33E30686F3FEC54B53EB0206F3F2C
:104B2000C3CCB63E9ED86E3F2A44B83EF88F6E3F47
:104B30001EBBB93EBE466E3FA031BB3EF2FC6D3F90
:104B4000AFA7BC3E93B26D3F4A1DBE3EA1676D3F0D
:104B50006F92BF3E1D1C6D3F1E07C13E07D06C3FCC
:104B6000557BC23E5E836C3F15EFC33E24366C3FDF
:104B70005C62C53E58E86B3F29D5C63EFB996B3F4A
:104B80007C47C83E0C4B6B3F53B9C93E8CFB6A3F18
:104B9000AE2ACB3E7BAB6A3F8B9BCC3ED95A6A3F59
:104BA000EA0BCE3EA7096A3FCA7BCF3EE4B7693F16
:104BB0002AEBD03E9165693F095AD23EAE12693F59
:104BC00067C8D33E3CBF683F4136D53E396B683F2E
:104BD00099A3D63EA816683F6B10D83E87C1673FA1
:104BE000B97CD93ED86B673F80E8DA3E9915673FBC
:104BF000C153DC3ECCBE663F79BEDD3E7167663F89
:104C0000A928DF3E880F663F4F92E03E10B7653F10
:104C10006AFBE13E0B5E653FFA63E33E7904653F64
:104C2000FECBE43E59AA643F7533E63EAC4F643F89
:104C30005D9AE73E73F4633FB700E93EAC98633F8B
:104C40008166EA3E5A3C633FBBCBEB3E7BDF623F73
:104C50006330ED3E1082623F7994EE3E1A24623F4B
:104C6000FBF7EF3E98C5613FEA5AF13E8A66613F25
:104C700043BDF23EF206613F071FF43ECFA6603F00
:104C80003580F53E2146603FCBE0F63EE9E45F3FEC
:104C9000C840F83E27835F3F2DA0F93EDB205F3FF1
:104CA000F7FEFA3E05BE5E3F275DFC3EA65A5E3F1C
:104CB000BBBAFD3EBEF65D3FB217FF3E4D925D3F73
:104CC000063A003F532D5D3FE4E7003FD1C75C3F0C
:104CD0007395013FC7615C3FB142023F34FB5B3FCC
:104CE0009FEF023F1A945B3F3D9C033F792C5B3F53
:104CF0008948043F50C45A3F84F4043FA05B5A3FA4
:104D00002CA0053F6AF2593F824B063FAD88593FC0
:104D100086F6063F6A1E593F36A1073FA1B3583FAA
:104D2000924B083F5348583F9BF5083F7FDC573F65
:104D30004E9F093F2670573FAD480A3F4803573FF3
:104D4000B7F10A3FE595563F6B9A0B3FFE27563F5A
:104D5000C9420C3F93B9553FD0EA0C3FA44A553F96
:104D600081920D3F31DB543FDA390E3F3B6B543FAC
:104D7000DBE00E3FC3FA533F84870F3FC789533FA1
:104D8000D52D103F4918533FCDD3103F49A6523F70
:104D90006B79113FC633523FB01E123FC2C0513F24
:104DA0009AC3123F3D4D513F2A68133F37D9503FB8
:104DB0005F0C143FAF64503F39B0143FA8EF4F3F32
:104DC000B753153F1F7A4F3FD9F6153F17044F3F92
:104DD0009F99163F908D4E3F073C173F89164E3FD7
:104DE00012DE173F029F4D3FC07F183FFD264D3F0B
:104DF0000F21193F79AE4C3F00C2193F78354C3F27
:104E000093621A3FF8BB4B3FC6021B3FFA414B3F30
:104E100099A21B3F7FC74A3F0C421C3F874C4A3F29
:104E20001FE11C3F12D1493FD17F1D3F2155493F12
:104E3000221E1E3FB3D8483F12BC1E3FCA5B483FEC
:104E40009F591F3F65DE473FCBF61F3F8560473FB9
:104E50009393203F2AE2463FF92F213F5463463F78
:104E6000FBCB213F03E4453F9967223F3964453F2F
:104E7000D302233FF5E3443FA99D233F3763443FDB
:104E80001A38243F00E2433F25D2243F5160433F7C
:104E9000CB6B253F29DE423F0A05263F895B423F17
:104EA000E39D263F70D8413F5636273FE154413FAE
:104EB00061CE273FDAD0403F0566283F5C4C403F3B
:104EC00041FD283F67C73F3F1594293FFC413F3FC5
:104ED000802A2A3F1BBC3E3F82C02A3FC5353E3F49
:104EE0001B562B3FF9AE3D3F4AEB2B3FB8273D3FCA
:104EF0000F802C3F03A03C3F69142D3FD9173C3F46
:104F000059A82D3F3B8F3B3FDE3B2E3F29063B3FC1
:104F1000F7CE2E3FA47C3A3FA5612F3FACF2393F3C
:104F2000E6F32F3F4268393FBB85303F65DD383FB0
:104F30002217313F1652383F1DA8313F55C6373F23
:104F4000AA38323F233A373FC9C8323F7FAD363F98
:104F50007A58333F6C20363FBCE7333FE792353F0A
:104F60008F76343FF304353FF304353F8F76343F7B
:104F7000E792353FBCE7333F6C20363F7A58333FEA
:104F80007FAD363FC9C8323F233A373FAA38323F58
:104F900055C6373F1DA8313F1652383F2217313FC3
:104FA00065DD383FBB85303F4268393FE6F32F3F30
:104FB000ACF2393FA5612F3FA47C3A3FF7CE2E3F9C
:104FC00029063B3FDE3B2E3F3B8F3B3F59A82D3F01
:104FD000D9173C3F69142D3F03A03C3F0F802C3F65
:104FE000B8273D3F4AEB2B3FF9AE3D3F1B562B3FC9
:104FF000C5353E3F82C02A3F1BBC3E3F802A2A3F28
:10500000FC413F3F1594293F67C73F3F41FD283F83
:105010005C4C403F0566283FDAD0403F61CE273FD9
:10502000E154413F5636273F70D8413FE39D263F2C
:10503000895B423F0A05263F29DE423FCB6B253F75
:105040005160433F25D2243F00E2433F1A38243FBA
:105050003763443FA99D233FF5E3443FD302233FF9
:105060003964453F9967223F03E4453FFBCB213F2D
:105070005463463FF92F213F2AE2463F9393203F56
:105080008560473FCBF61F3F65DE473F9F591F3F77
:10509000CA5B483F12BC1E3FB3D8483F221E1E3F8A
:1050A0002155493FD17F1D3F12D1493F1FE11C3F90
:1050B000874C4A3F0C421C3F7FC74A3F99A21B3F87
:1050C000FA414B3FC6021B3FF8BB4B3F93621A3F6E
:1050D00078354C3F00C2193F79AE4C3F0F21193F44
:1050E000FD264D3FC07F183F029F4D3F12DE173F08
:1050F00089164E3F073C173F908D4E3F9F99163FB4
:1051000017044F3FD9F6153F1F7A4F3FB753153F4E
:10511000A8EF4F3F39B0143FAF64503F5F0C143FCE
:1051200037D9503F2A68133F3D4D513F9AC3123F34
:10513000C2C0513FB01E123FC633523F6B79113F80
:1051400049A6523FCDD3103F4918533FD52D103FAC
:10515000C789533F84870F3FC3FA533FDBE00E3FBD
:105160003B6B543FDA390E3F31DB543F81920D3FA8
:10517000A44A553FD0EA0C3F93B9553FC9420C3F72
:10518000FE27563F6B9A0B3FE595563FB7F10A3F16
:105190004803573FAD480A3F2670573F4E9F093F8F
:1051A0007FDC573F9BF5083F5348583F924B083FE1
:1051B000A1B3583F36A1073F6A1E593F86F6063F06
:1051C000AD88593F824B063F6AF2593F2CA0053FFC
:1051D000A05B5A3F84F4043F50C45A3F8948043FBF
:1051E000792C5B3F3D9C033F1A945B3F9FEF023F4E
:1051F00034FB5B3FB142023FC7615C3F7395013FA7
:10520000D1C75C3FE4E7003F532D5D3F063A003FC6
:105210004D925D3FB217FF3EBEF65D3FBBBAFD3E0D
:10522000A65A5E3F275DFC3E05BE5E3FF7FEFA3E96
:10523000DB205F3F2DA0F93E27835F3FC840F83E4B
:10524000E9E45F3FCBE0F63E2146603F3580F53E26
:10525000CFA6603F071FF43EF206613F43BDF23E1A
:105260008A66613FEA5AF13E98C5613FFBF7EF3E1F
:105270001A24623F7994EE3E1082623F6330ED3E25
:105280007BDF623FBBCBEB3E5A3C633F8166EA3E2D
:10529000AC98633FB700E93E73F4633F5D9AE73E25
:1052A000AC4F643F7533E63E59AA643FFECBE43E03
:1052B0007904653FFA63E33E0B5E653F6AFBE13EBE
:1052C00010B7653F4F92E03E880F663FA928DF3E4A
:1052D0007167663F79BEDD3ECCBE663FC153DC3EA2
:1052E0009915673F80E8DA3ED86B673FB97CD93EB5
:1052F00087C1673F6B10D83EA816683F99A3D63E7A
:10530000396B683F4136D53E3CBF683F67C8D33EE6
:10531000AE12693F095AD23E9165693F2AEBD03EF1
:10532000E4B7693FCA7BCF3EA7096A3FEA0BCE3E8E
:10533000D95A6A3F8B9BCC3E7BAB6A3FAE2ACB3EB1
:105340008CFB6A3F53B9C93E0C4B6B3F7C47C83E50
:10535000FB996B3F29D5C63E58E86B3F5C62C53E62
:1053600024366C3F15EFC33E5E836C3F557BC23ED7
:1053700007D06C3F1E07C13E1D1C6D3F6F92BF3EA4
:10538000A1676D3F4A1DBE3E93B26D3FAFA7BC3EC5
:10539000F2FC6D3FA031BB3EBE466E3F1EBBB93E28
:1053A000F88F6E3F2A44B83E9ED86E3FC3CCB63EBF
:1053B000B0206F3FEC54B53E30686F3FA5DCB33E84
:1053C0001BAF6F3FEF63B23E73F56F3FCBEAB03E6A
:1053D000373B703F3A71AF3E6680703F3CF7AD3E61
:1053E00002C5703FD47CAC3E0809713F0102AB3E60
:1053F0007A4C713FC486A93E578F713F1F0BA83E60
:105400009FD1713F128FA63E5213723F9F12A53E4D
:105410007054723FC595A33EF894723F8718A23E20
:10542000EBD4723FE59AA03E4714733FDF1C9F3ECA
:105430000E53733F789E9D3E3F91733FAF1F9C3E3E
:10544000D9CE733F86A09A3EDD0B743FFE20993E75
:105450004B48743F17A1973E2284743FD220963E5A
:1054600062BF743F31A0943E0BFA743F351F933EE8
:105470001D34753FDD9D913E976D753F2C1C903E10
:105480007BA6753F229A8E3EC6DE753FC0178D3EC5
:105490007A16763F07958B3E974D763FF8118A3EF8
:1054A0001B84763F938E883E07BA763FDA0A873EA2
:1054B0005BEF763FCE86853E1724773F7002843EB1
:1054C0003A58773FC07D823EC58B773FC0F8803E1B
:1054D000B7BE773FE1E67E3E10F1773FA4DB7B3E2F
:1054E000D122783FCCCF783EF853783F5AC3753EEF
:1054F0008684783F51B6723E7BB4783FB2A86F3E47
:10550000D6E3783F7F9A6C3E9812793FBA8B693E1A
:10551000C040793F667C663E4E6E793F836C633E49
:10552000439B793F135C603E9DC7793F1A4B5D3EBC
:105530005EF3793F97395A3E841E7A3F8F27573E54
:1055400010497A3F0115543E02737A3FF101513EF2
:10555000599C7A3F60EE4D3E16C57A3F4FDA4A3E7F
:1055600037ED7A3FC2C5473EBE147B3FB9B0443EDB
:10557000AB3B7B3F379B413EFC617B3F3E853E3EE4
:10558000B2877B3FCF6E3B3ECDAC7B3FEC57383E86
:105590004DD17B3F9840353E31F57B3FD428323E9C
:1055A0007A187C3FA2102F3E283B7C3F04F82B3E0C
:1055B0003A5D7C3FFCDE283EB07E7C3F8CC5253EBC
:1055C0008A9F7C3FB6AB223EC9BF7C3F7B911F3E8A
:1055D0006CDF7C3FDE761C3E73FE7C3FE05B193E59
:1055E000DD1C7D3F8340163EAC3A7D3FCA24133E0E
:1055F000DE577D3FB708103E74747D3F4AEC0C3E89
:105600006E907D3F86CF093ECCAB7D3F6EB2063EAD
:105610008CC67D3F0295033EB1E07D3F4577003E5D
:1056200038FA7D3F73B2FA3D24137E3FC075F43DD6
:10563000722B7E3F7638EE3D23437E3F9AFAE73D5C
:10564000385A7E3F2EBCE13DB0707E3F377DDB3D5A
:105650008B867E3FB93DD53DC99B7E3FB7FDCE3D94
:1056600069B07E3F36BDC83D6DC47E3F397CC23DCA
:10567000D4D77E3FC33ABC3D9DEA7E3FDAF8B53DC4
:10568000C9FC7E3F80B6AF3D580E7F3FBA73A93D3F
:10569000491F7F3F8C30A33D9D2F7F3FF9EC9C3D00
:1056A000543F7F3F05A9963D6D4E7F3FB464903DCA
:1056B000E95C7F3F0A208A3DC76A7F3F0ADB833D62
:1056C00008787F3F742B7B3DAB847F3F38A06E3DD5
:1056D000B1907F3F6814623D189C7F3F0E88553D16
:1056E000E3A67F3F2FFB483D0FB17F3FD56D3C3D8B
:1056F0009EBA7F3F07E02F3D8FC37F3FCC51233DB4
:10570000E2CB7F3F2CC3163D98D37F3F2F340A3D19
:10571000AFDA7F3FB949FB3C29E17F3F7B2AE23C7E
:1057200005E77F3FB00AC93C43EC7F3F69EAAF3CE5
:10573000E3F07F3FB6C9963CE6F47F3F4B517B3C9C
:105740004AF87F3F900E493C11FB7F3F59CB163CF6
:1057500039FD7F3F890FC93BC4FE7F3FC70F493BDF
:10576000B1FF7F3F000000000000803FC70F49BB32
:10577000B1FF7F3F890FC9BBC4FE7F3F59CB16BC29
:1057800039FD7F3F900E49BC11FB7F3F4B517BBCE5
:105790004AF87F3FB6C996BCE6F47F3F69EAAFBCE2
:1057A000E3F07F3FB00AC9BC43EC7F3F7B2AE2BCF9
:1057B00005E77F3FB949FBBC29E17F3F2F340ABD94
:1057C000AFDA7F3F2CC316BD98D37F3FCC5123BDAA
:1057D000E2CB7F3F07E02FBD8FC37F3FD56D3CBD40
:1057E0009EBA7F3F2FFB48BD0FB17F3F0E8855BD4E
:1057F000E3A67F3F681462BD189C7F3F38A06EBD52
:10580000B1907F3F742B7BBDAB847F3F0ADB83BDB0
:1058100008787F3F0A208ABDC76A7F3FB46490BD85
:10582000E95C7F3F05A996BD6D4E7F3FF9EC9CBDBD
:10583000543F7F3F8C30A3BD9D2F7F3FBA73A9BDDE
:10584000491F7F3F80B6AFBD580E7F3FDAF8B5BD28
:10585000C9FC7E3FC33ABCBD9DEA7E3F397CC2BDD8
:10586000D4D77E3F36BDC8BD6DC47E3FB7FDCEBD2B
:1058700069B07E3FB93DD5BDC99B7E3F377DDBBD5D
:105880008B867E3F2EBCE1BDB0707E3F9AFAE7BDAD
:10589000385A7E3F7638EEBD23437E3FC075F4BD57
:1058A000722B7E3F73B2FABD24137E3F457700BE54
:1058B00038FA7D3F029503BEB1E07D3F6EB206BE71
:1058C0008CC67D3F86CF09BECCAB7D3F4AEC0CBE7B
:1058D0006E907D3FB70810BE74747D3FCA2413BE1E
:1058E000DE577D3F834016BEAC3A7D3FE05B19BE7C
:1058F000DD1C7D3FDE761CBE73FE7C3F7B911FBEB0
:105900006CDF7C3FB6AB22BEC9BF7C3F8CC525BED9
:105910008A9F7C3FFCDE28BEB07E7C3F04F82BBE15
:105920003A5D7C3FA2102FBE283B7C3FD42832BE7C
:105930007A187C3F984035BE31F57B3FEC5738BE36
:105940004DD17B3FCF6E3BBECDAC7B3F3E853EBE57
:10595000B2877B3F379B41BEFC617B3FB9B044BE01
:10596000AB3B7B3FC2C547BEBE147B3F4FDA4ABE4E
:1059700037ED7A3F60EE4DBE16C57A3FF10151BE5C
:10598000599C7A3F011554BE02737A3F8F2757BE48
:1059900010497A3F97395ABE841E7A3F1A4B5DBE32
:1059A0005EF3793F135C60BE9DC7793F836C63BE35
:1059B000439B793F667C66BE4E6E793FBA8B69BE6B
:1059C000C040793F7F9A6CBE9812793FB2A86FBEF3
:1059D000D6E3783F51B672BE7BB4783F5AC375BEEA
:1059E0008684783FCCCF78BEF853783FA4DB7BBE6B
:1059F000D122783FE1E67EBE10F1773FC0F880BE4D
:105A0000B7BE773FC07D82BEC58B773F700284BE34
:105A10003A58773FCE8685BE1724773FDA0A87BE8D
:105A20005BEF763F938E88BE07BA763FF8118ABE49
:105A30001B84763F07958BBE974D763FC0178DBE72
:105A40007A16763F229A8EBEC6DE753F2C1C90BE1B
:105A50007BA6753FDD9D91BE976D753F351F93BE4B
:105A60001D34753F31A094BE0BFA743FD22096BE10
:105A700062BF743F17A197BE2284743FFE2099BE77
:105A80004B48743F86A09ABEDD0B743FAF1F9CBE8F
:105A9000D9CE733F789E9DBE3F91733FDF1C9FBE62
:105AA0000E53733FE59AA0BE4714733F8718A2BEFA
:105AB000EBD4723FC595A3BEF894723F9F12A5BE6A
:105AC0007054723F128FA6BE5213723F1F0BA8BEB6
:105AD0009FD1713FC486A9BE578F713F0102ABBEF3
:105AE0007A4C713FD47CACBE0809713F3CF7ADBE27
:105AF00002C5703F3A71AFBE6680703FCBEAB0BE60
:105B0000373B703FEF63B2BE73F56F3FA5DCB3BEAA
:105B10001BAF6F3FEC54B5BE30686F3FC3CCB6BE11
:105B2000B0206F3F2A44B8BE9ED86E3F1EBBB9BEA0
:105B3000F88F6E3FA031BBBEBE466E3FAFA7BCBE66
:105B4000F2FC6D3F4A1DBEBE93B26D3F6F92BFBE69
:105B5000A1676D3F1E07C1BE1D1C6D3F557BC2BEB8
:105B600007D06C3F15EFC3BE5E836C3F5C62C5BE61
:105B700024366C3F29D5C6BE58E86B3F7C47C8BE6B
:105B8000FB996B3F53B9C9BE0C4B6B3FAE2ACBBEE2
:105B90008CFB6A3F8B9BCCBE7BAB6A3FEA0BCEBED5
:105BA000D95A6A3FCA7BCFBEA7096A3F2AEBD0BE4B
:105BB000E4B7693F095AD2BE9165693F67C8D3BE51
:105BC000AE12693F4136D5BE3CBF683F99A3D6BEF1
:105BD000396B683F6B10D8BEA816683FB97CD9BE38
:105BE00087C1673F80E8DABED86B673FC153DCBE30
:105BF0009915673F79BEDDBECCBE663FA928DFBEE2
:105C00007167663F4F92E0BE880F663F6AFBE1BE58
:105C100010B7653FFA63E3BE0B5E653FFECBE4BEA3
:105C20007904653F7533E6BE59AA643F5D9AE7BEC5
:105C3000AC4F643FB700E9BE73F4633F8166EABED0
:105C4000AC98633FBBCBEBBE5A3C633F6330EDBEC9
:105C50007BDF623F7994EEBE1082623FFBF7EFBEBE
:105C60001A24623FEA5AF1BE98C5613F43BDF2BEB5
:105C70008A66613F071FF4BEF206613F3580F5BEBC
:105C8000CFA6603FCBE0F6BE2146603FC840F8BEDD
:105C9000E9E45F3F2DA0F9BE27835F3FF7FEFABE20
:105CA000DB205F3F275DFCBE05BE5E3FBBBAFDBE8D
:105CB000A65A5E3FB217FFBEBEF65D3F063A00BF72
:105CC0004D925D3FE4E700BF532D5D3F739501BFEB
:105CD000D1C75C3FB14202BFC7615C3F9FEF02BFCB
:105CE00034FB5B3F3D9C03BF1A945B3F894804BF74
:105CF000792C5B3F84F404BF50C45A3F2CA005BFED
:105D0000A05B5A3F824B06BF6AF2593F86F606BF38
:105D1000AD88593F36A107BF6A1E593F924B08BF55
:105D2000A1B3583F9BF508BF5348583F4E9F09BF4A
:105D30007FDC573FAD480ABF2670573FB7F10ABF17
:105D40004803573F6B9A0BBFE595563FC9420CBFBE
:105D5000FE27563FD0EA0CBF93B9553F81920DBF45
:105D6000A44A553FDA390EBF31DB543FDBE00EBFAA
:105D70003B6B543F84870FBFC3FA533FD52D10BFF1
:105D8000C789533FCDD310BF4918533F6B7911BF1B
:105D900049A6523FB01E12BFC633523F9AC312BF2C
:105DA000C2C0513F2A6813BF3D4D513F5F0C14BF25
:105DB00037D9503F39B014BFAF64503FB75315BF08
:105DC000A8EF4F3FD9F615BF1F7A4F3F9F9916BFD7
:105DD00017044F3F073C17BF908D4E3F12DE17BF91
:105DE00089164E3FC07F18BF029F4D3F0F2119BF3C
:105DF000FD264D3F00C219BF79AE4C3F93621ABFDA
:105E000078354C3FC6021BBFF8BB4B3F99A21BBF66
:105E1000FA414B3F0C421CBF7FC74A3F1FE11CBFEA
:105E2000874C4A3FD17F1DBF12D1493F221E1EBF62
:105E30002155493F12BC1EBFB3D8483F9F591FBFD1
:105E4000CA5B483FCBF61FBF65DE473F939320BF39
:105E50008560473FF92F21BF2AE2463FFBCB21BF98
:105E60005463463F996722BF03E4453FD30223BFF3
:105E70003964453FA99D23BFF5E3443F1A3824BF49
:105E80003763443F25D224BF00E2433FCB6B25BF9D
:105E90005160433F0A0526BF29DE423FE39D26BFEE
:105EA000895B423F563627BF70D8413F61CE27BF3E
:105EB000E154413F056628BFDAD0403F41FD28BF8D
:105EC0005C4C403F159429BF67C73F3F802A2ABFDB
:105ED000FC413F3F82C02ABF1BBC3E3F1B562BBF2D
:105EE000C5353E3F4AEB2BBFF9AE3D3F0F802CBF7F
:105EF000B8273D3F69142DBF03A03C3F59A82DBFD3
:105F0000D9173C3FDE3B2EBF3B8F3B3FF7CE2EBF2A
:105F100029063B3FA5612FBFA47C3A3FE6F32FBF84
:105F2000ACF2393FBB8530BF4268393F221731BFE1
:105F300065DD383F1DA831BF1652383FAA3832BF41
:105F400055C6373FC9C832BF233A373F7A5833BFA7
:105F50007FAD363FBCE733BF6C20363F8F7634BF12
:105F6000E792353FF30435BFF304353FE79235BF81
:105F70008F76343F6C2036BFBCE7333F7FAD36BFF2
:105F80007A58333F233A37BFC9C8323F55C637BF67
:105F9000AA38323F165238BF1DA8313F65DD38BFE1
:105FA0002217313F426839BFBB85303FACF239BF61
:105FB000E6F32F3FA47C3ABFA5612F3F29063BBFE4
:105FC000F7CE2E3F3B8F3BBFDE3B2E3FD9173CBF6A
:105FD00059A82D3F03A03CBF69142D3FB8273DBFF2
:105FE0000F802C3FF9AE3DBF4AEB2B3FC5353EBF7E
:105FF0001B562B3F1BBC3EBF82C02A3FFC413FBF0C
:10600000802A2A3F67C73FBF1594293F5C4C40BF99
:1060100041FD283FDAD040BF0566283FE15441BF2B
:1060200061CE273F70D841BF5636273F895B42BFBC
:10603000E39D263F29DE42BF0A05263F516043BF4C
:10604000CB6B253F00E243BF25D2243F376344BFDB
:106050001A38243FF5E344BFA99D233F396445BF67
:10606000D302233F03E445BF9967223F546346BFF1
:10607000FBCB213F2AE246BFF92F213F856047BF76
:106080009393203F65DE47BFCBF61F3FCA5B48BFF7
:106090009F591F3FB3D848BF12BC1E3F215549BF6F
:1060A000221E1E3F12D149BFD17F1D3F874C4ABFE0
:1060B0001FE11C3F7FC74ABF0C421C3FFA414BBF48
:1060C00099A21B3FF8BB4BBFC6021B3F78354CBFA4
:1060D00093621A3F79AE4CBF00C2193FFD264DBFF7
:1060E0000F21193F029F4DBFC07F183F89164EBF39
:1060F00012DE173F908D4EBF073C173F17044FBF6E
:106100009F99163F1F7A4FBFD9F6153FA8EF4FBF93
:10611000B753153FAF6450BF39B0143F37D950BFA4
:106120005F0C143F3D4D51BF2A68133FC2C051BFA1
:106130009AC3123FC63352BFB01E123F49A652BF88
:106140006B79113F491853BFCDD3103FC78953BF57
:10615000D52D103FC3FA53BF84870F3F3B6B54BF0D
:10616000DBE00E3F31DB54BFDA390E3FA44A55BFA6
:1061700081920D3F93B955BFD0EA0C3FFE2756BF21
:10618000C9420C3FE59556BF6B9A0B3F480357BF7A
:10619000B7F10A3F267057BFAD480A3F7FDC57BFB3
:1061A0004E9F093F534858BF9BF5083FA1B358BFC6
:1061B000924B083F6A1E59BF36A1073FAD8859BFB1
:1061C00086F6063F6AF259BF824B063FA05B5ABF74
:1061D0002CA0053F50C45ABF84F4043F792C5BBF08
:1061E0008948043F1A945BBF3D9C033F34FB5BBF6F
:1061F0009FEF023FC7615CBFB142023FD1C75CBFA6
:106200007395013F532D5DBFE4E7003F4D925DBFA5
:10621000063A003FBEF65DBFB217FF3EA65A5EBF0C
:10622000BBBAFD3E05BE5EBF275DFC3EDB205FBF07
:10623000F7FEFA3E27835FBF2DA0F93EE9E45FBF7A
:10624000C840F83E214660BFCBE0F63ECFA660BF17
:106250003580F53EF20661BF071FF43E8A6661BFD6
:1062600043BDF23E98C561BFEA5AF13E1A2462BFAF
:10627000FBF7EF3E108262BF7994EE3E7BDF62BF98
:106280006330ED3E5A3C63BFBBCBEB3EAC9863BF83
:106290008166EA3E73F463BFB700E93EAC4F64BF6A
:1062A0005D9AE73E59AA64BF7533E63E790465BF3F
:1062B000FECBE43E0B5E65BFFA63E33E10B765BFFD
:1062C0006AFBE13E880F66BF4F92E03E716766BF92
:1062D000A928DF3ECCBE66BF79BEDD3E991567BFFB
:1062E000C153DC3ED86B67BF80E8DA3E87C167BF29
:1062F000B97CD93EA81668BF6B10D83E396B68BF11
:1063000099A3D63E3CBF68BF4136D53EAE1269BFA9
:1063100067C8D33E916569BF095AD23EE4B769BFE9
:106320002AEBD03EA7096ABFCA7BCF3ED95A6ABFC3
:10633000EA0BCE3E7BAB6ABF8B9BCC3E8CFB6ABF2D
:10634000AE2ACB3E0C4B6BBF53B9C93EFB996BBF1A
:106350007C47C83E58E86BBF29D5C63E24366CBF83
:106360005C62C53E5E836CBF15EFC33E07D06CBF59
:10637000557BC23E1D1C6DBF1E07C13EA1676DBF90
:106380006F92BF3E93B26DBF4A1DBE3EF2FC6DBF21
:10639000AFA7BC3EBE466EBFA031BB3EF88F6EBFFE
:1063A0001EBBB93E9ED86EBF2A44B83EB0206FBF18
:1063B000C3CCB63E30686FBFEC54B53E1BAF6FBF69
:1063C000A5DCB33E73F56FBFEF63B23E373B70BFE2
:1063D000CBEAB03E668070BF3A71AF3E02C570BF77
:1063E0003CF7AD3E080971BFD47CAC3E7A4C71BF1E
:1063F0000102AB3E578F71BFC486A93E9FD171BFCA
:106400001F0BA83E521372BF128FA63E705472BF6C
:106410009F12A53EF89472BFC595A33EEBD472BF00
:106420008718A23E471473BFE59AA03E0E5373BF70
:10643000DF1C9F3E3F9173BF789E9D3ED9CE73BFB8
:10644000AF1F9C3EDD0B74BF86A09A3E4B4874BFC5
:10645000FE20993E228474BF17A1973E62BF74BF8D
:10646000D220963E0BFA74BF31A0943E1D3475BF06
:10647000351F933E976D75BFDD9D913E7BA675BF21
:106480002C1C903EC6DE75BF229A8E3E7A1676BFD1
:10649000C0178D3E974D76BF07958B3E1B8476BF08
:1064A000F8118A3E07BA76BF938E883E5BEF76BFBF
:1064B000DA0A873E172477BFCE86853E3A5877BFE3
:1064C0007002843EC58B77BFC07D823EB7BE77BF6A
:1064D000C0F8803E10F177BFE1E67E3ED12278BF62
:1064E000A4DB7B3EF85378BFCCCF783E868478BF60
:1064F0005AC3753E7BB478BF51B6723ED6E378BFBF
:10650000B2A86F3E981279BF7F9A6C3EC04079BFA7
:10651000BA8B693E4E6E79BF667C663E439B79BFFF
:10652000836C633E9DC779BF135C603E5EF379BFA9
:106530001A4B5D3E841E7ABF97395A3E10497ABF86
:106540008F27573E02737ABF0115543E599C7ABF7C
:10655000F101513E16C57ABF60EE4D3E37ED7ABF70
:106560004FDA4A3EBE147BBFC2C5473EAB3B7BBF42
:10657000B9B0443EFC617BBF379B413EB2877BBFD5
:106580003E853E3ECDAC7BBFCF6E3B3E4DD17BBF0B
:10659000EC57383E31F57BBF9840353E7A187CBFCA
:1065A000D428323E283B7CBFA2102F3E3A5D7CBFF0
:1065B00004F82B3EB07E7CBFFCDE283E8A9F7CBF69
:1065C0008CC5253EC9BF7CBFB6AB223E6CDF7CBF0D
:1065D0007B911F3E73FE7CBFDE761C3EDD1C7DBFC3
:1065E000E05B193EAC3A7DBF8340163EDE577DBF6F
:1065F000CA24133E74747DBFB708103E6E907DBFF1
:106600004AEC0C3ECCAB7DBF86CF093E8CC67DBF2D
:106610006EB2063EB1E07DBF0295033E38FA7DBF03
:106620004577003E24137EBF73B2FA3D722B7EBFC6
:10663000C075F43D23437EBF7638EE3D385A7EBFA9
:106640009AFAE73DB0707EBF2EBCE13D8B867EBFDF
:10665000377DDB3DC99B7EBFB93DD53D69B07EBF6F
:10666000B7FDCE3D6DC47EBF36BDC83DD4D77EBF1D
:10667000397CC23D9DEA7EBFC33ABC3DC9FC7EBFAA
:10668000DAF8B53D580E7FBF80B6AF3D491F7FBFDA
:10669000BA73A93D9D2F7FBF8C30A33D543F7FBF70
:1066A000F9EC9C3D6D4E7FBF05A9963DE95C7FBF2F
:1066B000B464903DC76A7FBF0A208A3D08787FBFD7
:1066C0000ADB833DAB847FBF742B7B3DB1907FBFE2
:1066D00038A06E3D189C7FBF6814623DE3A67FBF63
:1066E0000E88553D0FB17FBF2FFB483D9EBA7FBF3F
:1066F000D56D3C3D8FC37FBF07E02F3DE2CB7FBF11
:10670000CC51233D98D37FBF2CC3163DAFDA7FBF5A
:106710002F340A3D29E17FBFB949FB3C05E77FBF24
:106720007B2AE23C43EC7FBFB00AC93CE3F07FBF69
:1067300069EAAF3CE6F47FBFB6C9963C4AF87FBF32
:106740004B517B3C11FB7FBF900E493C39FD7FBF15
:1067500059CB163CC4FE7FBF890FC93BB1FF7FBF39
:10676000C70F493B000080BF00000000B1FF7FBFA2
:10677000C70F49BBC4FE7FBF890FC9BB39FD7FBFAF
:1067800059CB16BC11FB7FBF900E49BC4AF87FBFA6
:106790004B517BBCE6F47FBFB6C996BCE3F07FBF2C
:1067A00069EAAFBC43EC7FBFB00AC9BC05E77FBF55
:1067B0007B2AE2BC29E17FBFB949FBBCAFDA7FBFCE
:1067C0002F340ABD98D37FBF2CC316BDE2CB7FBF49
:1067D000CC5123BD8FC37FBF07E02FBD9EBA7FBFC3
:1067E000D56D3CBD0FB17FBF2FFB48BDE3A67FBF7A
:1067F0000E8855BD189C7FBF681462BDB1907FBFE5
:1068000038A06EBDAB847FBF742B7BBD08787FBF83
:106810000ADB83BDC76A7FBF0A208ABDE95C7FBFF0
:10682000B46490BD6D4E7FBF05A996BD543F7FBF38
:10683000F9EC9CBD9D2F7FBF8C30A3BD491F7FBF4E
:10684000BA73A9BD580E7FBF80B6AFBDC9FC7EBF6D
:10685000DAF8B5BD9DEA7EBFC33ABCBDD4D77EBFD2
:10686000397CC2BD6DC47EBF36BDC8BD69B07EBFB8
:10687000B7FDCEBDC99B7EBFB93DD5BD8B867EBF62
:10688000377DDBBDB0707EBF2EBCE1BD385A7EBF08
:106890009AFAE7BD23437EBF7638EEBD722B7EBFEA
:1068A000C075F4BD24137EBF73B2FABD38FA7DBF44
:1068B000457700BEB1E07DBF029503BE8CC67DBFAB
:1068C0006EB206BECCAB7DBF86CF09BE6E907DBFDB
:1068D0004AEC0CBE74747DBFB70810BEDE577DBF96
:1068E000CA2413BEAC3A7DBF834016BEDD1C7DBFFB
:1068F000E05B19BE73FE7CBFDE761CBE6CDF7CBF26
:106900007B911FBEC9BF7CBFB6AB22BE8A9F7CBF36
:106910008CC525BEB07E7CBFFCDE28BE3A5D7CBF48
:1069200004F82BBE283B7CBFA2102FBE7A187CBF78
:10693000D42832BE31F57BBF984035BE4DD17BBFE8
:10694000EC5738BECDAC7BBFCF6E3BBEB2877BBFB2
:106950003E853EBEFC617BBF379B41BEAB3B7BBFF0
:10696000B9B044BEBE147BBFC2C547BE37ED7ABFC7
:106970004FDA4ABE16C57ABF60EE4DBE599C7ABF4B
:10698000F10151BE02737ABF011554BE10497ABF9E
:106990008F2757BE841E7ABF97395ABE5EF379BFE0
:1069A0001A4B5DBE9DC779BF135C60BE439B79BF28
:1069B000836C63BE4E6E79BF667C66BEC04079BF95
:1069C000BA8B69BE981279BF7F9A6CBED6E378BF46
:1069D000B2A86FBE7BB478BF51B672BE868478BF52
:1069E0005AC375BEF85378BFCCCF78BED12278BFDA
:1069F000A4DB7BBE10F177BFE1E67EBEB7BE77BFFA
:106A0000C0F880BEC58B77BFC07D82BE3A5877BFC5
:106A1000700284BE172477BFCE8685BE5BEF76BF3B
:106A2000DA0A87BE07BA76BF938E88BE1B8476BF0C
:106A3000F8118ABE974D76BF07958BBE7A1676BF42
:106A4000C0178DBEC6DE75BF229A8EBE7BA675BFEF
:106A50002C1C90BE976D75BFDD9D91BE1D3475BF1A
:106A6000351F93BE0BFA74BF31A094BE62BF74BFD2
:106A7000D22096BE228474BF17A197BE4B4874BF24
:106A8000FE2099BEDD0B74BF86A09ABED9CE73BF1F
:106A9000AF1F9CBE3F9173BF789E9DBE0E5373BFC8
:106AA000DF1C9FBE471473BFE59AA0BEEBD472BF34
:106AB0008718A2BEF89472BFC595A3BE705472BF6A
:106AC0009F12A5BE521372BF128FA6BE9FD171BF77
:106AD0001F0BA8BE578F71BFC486A9BE7A4C71BF69
:106AE0000102ABBE080971BFD47CACBE02C570BF49
:106AF0003CF7ADBE668070BF3A71AFBE373B70BF2A
:106B0000CBEAB0BE73F56FBFEF63B2BE1BAF6FBF12
:106B1000A5DCB3BE30686FBFEC54B5BEB0206FBF0C
:106B2000C3CCB6BE9ED86EBF2A44B8BEF88F6EBF27
:106B30001EBBB9BEBE466EBFA031BBBEF2FC6DBF70
:106B4000AFA7BCBE93B26DBF4A1DBEBEA1676DBFED
:106B50006F92BFBE1D1C6DBF1E07C1BE07D06CBFAC
:106B6000557BC2BE5E836CBF15EFC3BE24366CBFBF
:106B70005C62C5BE58E86BBF29D5C6BEFB996BBF2A
:106B80007C47C8BE0C4B6BBF53B9C9BE8CFB6ABFF8
:106B9000AE2ACBBE7BAB6ABF8B9BCCBED95A6ABF39
:106BA000EA0BCEBEA7096ABFCA7BCFBEE4B769BFF6
:106BB0002AEBD0BE916569BF095AD2BEAE1269BF39
:106BC00067C8D3BE3CBF68BF4136D5BE396B68BF0E
:106BD00099A3D6BEA81668BF6B10D8BE87C167BF81
:106BE000B97CD9BED86B67BF80E8DABE991567BF9C
:106BF000C153DCBECCBE66BF79BEDDBE716766BF69
:106C0000A928DFBE880F66BF4F92E0BE10B765BFF0
:106C10006AFBE1BE0B5E65BFFA63E3BE790465BF44
:106C2000FECBE4BE59AA64BF7533E6BEAC4F64BF69
:106C30005D9AE7BE73F463BFB700E9BEAC9863BF6B
:106C40008166EABE5A3C63BFBBCBEBBE7BDF62BF53
:106C50006330EDBE108262BF7994EEBE1A2462BF2B
:106C6000FBF7EFBE98C561BFEA5AF1BE8A6661BF05
:106C700043BDF2BEF20661BF071FF4BECFA660BFE0
:106C80003580F5BE214660BFCBE0F6BEE9E45FBFCC
:106C9000C840F8BE27835FBF2DA0F9BEDB205FBFD1
:106CA000F7FEFABE05BE5EBF275DFCBEA65A5EBFFC
:106CB000BBBAFDBEBEF65DBFB217FFBE4D925DBF53
:106CC000063A00BF532D5DBFE4E700BFD1C75CBFEC
:106CD000739501BFC7615CBFB14202BF34FB5BBFAC
:106CE0009FEF02BF1A945BBF3D9C03BF792C5BBF33
:106CF000894804BF50C45ABF84F404BFA05B5ABF84
:106D00002CA005BF6AF259BF824B06BFAD8859BFA0
:106D100086F606BF6A1E59BF36A107BFA1B358BF8A
:106D2000924B08BF534858BF9BF508BF7FDC57BF45
:106D30004E9F09BF267057BFAD480ABF480357BFD3
:106D4000B7F10ABFE59556BF6B9A0BBFFE2756BF3A
:106D5000C9420CBF93B955BFD0EA0CBFA44A55BF76
:106D600081920DBF31DB54BFDA390EBF3B6B54BF8C
:106D7000DBE00EBFC3FA53BF84870FBFC78953BF81
:106D8000D52D10BF491853BFCDD310BF49A652BF50
:106D90006B7911BFC63352BFB01E12BFC2C051BF04
:106DA0009AC312BF3D4D51BF2A6813BF37D950BF98
:106DB0005F0C14BFAF6450BF39B014BFA8EF4FBF12
:106DC000B75315BF1F7A4FBFD9F615BF17044FBF72
:106DD0009F9916BF908D4EBF073C17BF89164EBFB7
:106DE00012DE17BF029F4DBFC07F18BFFD264DBFEB
:106DF0000F2119BF79AE4CBF00C219BF78354CBF07
:106E000093621ABFF8BB4BBFC6021BBFFA414BBF10
:106E100099A21BBF7FC74ABF0C421CBF874C4ABF09
:106E20001FE11CBF12D149BFD17F1DBF215549BFF2
:106E3000221E1EBFB3D848BF12BC1EBFCA5B48BFCC
:106E40009F591FBF65DE47BFCBF61FBF856047BF99
:106E5000939320BF2AE246BFF92F21BF546346BF58
:106E6000FBCB21BF03E445BF996722BF396445BF0F
:106E7000D30223BFF5E344BFA99D23BF376344BFBB
:106E80001A3824BF00E243BF25D224BF516043BF5C
:106E9000CB6B25BF29DE42BF0A0526BF895B42BFF7
:106EA000E39D26BF70D841BF563627BFE15441BF8E
:106EB00061CE27BFDAD040BF056628BF5C4C40BF1B
:106EC00041FD28BF67C73FBF159429BFFC413FBFA5
:106ED000802A2ABF1BBC3EBF82C02ABFC5353EBF29
:106EE0001B562BBFF9AE3DBF4AEB2BBFB8273DBFAA
:106EF0000F802CBF03A03CBF69142DBFD9173CBF26
:106F000059A82DBF3B8F3BBFDE3B2EBF29063BBFA1
:106F1000F7CE2EBFA47C3ABFA5612FBFACF239BF1C
:106F2000E6F32FBF426839BFBB8530BF65DD38BF90
:106F3000221731BF165238BF1DA831BF55C637BF03
:106F4000AA3832BF233A37BFC9C832BF7FAD36BF78
:106F50007A5833BF6C2036BFBCE733BFE79235BFEA
:106F60008F7634BFF30435BFF30435BF8F7634BF5B
:106F7000E79235BFBCE733BF6C2036BF7A5833BFCA
:106F80007FAD36BFC9C832BF233A37BFAA3832BF38
:106F900055C637BF1DA831BF165238BF221731BFA3
:106FA00065DD38BFBB8530BF426839BFE6F32FBF10
:106FB000ACF239BFA5612FBFA47C3ABFF7CE2EBF7C
:106FC00029063BBFDE3B2EBF3B8F3BBF59A82DBFE1
:106FD000D9173CBF69142DBF03A03CBF0F802CBF45
:106FE000B8273DBF4AEB2BBFF9AE3DBF1B562BBFA9
:106FF000C5353EBF82C02ABF1BBC3EBF802A2ABF08
:10700000FC413FBF159429BF67C73FBF41FD28BF63
:107010005C4C40BF056628BFDAD040BF61CE27BFB9
:10702000E15441BF563627BF70D841BFE39D26BF0C
:10703000895B42BF0A0526BF29DE42BFCB6B25BF55
:10704000516043BF25D224BF00E243BF1A3824BF9A
:10705000376344BFA99D23BFF5E344BFD30223BFD9
:10706000396445BF996722BF03E445BFFBCB21BF0D
:10707000546346BFF92F21BF2AE246BF939320BF36
:10708000856047BFCBF61FBF65DE47BF9F591FBF57
:10709000CA5B48BF12BC1EBFB3D848BF221E1EBF6A
:1070A000215549BFD17F1DBF12D149BF1FE11CBF70
:1070B000874C4ABF0C421CBF7FC74ABF99A21BBF67
:1070C000FA414BBFC6021BBFF8BB4BBF93621ABF4E
:1070D00078354CBF00C219BF79AE4CBF0F2119BF24
:1070E000FD264DBFC07F18BF029F4DBF12DE17BFE8
:1070F00089164EBF073C17BF908D4EBF9F9916BF94
:1071000017044FBFD9F615BF1F7A4FBFB75315BF2E
:10711000A8EF4FBF39B014BFAF6450BF5F0C14BFAE
:1071200037D950BF2A6813BF3D4D51BF9AC312BF14
:10713000C2C051BFB01E12BFC63352BF6B7911BF60
:1071400049A652BFCDD310BF491853BFD52D10BF8C
:10715000C78953BF84870FBFC3FA53BFDBE00EBF9D
:107160003B6B54BFDA390EBF31DB54BF81920DBF88
:10717000A44A55BFD0EA0CBF93B955BFC9420CBF52
:10718000FE2756BF6B9A0BBFE59556BFB7F10ABFF6
:10719000480357BFAD480ABF267057BF4E9F09BF6F
:1071A0007FDC57BF9BF508BF534858BF924B08BFC1
:1071B000A1B358BF36A107BF6A1E59BF86F606BFE6
:1071C000AD8859BF824B06BF6AF259BF2CA005BFDC
:1071D000A05B5ABF84F404BF50C45ABF894804BF9F
:1071E000792C5BBF3D9C03BF1A945BBF9FEF02BF2E
:1071F00034FB5BBFB14202BFC7615CBF739501BF87
:10720000D1C75CBFE4E700BF532D5DBF063A00BFA6
:107210004D925DBFB217FFBEBEF65DBFBBBAFDBEED
:10722000A65A5EBF275DFCBE05BE5EBFF7FEFABE76
:10723000DB205FBF2DA0F9BE27835FBFC840F8BE2B
:10724000E9E45FBFCBE0F6BE214660BF3580F5BE06
:10725000CFA660BF071FF4BEF20661BF43BDF2BEFA
:107260008A6661BFEA5AF1BE98C561BFFBF7EFBEFF
:107270001A2462BF7994EEBE108262BF6330EDBE05
:107280007BDF62BFBBCBEBBE5A3C63BF8166EABE0D
:10729000AC9863BFB700E9BE73F463BF5D9AE7BE05
:1072A000AC4F64BF7533E6BE59AA64BFFECBE4BEE3
:1072B000790465BFFA63E3BE0B5E65BF6AFBE1BE9E
:1072C00010B765BF4F92E0BE880F66BFA928DFBE2A
:1072D000716766BF79BEDDBECCBE66BFC153DCBE82
:1072E000991567BF80E8DABED86B67BFB97CD9BE95
:1072F00087C167BF6B10D8BEA81668BF99A3D6BE5A
:10730000396B68BF4136D5BE3CBF68BF67C8D3BEC6
:10731000AE1269BF095AD2BE916569BF2AEBD0BED1
:10732000E4B769BFCA7BCFBEA7096ABFEA0BCEBE6E
:10733000D95A6ABF8B9BCCBE7BAB6ABFAE2ACBBE91
:107340008CFB6ABF53B9C9BE0C4B6BBF7C47C8BE30
:10735000FB996BBF29D5C6BE58E86BBF5C62C5BE42
:1073600024366CBF15EFC3BE5E836CBF557BC2BEB7
:1073700007D06CBF1E07C1BE1D1C6DBF6F92BFBE84
:10738000A1676DBF4A1DBEBE93B26DBFAFA7BCBEA5
:10739000F2FC6DBFA031BBBEBE466EBF1EBBB9BE08
:1073A000F88F6EBF2A44B8BE9ED86EBFC3CCB6BE9F
:1073B000B0206FBFEC54B5BE30686FBFA5DCB3BE64
:1073C0001BAF6FBFEF63B2BE73F56FBFCBEAB0BE4A
:1073D000373B70BF3A71AFBE668070BF3CF7ADBE41
:1073E00002C570BFD47CACBE080971BF0102ABBE40
:1073F0007A4C71BFC486A9BE578F71BF1F0BA8BE40
:107400009FD171BF128FA6BE521372BF9F12A5BE2D
:10741000705472BFC595A3BEF89472BF8718A2BE00
:10742000EBD472BFE59AA0BE471473BFDF1C9FBEAA
:107430000E5373BF789E9DBE3F9173BFAF1F9CBE1E
:10744000D9CE73BF86A09ABEDD0B74BFFE2099BE55
:107450004B4874BF17A197BE228474BFD22096BE3A
:1074600062BF74BF31A094BE0BFA74BF351F93BEC8
:107470001D3475BFDD9D91BE976D75BF2C1C90BEF0
:107480007BA675BF229A8EBEC6DE75BFC0178DBEA5
:107490007A1676BF07958BBE974D76BFF8118ABED8
:1074A0001B8476BF938E88BE07BA76BFDA0A87BE82
:1074B0005BEF76BFCE8685BE172477BF700284BE91
:1074C0003A5877BFC07D82BEC58B77BFC0F880BEFB
:1074D000B7BE77BFE1E67EBE10F177BFA4DB7BBE0F
:1074E000D12278BFCCCF78BEF85378BF5AC375BECF
:1074F000868478BF51B672BE7BB478BFB2A86FBE27
:10750000D6E378BF7F9A6CBE981279BFBA8B69BEFA
:10751000C04079BF667C66BE4E6E79BF836C63BE29
:10752000439B79BF135C60BE9DC779BF1A4B5DBE9C
:107530005EF379BF97395ABE841E7ABF8F2757BE34
:1075400010497ABF011554BE02737ABFF10151BED2
:10755000599C7ABF60EE4DBE16C57ABF4FDA4ABE5F
:1075600037ED7ABFC2C547BEBE147BBFB9B044BEBB
:10757000AB3B7BBF379B41BEFC617BBF3E853EBEC4
:10758000B2877BBFCF6E3BBECDAC7BBFEC5738BE66
:107590004DD17BBF984035BE31F57BBFD42832BE7C
:1075A0007A187CBFA2102FBE283B7CBF04F82BBEEC
:1075B0003A5D7CBFFCDE28BEB07E7CBF8CC525BE9C
:1075C0008A9F7CBFB6AB22BEC9BF7CBF7B911FBE6A
:1075D0006CDF7CBFDE761CBE73FE7CBFE05B19BE39
:1075E000DD1C7DBF834016BEAC3A7DBFCA2413BEEE
:1075F000DE577DBFB70810BE74747DBF4AEC0CBE69
:107600006E907DBF86CF09BECCAB7DBF6EB206BE8D
:107610008CC67DBF029503BEB1E07DBF457700BE3D
:1076200038FA7DBF73B2FABD24137EBFC075F4BDB6
:10763000722B7EBF7638EEBD23437EBF9AFAE7BD3C
:10764000385A7EBF2EBCE1BDB0707EBF377DDBBD3A
:107650008B867EBFB93DD5BDC99B7EBFB7FDCEBD74
:1076600069B07EBF36BDC8BD6DC47EBF397CC2BDAA
:10767000D4D77EBFC33ABCBD9DEA7EBFDAF8B5BDA4
:10768000C9FC7EBF80B6AFBD580E7FBFBA73A9BD1F
:10769000491F7FBF8C30A3BD9D2F7FBFF9EC9CBDE0
:1076A000543F7FBF05A996BD6D4E7FBFB46490BDAA
:1076B000E95C7FBF0A208ABDC76A7FBF0ADB83BD42
:1076C00008787FBF742B7BBDAB847FBF38A06EBDB5
:1076D000B1907FBF681462BD189C7FBF0E8855BDF6
:1076E000E3A67FBF2FFB48BD0FB17FBFD56D3CBD6B
:1076F0009EBA7FBF07E02FBD8FC37FBFCC5123BD94
:10770000E2CB7FBF2CC316BD98D37FBF2F340ABDF9
:10771000AFDA7FBFB949FBBC29E17FBF7B2AE2BC5E
:1077200005E77FBFB00AC9BC43EC7FBF69EAAFBCC5
:10773000E3F07FBFB6C996BCE6F47FBF4B517BBC7C
:107740004AF87FBF900E49BC11FB7FBF59CB16BCD6
:1077500039FD7FBF890FC9BBC4FE7FBFC70F49BBBF
:10776000B1FF7FBF00000080000080BFC70F493B12
:10777000B1FF7FBF890FC93BC4FE7FBF59CB163C09
:1077800039FD7FBF900E493C11FB7FBF4B517B3CC5
:107790004AF87FBFB6C9963CE6F47FBF69EAAF3CC2
:1077A000E3F07FBFB00AC93C43EC7FBF7B2AE23CD9
:1077B00005E77FBFB949FB3C29E17FBF2F340A3D74
:1077C000AFDA7FBF2CC3163D98D37FBFCC51233D8A
:1077D000E2CB7FBF07E02F3D8FC37FBFD56D3C3D20
:1077E0009EBA7FBF2FFB483D0FB17FBF0E88553D2E
:1077F000E3A67FBF6814623D189C7FBF38A06E3D32
:10780000B1907FBF742B7B3DAB847FBF0ADB833D90
:1078100008787FBF0A208A3DC76A7FBFB464903D65
:10782000E95C7FBF05A9963D6D4E7FBFF9EC9C3D9D
:10783000543F7FBF8C30A33D9D2F7FBFBA73A93DBE
:10784000491F7FBF80B6AF3D580E7FBFDAF8B53D08
:10785000C9FC7EBFC33ABC3D9DEA7EBF397CC23DB8
:10786000D4D77EBF36BDC83D6DC47EBFB7FDCE3D0B
:1078700069B07EBFB93DD53DC99B7EBF377DDB3D3D
:107880008B867EBF2EBCE13DB0707EBF9AFAE73D8D
:10789000385A7EBF7638EE3D23437EBFC075F43D37
:1078A000722B7EBF73B2FA3D24137EBF4577003E34
:1078B00038FA7DBF0295033EB1E07DBF6EB2063E51
:1078C0008CC67DBF86CF093ECCAB7DBF4AEC0C3E5B
:1078D0006E907DBFB708103E74747DBFCA24133EFE
:1078E000DE577DBF8340163EAC3A7DBFE05B193E5C
:1078F000DD1C7DBFDE761C3E73FE7CBF7B911F3E90
:107900006CDF7CBFB6AB223EC9BF7CBF8CC5253EB9
:107910008A9F7CBFFCDE283EB07E7CBF04F82B3EF5
:107920003A5D7CBFA2102F3E283B7CBFD428323E5C
:107930007A187CBF9840353E31F57BBFEC57383E16
:107940004DD17BBFCF6E3B3ECDAC7BBF3E853E3E37
:10795000B2877BBF379B413EFC617BBFB9B0443EE1
:10796000AB3B7BBFC2C5473EBE147BBF4FDA4A3E2E
:1079700037ED7ABF60EE4D3E16C57ABFF101513E3C
:10798000599C7ABF0115543E02737ABF8F27573E28
:1079900010497ABF97395A3E841E7ABF1A4B5D3E12
:1079A0005EF379BF135C603E9DC779BF836C633E15
:1079B000439B79BF667C663E4E6E79BFBA8B693E4B
:1079C000C04079BF7F9A6C3E981279BFB2A86F3ED3
:1079D000D6E378BF51B6723E7BB478BF5AC3753ECA
:1079E000868478BFCCCF783EF85378BFA4DB7B3E4B
:1079F000D12278BFE1E67E3E10F177BFC0F8803E2D
:107A0000B7BE77BFC07D823EC58B77BF7002843E14
:107A10003A5877BFCE86853E172477BFDA0A873E6D
:107A20005BEF76BF938E883E07BA76BFF8118A3E29
:107A30001B8476BF07958B3E974D76BFC0178D3E52
:107A40007A1676BF229A8E3EC6DE75BF2C1C903EFB
:107A50007BA675BFDD9D913E976D75BF351F933E2B
:107A60001D3475BF31A0943E0BFA74BFD220963EF0
:107A700062BF74BF17A1973E228474BFFE20993E57
:107A80004B4874BF86A09A3EDD0B74BFAF1F9C3E6F
:107A9000D9CE73BF789E9D3E3F9173BFDF1C9F3E42
:107AA0000E5373BFE59AA03E471473BF8718A23EDA
:107AB000EBD472BFC595A33EF89472BF9F12A53E4A
:107AC000705472BF128FA63E521372BF1F0BA83E96
:107AD0009FD171BFC486A93E578F71BF0102AB3ED3
:107AE0007A4C71BFD47CAC3E080971BF3CF7AD3E07
:107AF00002C570BF3A71AF3E668070BFCBEAB03E40
:107B0000373B70BFEF63B23E73F56FBFA5DCB33E8A
:107B10001BAF6FBFEC54B53E30686FBFC3CCB63EF1
:107B2000B0206FBF2A44B83E9ED86EBF1EBBB93E80
:107B3000F88F6EBFA031BB3EBE466EBFAFA7BC3E46
:107B4000F2FC6DBF4A1DBE3E93B26DBF6F92BF3E49
:107B5000A1676DBF1E07C13E1D1C6DBF557BC23E98
:107B600007D06CBF15EFC33E5E836CBF5C62C53E41
:107B700024366CBF29D5C63E58E86BBF7C47C83E4B
:107B8000FB996BBF53B9C93E0C4B6BBFAE2ACB3EC2
:107B90008CFB6ABF8B9BCC3E7BAB6ABFEA0BCE3EB5
:107BA000D95A6ABFCA7BCF3EA7096ABF2AEBD03E2B
:107BB000E4B769BF095AD23E916569BF67C8D33E31
:107BC000AE1269BF4136D53E3CBF68BF99A3D63ED1
:107BD000396B68BF6B10D83EA81668BFB97CD93E18
:107BE00087C167BF80E8DA3ED86B67BFC153DC3E10
:107BF000991567BF79BEDD3ECCBE66BFA928DF3EC2
:107C0000716766BF4F92E03E880F66BF6AFBE13E38
:107C100010B765BFFA63E33E0B5E65BFFECBE43E83
:107C2000790465BF7533E63E59AA64BF5D9AE73EA5
:107C3000AC4F64BFB700E93E73F463BF8166EA3EB0
:107C4000AC9863BFBBCBEB3E5A3C63BF6330ED3EA9
:107C50007BDF62BF7994EE3E108262BFFBF7EF3E9E
:107C60001A2462BFEA5AF13E98C561BF43BDF23E95
:107C70008A6661BF071FF43EF20661BF3580F53E9C
:107C8000CFA660BFCBE0F63E214660BFC840F83EBD
:107C9000E9E45FBF2DA0F93E27835FBFF7FEFA3E00
:107CA000DB205FBF275DFC3E05BE5EBFBBBAFD3E6D
:107CB000A65A5EBFB217FF3EBEF65DBF063A003F52
:107CC0004D925DBFE4E7003F532D5DBF7395013FCB
:107CD000D1C75CBFB142023FC7615CBF9FEF023FAB
:107CE00034FB5BBF3D9C033F1A945BBF8948043F54
:107CF000792C5BBF84F4043F50C45ABF2CA0053FCD
:107D0000A05B5ABF824B063F6AF259BF86F6063F18
:107D1000AD8859BF36A1073F6A1E59BF924B083F35
:107D2000A1B358BF9BF5083F534858BF4E9F093F2A
:107D30007FDC57BFAD480A3F267057BFB7F10A3FF7
:107D4000480357BF6B9A0B3FE59556BFC9420C3F9E
:107D5000FE2756BFD0EA0C3F93B955BF81920D3F25
:107D6000A44A55BFDA390E3F31DB54BFDBE00E3F8A
:107D70003B6B54BF84870F3FC3FA53BFD52D103FD1
:107D8000C78953BFCDD3103F491853BF6B79113FFB
:107D900049A652BFB01E123FC63352BF9AC3123F0C
:107DA000C2C051BF2A68133F3D4D51BF5F0C143F05
:107DB00037D950BF39B0143FAF6450BFB753153FE8
:107DC000A8EF4FBFD9F6153F1F7A4FBF9F99163FB7
:107DD00017044FBF073C173F908D4EBF12DE173F71
:107DE00089164EBFC07F183F029F4DBF0F21193F1C
:107DF000FD264DBF00C2193F79AE4CBF93621A3FBA
:107E000078354CBFC6021B3FF8BB4BBF99A21B3F46
:107E1000FA414BBF0C421C3F7FC74ABF1FE11C3FCA
:107E2000874C4ABFD17F1D3F12D149BF221E1E3F42
:107E3000215549BF12BC1E3FB3D848BF9F591F3FB1
:107E4000CA5B48BFCBF61F3F65DE47BF9393203F19
:107E5000856047BFF92F213F2AE246BFFBCB213F78
:107E6000546346BF9967223F03E445BFD302233FD3
:107E7000396445BFA99D233FF5E344BF1A38243F29
:107E8000376344BF25D2243F00E243BFCB6B253F7D
:107E9000516043BF0A05263F29DE42BFE39D263FCE
:107EA000895B42BF5636273F70D841BF61CE273F1E
:107EB000E15441BF0566283FDAD040BF41FD283F6D
:107EC0005C4C40BF1594293F67C73FBF802A2A3FBB
:107ED000FC413FBF82C02A3F1BBC3EBF1B562B3F0D
:107EE000C5353EBF4AEB2B3FF9AE3DBF0F802C3F5F
:107EF000B8273DBF69142D3F03A03CBF59A82D3FB3
:107F0000D9173CBFDE3B2E3F3B8F3BBFF7CE2E3F0A
:107F100029063BBFA5612F3FA47C3ABFE6F32F3F64
:107F2000ACF239BFBB85303F426839BF2217313FC1
:107F300065DD38BF1DA8313F165238BFAA38323F21
:107F400055C637BFC9C8323F233A37BF7A58333F87
:107F50007FAD36BFBCE7333F6C2036BF8F76343FF2
:107F6000E79235BFF304353FF30435BFE792353F61
:107F70008F7634BF6C20363FBCE733BF7FAD363FD2
:107F80007A5833BF233A373FC9C832BF55C6373F47
:107F9000AA3832BF1652383F1DA831BF65DD383FC1
:107FA000221731BF4268393FBB8530BFACF2393F41
:107FB000E6F32FBFA47C3A3FA5612FBF29063B3FC4
:107FC000F7CE2EBF3B8F3B3FDE3B2EBFD9173C3F4A
:107FD00059A82DBF03A03C3F69142DBFB8273D3FD2
:107FE0000F802CBFF9AE3D3F4AEB2BBFC5353E3F5E
:107FF0001B562BBF1BBC3E3F82C02ABFFC413F3FEC
:10800000802A2ABF67C73F3F159429BF5C4C403F79
:1080100041FD28BFDAD0403F056628BFE154413F0B
:1080200061CE27BF70D8413F563627BF895B423F9C
:10803000E39D26BF29DE423F0A0526BF5160433F2C
:10804000CB6B25BF00E2433F25D224BF3763443FBB
:108050001A3824BFF5E3443FA99D23BF3964453F47
:10806000D30223BF03E4453F996722BF5463463FD1
:10807000FBCB21BF2AE2463FF92F21BF8560473F56
:10808000939320BF65DE473FCBF61FBFCA5B483FD7
:108090009F591FBFB3D8483F12BC1EBF2155493F4F
:1080A000221E1EBF12D1493FD17F1DBF874C4A3FC0
:1080B0001FE11CBF7FC74A3F0C421CBFFA414B3F28
:1080C00099A21BBFF8BB4B3FC6021BBF78354C3F84
:1080D00093621ABF79AE4C3F00C219BFFD264D3FD7
:1080E0000F2119BF029F4D3FC07F18BF89164E3F19
:1080F00012DE17BF908D4E3F073C17BF17044F3F4E
:108100009F9916BF1F7A4F3FD9F615BFA8EF4F3F73
:10811000B75315BFAF64503F39B014BF37D9503F84
:108120005F0C14BF3D4D513F2A6813BFC2C0513F81
:108130009AC312BFC633523FB01E12BF49A6523F68
:108140006B7911BF4918533FCDD310BFC789533F37
:10815000D52D10BFC3FA533F84870FBF3B6B543FED
:10816000DBE00EBF31DB543FDA390EBFA44A553F86
:1081700081920DBF93B9553FD0EA0CBFFE27563F01
:10818000C9420CBFE595563F6B9A0BBF4803573F5A
:10819000B7F10ABF2670573FAD480ABF7FDC573F93
:1081A0004E9F09BF5348583F9BF508BFA1B3583FA6
:1081B000924B08BF6A1E593F36A107BFAD88593F91
:1081C00086F606BF6AF2593F824B06BFA05B5A3F54
:1081D0002CA005BF50C45A3F84F404BF792C5B3FE8
:1081E000894804BF1A945B3F3D9C03BF34FB5B3F4F
:1081F0009FEF02BFC7615C3FB14202BFD1C75C3F86
:10820000739501BF532D5D3FE4E700BF4D925D3F85
:10821000063A00BFBEF65D3FB217FFBEA65A5E3FEC
:10822000BBBAFDBE05BE5E3F275DFCBEDB205F3FE7
:10823000F7FEFABE27835F3F2DA0F9BEE9E45F3F5A
:10824000C840F8BE2146603FCBE0F6BECFA6603FF7
:108250003580F5BEF206613F071FF4BE8A66613FB6
:1082600043BDF2BE98C5613FEA5AF1BE1A24623F8F
:10827000FBF7EFBE1082623F7994EEBE7BDF623F78
:108280006330EDBE5A3C633FBBCBEBBEAC98633F63
:108290008166EABE73F4633FB700E9BEAC4F643F4A
:1082A0005D9AE7BE59AA643F7533E6BE7904653F1F
:1082B000FECBE4BE0B5E653FFA63E3BE10B7653FDD
:1082C0006AFBE1BE880F663F4F92E0BE7167663F72
:1082D000A928DFBECCBE663F79BEDDBE9915673FDB
:1082E000C153DCBED86B673F80E8DABE87C1673F09
:1082F000B97CD9BEA816683F6B10D8BE396B683FF1
:1083000099A3D6BE3CBF683F4136D5BEAE12693F89
:1083100067C8D3BE9165693F095AD2BEE4B7693FC9
:108320002AEBD0BEA7096A3FCA7BCFBED95A6A3FA3
:10833000EA0BCEBE7BAB6A3F8B9BCCBE8CFB6A3F0D
:10834000AE2ACBBE0C4B6B3F53B9C9BEFB996B3FFA
:108350007C47C8BE58E86B3F29D5C6BE24366C3F63
:108360005C62C5BE5E836C3F15EFC3BE07D06C3F39
:10837000557BC2BE1D1C6D3F1E07C1BEA1676D3F70
:108380006F92BFBE93B26D3F4A1DBEBEF2FC6D3F01
:10839000AFA7BCBEBE466E3FA031BBBEF88F6E3FDE
:1083A0001EBBB9BE9ED86E3F2A44B8BEB0206F3FF8
:1083B000C3CCB6BE30686F3FEC54B5BE1BAF6F3F49
:1083C000A5DCB3BE73F56F3FEF63B2BE373B703FC2
:1083D000CBEAB0BE6680703F3A71AFBE02C5703F57
:1083E0003CF7ADBE0809713FD47CACBE7A4C713FFE
:1083F0000102ABBE578F713FC486A9BE9FD1713FAA
:108400001F0BA8BE5213723F128FA6BE7054723F4C
:108410009F12A5BEF894723FC595A3BEEBD4723FE0
:108420008718A2BE4714733FE59AA0BE0E53733F50
:10843000DF1C9FBE3F91733F789E9DBED9CE733F98
:10844000AF1F9CBEDD0B743F86A09ABE4B48743FA5
:10845000FE2099BE2284743F17A197BE62BF743F6D
:10846000D22096BE0BFA743F31A094BE1D34753FE6
:10847000351F93BE976D753FDD9D91BE7BA6753F01
:108480002C1C90BEC6DE753F229A8EBE7A16763FB1
:10849000C0178DBE974D763F07958BBE1B84763FE8
:1084A000F8118ABE07BA763F938E88BE5BEF763F9F
:1084B000DA0A87BE1724773FCE8685BE3A58773FC3
:1084C000700284BEC58B773FC07D82BEB7BE773F4A
:1084D000C0F880BE10F1773FE1E67EBED122783F42
:1084E000A4DB7BBEF853783FCCCF78BE8684783F40
:1084F0005AC375BE7BB4783F51B672BED6E3783F9F
:10850000B2A86FBE9812793F7F9A6CBEC040793F87
:10851000BA8B69BE4E6E793F667C66BE439B793FDF
:10852000836C63BE9DC7793F135C60BE5EF3793F89
:108530001A4B5DBE841E7A3F97395ABE10497A3F66
:108540008F2757BE02737A3F011554BE599C7A3F5C
:10855000F10151BE16C57A3F60EE4DBE37ED7A3F50
:108560004FDA4ABEBE147B3FC2C547BEAB3B7B3F22
:10857000B9B044BEFC617B3F379B41BEB2877B3FB5
:108580003E853EBECDAC7B3FCF6E3BBE4DD17B3FEB
:10859000EC5738BE31F57B3F984035BE7A187C3FAA
:1085A000D42832BE283B7C3FA2102FBE3A5D7C3FD0
:1085B00004F82BBEB07E7C3FFCDE28BE8A9F7C3F49
:1085C0008CC525BEC9BF7C3FB6AB22BE6CDF7C3FED
:1085D0007B911FBE73FE7C3FDE761CBEDD1C7D3FA3
:1085E000E05B19BEAC3A7D3F834016BEDE577D3F4F
:1085F000CA2413BE74747D3FB70810BE6E907D3FD1
:108600004AEC0CBECCAB7D3F86CF09BE8CC67D3F0D
:108610006EB206BEB1E07D3F029503BE38FA7D3FE3
:10862000457700BE24137E3F73B2FABD722B7E3FA6
:10863000C075F4BD23437E3F7638EEBD385A7E3F89
:108640009AFAE7BDB0707E3F2EBCE1BD8B867E3FBF
:10865000377DDBBDC99B7E3FB93DD5BD69B07E3F4F
:10866000B7FDCEBD6DC47E3F36BDC8BDD4D77E3FFD
:10867000397CC2BD9DEA7E3FC33ABCBDC9FC7E3F8A
:10868000DAF8B5BD580E7F3F80B6AFBD491F7F3FBA
:10869000BA73A9BD9D2F7F3F8C30A3BD543F7F3F50
:1086A000F9EC9CBD6D4E7F3F05A996BDE95C7F3F0F
:1086B000B46490BDC76A7F3F0A208ABD08787F3FB7
:1086C0000ADB83BDAB847F3F742B7BBDB1907F3FC2
:1086D00038A06EBD189C7F3F681462BDE3A67F3F43
:1086E0000E8855BD0FB17F3F2FFB48BD9EBA7F3F1F
:1086F000D56D3CBD8FC37F3F07E02FBDE2CB7F3FF1
:10870000CC5123BD98D37F3F2CC316BDAFDA7F3F3A
:108710002F340ABD29E17F3FB949FBBC05E77F3F04
:108720007B2AE2BC43EC7F3FB00AC9BCE3F07F3F49
:1087300069EAAFBCE6F47F3FB6C996BC4AF87F3F12
:108740004B517BBC11FB7F3F900E49BC39FD7F3FF5
:1087500059CB16BCC4FE7F3F890FC9BBB1FF7F3F19
:10876000C70F49BB08004000180048001000400037
:108770002800500020004000380058003000480019
:108780005800680048006000680070000800400061
:10879000100080001800C0002000400028004800A1
:1087A000300088003800C8004000800048005000B9
:1087B0005800D000500090006000C0006800D00059
:1087C000700098007800D8008800C0009000A000D9
:1087D000A800D0009800E000B000D000B800E80089
:1087E000D800F000C800E000E800F00008004000F9
:1087F000100080001800C000200000012800400187
:10880000300080013800C001500088005800C800C6
:108810006000080168004801700088017800C80104
:108820009800D000A0001001A8005001B0009001F5
:10883000B800D001E0001801E8005801F0009801EC
:10884000F800D801280160013001A0013801E001E1
:108850007001A8017801E801B801F00108000002E8
:108860001000400018004002200080002800800214
:108870003000C0003800C002400000014800000382
:1088800050004001580040036000800168008003F0
:108890007000C0017800C003800000028800080258
:1088A0009000000398004802A0000802A800880277
:1088B000B000C800B800C802C0000801C800080322
:1088C000D0004801D8004803E0008801E800880390
:1088D000F000C801F800C8030801100210014001AF
:1088E00018015002200100032801900230014801C4
:1088F0003801D00248011003580150036001900173
:10890000680190037001D0017801D003800140021A
:10891000880118029001400398015802A001480202
:10892000A8019802B0014803B801D802C001500262
:10893000C8011803D0015003D8015803E0015802C0
:10894000E8019803F0015803F801D8030802200257
:1089500010024002180260022802A00230026002E7
:108960003802E002400200034802200350024003A4
:1089700058026003600220036802A00370026003D3
:108980007802E0038802A002900280039802A0030C
:10899000B0028803B802E802C0028003C8022803BC
:1089A000D0029003D8026803E002A003E802A80303
:1089B000F0029803F802E8030803200310034003C1
:1089C0001803600328038803300360033803980307
:1089D00048036003580370036803B0037803F0038F
:1089E0008803A0039003C0039803E003B003C80307
:1089F000B803E803C803E003D803F003080000024B
:108A0000100000041800000620004000280040026A
:108A100030004004380040064000800048008002DA
:108A200050008004580080066000C0006800C0024A
:108A30007000C0047800C0068000000188000003B8
:108A40009000000598000007A0004001A800400326
:108A5000B0004005B8004007C0008001C800800396
:108A6000D0008005D8008007E000C001E800C00306
:108A7000F000C005F800C00700010002080108026C
:108A8000100108041801080620018002280148028C
:108A900030014804380148064001000348018802BB
:108AA0005001880458018806600180036801C802EB
:108AB0007001C8047801C806800108028801080313
:108AC0009001080598010807A0018802A801480341
:108AD000B0014805B8014807C0010803C801880370
:108AE000D0018805D8018807E0018803E801C803A0
:108AF000F001C805F801C8070802100200020004CE
:108B000010021004180210062002800428025002ED
:108B1000300250043802500640020005480290021C
:108B20005002900458029006600280056802D0024C
:108B30007002D0047802D006800208048802100374
:108B40009002100598021007A0028804A8025003A2
:108B5000B0025005B8025007C0020805C8029003D1
:108B6000D0029005D8029007E0028805E802D00301
:108B7000F002D005F802D007000300060803100633
:108B80001003180418031806200380062803900613
:108B90003003580438035806400300074803100701
:108BA00050039804580398066003800768039007F1
:108BB0007003D8047803D8068003080688031806D3
:108BC0009003180598031807A0038806A8039806C1
:108BD000B0035805B8035807C0030807C8031807AF
:108BE000D0039805D8039807E0038807E80398079F
:108BF000F003D805F803D807080480041004200403
:108C00001804200628048005300460043804600637
:108C100040040006480488045004A0045804A00638
:108C200060041006680488057004E0047804E00617
:108C3000880480069004200598042007A0040806F4
:108C4000A8048007B0046005B8046007C0042006CB
:108C5000C8048806D004A005D804A007E0041806BC
:108C6000E8048807F004E005F804E007080520059B
:108C7000100580051805280628059005300588058B
:108C8000380568064005000748052007500580079D
:108C90005805A80660050807680598057005880747
:108CA0007805E8068805900698052807A005280697
:108CB000A8059007B0052807B8056807C005100784
:108CC000C8059806D0059007D805A807E00518073D
:108CD000E8059807F0059807F805E8071806300634
:108CE0003806700640060007480680075006080749
:108CF0005806B00660061007680690077006180749
:108D00007806F0068806A00698063007A806A00791
:108D1000B0068807B8067007C0062007C806A00777
:108D2000D0062807D806B007E0063007E806A807EF
:108D3000F0069807F806F007480750073807980725
:108D400050076007580770076007C0076807D0071B
:108D50007807F0077007E007B807F007A807B00723
:108D6000D807F007C807E007E807F0070800000287
:108D70001000000418000006200000082800000A67
:108D80003000000C3800000E480040025000400443
:108D900058004006600040086800400A7000400C1F
:108DA0007800400E880080029000800498008006C1
:108DB000A0008008A800800AB000800CB800800ED7
:108DC000C800C002D000C004D800C006E000C0083F
:108DD000E800C00AF000C00CF800C00E0801000353
:108DE0001001000518010007200100092801000BEF
:108DF0003001000D3801000F4801400350014005CB
:108E000058014007600140096801400B7001400DA6
:108E10007801400F88018003900180059801800748
:108E2000A0018009A801800BB001800DB801800F5E
:108E3000C801C003D001C005D801C007E001C009C6
:108E4000E801C00BF001C00DF801C00F10020804CA
:108E500018020806200208082802080A3002080C36
:108E60003802080E500248045802480660024808BA
:108E70006802480A7002480C7802480E9002880482
:108E800098028806A0028808A802880AB002880C06
:108E9000B802880ED002C804D802C806E002C8088A
:108EA000E802C80AF002C80CF802C80E1003080550
:108EB00018030807200308092803080B3003080DCE
:108EC0003803080F50034805580348076003480952
:108ED0006803480B7003480D7803480F900388051A
:108EE00098038807A0038809A803880BB003880D9E
:108EF000B803880FD003C805D803C807E003C80922
:108F0000E803C80BF003C80DF803C80F18041006D7
:108F1000200410082804100A3004100C3804100E25
:108F200058045006600450086804500A7004500C3D
:108F30007804500E98049006A0049008A804900AA3
:108F4000B004900CB804900ED804D006E004D00809
:108F5000E804D00AF004D00CF804D00E180510076D
:108F6000200510092805100B3005100D3805100FCD
:108F700058055007600550096805500B7005500DE5
:108F80007805500F98059007A0059009A805900B4B
:108F9000B005900DB805900FD805D007E005D009B1
:108FA000E805D00BF005D00DF805D00F2006180805
:108FB0002806180A3006180C3806180E60065808DD
:108FC0006806580A7006580C7806580EA0069808CD
:108FD000A806980AB006980CB806980EE006D808BD
:108FE000E806D80AF006D80CF806D80E20071809AB
:108FF0002807180B3007180D3807180F6007580995
:109000006807580B7007580D7807580FA007980984
:10901000A807980BB007980DB807980FE007D80974
:10902000E807D80BF007D80DF807D80F2808200A52
:109030003008200C3808200E6808600A7008600CA0
:109040007808600EA808A00AB008A00CB808A00E06
:10905000E808E00AF008E00CF808E00E2809200B08
:109060003009200D3809200F6809600B7009600D68
:109070007809600FA809A00BB009A00DB809A00FCE
:10908000E809E00BF009E00DF809E00F300A280CC0
:10909000380A280E700A680C780A680EB00AA80C04
:1090A000B80AA80EF00AE80CF80AE80E300B280DF2
:1090B000380B280F700B680D780B680FB00BA80DDC
:1090C000B80BA80FF00BE80DF80BE80F380C300EBA
:1090D000780C700EB80CB00EF80CF00E380D300F86
:1090E000780D700FB80DB00FF80DF00F08000010DC
:1090F00010000002180000122000000428000014D4
:109100003000000638000016400000084800001833
:109110005000000A5800001A6000000C6800001C93
:109120007000000E7800001E8000000888004010CB
:109130009000400298004012A0004004A800401493
:10914000B0004006B8004016C0004008C8004018F3
:10915000D000400AD800401AE000400CE800401C53
:10916000F000400EF800401E0001000808018010C9
:10917000100180021801801220018004280180144F
:1091800030018006380180164001800848018018AF
:109190005001800A5801801A6001800C6801801C0F
:1091A0007001800E7801801E800140088801C01087
:1091B0009001C0029801C012A001C004A801C0140F
:1091C000B001C006B801C016C001C008C801C0186F
:1091D000D001C00AD801C01AE001C00CE801C01CCF
:1091E000F001C00EF801C01E0002000808020011C4
:1091F00010020003180200132002000528020015C7
:109200003002000738020017400200094802001926
:109210005002000B5802001B6002000D6802001D86
:109220007002000F7802001F80028008880240113F
:109230009002400398024013A0024005A802401586
:10924000B0024007B8024017C0024009C8024019E6
:10925000D002400BD802401BE002400DE802401D46
:10926000F002400FF802401F00034008080380117D
:109270001003800318038013200380052803801542
:1092800030038007380380174003800948038019A2
:109290005003800B5803801B6003800D6803801D02
:1092A0007003800F7803801F8003C0088803C011FB
:1092B0009003C0039803C013A003C005A803C01502
:1092C000B003C007B803C017C003C009C803C01962
:1092D000D003C00BD803C01BE003C00DE803C01DC2
:1092E000F003C00FF803C01F0004001008040810AA
:1092F000100400111804081220040810280408148F
:109300003004080638040816400408084804081801
:109310005004080A5804081A6004080C6804081C61
:109320007004080E7804081E800400188804481091
:109330009004001998044812A0040818A8044814BE
:10934000B0044806B8044816C0044808C8044818C1
:10935000D004480AD804481AE004480CE804481C21
:10936000F004480EF804481E000540100805881057
:10937000100540111805881220054810280588148A
:10938000300588063805881640058808480588187D
:109390005005880A5805881A6005880C6805881CDD
:1093A0007005880E7805881E800540188805C8104D
:1093B000900540199805C812A0054818A805C814BA
:1093C000B005C806B805C816C005C808C805C8183D
:1093D000D005C80AD805C81AE005C80CE805C81C9D
:1093E000F005C80EF805C81E000680100806081112
:1093F0001006801118060813200688102806081584
:1094000030060807380608174006080948060819F4
:109410005006080B5806081B6006080D6806081D54
:109420007006080F7806081F800680188806481105
:109430009006801998064813A0068818A8064815B3
:10944000B0064807B8064817C0064809C8064819B4
:10945000D006480BD806481BE006480DE806481D14
:10946000F006480FF806481F0007C01008078811CB
:109470001007C011180788132007C810280788157F
:109480003007880738078817400788094807881970
:109490005007880B5807881B6007880D6807881DD0
:1094A0007007880F7807881F8007C0188807C811C1
:1094B0009007C0199807C813A007C818A807C815AF
:1094C000B007C807B807C817C007C809C807C81930
:1094D000D007C80BD807C81BE007C80DE807C81D90
:1094E000F007C80FF807C81F080810101008400838
:1094F00018081012200800112808101430088011D4
:1095000038081016480810185008100A5808101A81
:109510006008100C6808101C7008100E7808101EE7
:109520008008000A880850109008000B9808501214
:10953000A008080AA8085014B008080BB80850166C
:10954000C008100AC8085018D008500AD808501A85
:10955000E008500CE808501CF008500EF808501EA7
:1095600008099010100980091809901220090019A3
:109570002809901430098019380990164009000B09
:10958000480990185009900A5809901A6009900CDF
:109590006809901C7009900E7809901E8009400A95
:1095A0008809D0109009400B9809D012A009480AE8
:1095B000A809D014B009480BB809D016C009500A40
:1095C000C809D018D009D00AD809D01AE009D00C9F
:1095D000E809D01CF009D00EF809D01E080A1011B5
:1095E000180A1013200A4011280A1015300AC01159
:1095F000380A1017480A1019500A100B580A101B85
:10960000600A100D680A101D700A100F780A101FEA
:10961000880A5011900A800B980A5013A00A501122
:10962000A80A5015B00A880BB80A5017C00A800B58
:10963000C80A5019D00A500BD80A501BE00A500D26
:10964000E80A501DF00A500FF80A501F080B90113D
:10965000180B9013200B4019280B9015300BC019D4
:10966000380B9017480B9019500B900B580B901B10
:10967000600B900D680B901D700B900F780B901F76
:10968000880BD011900BC00B980BD013A00B501966
:10969000A80BD015B00BC80BB80BD017C80BD0193E
:1096A000D80BD01BE00BD00DE80BD01DF00BD00F6A
:1096B000F80BD01F000C0012080C1810100C00132F
:1096C000180C1812200C0812280C1814300C08134F
:1096D000380C1816400C1012480C1818500C1013A7
:1096E000580C181A600C1812680C181C700C180E04
:1096F000780C181E800C001A880C5810900C001B57
:10970000980C5812A00C081AA80C5814B00C081B7E
:10971000B80C5816C00C101AC80C5818D00C101BD6
:10972000D80C581AE00C181AE80C581CF00C580EFB
:10973000F80C581E000D4012080D9810100D401323
:10974000180D9812200D4812280D9814300D48134A
:10975000380D9816400D5012480D9818500D5013A2
:10976000580D981A600D5812680D981C700D980EBF
:10977000780D981E800D401A880DD810900D401B52
:10978000980DD812A00D481AA80DD814B00D481B7A
:10979000B80DD816C00D501AC80DD818D00D501BD2
:1097A000D80DD81AE00D581AE80DD81CF00DD80EB7
:1097B000F80DD81E000E8012080E1811100E80131E
:1097C000180E1813200E8812280E1815300E881344
:1097D000380E1817400E9012480E1819500E90139C
:1097E000580E181B600E9812680E181D700E180F78
:1097F000780E181F800E801A880E5811900E801B4C
:10980000980E5813A00E881AA80E5815B00E881B73
:10981000B80E5817C00E901AC80E5819D00E901BCB
:10982000D80E581BE00E981AE80E581DF00E580F6F
:10983000F80E581F000FC012080F9811100FC01318
:10984000180F9813200FC812280F9815300FC8133F
:10985000380F9817400FD012480F9819500FD01397
:10986000580F981B600FD812680F981D700F980F33
:10987000780F981F800FC01A880FD811900FC01B47
:10988000980FD813A00FC81AA80FD815B00FC81B6F
:10989000B80FD817C00FD01AC80FD819D00FD01BC7
:1098A000D80FD81BE00FD81AE80FD81DF00FD81B1F
:1098B000F80FD81F08102010101040101810201298
:1098C0002810201430108810381020164010001175
:1098D00048102018501040115810201A601008121B
:1098E0006810201C701088127810201E8010001242
:1098F000881008129010401298106012A0102012C8
:10990000A8106014B0106012B8106016C0100013D8
:10991000C8106018D0104013D810601AE010181248
:10992000E810601CF0109812F810601E0811201248
:10993000101140111811A012201108182811A0149C
:10994000301188183811A0164811A0185811A01A03
:109950006011081A6811A01C7011881A7811A01ED5
:109960008011101288111812901150129811E012E3
:10997000A0111818A811E014B0119818B811E01629
:10998000C0111013C811E018D0115013D811E01AEB
:10999000E011181AE811E01CF011981AF811E01EF5
:1099A000001200180812081810124018181220137C
:1099B0002012201828122015301260183812201793
:1099C0004012001948122019501240195812201B39
:1099D000601220196812201D7012C8127812201F00
:1099E0008012001A8812081A9012401A98126013F6
:1099F000A012201AA8126015B012601AB8126017CF
:109A0000C012001BC8126019D012401BD812601B74
:109A1000E012201BE812601DF012601BF812601F9C
:109A20000013101808131818101350181813A01347
:109A3000201348182813A0153013C8183813A0177E
:109A4000401310194813A019501350195813A01B94
:109A50006013481A6813A01D7013C81A7813A01F4A
:109A60008013101A8813181A9013501A9813E013C1
:109A7000A0135818A813E015B013D818B813E0179E
:109A8000C013101BC813E019D013501BD813E01BD0
:109A9000E013581AE813E01DF013D81AF813E01F6A
:109AA000081420141014001518142015301408156B
:109AB000381428164014001548142818501410158E
:109AC0005814281A601420156814281C70141815CE
:109AD0007814281E8014001C8814201C9014001D6B
:109AE0009814201DA014081CA814281CB014081DCC
:109AF000B8146816C014101CC8146818D014101DAF
:109B0000D814681AE014181CE814681CF014181D06
:109B1000F814681E08152015101540151815601545
:109B2000201528182815281C301548153815A81692
:109B30004815A8185815A81A6015281A6815A81CE1
:109B40007015A81A7815A81E8015401C8815601C71
:109B50009015401D9815601DA015481CA815681C7F
:109B6000B015481DB815E816C015501CC815E818E2
:109B7000D015501DD815E81AE015581CE815E81C3A
:109B8000F015581DF815E81E0016001C0816081CD4
:109B90001016401C1816481C2016201C2816281CBD
:109BA0003016601C381628174016001D4816281954
:109BB0005016401D5816281B6016201D6816281DBB
:109BC0007016601D7816281F8016801C8816A01C31
:109BD0009016801D9816A01DA016881CA816A81CFB
:109BE000B016881DB8166817C016901CC8166819DC
:109BF000D016901DD816681BE016981CE816681D34
:109C0000F016981DF816681F0017101C0817181C6E
:109C10001017501C1817581C201768182817681C94
:109C20003017E8183817A8174017101D4817A8193B
:109C30005017501D5817A81B6017681A6817A81DE1
:109C40007017E81A7817A81F8017C01C8817E01C27
:109C50009017C01D9817E01DA017C81CA817E81C76
:109C6000B017C81DB817E817C017D01CC817E819D7
:109C7000D017D01DD817E81BE017D81CE817E81D2F
:109C8000F017D81DF817E81F181860183018481872
:109C90003818601C5818301A6818301C7018181AB8
:109CA0007818301E8018001A8818081A9018001B9F
:109CB00098186019A018201AA818281AB018201B84
:109CC000B818601DC018101AC818181AD018101B20
:109CD000D818701AE018301AE818701CF018581AC2
:109CE000F818701E081920191819601A2819081D6B
:109CF000301988193819881D4819201B5819B01AAD
:109D00006019081B6819B01C7019881B7819B01EDF
:109D10008019401A8819481A9019401B9819601B1D
:109D2000A019601AA819181DB019601BB819981D40
:109D3000C019501AC819581AD019501BD819F01A3E
:109D4000E019181BE819F01CF019981BF819F01EFF
:109D5000381A701C581A301B681A301D701A181BDC
:109D6000781A301F901AC01A981AC81AB01AE01A36
:109D7000B81AE81AC01A801BC81A881BD01AC01B50
:109D8000D81A701BE01AA01BE81A701DF01AE01B0D
:109D9000F81A701F281B481D381BC81D481B601B64
:109DA000581BB01B681BB01D701BC81B781BB01F55
:109DB000901BC01B981BC81BA81B581DB01BE01B89
:109DC000B81BD81DD81BF01BE81BF01DF81BF01F9B
:109DD000081C201C181C301C381C681C481C601CEB
:109DE000581C701C781C381E801C001E881C201EED
:109DF000901C001F981C201FA01C081EA81C281EB9
:109E0000B01C081FB81C281FC01C101EC81C301E08
:109E1000D01C101FD81C301FE01C181EE81C381E58
:109E2000F01C181FF81C781E081D201D181D301D61
:109E3000381DA81D481D601D581D701D681D281F58
:109E4000781DB81E801D401E881D601E901D401F7D
:109E5000981D601FA01D481EA81D681EB01D481F2C
:109E6000B81D681FC01D501EC81D701ED01D501F7C
:109E7000D81D701FE01D581EE81D781EF01D581FCC
:109E8000F81DF81E081E201E181E301E481E601EDB
:109E9000581E701E781E381F881EA01E901E801F20
:109EA000981EA01FB01E881FB81EA81FC01E801FAE
:109EB000C81E881FD01E901FD81EB01FE01EA01FF6
:109EC000E81EA81FF01E981FF81E781F081F201FED
:109ED000181F301F481F601F581F701F781FB81FA2
:109EE000881FA01F901FC01F981FE01FB01FC81F12
:109EF000B81FE81FC81FE01FD81FF01F0800001080
:109F0000100000201800003020000002280000127D
:109F100030000022380000324000000448000014E5
:109F2000500000245800003460000006680000164D
:109F300070000026780000368000000888000018B5
:109F40009000002898000038A000000AA800001A1D
:109F5000B000002AB800003AC000000CC800001C85
:109F6000D000002CD800003CE000000EE800001EED
:109F7000F000002EF800003E00010004080140102F
:109F800010014020180140302001400228014012F9
:109F90003001402238014032400140044801401461
:109FA00050014024580140346001400668014016C9
:109FB0007001402678014036800140088801401831
:109FC0009001402898014038A001400AA801401A99
:109FD000B001402AB801403AC001400CC801401C01
:109FE000D001402CD801403CE001400EE801401E69
:109FF000F001402EF801403E0002000808028010E7
:10A000001002802018028030200280022802801274
:10A0100030028022380280324002800448028014DC
:10A020005002802458028034600280066802801644
:10A0300070028026780280368002800888028018AC
:10A040009002802898028038A002800AA802801A14
:10A05000B002802AB802803AC002800CC802801C7C
:10A06000D002802CD802803CE002800EE802801EE4
:10A07000F002802EF802803E0003000C0803C0109E
:10A080001003C0201803C0302003800C2803C01226
:10A090003003C0223803C0324003C0044803C01458
:10A0A0005003C0245803C0346003C0066803C016C0
:10A0B0007003C0267803C0368003C0088803C01828
:10A0C0009003C0289803C038A003C00AA803C01A90
:10A0D000B003C02AB803C03AC003C00CC803C01CF8
:10A0E000D003C02CD803C03CE003C00EE803C01E60
:10A0F000F003C02EF803C03E080400111004002134
:10A10000180400312004000C28040013300400233C
:10A1100038040033400400054804001550040025AD
:10A120005804003560040007680400177004002715
:10A13000780400378004000988040019900400297D
:10A1400098040039A004000BA804001BB004002BE5
:10A15000B804003BC004000DC804001DD004002D4D
:10A16000D804003DE004000FE804001FF004002FB5
:10A17000F804003F08054011100540211805403142
:10A180002005000D280540133005402338054033D5
:10A1900048054015500540255805403560054007E5
:10A1A000680540177005402778054037800540094D
:10A1B000880540199005402998054039A005400BB5
:10A1C000A805401BB005402BB805403BC005400D1D
:10A1D000C805401DD005402DD805403DE005400F85
:10A1E000E805401FF005402FF805403F00064008F5
:10A1F0000806801110068021180680312006C0084C
:10A200002806801330068023380680334006400934
:10A210004806801550068025580680356006800760
:10A2200068068017700680277806803780068009C8
:10A23000880680199006802998068039A006800B30
:10A24000A806801BB006802BB806803BC006800D98
:10A25000C806801DD006802DD806803DE006800F00
:10A26000E806801FF006802FF806803F0007400CAC
:10A270000807C0111007C0211807C0312007C00C03
:10A280002807C0133007C0233807C0334007400DEC
:10A290004807C0155007C0255807C0356007C007DC
:10A2A0006807C0177007C0277807C0378007C00944
:10A2B0008807C0199007C0299807C039A007C00BAC
:10A2C000A807C01BB007C02BB807C03BC007C00D14
:10A2D000C807C01DD007C02DD807C03DE007C00F7C
:10A2E000E807C01FF007C02FF807C03F00080010A4
:10A2F00008080810100808201808083020088010E6
:10A3000028080812300808223808083240080011CE
:10A3100048080814500808245808083460088011B8
:10A32000680808167008082678080836800808109B
:10A33000880808189008082898080838A008080A0B
:10A34000A808081AB008082AB808083AC008080C73
:10A35000C808081CD008082CD808083CE008080EDB
:10A36000E808081EF008082EF808083E0009001446
:10A37000080948101009482018094830200980149D
:10A380002809481230094822380948324009001586
:10A390004809481450094824580948346009801570
:10A3A0006809481670094826780948368009081453
:10A3B000880948189009482898094838A009480A87
:10A3C000A809481AB009482AB809483AC009480CEF
:10A3D000C809481CD009482CD809483CE009480E57
:10A3E000E809481EF009482EF809483E000A0018FE
:10A3F000080A8810100A8820180A8830200A801855
:10A40000280A8812300A8822380A8832400A00193D
:10A41000480A8814500A8824580A8834600A801927
:10A42000680A8816700A8826780A8836800A08180A
:10A43000880A8818900A8828980A8838A00A8818F4
:10A44000A80A881AB00A882AB80A883AC00A880C6A
:10A45000C80A881CD00A882CD80A883CE00A880ED2
:10A46000E80A881EF00A882EF80A883E000B001CB5
:10A47000080BC810100BC820180BC830200B801C0C
:10A48000280BC812300BC822380BC832400B001DF5
:10A49000480BC814500BC824580BC834600B801DDF
:10A4A000680BC816700BC826780BC836800B081CC2
:10A4B000880BC818900BC828980BC838A00B881CAC
:10A4C000A80BC81AB00BC82AB80BC83AC00BC80CE6
:10A4D000C80BC81CD00BC82CD80BC83CE00BC80E4E
:10A4E000E80BC81EF00BC82EF80BC83E000C40103D
:10A4F000080C0811100C0821180C0831200CC01091
:10A50000280C0813300C0823380C0833400C401179
:10A51000480C0815500C0825580C0835600CC01163
:10A52000680C0817700C0827780C0837800C481046
:10A53000880C0819900C0829980C0839A00CC81030
:10A54000A80C081BB00C082BB80C083BC00C080D5D
:10A55000C80C081DD00C082DD80C083DE00C080FC5
:10A56000E80C081FF00C082FF80C083F000D4014F1
:10A57000080D4811100D4821180D4831200DC01448
:10A58000280D4813300D4823380D4833400D401531
:10A59000480D4815500D4825580D4835600DC0151B
:10A5A000680D4817700D4827780D4837800D4814FE
:10A5B000880D4819900D4829980D4839A00DC814E8
:10A5C000A80D481BB00D482BB80D483BC00D4815D1
:10A5D000C80D481DD00D482DD80D483DE00D480F41
:10A5E000E80D481FF00D482FF80D483F000E4018A9
:10A5F000080E8811100E8821180E8831200EC01800
:10A60000280E8813300E8823380E8833400E4019E8
:10A61000480E8815500E8825580E8835600EC019D2
:10A62000680E8817700E8827780E8837800E4818B5
:10A63000880E8819900E8829980E8839A00EC8189F
:10A64000A80E881BB00E882BB80E883BC00E481988
:10A65000C80E881DD00E882DD80E883DE00E880FBC
:10A66000E80E881FF00E882FF80E883F000F401C60
:10A67000080FC811100FC821180FC831200FC01CB7
:10A68000280FC813300FC823380FC833400F401DA0
:10A69000480FC815500FC825580FC835600FC01D8A
:10A6A000680FC817700FC827780FC837800F481C6D
:10A6B000880FC819900FC829980FC839A00FC81C57
:10A6C000A80FC81BB00FC82BB80FC83BC00F481D40
:10A6D000C80FC81DD00FC82DD80FC83DE00FC81D2A
:10A6E000E80FC81FF00FC82FF80FC83F0010002058
:10A6F000081010101010102018101030201080209A
:10A700002810101230101022381010324010002182
:10A71000481010145010102458101034601080216C
:10A72000681010167010102678101036801008204F
:10A73000881010189010102898101038A010882039
:10A74000A810101AB010102AB810103AC010082122
:10A75000C810101CD010102CD810103CE01088210C
:10A76000E810101EF010102EF810103E00110024FA
:10A77000081110241011502018115030201180247D
:10A78000281150123011502238115032401100253A
:10A790004811501450115024581150346011802524
:10A7A0006811501670115026781150368011082407
:10A7B000881150189011502898115038A0118824F1
:10A7C000A811501AB011502AB811503AC0110825DA
:10A7D000C811501CD011502CD811503CE0118825C4
:10A7E000E811501EF011502EF811503E00120028B2
:10A7F0000812102810129020181290302012802871
:10A8000028129012301290223812903240120029F1
:10A8100048129014501290245812903460128029DB
:10A8200068129016701290267812903680120828BE
:10A83000881290189012902898129038A0128828A8
:10A84000A812901AB012902AB812903AC012082991
:10A85000C812901CD012902CD812903CE01288297B
:10A86000E812901EF012902EF812903E0013002C69
:10A870000813102C1013D0201813D0302013802C64
:10A880002813902C3013D0223813D0324013002DCF
:10A890004813D0145013D0245813D0346013802D93
:10A8A0006813D0167013D0267813D0368013082C76
:10A8B0008813D0189013D0289813D038A013882C60
:10A8C000A813D01AB013D02AB813D03AC013082D49
:10A8D000C813D01CD013D02CD813D03CE013882D33
:10A8E000E813D01EF013D02EF813D03E00144020F1
:10A8F0000814502010141021181410312014C020F6
:10A900002814D02030141023381410334014402160
:10A910004814101550141025581410356014C02117
:10A9200068141017701410277814103780144820FA
:10A93000881410199014102998141039A014C820E4
:10A94000A814101BB014102BB814103BC0144821CD
:10A95000C814101DD014102DD814103DE014C821B7
:10A96000E814101FF014102FF814103F00154024A5
:10A970000815502410155021181550312015C024E9
:10A980002815D02430155023381550334015402554
:10A990004815501550155025581550356015C025CF
:10A9A00068155017701550277815503780154824B2
:10A9B000881550199015502998155039A015C8249C
:10A9C000A815501BB015502BB815503BC015482585
:10A9D000C815501DD015502DD815503DE015C8256F
:10A9E000E815501FF015502FF815503F001640285D
:10A9F0000816502810169021181690312016C028DD
:10AA00002816D02830169023381690334016402947
:10AA10004816502950169025581690356016C029B2
:10AA20006816901770169027781690378016482869
:10AA3000881690199016902998169039A016C82853
:10AA4000A816901BB016902BB816903BC01648293C
:10AA5000C816901DD016902DD816903DE016C82926
:10AA6000E816901FF016902FF816903F0017402C14
:10AA70000817502C1017D0211817D0312017C02CD0
:10AA80002817D02C3017D0233817D0334017402D3B
:10AA90004817502D5017D0255817D0356017C02DA6
:10AAA0006817D0177017D0277817D0378017482C21
:10AAB0008817D0199017D0299817D039A017C82C0B
:10AAC000A817D01BB017D02BB817D03BC017482DF4
:10AAD000C817D01DD017D02DD817D03DE017C82DDE
:10AAE000E817D01FF017D02FF817D03F001800300C
:10AAF0000818103010181820181818302018803036
:10AB000028189030301818223818183240180031A0
:10AB1000481810315018182458181834601880310B
:10AB20006818903170181826781818368018083070
:10AB3000881818309018182898181838A0188830D5
:10AB4000A818181AB018182AB818183AC0180831D6
:10AB5000C818181CD018182CD818183CE0188831C0
:10AB6000E818181EF018182EF818183E00190034AE
:10AB70000819103410195820181958302019803429
:10AB80002819903430195822381958324019003594
:10AB900048191035501958245819583460198035FF
:10ABA0006819903570195826781958368019083464
:10ABB000881918349019582898195838A0198834C9
:10ABC000A819581AB019582AB819583AC01908358E
:10ABD000C819581CD019582CD819583CE019883578
:10ABE000E819581EF019582EF819583E001A003866
:10ABF000081A1038101A9820181A9830201A80381D
:10AC0000281A9038301A9822381A9832401A003987
:10AC1000481A1039501A9824581A9834601A8039F2
:10AC2000681A9039701A9826781A9836801A083857
:10AC3000881A1838901A9828981A9838A01A8838BC
:10AC4000A81A9838B01A982AB81A983AC01A083927
:10AC5000C81A981CD01A982CD81A983CE01A88392F
:10AC6000E81A981EF01A982EF81A983E001B003C1D
:10AC7000081B103C101BD820181BD830201B803C10
:10AC8000281B903C301BD822381BD832401B003D7B
:10AC9000481B103D501BD824581BD834601B803DE6
:10ACA000681B903D701BD826781BD836801B083C4B
:10ACB000881B183C901BD828981BD838A01B883CB0
:10ACC000A81B983CB01BD82AB81BD83AC01B083D1B
:10ACD000C81BD81CD01BD82CD81BD83CE01B883DE7
:10ACE000E81BD81EF01BD82EF81BD83E001C4030A5
:10ACF000081C5030101C1821181C1831201CC030A2
:10AD0000281CD030301C1823381C1833401C40310C
:10AD1000481C5031501C1825581C1835601CC03177
:10AD2000681CD031701C1827781C1837801C4830DC
:10AD3000881C5830901C1829981C1839A01CC83041
:10AD4000A81CD830B01C182BB81C183BC01C4831AC
:10AD5000C81C181DD01C182DD81C183DE01CC8316B
:10AD6000E81C181FF01C182FF81C183F001D403459
:10AD7000081D5034101D5821181D5831201DC03495
:10AD8000281DD034301D5823381D5833401D403500
:10AD9000481D5035501D5825581D5835601DC0356B
:10ADA000681DD035701D5827781D5837801D4834D0
:10ADB000881D5834901D5829981D5839A01DC83435
:10ADC000A81DD834B01D582BB81D583BC01D4835A0
:10ADD000C81D5835D01D582DD81D583DE01DC8350B
:10ADE000E81D581FF01D582FF81D583F001E403811
:10ADF000081E5038101E9821181E9831201EC03889
:10AE0000281ED038301E9823381E9833401E4039F3
:10AE1000481E5039501E9825581E9835601EC0395E
:10AE2000681ED039701E9827781E9837801E4838C3
:10AE3000881E5838901E9829981E9839A01EC83828
:10AE4000A81ED838B01E982BB81E983BC01E483993
:10AE5000C81E5839D01E982DD81E983DE01EC839FE
:10AE6000E81E981FF01E982FF81E983F001F403CC8
:10AE7000081F503C101FD821181FD831201FC03C7C
:10AE8000281FD03C301FD823381FD833401F403DE7
:10AE9000481F503D501FD825581FD835601FC03D52
:10AEA000681FD03D701FD827781FD837801F483CB7
:10AEB000881F583C901FD829981FD839A01FC83C1C
:10AEC000A81FD83CB01FD82BB81FD83BC01F483D87
:10AED000C81F583DD01FD82DD81FD83DE01FC83DF2
:10AEE000E81FD83DF01FD82FF81FD83F082080203A
:10AEF00010202020182020302820802830202022D8
:10AF000038202032402000214820C020502020241A
:10AF100058202034602010246820C028702020266B
:10AF200078202036882080309020202898202038D3
:10AF3000A0200830A8208038B020202AB820203A4D
:10AF4000C0200821C820C030D020202CD820203C90
:10AF5000E0200831E820C038F020202EF820203EE4
:10AF600000210024082180211021102418216030A4
:10AF7000202120242821802930216022382160329C
:10AF8000402100254821C0215021602458216034EF
:10AF9000602150246821C029702160267821603604
:10AFA00080210824882180319021602898216038F0
:10AFB000A0210834A8218039B021602AB821603A44
:10AFC000C0210825C821C031D021602CD821603C87
:10AFD000E0210835E821C039F021602EF821603EDB
:10AFE0000022003008228030102208301822A030C1
:10AFF00020221030282288283022A0223822A03295
:10B00000402240304822C0305022A0245822A03490
:10B01000602250306822C8287022A0267822A036EC
:10B0200080222030882288309022A0289822A038C0
:10B03000A0221830A8228838B022A02AB822A03A2C
:10B04000C0226030C822C830D022A02CD822A03C18
:10B05000E0221831E822C838F022A02EF822A03EC3
:10B060000023003108238031102308311823E030F9
:10B070002023103128238829302318313823E03247
:10B08000402340314823C0315023E0245823E0348A
:10B09000602350316823C8297023E0267823E036E6
:10B0A00080231824882388319023E0289823E038CF
:10B0B000A0231834A8238839B023E02AB823E03A23
:10B0C000C0231825C823C831D023E02CD823E03C66
:10B0D000E0231835E823C839F023E02EF823E03EBA
:10B0E0000824802410242024182420312824802C93
:10B0F0003024103138242033402400254824C02433
:10B100005024202558242035602410256824C02C84
:10B110007024202778242037882480349024202904
:10B1200098242039A0244830A824803CB024202B27
:10B13000B824203BC0240825C824C034D024202DA6
:10B14000D824203DE0244831E824C03CF024202FBE
:10B15000F824203F0825802510252025182560315A
:10B160002825802D30255031382560334825C025CD
:10B1700050256025582560356825C02D702560272D
:10B180007825603788258035902560299825603995
:10B19000A0254834A825803DB025602BB825603B0C
:10B1A000C825C035D025602DD825603DE02548351F
:10B1B000E825C03DF025602FF825603F00260034CB
:10B1C00008268034102608341826A0312026103492
:10B1D0002826882C302618343826A03340264034C0
:10B1E0004826C034502648345826A03560265034AE
:10B1F0006826C82C7026A0277826A0378026203401
:10B20000882688349026A0299826A039A026583070
:10B21000A826883CB026A02BB826A03BC0266034C8
:10B22000C826C834D026A02DD826A03DE026583107
:10B23000E826C83CF026A02FF826A03F00270035BE
:10B2400008278035102708351827E03120271035CA
:10B250002827882D302718353827E03340274035F8
:10B260004827C035502748355827E03560275035E6
:10B270006827C82D7027E0277827E03780272035FA
:10B28000882788359027E0299827E039A027583467
:10B29000A827883DB027E02BB827E03BC0276035C2
:10B2A000C827C835D027E02DD827E03DE0275835FE
:10B2B000E827C83DF027E02FF827E03F082820289E
:10B2C00010288028182828302828902830288828F6
:10B2D000382828324028002C4828202C5028802C40
:10B2E000582828346028082C6828D0287028882CF2
:10B2F000782828368828903098282838A0282830A0
:10B30000A8289038B028282AB828283AC028102C15
:10B31000C828D030D028282CD828283CE028182C41
:10B32000E828D038F028282EF828283E0029002CBC
:10B330000829082C1029102C182968302029202CC5
:10B34000282990293029D030382968324029402CCA
:10B350004829602C5029C02C582968346029482C71
:10B360006829D0297029C82C782968368029802C32
:10B37000882990319029282C98296838A0292834C8
:10B38000A8299039B029682AB829683AC029502CD0
:10B39000C829D031D029682CD829683CE029582CFC
:10B3A000E829D039F029682EF829683E002A0038AB
:10B3B000082A2038102A8038182AA830202A08386D
:10B3C000282A2838302A8838382AA832402A003CCF
:10B3D000482A203C502A803C582AA834602A083C3D
:10B3E000682A283C702A883C782AA836802A103897
:10B3F000882A9830902A9038982AA838A02A183895
:10B40000A82A9838B02A9838B82AA83AC02A103CF6
:10B41000C82AD830D02AA82CD82AA83CE02A183C20
:10B42000E82AD838F02AA82EF82AA83E002B40385F
:10B43000082B6038102BC038182BE830202B4838E8
:10B44000282B6838302BC838382BE832402B403C4A
:10B45000482B603C502BC03C582BE834602B483CB8
:10B46000682B683C702BC83C782BE836802B503812
:10B47000882B9831902BD038982BE838A02B58384F
:10B48000A82B9839B02BD838B82BE83AC02B503CB1
:10B49000C82BD831D02BE82CD82BE83CE02B583CDB
:10B4A000E82BD839F02BE82EF82BE83E082C202C7E
:10B4B000102C802C182C2831282C902C302C9031DA
:10B4C000382C2833402C002D482C202D502C802D3A
:10B4D000582C2835602C082D682CD02C702C882DE9
:10B4E000782C2837882C9034982C2839A02C683058
:10B4F000A82C903CB02C6838B82C283BC02C102DC0
:10B50000C82CD034D02C282DD82C283DE02C182D38
:10B51000E82CD03CF02C282FF82C283F082D202D8B
:10B52000102D802D182D6831282D902D302DD031E3
:10B53000382D6833482D602D502DC02D582D68357D
:10B54000682DD02D702DC82D782D6837882D903519
:10B55000982D6839A02D6834A82D903DB02D683CF9
:10B56000B82D683BC82DD035D82D683DE02D683505
:10B57000E82DD03DF02D682FF82D683F002E0039C2
:10B58000082E2039102E8039182EA831202E083987
:10B59000282E2839302E8839382EA833402E003DE9
:10B5A000482E203D502E803D582EA835602E083D57
:10B5B000682E283D702E883D782EA837802E1039B1
:10B5C000882E9834902E9039982EA839A02E1839AC
:10B5D000A82E983CB02E9839B82EA83BC02E103D0E
:10B5E000C82ED834D02E903DD82EA83DE02E183D40
:10B5F000E82ED83CF02EA82FF82EA83F002F403977
:10B60000082F6039102FC039182FE831202F483902
:10B61000282F6839302FC839382FE833402F403D64
:10B62000482F603D502FC03D582FE835602F483DD2
:10B63000682F683D702FC83D782FE837802F50392C
:10B64000882F9835902FD039982FE839A02F583966
:10B65000A82F983DB02FD839B82FE83BC02F503DC8
:10B66000C82FD835D02FD03DD82FE83DE02F583DFA
:10B67000E82FD83DF02FD83DF82FE83F1830303074
:10B6800038303032403000314830083150301031DD
:10B690005830303460302031683028317030183400
:10B6A000783030368830A03098303038A830A03824
:10B6B000B0308838B830303AC0308031C830E030EF
:10B6C000D0309031D830303CE0308831E830E0384C
:10B6D000F0308839F830303E003100340831083419
:10B6E00010311034183118342031203428312834E6
:10B6F000303130343831703240310035483108351E
:10B70000503110355831703460312035683128356A
:10B710007031583478317036803180348831A031BE
:10B720009031903498317038A0318834A831A039E4
:10B73000B031883CB831703AC0318035C831E03121
:10B74000D0319035D831703CE0318835E831E0397E
:10B75000F031883DF831703E0032003808328038D0
:10B760001032083818328838203210382832903891
:10B77000303218383832B032403240384832C0386F
:10B78000503248385832B034603250386832D0388D
:10B79000703258387832B036803220388832A0384B
:10B7A000903228389832B038A0323038A832A838D1
:10B7B000B0329838B832B03AC0326038C832E03867
:10B7C000D0326838D832B03CE0327038E832E838ED
:10B7D000F0329839F832B03E0033003908338039FE
:10B7E0001033083918338839203310392833903909
:10B7F0003033183938339839403340394833C039F9
:10B80000503348395833F034603350396833D039C5
:10B81000703358397833F036803320398833A03983
:10B82000903328399833F038A0339834A833A839A6
:10B83000B033983CB833F03AC0336039C833E0399C
:10B84000D0336839D833F03CE0339835E833E83901
:10B85000F033983DF833F03E18343034383418392A
:10B8600040340035483408355034103558343035BC
:10B8700060342035683428357034183578343037E2
:10B880008834A03498343039A834A03CB034C83857
:10B89000B834303BC0348035C834E034D0349035CF
:10B8A000D834303DE0348835E834E03CF034C839F1
:10B8B000F834303F1835303538355839583570350B
:10B8C000783570378835A03598357039A835A03D62
:10B8D000B035C83CB835703BC835E035D835703D1B
:10B8E000E835E03DF035C83DF835703F0036003CA6
:10B8F0000836803C1036083C1836883C2036103C10
:10B900002836903C3036183C3836983C4036403C1F
:10B910004836C03C5036483C5836C83C6036503CEF
:10B920006836D03C7036583C7836B0378036203C8C
:10B930008836A03C9036283C9836B039A036303C4A
:10B94000A836A83CB036D838B836B03BC036603CD4
:10B95000C836E03CD036683CD836B03DE036703C66
:10B96000E836E83CF036D839F836B03F0037003DCD
:10B970000837803D1037083D1837883D2037103D87
:10B980002837903D3037183D3837983D4037403D97
:10B990004837C03D5037483D5837C83D6037503D67
:10B9A0006837D03D7037583D7837F0378037203DC5
:10B9B0008837A03D9037283D9837F039A037303D83
:10B9C000A837A83DB037D83CB837F03BC037603D0A
:10B9D000C837E03DD037683DD837F03DE037703D9F
:10B9E000E837E83DF037D83DF837F03F3838983839
:10B9F0004038003948380839503810395838183923
:10BA00006038203968382839703830397838983CAF
:10BA1000A838B038B838383AC0388039C83888398A
:10BA2000D0389039D838383CE038A039E838F03888
:10BA3000F838383EF038A8390039003C0839083C5D
:10BA40001039103C1839183C2039203C2839283C42
:10BA50003039303C3839383C4039003D4839083DB0
:10BA60005039103D5839183D6039203D6839283D1E
:10BA70007039303D7839D83C8039803C8839883CF1
:10BA80009039903C9839983CA039A03CA839B039FD
:10BA9000B839783AB039A83CC039803DC839883DBA
:10BAA000D039903DD839783CE039A03DE839F039BB
:10BAB000F839783EF039A83D083A103A103A203A61
:10BAC000183A303A203A803A283A903A303AA03A36
:10BAD000383AB03A403A003B483A103B503A203BA3
:10BAE000583A303B603A803B683A903B703AA03B12
:10BAF000783AB03B883AA03A983AB03AA83AB03A85
:10BB0000C03A083BC83A183BD03A283BD83AB83C30
:10BB1000E03A883BE83A983BF03AA83BF83AB83E1E
:10BB2000003B003E083B103E103B203E183B303EA1
:10BB3000203B803E283B903E303BA03E383BB03E11
:10BB4000403B003F483B103F503B203F583B303F7D
:10BB5000603B803F683B903F703BA03F783BB03FED
:10BB6000803B083E883B183E903B283E983B383E41
:10BB7000A03B883EA83B983EB03BA83EB83BB83EB1
:10BB8000C03B083FC83B183FD03B283FD83BF83C60
:10BB9000E03B883FE83B983FF03BA83FF83BF83E4E
:10BBA000383C983C403C003D483C083D503C103DF2
:10BBB000583C183D603C203D683C283D703C303D81
:10BBC000783C983DA83CB03CB83CB03EC03C803D81
:10BBD000C83C883DD03C903DD83C383DE03CA03D41
:10BBE000E83CF03CF03CA83DF83C383F383D983DFF
:10BBF000783DD83DA83DB03DB83DB03FE83DF03D73
:10BC0000083E803EF83D783F103E803E183E883E1C
:10BC1000203E803E283E903E303E883E383E983E54
:10BC2000403E003F483E203F503E803F583EA03FB0
:10BC3000603E083F683E283F703E883F783EA83F00
:10BC4000883EA03E983EA83EC03E103FA83EB03E73
:10BC5000C83E303FD03E903FD83EB03FE03E183F18
:10BC6000E83E383FF03E983F083F803FF83EB83FFF
:10BC7000103F803F183F883F203F803F283F903F44
:10BC8000303F883F383F983F483F503F503F603FEC
:10BC9000583F703F603FC03F683FD03F703FE03F3C
:10BCA000783FF03F883FA03F983FA83FA83FB03F74
:10BCB000D83FF03FC83FE03FE83FF03F00000000C2
:10BCC0000000803FC2C5473EBE147B3F15EFC33E18
:10BCD0005E836C3FDA390E3F31DB543FF304353F6E
:10BCE000F304353F31DB543FDA390E3F5E836C3F5E
:10BCF00015EFC33EBE147B3FC2C5473E0000803FE8
:10BD000000000000BE147B3FC2C547BE5E836C3F8F
:10BD100015EFC3BE31DB543FDA390EBFF304353FB4
:10BD2000F30435BFDA390E3F31DB54BF15EFC33EA4
:10BD30005E836CBFC2C5473EBE147BBF00000000DF
:10BD40000000803F36BDC83D6DC47E3FC2C5473E42
:10BD5000BE147B3F31A0943E0BFA743F15EFC33EF7
:10BD60005E836C3FEA5AF13E98C5613FDA390E3F77
:10BD700031DB543F9967223F03E4453FF304353FED
:10BD8000F304353F03E4453F9967223F31DB543FDD
:10BD9000DA390E3F98C5613FEA5AF13E5E836C3F47
:10BDA00015EFC33E0BFA743F31A0943EBE147B3FA7
:10BDB000C2C5473E6DC47E3F36BDC83D0000803FD2
:10BDC000000000006DC47E3F36BDC8BDBE147B3F81
:10BDD000C2C547BE0BFA743F31A094BE5E836C3F70
:10BDE00015EFC3BE98C5613FEA5AF1BE31DB543F3F
:10BDF000DA390EBF03E4453F996722BFF304353FAC
:10BE0000F30435BF9967223F03E445BFDA390E3F9B
:10BE100031DB54BFEA5AF13E98C561BF15EFC33E0E
:10BE20005E836CBF31A0943E0BFA74BFC2C5473E1F
:10BE3000BE147BBF36BDC83D6DC47EBF0000000090
:10BE40000000803F2FFB483D0FB17F3F36BDC83D0E
:10BE50006DC47E3F8340163EAC3A7D3FC2C5473E2F
:10BE6000BE147B3FCCCF783EF853783F31A0943E50
:10BE70000BFA743FD47CAC3E0809713F15EFC33E0A
:10BE80005E836C3F80E8DA3ED86B673FEA5AF13E4A
:10BE900098C5613F3D9C033F1A945B3FDA390E3FE2
:10BEA00031DB543FC07F183F029F4D3F9967223FCF
:10BEB00003E4453F4AEB2B3FF9AE3D3FF304353FEA
:10BEC000F304353FF9AE3D3F4AEB2B3F03E4453FDA
:10BED0009967223F029F4D3FC07F183F31DB543F9F
:10BEE000DA390E3F1A945B3F3D9C033F98C5613F92
:10BEF000EA5AF13ED86B673F80E8DA3E5E836C3FDA
:10BF000015EFC33E0809713FD47CAC3E0BFA743F79
:10BF100031A0943EF853783FCCCF783EBE147B3F9F
:10BF2000C2C5473EAC3A7D3F8340163E6DC47E3F5E
:10BF300036BDC83D0FB17F3F2FFB483D0000803F1D
:10BF4000000000000FB17F3F2FFB48BD6DC47E3F56
:10BF500036BDC8BDAC3A7D3F834016BEBE147B3FA4
:10BF6000C2C547BEF853783FCCCF78BE0BFA743FBA
:10BF700031A094BE0809713FD47CACBE5E836C3F97
:10BF800015EFC3BED86B673F80E8DABE98C5613F46
:10BF9000EA5AF1BE1A945B3F3D9C03BF31DB543F2C
:10BFA000DA390EBF029F4D3FC07F18BF03E4453F03
:10BFB000996722BFF9AE3D3F4AEB2BBFF304353FF3
:10BFC000F30435BF4AEB2B3FF9AE3DBF9967223FE3
:10BFD00003E445BFC07F183F029F4DBFDA390E3FD3
:10BFE00031DB54BF3D9C033F1A945BBFEA5AF13EDC
:10BFF00098C561BF80E8DA3ED86B67BF15EFC33ED6
:10C000005E836CBFD47CAC3E080971BF31A0943E06
:10C010000BFA74BFCCCF783EF85378BFC2C5473E09
:10C02000BE147BBF8340163EAC3A7DBF36BDC83DD3
:10C030006DC47EBF2FFB483D0FB17FBF00000000E5
:10C040000000803FB00AC93C43EC7F3F2FFB483DD6
:10C050000FB17F3F05A9963D6D4E7F3F36BDC83D70
:10C060006DC47E3F73B2FA3D24137E3F8340163E7B
:10C07000AC3A7D3FA2102F3E283B7C3FC2C5473ED5
:10C08000BE147B3F135C603E9DC7793FCCCF783EAA
:10C09000F853783F938E883E07BA763F31A0943E9E
:10C0A0000BFA743FE59AA03E4714733FD47CAC3E34
:10C0B0000809713F2A44B83E9ED86E3F15EFC33E33
:10C0C0005E836C3FCA7BCF3EA7096A3F80E8DA3EB9
:10C0D000D86B673F7533E63E59AA643FEA5AF13E92
:10C0E00098C5613F275DFC3E05BE5E3F3D9C033F1A
:10C0F0001A945B3F9BF5083F5348583FDA390E3F8F
:10C1000031DB543F2A68133F3D4D513FC07F183FFC
:10C11000029F4D3FD17F1D3F12D1493F9967223F7A
:10C1200003E4453F5636273F70D8413F4AEB2B3F4B
:10C13000F9AE3D3FBB85303F4268393FF304353FA0
:10C14000F304353F4268393FBB85303FF9AE3D3F90
:10C150004AEB2B3F70D8413F5636273F03E4453F1B
:10C160009967223F12D1493FD17F1D3F029F4D3F2A
:10C17000C07F183F3D4D513F2A68133F31DB543F8C
:10C18000DA390E3F5348583F9BF5083F1A945B3FFE
:10C190003D9C033F05BE5E3F275DFC3E98C5613F69
:10C1A000EA5AF13E59AA643F7533E63ED86B673FC1
:10C1B00080E8DA3EA7096A3FCA7BCF3E5E836C3FC8
:10C1C00015EFC33E9ED86E3F2A44B83E0809713F22
:10C1D000D47CAC3E4714733FE59AA03E0BFA743F03
:10C1E00031A0943E07BA763F938E883EF853783F4D
:10C1F000CCCF783E9DC7793F135C603EBE147B3F39
:10C20000C2C5473E283B7C3FA2102F3EAC3A7D3F43
:10C210008340163E24137E3F73B2FA3D6DC47E3FC9
:10C2200036BDC83D6D4E7F3F05A9963D0FB17F3F9E
:10C230002FFB483D43EC7F3FB00AC93C0000803FE4
:10C240000000000043EC7F3FB00AC9BC0FB17F3F44
:10C250002FFB48BD6D4E7F3F05A996BD6DC47E3F47
:10C2600036BDC8BD24137E3F73B2FABDAC3A7D3FE4
:10C27000834016BE283B7C3FA2102FBEBE147B3FDE
:10C28000C2C547BE9DC7793F135C60BEF853783F77
:10C29000CCCF78BE07BA763F938E88BE0BFA743F38
:10C2A00031A094BE4714733FE59AA0BE0809713FC0
:10C2B000D47CACBE9ED86E3F2A44B8BE5E836C3F31
:10C2C00015EFC3BEA7096A3FCA7BCFBED86B673FD5
:10C2D00080E8DABE59AA643F7533E6BE98C5613F6F
:10C2E000EA5AF1BE05BE5E3F275DFCBE1A945B3F75
:10C2F0003D9C03BF5348583F9BF508BF31DB543F7B
:10C30000DA390EBF3D4D513F2A6813BF029F4D3FA2
:10C31000C07F18BF12D1493FD17F1DBF03E4453F05
:10C32000996722BF70D8413F563627BFF9AE3D3FCF
:10C330004AEB2BBF4268393FBB8530BFF304353F22
:10C34000F30435BFBB85303F426839BF4AEB2B3F12
:10C35000F9AE3DBF5636273F70D841BF9967223F9F
:10C3600003E445BFD17F1D3F12D149BFC07F183FB5
:10C37000029F4DBF2A68133F3D4D51BFDA390E3F32
:10C3800031DB54BF9BF5083F534858BF3D9C033FEA
:10C390001A945BBF275DFC3E05BE5EBFEA5AF13EC4
:10C3A00098C561BF7533E63E59AA64BF80E8DA3E9E
:10C3B000D86B67BFCA7BCF3EA7096ABF15EFC33EE4
:10C3C0005E836CBF2A44B83E9ED86EBFD47CAC3E20
:10C3D000080971BFE59AA03E471473BF31A0943E8F
:10C3E0000BFA74BF938E883E07BA76BFCCCF783EE7
:10C3F000F85378BF135C603E9DC779BFC2C5473E06
:10C40000BE147BBFA2102F3E283B7CBF8340163E4C
:10C41000AC3A7DBF73B2FA3D24137EBF36BDC83D32
:10C420006DC47EBF05A9963D6D4E7FBF2FFB483D75
:10C430000FB17FBFB00AC93C43EC7FBF00000000D2
:10C440000000803F900E493C11FB7F3FB00AC93C81
:10C4500043EC7F3F2CC3163D98D37F3F2FFB483DD5
:10C460000FB17F3F742B7B3DAB847F3F05A9963D89
:10C470006D4E7F3F80B6AF3D580E7F3F36BDC83D05
:10C480006DC47E3F2EBCE13DB0707E3F73B2FA3D7D
:10C4900024137E3F86CF093ECCAB7D3F8340163EC2
:10C4A000AC3A7D3FB6AB223EC9BF7C3FA2102F3EC7
:10C4B000283B7C3FCF6E3B3ECDAC7B3FC2C5473E69
:10C4C000BE147B3F0115543E02737A3F135C603EFD
:10C4D0009DC7793F7F9A6C3E9812793FCCCF783ECA
:10C4E000F853783FC07D823EC58B773F938E883E60
:10C4F00007BA763F229A8E3EC6DE753F31A0943E43
:10C500000BFA743F86A09A3EDD0B743FE59AA03E7D
:10C510004714733F128FA63E5213723FD47CAC3E39
:10C520000809713FEF63B23E73F56F3F2A44B83E8E
:10C530009ED86E3F4A1DBE3E93B26D3F15EFC33E7F
:10C540005E836C3F53B9C93E0C4B6B3FCA7BCF3EF9
:10C55000A7096A3F4136D53E3CBF683F80E8DA3ED6
:10C56000D86B673F4F92E03E880F663F7533E63EDB
:10C5700059AA643FBBCBEB3E5A3C633FEA5AF13EBB
:10C5800098C5613FCBE0F63E2146603F275DFC3E0B
:10C5900005BE5E3FE4E7003F532D5D3F3D9C033FFA
:10C5A0001A945B3F824B063F6AF2593F9BF5083F66
:10C5B0005348583F6B9A0B3FE595563FDA390E3F8B
:10C5C00031DB543FCDD3103F4918533F2A68133F06
:10C5D0003D4D513FD9F6153F1F7A4F3FC07F183F61
:10C5E000029F4D3FC6021B3FF8BB4B3FD17F1D3F13
:10C5F00012D1493FCBF61F3F65DE473F9967223F87
:10C6000003E4453F25D2243F00E2433F5636273F0F
:10C6100070D8413F1594293F67C73F3F4AEB2B3FF6
:10C62000F9AE3D3FDE3B2E3F3B8F3B3FBB85303F6E
:10C630004268393FC9C8323F233A373FF304353F98
:10C64000F304353F233A373FC9C8323F4268393F88
:10C65000BB85303F3B8F3B3FDE3B2E3FF9AE3D3F3E
:10C660004AEB2B3F67C73F3F1594293F70D8413FA6
:10C670005636273F00E2433F25D2243F03E4453F9F
:10C680009967223F65DE473FCBF61F3F12D1493FF6
:10C69000D17F1D3FF8BB4B3FC6021B3F029F4D3F62
:10C6A000C07F183F1F7A4F3FD9F6153F3D4D513F90
:10C6B0002A68133F4918533FCDD3103F31DB543F15
:10C6C000DA390E3FE595563F6B9A0B3F5348583F7A
:10C6D0009BF5083F6AF2593F824B063F1A945B3F35
:10C6E0003D9C033F532D5D3FE4E7003F05BE5E3FA9
:10C6F000275DFC3E2146603FCBE0F63E98C5613F9A
:10C70000EA5AF13E5A3C633FBBCBEB3E59AA643F29
:10C710007533E63E880F663F4F92E03ED86B673F29
:10C7200080E8DA3E3CBF683F4136D53EA7096A3F04
:10C73000CA7BCF3E0C4B6B3F53B9C93E5E836C3F07
:10C7400015EFC33E93B26D3F4A1DBE3E9ED86E3F6D
:10C750002A44B83E73F56F3FEF63B23E0809713F5C
:10C76000D47CAC3E5213723F128FA63E4714733FE7
:10C77000E59AA03EDD0B743F86A09A3E0BFA743F0B
:10C7800031A0943EC6DE753F229A8E3E07BA763FB0
:10C79000938E883EC58B773FC07D823EF853783FAD
:10C7A000CCCF783E9812793F7F9A6C3E9DC7793FF7
:10C7B000135C603E02737A3F0115543EBE147B3F0A
:10C7C000C2C5473ECDAC7B3FCF6E3B3E283B7C3F56
:10C7D000A2102F3EC9BF7C3FB6AB223EAC3A7D3F94
:10C7E0008340163ECCAB7D3F86CF093E24137E3F6F
:10C7F00073B2FA3DB0707E3F2EBCE13D6DC47E3F0A
:10C8000036BDC83D580E7F3F80B6AF3D6D4E7F3F71
:10C8100005A9963DAB847F3F742B7B3D0FB17F3FD5
:10C820002FFB483D98D37F3F2CC3163D43EC7F3F01
:10C83000B00AC93C11FB7F3F900E493C0000803F8D
:10C840000000000011FB7F3F900E49BC43EC7F3F8E
:10C85000B00AC9BC98D37F3F2CC316BD0FB17F3F30
:10C860002FFB48BDAB847F3F742B7BBD6D4E7F3F5C
:10C8700005A996BD580E7F3F80B6AFBD6DC47E3F03
:10C8800036BDC8BDB0707E3F2EBCE1BD24137E3FD7
:10C8900073B2FABDCCAB7D3F86CF09BEAC3A7D3FCB
:10C8A000834016BEC9BF7C3FB6AB22BE283B7C3F4F
:10C8B000A2102FBECDAC7B3FCF6E3BBEBE147B3FE4
:10C8C000C2C547BE02737A3F011554BE9DC7793F6A
:10C8D000135C60BE9812793F7F9A6CBEF853783F24
:10C8E000CCCF78BEC58B773FC07D82BE07BA763F7E
:10C8F000938E88BEC6DE753F229A8EBE0BFA743FB9
:10C9000031A094BEDD0B743F86A09ABE4714733FDE
:10C91000E59AA0BE5213723F128FA6BE0809713F5E
:10C92000D47CACBE73F56F3FEF63B2BE9ED86E3F52
:10C930002A44B8BE93B26D3F4A1DBEBE5E836C3FB3
:10C9400015EFC3BE0C4B6B3F53B9C9BEA7096A3F75
:10C95000CA7BCFBE3CBF683F4136D5BED86B673F70
:10C9600080E8DABE880F663F4F92E0BE59AA643F66
:10C970007533E6BE5A3C633FBBCBEBBE98C5613F07
:10C98000EA5AF1BE2146603FCBE0F6BE05BE5E3FEF
:10C99000275DFCBE532D5D3FE4E700BF1A945B3F6B
:10C9A0003D9C03BF6AF2593F824B06BF5348583F34
:10C9B0009BF508BFE595563F6B9A0BBF31DB543FA3
:10C9C000DA390EBF4918533FCDD310BF3D4D513F0B
:10C9D0002A6813BF1F7A4F3FD9F615BF029F4D3FFC
:10C9E000C07F18BFF8BB4B3FC6021BBF12D1493FE7
:10C9F000D17F1DBF65DE473FCBF61FBF03E4453F38
:10CA0000996722BF00E2433F25D224BF70D8413F3F
:10CA1000563627BF67C73F3F159429BFF9AE3D3F44
:10CA20004AEB2BBF3B8F3B3FDE3B2EBF4268393F7B
:10CA3000BB8530BF233A373FC9C832BFF304353F07
:10CA4000F30435BFC9C8323F233A37BFBB85303FF7
:10CA5000426839BFDE3B2E3F3B8F3BBF4AEB2B3F4B
:10CA6000F9AE3DBF1594293F67C73FBF5636273FF4
:10CA700070D841BF25D2243F00E243BF9967223FCF
:10CA800003E445BFCBF61F3F65DE47BFD17F1D3FA7
:10CA900012D149BFC6021B3FF8BB4BBFC07F183F36
:10CAA000029F4DBFD9F6153F1F7A4FBF2A68133F2B
:10CAB0003D4D51BFCDD3103F491853BFDA390E3F1A
:10CAC00031DB54BF6B9A0B3FE59556BF9BF5083F92
:10CAD000534858BF824B063F6AF259BF3D9C033F03
:10CAE0001A945BBFE4E7003F532D5DBF275DFC3E1A
:10CAF00005BE5EBFCBE0F63E214660BFEA5AF13E7E
:10CB000098C561BFBBCBEB3E5A3C63BF7533E63E75
:10CB100059AA64BF4F92E03E880F66BF80E8DA3EB4
:10CB2000D86B67BF4136D53E3CBF68BFCA7BCF3E9E
:10CB3000A7096ABF53B9C93E0C4B6BBF15EFC33E83
:10CB40005E836CBF4A1DBE3E93B26DBF2A44B83EA1
:10CB50009ED86EBFEF63B23E73F56FBFD47CAC3E20
:10CB6000080971BF128FA63E521372BFE59AA03E0C
:10CB7000471473BF86A09A3EDD0B74BF31A0943E6C
:10CB80000BFA74BF229A8E3EC6DE75BF938E883E26
:10CB900007BA76BFC07D823EC58B77BFCCCF783ECB
:10CBA000F85378BF7F9A6C3E981279BF135C603E51
:10CBB0009DC779BF0115543E02737ABFC2C5473E77
:10CBC000BE147BBFCF6E3B3ECDAC7BBFA2102F3ED1
:10CBD000283B7CBFB6AB223EC9BF7CBF8340163E1C
:10CBE000AC3A7DBF86CF093ECCAB7DBF73B2FA3D78
:10CBF00024137EBF2EBCE13DB0707EBF36BDC83D64
:10CC00006DC47EBF80B6AF3D580E7FBF05A9963D6F
:10CC10006D4E7FBF742B7B3DAB847FBF2FFB483DA8
:10CC20000FB17FBF2CC3163D98D37FBFB00AC93C5C
:10CC300043EC7FBF900E493C11FB7FBF000000001A
:10CC40000000803F890FC93BC4FE7F3F900E493CE6
:10CC500011FB7F3FB6C9963CE6F47F3FB00AC93C62
:10CC600043EC7F3FB949FB3C29E17F3F2CC3163D94
:10CC700098D37F3F07E02F3D8FC37F3F2FFB483D79
:10CC80000FB17F3F6814623D189C7F3F742B7B3D42
:10CC9000AB847F3F0A208A3DC76A7F3F05A9963D46
:10CCA0006D4E7F3F8C30A33D9D2F7F3F80B6AF3DC3
:10CCB000580E7F3FC33ABC3D9DEA7E3F36BDC83D1E
:10CCC0006DC47E3FB93DD53DC99B7E3F2EBCE13D45
:10CCD000B0707E3F7638EE3D23437E3F73B2FA3D1F
:10CCE00024137E3F0295033EB1E07D3F86CF093E8F
:10CCF000CCAB7D3FB708103E74747D3F8340163E39
:10CD0000AC3A7D3FDE761C3E73FE7C3FB6AB223EE6
:10CD1000C9BF7C3FFCDE283EB07E7C3FA2102F3E88
:10CD2000283B7C3F9840353E31F57B3FCF6E3B3E04
:10CD3000CDAC7B3F379B413EFC617B3FC2C5473E4C
:10CD4000BE147B3F60EE4D3E16C57A3F0115543E42
:10CD500002737A3F97395A3E841E7A3F135C603ED5
:10CD60009DC7793F667C663E4E6E793F7F9A6C3EEA
:10CD70009812793F51B6723E7BB4783FCCCF783E63
:10CD8000F853783FE1E67E3E10F1773FC07D823E6A
:10CD9000C58B773FCE86853E1724773F938E883E9E
:10CDA00007BA763F07958B3E974D763F229A8E3E87
:10CDB000C6DE753FDD9D913E976D753F31A0943E77
:10CDC0000BFA743F17A1973E2284743F86A09A3EC7
:10CDD000DD0B743F789E9D3E3F91733FE59AA03EE8
:10CDE0004714733FC595A33EF894723F128FA63E39
:10CDF0005213723FC486A93E578F713FD47CAC3E1C
:10CE00000809713F3A71AF3E6680703FEF63B23EF2
:10CE100073F56F3FEC54B53E30686F3F2A44B83E1F
:10CE20009ED86E3FA031BB3EBE466E3F4A1DBE3E01
:10CE300093B26D3F1E07C13E1D1C6D3F15EFC33EF3
:10CE40005E836C3F29D5C63E58E86B3F53B9C93E57
:10CE50000C4B6B3F8B9BCC3E7BAB6A3FCA7BCF3E80
:10CE6000A7096A3F095AD23E9165693F4136D53ECE
:10CE70003CBF683F6B10D83EA816683F80E8DA3E9A
:10CE8000D86B673F79BEDD3ECCBE663F4F92E03E39
:10CE9000880F663FFA63E33E0B5E653F7533E63EFF
:10CEA00059AA643FB700E93E73F4633FBBCBEB3E46
:10CEB0005A3C633F7994EE3E1082623FEA5AF13E5B
:10CEC00098C5613F071FF43EF206613FCBE0F63E96
:10CED0002146603F2DA0F93E27835F3F275DFC3E42
:10CEE00005BE5E3FB217FF3EBEF65D3FE4E7003F82
:10CEF000532D5D3FB142023FC7615C3F3D9C033F04
:10CF00001A945B3F84F4043F50C45A3F824B063F5F
:10CF10006AF2593F36A1073F6A1E593F9BF5083F09
:10CF20005348583FAD480A3F2670573F6B9A0B3F16
:10CF3000E595563FD0EA0C3F93B9553FDA390E3F9D
:10CF400031DB543F84870F3FC3FA533FCDD3103FAB
:10CF50004918533FB01E123FC633523F2A68133F51
:10CF60003D4D513F39B0143FAF64503FD9F6153FA6
:10CF70001F7A4F3F073C173F908D4E3FC07F183FB1
:10CF8000029F4D3F00C2193F79AE4C3FC6021B3F86
:10CF9000F8BB4B3F0C421C3F7FC74A3FD17F1D3F30
:10CFA00012D1493F12BC1E3FB3D8483FCBF61F3FBA
:10CFB00065DE473FF92F213F2AE2463F9967223F2E
:10CFC00003E4453FA99D233FF5E3443F25D2243F99
:10CFD00000E2433F0A05263F29DE423F5636273FFF
:10CFE00070D8413F0566283FDAD0403F1594293F6D
:10CFF00067C73F3F82C02A3F1BBC3E3F4AEB2B3FE7
:10D00000F9AE3D3F69142D3F03A03C3FDE3B2E3F70
:10D010003B8F3B3FA5612F3FA47C3A3FBB85303F10
:10D020004268393F1DA8313F1652383FC9C8323FC8
:10D03000233A373FBCE7333F6C20363FF304353F9C
:10D04000F304353F6C20363FBCE7333F233A373F8C
:10D05000C9C8323F1652383F1DA8313F4268393F98
:10D06000BB85303FA47C3A3FA5612F3F3B8F3B3FC0
:10D07000DE3B2E3F03A03C3F69142D3FF9AE3D3F00
:10D080004AEB2B3F1BBC3E3F82C02A3F67C73F3F56
:10D090001594293FDAD0403F0566283F70D8413FBC
:10D0A0005636273F29DE423F0A05263F00E2433F2E
:10D0B00025D2243FF5E3443FA99D233F03E4453FA8
:10D0C0009967223F2AE2463FF92F213F65DE473F1D
:10D0D000CBF61F3FB3D8483F12BC1E3F12D1493F89
:10D0E000D17F1D3F7FC74A3F0C421C3FF8BB4B3FDF
:10D0F000C6021B3F79AE4C3F00C2193F029F4D3F15
:10D10000C07F183F908D4E3F073C173F1F7A4F3F1F
:10D11000D9F6153FAF64503F39B0143F3D4D513FF4
:10D120002A68133FC633523FB01E123F4918533F7F
:10D13000CDD3103FC3FA533F84870F3F31DB543FB9
:10D14000DA390E3F93B9553FD0EA0C3FE595563F8B
:10D150006B9A0B3F2670573FAD480A3F5348583FE4
:10D160009BF5083F6A1E593F36A1073F6AF2593FB7
:10D17000824B063F50C45A3F84F4043F1A945B3FED
:10D180003D9C033FC7615C3FB142023F532D5D3F71
:10D19000E4E7003FBEF65D3FB217FF3E05BE5E3FCF
:10D1A000275DFC3E27835F3F2DA0F93E2146603F6F
:10D1B000CBE0F63EF206613F071FF43E98C5613FA3
:10D1C000EA5AF13E1082623F7994EE3E5A3C633F48
:10D1D000BBCBEB3E73F4633FB700E93E59AA643F13
:10D1E0007533E63E0B5E653FFA63E33E880F663FAC
:10D1F0004F92E03ECCBE663F79BEDD3ED86B673FC6
:10D2000080E8DA3EA816683F6B10D83E3CBF683F06
:10D210004136D53E9165693F095AD23EA7096A3F1A
:10D22000CA7BCF3E7BAB6A3F8B9BCC3E0C4B6B3FAC
:10D2300053B9C93E58E86B3F29D5C63E5E836C3F63
:10D2400015EFC33E1D1C6D3F1E07C13E93B26D3FDF
:10D250004A1DBE3EBE466E3FA031BB3E9ED86E3FCD
:10D260002A44B83E30686F3FEC54B53E73F56F3FCB
:10D27000EF63B23E6680703F3A71AF3E0809713F7E
:10D28000D47CAC3E578F713FC486A93E5213723F87
:10D29000128FA63EF894723FC595A33E4714733F84
:10D2A000E59AA03E3F91733F789E9D3EDD0B743F13
:10D2B00086A09A3E2284743F17A1973E0BFA743FD2
:10D2C00031A0943E976D753FDD9D913EC6DE753F62
:10D2D000229A8E3E974D763F07958B3E07BA763F52
:10D2E000938E883E1724773FCE86853EC58B773F49
:10D2F000C07D823E10F1773FE1E67E3EF853783FF5
:10D30000CCCF783E7BB4783F51B6723E9812793FCD
:10D310007F9A6C3E4E6E793F667C663E9DC7793F34
:10D32000135C603E841E7A3F97395A3E02737A3FFF
:10D330000115543E16C57A3F60EE4D3EBE147B3F4C
:10D34000C2C5473EFC617B3F379B413ECDAC7B3F36
:10D35000CF6E3B3E31F57B3F9840353E283B7C3FCE
:10D36000A2102F3EB07E7C3FFCDE283EC9BF7C3F32
:10D37000B6AB223E73FE7C3FDE761C3EAC3A7D3F70
:10D380008340163E74747D3FB708103ECCAB7D3FA2
:10D3900086CF093EB1E07D3F0295033E24137E3FD8
:10D3A00073B2FA3D23437E3F7638EE3DB0707E3F48
:10D3B0002EBCE13DC99B7E3FB93DD53D6DC47E3F4E
:10D3C00036BDC83D9DEA7E3FC33ABC3D580E7F3F07
:10D3D00080B6AF3D9D2F7F3F8C30A33D6D4E7F3F8C
:10D3E00005A9963DC76A7F3F0A208A3DAB847F3FEF
:10D3F000742B7B3D189C7F3F6814623D0FB17F3FCB
:10D400002FFB483D8FC37F3F07E02F3D98D37F3FE1
:10D410002CC3163D29E17F3FB949FB3C43EC7F3FDC
:10D42000B00AC93CE6F47F3FB6C9963C11FB7F3F8A
:10D43000900E493CC4FE7F3F890FC93B0000803FEE
:10D4400000000000C4FE7F3F890FC9BB11FB7F3F76
:10D45000900E49BCE6F47F3FB6C996BC43EC7F3FD3
:10D46000B00AC9BC29E17F3FB949FBBC98D37F3FD3
:10D470002CC316BD8FC37F3F07E02FBD0FB17F3F89
:10D480002FFB48BD189C7F3F681462BDAB847F3F73
:10D49000742B7BBDC76A7F3F0A208ABD6D4E7F3FDC
:10D4A00005A996BD9D2F7F3F8C30A3BD580E7F3FB1
:10D4B00080B6AFBD9DEA7E3FC33ABCBD6DC47E3F22
:10D4C00036BDC8BDC99B7E3FB93DD5BDB0707E3F5E
:10D4D0002EBCE1BD23437E3F7638EEBD24137E3F54
:10D4E00073B2FABDB1E07D3F029503BECCAB7D3F88
:10D4F00086CF09BE74747D3FB70810BEAC3A7D3F3D
:10D50000834016BE73FE7C3FDE761CBEC9BF7C3FE7
:10D51000B6AB22BEB07E7C3FFCDE28BE283B7C3F03
:10D52000A2102FBE31F57B3F984035BECDAC7B3F7E
:10D53000CF6E3BBEFC617B3F379B41BEBE147B3F41
:10D54000C2C547BE16C57A3F60EE4DBE02737A3F34
:10D55000011554BE841E7A3F97395ABE9DC7793F44
:10D56000135C60BE4E6E793F667C66BE9812793F52
:10D570007F9A6CBE7BB4783F51B672BEF853783F49
:10D58000CCCF78BE10F1773FE1E67EBEC58B773F0A
:10D59000C07D82BE1724773FCE8685BE07BA763F10
:10D5A000938E88BE974D763F07958BBEC6DE753F3E
:10D5B000229A8EBE976D753FDD9D91BE0BFA743F2A
:10D5C00031A094BE2284743F17A197BEDD0B743F37
:10D5D00086A09ABE3F91733F789E9DBE4714733FCD
:10D5E000E59AA0BEF894723FC595A3BE5213723F50
:10D5F000128FA6BE578F713FC486A9BE0809713F1E
:10D60000D47CACBE6680703F3A71AFBE73F56F3F9D
:10D61000EF63B2BE30686F3FEC54B5BE9ED86E3F2C
:10D620002A44B8BEBE466E3FA031BBBE93B26D3F2A
:10D630004A1DBEBE1D1C6D3F1E07C1BE5E836C3FF2
:10D6400015EFC3BE58E86B3F29D5C6BE0C4B6B3FE8
:10D6500053B9C9BE7BAB6A3F8B9BCCBEA7096A3F5F
:10D66000CA7BCFBE9165693F095AD2BE3CBF683FB5
:10D670004136D5BEA816683F6B10D8BED86B673F41
:10D6800080E8DABECCBE663F79BEDDBE880F663F5D
:10D690004F92E0BE0B5E653FFA63E3BE59AA643F5A
:10D6A0007533E6BE73F4633FB700E9BE5A3C633F8F
:10D6B000BBCBEBBE1082623F7994EEBE98C5613F52
:10D6C000EA5AF1BEF206613F071FF4BE2146603FF1
:10D6D000CBE0F6BE27835F3F2DA0F9BE05BE5E3FBF
:10D6E000275DFCBEBEF65D3FB217FFBE532D5D3F0A
:10D6F000E4E700BFC7615C3FB14202BF1A945B3FE1
:10D700003D9C03BF50C45A3F84F404BF6AF2593FA2
:10D71000824B06BF6A1E593F36A107BF5348583F88
:10D720009BF508BF2670573FAD480ABFE595563FA9
:10D730006B9A0BBF93B9553FD0EA0CBF31DB543F16
:10D74000DA390EBFC3FA533F84870FBF4918533FDE
:10D75000CDD310BFC633523FB01E12BF3D4D513F17
:10D760002A6813BFAF64503F39B014BF1F7A4F3FD0
:10D77000D9F615BF908D4E3F073C17BF029F4D3F16
:10D78000C07F18BF79AE4C3F00C219BFF8BB4B3FFA
:10D79000C6021BBF7FC74A3F0C421CBF12D1493F84
:10D7A000D17F1DBFB3D8483F12BC1EBF65DE473FC7
:10D7B000CBF61FBF2AE2463FF92F21BF03E4453FC6
:10D7C000996722BFF5E3443FA99D23BF00E2433F91
:10D7D00025D224BF29DE423F0A0526BF70D8413F2B
:10D7E000563627BFDAD0403F056628BF67C73F3FA0
:10D7F000159429BF1BBC3E3F82C02ABFF9AE3D3FF6
:10D800004AEB2BBF03A03C3F69142DBF3B8F3B3F2E
:10D81000DE3B2EBFA47C3A3FA5612FBF4268393F53
:10D82000BB8530BF1652383F1DA831BF233A373F62
:10D83000C9C832BF6C20363FBCE733BFF304353F65
:10D84000F30435BFBCE7333F6C2036BFC9C8323F55
:10D85000233A37BF1DA8313F165238BFBB85303F32
:10D86000426839BFA5612F3FA47C3ABFDE3B2E3F03
:10D870003B8F3BBF69142D3F03A03CBF4AEB2B3FBE
:10D88000F9AE3DBF82C02A3F1BBC3EBF1594293F65
:10D8900067C73FBF0566283FDAD040BF5636273FEF
:10D8A00070D841BF0A05263F29DE42BF25D2243F5A
:10D8B00000E243BFA99D233FF5E344BF9967223FA0
:10D8C00003E445BFF92F213F2AE246BFCBF61F3FB5
:10D8D00065DE47BF12BC1E3FB3D848BFD17F1D3F96
:10D8E00012D149BF0C421C3F7FC74ABFC6021B3F33
:10D8F000F8BB4BBF00C2193F79AE4CBFC07F183F89
:10D90000029F4DBF073C173F908D4EBFD9F6153F84
:10D910001F7A4FBF39B0143FAF6450BF2A68133F1E
:10D920003D4D51BFB01E123FC63352BFCDD3103F45
:10D93000491853BF84870F3FC3FA53BFDA390E3FEC
:10D9400031DB54BFD0EA0C3F93B955BF6B9A0B3F04
:10D95000E59556BFAD480A3F267057BF9BF5083F77
:10D96000534858BF36A1073F6A1E59BF824B063F36
:10D970006AF259BF84F4043F50C45ABF3D9C033F30
:10D980001A945BBFB142023FC7615CBFE4E7003F4E
:10D99000532D5DBFB217FF3EBEF65DBF275DFC3E57
:10D9A00005BE5EBF2DA0F93E27835FBFCBE0F63EEC
:10D9B000214660BF071FF43EF20661BFEA5AF13EFE
:10D9C00098C561BF7994EE3E108262BFBBCBEB3E3F
:10D9D0005A3C63BFB700E93E73F463BF7533E63E5C
:10D9E00059AA64BFFA63E33E0B5E65BF4F92E03E07
:10D9F000880F66BF79BEDD3ECCBE66BF80E8DA3EEA
:10DA0000D86B67BF6B10D83EA81668BF4136D53EAD
:10DA10003CBF68BF095AD23E916569BFCA7BCF3E01
:10DA2000A7096ABF8B9BCC3E7BAB6ABF53B9C93E8B
:10DA30000C4B6BBF29D5C63E58E86BBF15EFC33EF4
:10DA40005E836CBF1E07C13E1D1C6DBF4A1DBE3EDE
:10DA500093B26DBFA031BB3EBE466EBF2A44B83EF6
:10DA60009ED86EBFEC54B53E30686FBFEF63B23ED8
:10DA700073F56FBF3A71AF3E668070BFD47CAC3E29
:10DA8000080971BFC486A93E578F71BF128FA63E89
:10DA9000521372BFC595A33EF89472BFE59AA03E9B
:10DAA000471473BF789E9D3E3F9173BF86A09A3EF8
:10DAB000DD0B74BF17A1973E228474BF31A0943E42
:10DAC0000BFA74BFDD9D913E976D75BF229A8E3E15
:10DAD000C6DE75BF07958B3E974D76BF938E883E09
:10DAE00007BA76BFCE86853E172477BFC07D823EBB
:10DAF000C58B77BFE1E67E3E10F177BFCCCF783E95
:10DB0000F85378BF51B6723E7BB478BF7F9A6C3EB3
:10DB1000981279BF667C663E4E6E79BF135C603E9C
:10DB20009DC779BF97395A3E841E7ABF0115543E6E
:10DB300002737ABF60EE4D3E16C57ABFC2C5473E3E
:10DB4000BE147BBF379B413EFC617BBFCF6E3B3E2B
:10DB5000CDAC7BBF9840353E31F57BBFA2102F3E48
:10DB6000283B7CBFFCDE283EB07E7CBFB6AB223EAD
:10DB7000C9BF7CBFDE761C3E73FE7CBF8340163E71
:10DB8000AC3A7DBFB708103E74747DBF86CF093EA6
:10DB9000CCAB7DBF0295033EB1E07DBF73B2FA3DD1
:10DBA00024137EBF7638EE3D23437EBF2EBCE13D7D
:10DBB000B0707EBFB93DD53DC99B7EBF36BDC83D67
:10DBC0006DC47EBFC33ABC3D9DEA7EBF80B6AF3D0B
:10DBD000580E7FBF8C30A33D9D2F7FBF05A9963D7A
:10DBE0006D4E7FBF0A208A3DC76A7FBF742B7B3D85
:10DBF000AB847FBF6814623D189C7FBF2FFB483DFC
:10DC00000FB17FBF07E02F3D8FC37FBF2CC3163DF1
:10DC100098D37FBFB949FB3C29E17FBFB00AC93C1B
:10DC200043EC7FBFB6C9963CE6F47FBF900E493CFB
:10DC300011FB7FBF890FC93BC4FE7FBF00000000FE
:10DC40000000803FC70F493BB1FF7F3F890FC93BB1
:10DC5000C4FE7F3F59CB163C39FD7F3F900E493CB7
:10DC600011FB7F3F4B517B3C4AF87F3FB6C9963C46
:10DC7000E6F47F3F69EAAF3CE3F07F3FB00AC93C7E
:10DC800043EC7F3F7B2AE23C05E77F3FB949FB3C01
:10DC900029E17F3F2F340A3DAFDA7F3F2CC3163D89
:10DCA00098D37F3FCC51233DE2CB7F3F07E02F3D10
:10DCB0008FC37F3FD56D3C3D9EBA7F3F2FFB483DD4
:10DCC0000FB17F3F0E88553DE3A67F3F6814623D4C
:10DCD000189C7F3F38A06E3DB1907F3F742B7B3DF9
:10DCE000AB847F3F0ADB833D08787F3F0A208A3D73
:10DCF000C76A7F3FB464903DE95C7F3F05A9963DCC
:10DD00006D4E7F3FF9EC9C3D543F7F3F8C30A33DEF
:10DD10009D2F7F3FBA73A93D491F7F3F80B6AF3D1E
:10DD2000580E7F3FDAF8B53DC9FC7E3FC33ABC3D93
:10DD30009DEA7E3F397CC23DD4D77E3F36BDC83D8B
:10DD40006DC47E3FB7FDCE3D69B07E3FB93DD53D48
:10DD5000C99B7E3F377DDB3D8B867E3F2EBCE13D00
:10DD6000B0707E3F9AFAE73D385A7E3F7638EE3DF6
:10DD700023437E3FC075F43D722B7E3F73B2FA3D64
:10DD800024137E3F4577003E38FA7D3F0295033EDF
:10DD9000B1E07D3F6EB2063E8CC67D3F86CF093E28
:10DDA000CCAB7D3F4AEC0C3E6E907D3FB708103EF9
:10DDB00074747D3FCA24133EDE577D3F8340163E78
:10DDC000AC3A7D3FE05B193EDD1C7D3FDE761C3EBC
:10DDD00073FE7C3F7B911F3E6CDF7C3FB6AB223EE7
:10DDE000C9BF7C3F8CC5253E8A9F7C3FFCDE283E18
:10DDF000B07E7C3F04F82B3E3A5D7C3FA2102F3E64
:10DE0000283B7C3FD428323E7A187C3F9840353EF0
:10DE100031F57B3FEC57383E4DD17B3FCF6E3B3EDB
:10DE2000CDAC7B3F3E853E3EB2877B3F379B413E3C
:10DE3000FC617B3FB9B0443EAB3B7B3FC2C5473E34
:10DE4000BE147B3F4FDA4A3E37ED7A3F60EE4D3EDF
:10DE500016C57A3FF101513E599C7A3F0115543E57
:10DE600002737A3F8F27573E10497A3F97395A3EBF
:10DE7000841E7A3F1A4B5D3E5EF3793F135C603E31
:10DE80009DC7793F836C633E439B793F667C663ECA
:10DE90004E6E793FBA8B693EC040793F7F9A6C3EA7
:10DEA0009812793FB2A86F3ED6E3783F51B6723EE2
:10DEB0007BB4783F5AC3753E8684783FCCCF783E9A
:10DEC000F853783FA4DB7B3ED122783FE1E67E3EEB
:10DED00010F1773FC0F8803EB7BE773FC07D823EED
:10DEE000C58B773F7002843E3A58773FCE86853E99
:10DEF0001724773FDA0A873E5BEF763F938E883EA2
:10DF000007BA763FF8118A3E1B84763F07958B3E11
:10DF1000974D763FC0178D3E7A16763F229A8E3EF9
:10DF2000C6DE753F2C1C903E7BA6753FDD9D913E65
:10DF3000976D753F351F933E1D34753F31A0943E5C
:10DF40000BFA743FD220963E62BF743F17A1973EF2
:10DF50002284743FFE20993E4B48743F86A09A3E2F
:10DF6000DD0B743FAF1F9C3ED9CE733F789E9D3E24
:10DF70003F91733FDF1C9F3E0E53733FE59AA03ED7
:10DF80004714733F8718A23EEBD4723FC595A33E5A
:10DF9000F894723F9F12A53E7054723F128FA63EB6
:10DFA0005213723F1F0BA83E9FD1713FC486A93EFA
:10DFB000578F713F0102AB3E7A4C713FD47CAC3E2F
:10DFC0000809713F3CF7AD3E02C5703F3A71AF3E64
:10DFD0006680703FCBEAB03E373B703FEF63B23EA6
:10DFE00073F56F3FA5DCB33E1BAF6F3FEC54B53EFE
:10DFF00030686F3FC3CCB63EB0206F3F2A44B83E76
:10E000009ED86E3F1EBBB93EF88F6E3FA031BB3E1F
:10E01000BE466E3FAFA7BC3EF2FC6D3F4A1DBE3E02
:10E0200093B26D3F6F92BF3EA1676D3F1E07C13E29
:10E030001D1C6D3F557BC23E07D06C3F15EFC33EA4
:10E040005E836C3F5C62C53E24366C3F29D5C63E7C
:10E0500058E86B3F7C47C83EFB996B3F53B9C93EBC
:10E060000C4B6B3FAE2ACB3E8CFB6A3F8B9BCC3E6E
:10E070007BAB6A3FEA0BCE3ED95A6A3FCA7BCF3EA2
:10E08000A7096A3F2AEBD03EE4B7693F095AD23E5E
:10E090009165693F67C8D33EAE12693F4136D53EB0
:10E0A0003CBF683F99A3D63E396B683F6B10D83EA2
:10E0B000A816683FB97CD93E87C1673F80E8DA3E41
:10E0C000D86B673FC153DC3E9915673F79BEDD3E93
:10E0D000CCBE663FA928DF3E7167663F4F92E03EA7
:10E0E000880F663F6AFBE13E10B7653FFA63E33E87
:10E0F0000B5E653FFECBE43E7904653F7533E63E3B
:10E1000059AA643F5D9AE73EAC4F643FB700E93ED1
:10E1100073F4633F8166EA3EAC98633FBBCBEB3E52
:10E120005A3C633F6330ED3E7BDF623F7994EE3EC5
:10E130001082623FFBF7EF3E1A24623FEA5AF13E3B
:10E1400098C5613F43BDF23E8A66613F071FF43EBA
:10E15000F206613F3580F53ECFA6603FCBE0F63E4C
:10E160002146603FC840F83EE9E45F3F2DA0F93EFC
:10E1700027835F3FF7FEFA3EDB205F3F275DFC3ED3
:10E1800005BE5E3FBBBAFD3EA65A5E3FB217FF3EDC
:10E19000BEF65D3F063A003F4D925D3FE4E7003F2B
:10E1A000532D5D3F7395013FD1C75C3FB142023FA4
:10E1B000C7615C3F9FEF023F34FB5B3F3D9C033FE9
:10E1C0001A945B3F8948043F792C5B3F84F4043FF9
:10E1D00050C45A3F2CA0053FA05B5A3F824B063FDC
:10E1E0006AF2593F86F6063FAD88593F36A1073F90
:10E1F0006A1E593F924B083FA1B3583F9BF5083F19
:10E200005348583F4E9F093F7FDC573FAD480A3F78
:10E210002670573FB7F10A3F4803573F6B9A0B3FB1
:10E22000E595563FC9420C3FFE27563FD0EA0C3FCA
:10E2300093B9553F81920D3FA44A553FDA390E3FBD
:10E2400031DB543FDBE00E3F3B6B543F84870F3F95
:10E25000C3FA533FD52D103FC789533FCDD3103F4D
:10E260004918533F6B79113F49A6523FB01E123FE8
:10E27000C633523F9AC3123FC2C0513F2A68133F70
:10E280003D4D513F5F0C143F37D9503F39B0143FDB
:10E29000AF64503FB753153FA8EF4F3FD9F6153F36
:10E2A0001F7A4F3F9F99163F17044F3F073C173F78
:10E2B000908D4E3F12DE173F89164E3FC07F183FAC
:10E2C000029F4D3F0F21193FFD264D3F00C2193FD0
:10E2D00079AE4C3F93621A3F78354C3FC6021B3FE4
:10E2E000F8BB4B3F99A21B3FFA414B3F0C421C3FEE
:10E2F0007FC74A3F1FE11C3F874C4A3FD17F1D3FEC
:10E3000012D1493F221E1E3F2155493F12BC1E3FDC
:10E31000B3D8483F9F591F3FCA5B483FCBF61F3FCA
:10E3200065DE473F9393203F8560473FF92F213FAC
:10E330002AE2463FFBCB213F5463463F9967223F89
:10E3400003E4453FD302233F3964453FA99D233F62
:10E35000F5E3443F1A38243F3763443F25D2243F36
:10E3600000E2433FCB6B253F5160433F0A05263F08
:10E3700029DE423FE39D263F895B423F5636273FD9
:10E3800070D8413F61CE273FE154413F0566283FA9
:10E39000DAD0403F41FD283F5C4C403F1594293F77
:10E3A00067C73F3F802A2A3FFC413F3F82C02A3F48
:10E3B0001BBC3E3F1B562B3FC5353E3F4AEB2B3F18
:10E3C000F9AE3D3F0F802C3FB8273D3F69142D3FEC
:10E3D00003A03C3F59A82D3FD9173C3FDE3B2E3FC1
:10E3E0003B8F3B3FF7CE2E3F29063B3FA5612F3F9A
:10E3F000A47C3A3FE6F32F3FACF2393FBB85303F78
:10E400004268393F2217313F65DD383F1DA8313F53
:10E410001652383FAA38323F55C6373FC9C8323F37
:10E42000233A373F7A58333F7FAD363FBCE7333F1F
:10E430006C20363F8F76343FE792353FF304353F0B
:10E44000F304353FE792353F8F76343F6C20363FFB
:10E45000BCE7333F7FAD363F7A58333F233A373FEF
:10E46000C9C8323F55C6373FAA38323F1652383FE7
:10E470001DA8313F65DD383F2217313F4268393FE3
:10E48000BB85303FACF2393FE6F32F3FA47C3A3FE7
:10E49000A5612F3F29063B3FF7CE2E3F3B8F3B3FE9
:10E4A000DE3B2E3FD9173C3F59A82D3F03A03C3FF0
:10E4B00069142D3FB8273D3F0F802C3FF9AE3D3FFB
:10E4C0004AEB2B3FC5353E3F1B562B3F1BBC3E3F07
:10E4D00082C02A3FFC413F3F802A2A3F67C73F3F17
:10E4E0001594293F5C4C403F41FD283FDAD0403F26
:10E4F0000566283FE154413F61CE273F70D8413F38
:10E500005636273F895B423FE39D263F29DE423F47
:10E510000A05263F5160433FCB6B253F00E2433F56
:10E5200025D2243F3763443F1A38243FF5E3443F64
:10E53000A99D233F3964453FD302233F03E4453F70
:10E540009967223F5463463FFBCB213F2AE2463F77
:10E55000F92F213F8560473F9393203F65DE473F7A
:10E56000CBF61F3FCA5B483F9F591F3FB3D8483F78
:10E5700012BC1E3F2155493F221E1E3F12D1493F6A
:10E58000D17F1D3F874C4A3F1FE11C3F7FC74A3F59
:10E590000C421C3FFA414B3F99A21B3FF8BB4B3F3B
:10E5A000C6021B3F78354C3F93621A3F79AE4C3F11
:10E5B00000C2193FFD264D3F0F21193F029F4D3FDD
:10E5C000C07F183F89164E3F12DE173F908D4E3F99
:10E5D000073C173F17044F3F9F99163F1F7A4F3F45
:10E5E000D9F6153FA8EF4F3FB753153FAF64503FE3
:10E5F00039B0143F37D9503F5F0C143F3D4D513F68
:10E600002A68133FC2C0513F9AC3123FC633523FDC
:10E61000B01E123F49A6523F6B79113F4918533F34
:10E62000CDD3103FC789533FD52D103FC3FA533F79
:10E6300084870F3F3B6B543FDBE00E3F31DB543FA1
:10E64000DA390E3FA44A553F81920D3F93B9553FA9
:10E65000D0EA0C3FFE27563FC9420C3FE595563F96
:10E660006B9A0B3F4803573FB7F10A3F2670573F5D
:10E67000AD480A3F7FDC573F4E9F093F5348583F04
:10E680009BF5083FA1B3583F924B083F6A1E593F84
:10E6900036A1073FAD88593F86F6063F6AF2593FDB
:10E6A000824B063FA05B5A3F2CA0053F50C45A3F07
:10E6B00084F4043F792C5B3F8948043F1A945B3F04
:10E6C0003D9C033F34FB5B3F9FEF023FC7615C3FD4
:10E6D000B142023FD1C75C3F7395013F532D5D3F6F
:10E6E000E4E7003F4D925D3F063A003FBEF65D3FD6
:10E6F000B217FF3EA65A5E3FBBBAFD3E05BE5E3F67
:10E70000275DFC3EDB205F3FF7FEFA3E27835F3F3D
:10E710002DA0F93EE9E45F3FC840F83E2146603F46
:10E72000CBE0F63ECFA6603F3580F53EF206613F76
:10E73000071FF43E8A66613F43BDF23E98C5613FC4
:10E74000EA5AF13E1A24623FFBF7EF3E1082623F25
:10E750007994EE3E7BDF623F6330ED3E5A3C633F8F
:10E76000BBCBEB3EAC98633F8166EA3E73F4633FFC
:10E77000B700E93EAC4F643F5D9AE73E59AA643F5B
:10E780007533E63E7904653FFECBE43E0B5E653FA4
:10E79000FA63E33E10B7653F6AFBE13E880F663FD0
:10E7A0004F92E03E7167663FA928DF3ECCBE663FD0
:10E7B00079BEDD3E9915673FC153DC3ED86B673F9C
:10E7C00080E8DA3E87C1673FB97CD93EA816683F2A
:10E7D0006B10D83E396B683F99A3D63E3CBF683F6B
:10E7E0004136D53EAE12693F67C8D33E9165693F59
:10E7F000095AD23EE4B7693F2AEBD03EA7096A3FE7
:10E80000CA7BCF3ED95A6A3FEA0BCE3E7BAB6A3F0A
:10E810008B9BCC3E8CFB6A3FAE2ACB3E0C4B6B3FB6
:10E8200053B9C93EFB996B3F7C47C83E58E86B3FE4
:10E8300029D5C63E24366C3F5C62C53E5E836C3F84
:10E8400015EFC33E07D06C3F557BC23E1D1C6D3F8C
:10E850001E07C13EA1676D3F6F92BF3E93B26D3FF1
:10E860004A1DBE3EF2FC6D3FAFA7BC3EBE466E3FAA
:10E87000A031BB3EF88F6E3F1EBBB93E9ED86E3FA7
:10E880002A44B83EB0206F3FC3CCB63E30686F3FDD
:10E89000EC54B53E1BAF6F3FA5DCB33E73F56F3F45
:10E8A000EF63B23E373B703FCBEAB03E6680703FCD
:10E8B0003A71AF3E02C5703F3CF7AD3E0809713F6B
:10E8C000D47CAC3E7A4C713F0102AB3E578F713F16
:10E8D000C486A93E9FD1713F1F0BA83E5213723FC1
:10E8E000128FA63E7054723F9F12A53EF894723F5D
:10E8F000C595A33EEBD4723F8718A23E4714733FE1
:10E90000E59AA03E0E53733FDF1C9F3E3F91733F3D
:10E91000789E9D3ED9CE733FAF1F9C3EDD0B743F6A
:10E9200086A09A3E4B48743FFE20993E2284743F55
:10E9300017A1973E62BF743FD220963E0BFA743FF8
:10E9400031A0943E1D34753F351F933E976D753F42
:10E95000DD9D913E7BA6753F2C1C903EC6DE753F2B
:10E96000229A8E3E7A16763FC0178D3E974D763F9F
:10E9700007958B3E1B84763FF8118A3E07BA763F97
:10E98000938E883E5BEF763FDA0A873E1724773F07
:10E99000CE86853E3A58773F7002843EC58B773FDE
:10E9A000C07D823EB7BE773FC0F8803E10F1773F12
:10E9B000E1E67E3ED122783FA4DB7B3EF853783FF0
:10E9C000CCCF783E8684783F5AC3753E7BB4783F7F
:10E9D00051B6723ED6E3783FB2A86F3E9812793FA7
:10E9E0007F9A6C3EC040793FBA8B693E4E6E793F4C
:10E9F000667C663E439B793F836C633E9DC7793F4F
:10EA0000135C603E5EF3793F1A4B5D3E841E7A3F95
:10EA100097395A3E10497A3F8F27573E02737A3F03
:10EA20000115543E599C7A3FF101513E16C57A3F7B
:10EA300060EE4D3E37ED7A3F4FDA4A3EBE147B3FE3
:10EA4000C2C5473EAB3B7B3FB9B0443EFC617B3F18
:10EA5000379B413EB2877B3F3E853E3ECDAC7B3F00
:10EA6000CF6E3B3E4DD17B3FEC57383E31F57B3F7F
:10EA70009840353E7A187C3FD428323E283B7C3F74
:10EA8000A2102F3E3A5D7C3F04F82B3EB07E7C3FC7
:10EA9000FCDE283E8A9F7C3F8CC5253EC9BF7C3F5B
:10EAA000B6AB223E6CDF7C3F7B911F3E73FE7C3F0A
:10EAB000DE761C3EDD1C7D3FE05B193EAC3A7D3FBF
:10EAC0008340163EDE577D3FCA24133E74747D3F5B
:10EAD000B708103E6E907D3F4AEC0C3ECCAB7D3FBC
:10EAE00086CF093E8CC67D3F6EB2063EB1E07D3FCB
:10EAF0000295033E38FA7D3F4577003E24137E3F62
:10EB000073B2FA3D722B7E3FC075F43D23437E3FC6
:10EB10007638EE3D385A7E3F9AFAE73DB0707E3F38
:10EB20002EBCE13D8B867E3F377DDB3DC99B7E3F22
:10EB3000B93DD53D69B07E3FB7FDCE3D6DC47E3F4A
:10EB400036BDC83DD4D77E3F397CC23D9DEA7E3F6D
:10EB5000C33ABC3DC9FC7E3FDAF8B53D580E7F3F55
:10EB600080B6AF3D491F7F3FBA73A93D9D2F7F3FC0
:10EB70008C30A33D543F7F3FF9EC9C3D6D4E7F3F71
:10EB800005A9963DE95C7F3FB464903DC76A7F3F2D
:10EB90000A208A3D08787F3F0ADB833DAB847F3FB4
:10EBA000742B7B3DB1907F3F38A06E3D189C7F3F1A
:10EBB0006814623DE3A67F3F0E88553D0FB17F3F4D
:10EBC0002FFB483D9EBA7F3FD56D3C3D8FC37F3FB5
:10EBD00007E02F3DE2CB7F3FCC51233D98D37F3FD1
:10EBE0002CC3163DAFDA7F3F2F340A3D29E17F3F2A
:10EBF000B949FB3C05E77F3F7B2AE23C43EC7F3F82
:10EC0000B00AC93CE3F07F3F69EAAF3CE6F47F3FDE
:10EC1000B6C9963C4AF87F3F4B517B3C11FB7F3F86
:10EC2000900E493C39FD7F3F59CB163CC4FE7F3FD7
:10EC3000890FC93BB1FF7F3FC70F493B0000803FB1
:10EC400000000000B1FF7F3FC70F49BBC4FE7F3FFC
:10EC5000890FC9BB39FD7F3F59CB16BC11FB7F3FE4
:10EC6000900E49BC4AF87F3F4B517BBCE6F47F3F96
:10EC7000B6C996BCE3F07F3F69EAAFBC43EC7F3F87
:10EC8000B00AC9BC05E77F3F7B2AE2BC29E17F3F90
:10EC9000B949FBBCAFDA7F3F2F340ABD98D37F3F21
:10ECA0002CC316BDE2CB7F3FCC5123BD8FC37F3F2A
:10ECB00007E02FBD9EBA7F3FD56D3CBD0FB17F3FB2
:10ECC0002FFB48BDE3A67F3F0E8855BD189C7F3FB4
:10ECD000681462BDB1907F3F38A06EBDAB847F3FAA
:10ECE000742B7BBD08787F3F0ADB83BDC76A7F3FFB
:10ECF0000A208ABDE95C7F3FB46490BD6D4E7F3FC2
:10ED000005A996BD543F7F3FF9EC9CBD9D2F7F3FE9
:10ED10008C30A3BD491F7F3FBA73A9BD580E7F3FFA
:10ED200080B6AFBDC9FC7E3FDAF8B5BD9DEA7E3F37
:10ED3000C33ABCBDD4D77E3F397CC2BD6DC47E3FD3
:10ED400036BDC8BD69B07E3FB7FDCEBDC99B7E3F15
:10ED5000B93DD5BD8B867E3F377DDBBDB0707E3F34
:10ED60002EBCE1BD385A7E3F9AFAE7BD23437E3F71
:10ED70007638EEBD722B7E3FC075F4BD24137E3F06
:10ED800073B2FABD38FA7D3F457700BEB1E07D3FF2
:10ED9000029503BE8CC67D3F6EB206BECCAB7D3FF6
:10EDA00086CF09BE6E907D3F4AEC0CBE74747D3FE9
:10EDB000B70810BEDE577D3FCA2413BEAC3A7D3F74
:10EDC000834016BEDD1C7D3FE05B19BE73FE7C3FB9
:10EDD000DE761CBE6CDF7C3F7B911FBEC9BF7C3FD3
:10EDE000B6AB22BE8A9F7C3F8CC525BEB07E7C3FE1
:10EDF000FCDE28BE3A5D7C3F04F82BBE283B7C3FFE
:10EE0000A2102FBE7A187C3FD42832BE31F57B3F4A
:10EE1000984035BE4DD17B3FEC5738BECDAC7B3FE3
:10EE2000CF6E3BBEB2877B3F3E853EBEFC617B3FE3
:10EE3000379B41BEAB3B7B3FB9B044BEBE147B3F6A
:10EE4000C2C547BE37ED7A3F4FDA4ABE16C57A3F94
:10EE500060EE4DBE599C7A3FF10151BE02737A3F7C
:10EE6000011554BE10497A3F8F2757BE841E7A3F42
:10EE700097395ABE5EF3793F1A4B5DBE9DC7793F05
:10EE8000135C60BE439B793F836C63BE4E6E793FDB
:10EE9000667C66BEC040793FBA8B69BE9812793FE6
:10EEA0007F9A6CBED6E3783FB2A86FBE7BB4783F42
:10EEB00051B672BE8684783F5AC375BEF853783F08
:10EEC000CCCF78BED122783FA4DB7BBE10F1773F58
:10EED000E1E67EBEB7BE773FC0F880BEC58B773F08
:10EEE000C07D82BE3A58773F700284BE1724773FB8
:10EEF000CE8685BE5BEF763FDA0A87BE07BA763FDD
:10EF0000938E88BE1B84763FF8118ABE974D763F5C
:10EF100007958BBE7A16763FC0178DBEC6DE753F4D
:10EF2000229A8EBE7BA6753F2C1C90BE976D753FB6
:10EF3000DD9D91BE1D34753F351F93BE0BFA743FA6
:10EF400031A094BE62BF743FD22096BE2284743F2B
:10EF500017A197BE4B48743FFE2099BEDD0B743F4E
:10EF600086A09ABED9CE733FAF1F9CBE3F91733F20
:10EF7000789E9DBE0E53733FDF1C9FBE4714733FA8
:10EF8000E59AA0BEEBD4723F8718A2BEF894723FF8
:10EF9000C595A3BE7054723F9F12A5BE5213723F17
:10EFA000128FA6BE9FD1713F1F0BA8BE578F713F16
:10EFB000C486A9BE7A4C713F0102ABBE0809713FFD
:10EFC000D47CACBE02C5703F3CF7ADBE6680703FDE
:10EFD0003A71AFBE373B703FCBEAB0BE73F56F3FBF
:10EFE000EF63B2BE1BAF6F3FA5DCB3BE30686F3FAF
:10EFF000EC54B5BEB0206F3FC3CCB6BE9ED86E3FBA
:10F000002A44B8BEF88F6E3F1EBBB9BEBE466E3FE7
:10F01000A031BBBEF2FC6D3FAFA7BCBE93B26D3F4B
:10F020004A1DBEBEA1676D3F6F92BFBE1D1C6D3FE6
:10F030001E07C1BE07D06C3F557BC2BE5E836C3FCE
:10F0400015EFC3BE24366C3F5C62C5BE58E86B3F0B
:10F0500029D5C6BEFB996B3F7C47C8BE0C4B6B3FA6
:10F0600053B9C9BE8CFB6A3FAE2ACBBE7BAB6A3FAD
:10F070008B9BCCBED95A6A3FEA0BCEBEA7096A3F2A
:10F08000CA7BCFBEE4B7693F2AEBD0BE9165693F2A
:10F09000095AD2BEAE12693F67C8D3BE3CBF683FB3
:10F0A0004136D5BE396B683F99A3D6BEA816683FD6
:10F0B0006B10D8BE87C1673FB97CD9BED86B673F9C
:10F0C00080E8DABE9915673FC153DCBECCBE663F0F
:10F0D00079BEDDBE7167663FA928DFBE880F663F37
:10F0E0004F92E0BE10B7653F6AFBE1BE0B5E653F25
:10F0F000FA63E3BE7904653FFECBE4BE59AA643FE0
:10F100007533E6BEAC4F643F5D9AE7BE73F4633F70
:10F11000B700E9BEAC98633F8166EABE5A3C633FE4
:10F12000BBCBEBBE7BDF623F6330EDBE1082623F44
:10F130007994EEBE1A24623FFBF7EFBE98C5613F9B
:10F14000EA5AF1BE8A66613F43BDF2BEF206613FF4
:10F15000071FF4BECFA6603F3580F5BE2146603F55
:10F16000CBE0F6BEE9E45F3FC840F8BE27835F3FCF
:10F170002DA0F9BEDB205F3FF7FEFABE05BE5E3F65
:10F18000275DFCBEA65A5E3FBBBAFDBEBEF65D3F24
:10F19000B217FFBE4D925D3F063A00BF532D5D3F53
:10F1A000E4E700BFD1C75C3F739501BFC7615C3F17
:10F1B000B14202BF34FB5B3F9FEF02BF1A945B3F3B
:10F1C0003D9C03BF792C5B3F894804BF50C45A3F24
:10F1D00084F404BFA05B5A3F2CA005BF6AF2593FDC
:10F1E000824B06BFAD88593F86F606BF6A1E593F5F
:10F1F00036A107BFA1B3583F924B08BF5348583FB1
:10F200009BF508BF7FDC573F4E9F09BF2670573FD5
:10F21000AD480ABF4803573FB7F10ABFE595563FCF
:10F220006B9A0BBFFE27563FC9420CBF93B9553F9F
:10F23000D0EA0CBFA44A553F81920DBF31DB543F49
:10F24000DA390EBF3B6B543FDBE00EBFC3FA533FCE
:10F2500084870FBFC789533FD52D10BF4918533F2F
:10F26000CDD310BF49A6523F6B7911BFC633523F71
:10F27000B01E12BFC2C0513F9AC312BF3D4D513F95
:10F280002A6813BF37D9503F5F0C14BFAF64503F9B
:10F2900039B014BFA8EF4F3FB75315BF1F7A4F3F88
:10F2A000D9F615BF17044F3F9F9916BF908D4E3F5B
:10F2B000073C17BF89164E3F12DE17BF029F4D3F16
:10F2C000C07F18BFFD264D3F0F2119BF79AE4C3FBF
:10F2D00000C219BF78354C3F93621ABFF8BB4B3F51
:10F2E000C6021BBFFA414B3F99A21BBF7FC74A3FD3
:10F2F0000C421CBF874C4A3F1FE11CBF12D1493F43
:10F30000D17F1DBF2155493F221E1EBFB3D8483FA4
:10F3100012BC1EBFCA5B483F9F591FBF65DE473FF7
:10F32000CBF61FBF8560473F939320BF2AE2463F3D
:10F33000F92F21BF5463463FFBCB21BF03E4453F78
:10F34000996722BF3964453FD30223BFF5E3443FA9
:10F35000A99D23BF3763443F1A3824BF00E2433FCF
:10F3600025D224BF5160433FCB6B25BF29DE423FEE
:10F370000A0526BF895B423FE39D26BF70D8413F07
:10F38000563627BFE154413F61CE27BFDAD0403F18
:10F39000056628BF5C4C403F41FD28BF67C73F3F23
:10F3A000159429BFFC413F3F802A2ABF1BBC3E3F2A
:10F3B00082C02ABFC5353E3F1B562BBFF9AE3D3F2D
:10F3C0004AEB2BBFB8273D3F0F802CBF03A03C3F2B
:10F3D00069142DBFD9173C3F59A82DBF3B8F3B3F28
:10F3E000DE3B2EBF29063B3FF7CE2EBFA47C3A3F23
:10F3F000A5612FBFACF2393FE6F32FBF4268393F1A
:10F40000BB8530BF65DD383F221731BF1652383F0C
:10F410001DA831BF55C6373FAA3832BF233A373F00
:10F42000C9C832BF7FAD363F7A5833BF6C20363FF4
:10F43000BCE733BFE792353F8F7634BFF304353FE7
:10F44000F30435BF8F76343FE79235BFBCE7333FD7
:10F450006C2036BF7A58333F7FAD36BFC9C8323FC4
:10F46000233A37BFAA38323F55C637BF1DA8313FB0
:10F47000165238BF2217313F65DD38BFBB85303F9C
:10F48000426839BFE6F32F3FACF239BFA5612F3F89
:10F49000A47C3ABFF7CE2E3F29063BBFDE3B2E3F72
:10F4A0003B8F3BBF59A82D3FD9173CBF69142D3F57
:10F4B00003A03CBF0F802C3FB8273DBF4AEB2B3F3A
:10F4C000F9AE3DBF1B562B3FC5353EBF82C02A3F1C
:10F4D0001BBC3EBF802A2A3FFC413FBF1594293FF9
:10F4E00067C73FBF41FD283F5C4C40BF0566283FD2
:10F4F000DAD040BF61CE273FE15441BF5636273FA7
:10F5000070D841BFE39D263F895B42BF0A05263F75
:10F5100029DE42BFCB6B253F516043BF25D2243F3C
:10F5200000E243BF1A38243F376344BFA99D233FFD
:10F53000F5E344BFD302233F396445BF9967223FB7
:10F5400003E445BFFBCB213F546346BFF92F213F66
:10F550002AE246BF9393203F856047BFCBF61F3F0B
:10F5600065DE47BF9F591F3FCA5B48BF12BC1E3FA5
:10F57000B3D848BF221E1E3F215549BFD17F1D3F32
:10F5800012D149BF1FE11C3F874C4ABF0C421C3FB0
:10F590007FC74ABF99A21B3FFA414BBFC6021B3F20
:10F5A000F8BB4BBF93621A3F78354CBF00C2193F7E
:10F5B00079AE4CBF0F21193FFD264DBFC07F183FCC
:10F5C000029F4DBF12DE173F89164EBF073C173F03
:10F5D000908D4EBF9F99163F17044FBFD9F6153F28
:10F5E0001F7A4FBFB753153FA8EF4FBF39B0143F35
:10F5F000AF6450BF5F0C143F37D950BF2A68133F28
:10F600003D4D51BF9AC3123FC2C051BFB01E123F01
:10F61000C63352BF6B79113F49A652BFCDD3103FBD
:10F62000491853BFD52D103FC78953BF84870F3F5B
:10F63000C3FA53BFDBE00E3F3B6B54BFDA390E3FDA
:10F6400031DB54BF81920D3FA44A55BFD0EA0C3F35
:10F6500093B955BFC9420C3FFE2756BF6B9A0B3F6B
:10F66000E59556BFB7F10A3F480357BFAD480A3F7B
:10F67000267057BF4E9F093F7FDC57BF9BF5083F61
:10F68000534858BF924B083FA1B358BF36A1073F1C
:10F690006A1E59BF86F6063FAD8859BF824B063FAA
:10F6A0006AF259BF2CA0053FA05B5ABF84F4043F07
:10F6B00050C45ABF8948043F792C5BBF3D9C033F2F
:10F6C0001A945BBF9FEF023F34FB5BBFB142023F26
:10F6D000C7615CBF7395013FD1C75CBFE4E7003FE2
:10F6E000532D5DBF063A003F4D925DBFB217FF3EFE
:10F6F000BEF65DBFBBBAFD3EA65A5EBF275DFC3EAF
:10F7000005BE5EBFF7FEFA3EDB205FBF2DA0F93ECF
:10F7100027835FBFC840F83EE9E45FBFCBE0F63E19
:10F72000214660BF3580F53ECFA660BF071FF43E7F
:10F73000F20661BF43BDF23E8A6661BFEA5AF13EFE
:10F7400098C561BFFBF7EF3E1A2462BF7994EE3E85
:10F75000108262BF6330ED3E7BDF62BFBBCBEB3E0E
:10F760005A3C63BF8166EA3EAC9863BFB700E93E8E
:10F7700073F463BF5D9AE73EAC4F64BF7533E63EFA
:10F7800059AA64BFFECBE43E790465BFFA63E33E49
:10F790000B5E65BF6AFBE13E10B765BF4F92E03E6E
:10F7A000880F66BFA928DF3E716766BF79BEDD3E60
:10F7B000CCBE66BFC153DC3E991567BF80E8DA3E18
:10F7C000D86B67BFB97CD93E87C167BF6B10D83E85
:10F7D000A81668BF99A3D63E396B68BF4136D53E9F
:10F7E0003CBF68BF67C8D33EAE1269BF095AD23E5C
:10F7F000916569BF2AEBD03EE4B769BFCA7BCF3EB3
:10F80000A7096ABFEA0BCE3ED95A6ABF8B9BCC3E92
:10F810007BAB6ABFAE2ACB3E8CFB6ABF53B9C93EF5
:10F820000C4B6BBF7C47C83EFB996BBF29D5C63ECE
:10F8300058E86BBF5C62C53E24366CBF15EFC33E13
:10F840005E836CBF557BC23E07D06CBF1E07C13EB6
:10F850001D1C6DBF6F92BF3EA1676DBF4A1DBE3EAE
:10F8600093B26DBFAFA7BC3EF2FC6DBFA031BB3EF3
:10F87000BE466EBF1EBBB93EF88F6EBF2A44B83E6F
:10F880009ED86EBFC3CCB63EB0206FBFEC54B53E21
:10F8900030686FBFA5DCB33E1BAF6FBFEF63B23EF6
:10F8A00073F56FBFCBEAB03E373B70BF3A71AF3EE6
:10F8B000668070BF3CF7AD3E02C570BFD47CAC3EE5
:10F8C000080971BF0102AB3E7A4C71BFC486A93EE4
:10F8D000578F71BF1F0BA83E9FD171BF128FA63EDD
:10F8E000521372BF9F12A53E705472BFC595A33EBE
:10F8F000F89472BF8718A23EEBD472BFE59AA03E7F
:10F90000471473BFDF1C9F3E0E5373BF789E9D3E0E
:10F910003F9173BFAF1F9C3ED9CE73BF86A09A3E66
:10F92000DD0B74BFFE20993E4B4874BF17A1973E74
:10F93000228474BFD220963E62BF74BF31A0943E31
:10F940000BFA74BF351F933E1D3475BFDD9D913E8C
:10F95000976D75BF2C1C903E7BA675BF229A8E3E7C
:10F96000C6DE75BFC0178D3E7A1676BF07958B3EF3
:10F97000974D76BFF8118A3E1B8476BF938E883EE2
:10F9800007BA76BFDA0A873E5BEF76BFCE86853E42
:10F99000172477BF7002843E3A5877BFC07D823EFD
:10F9A000C58B77BFC0F8803EB7BE77BFE1E67E3E2D
:10F9B00010F177BFA4DB7B3ED12278BFCCCF783E5D
:10F9C000F85378BF5AC3753E868478BF51B6723EED
:10F9D0007BB478BFB2A86F3ED6E378BF7F9A6C3E07
:10F9E000981279BFBA8B693EC04079BF667C663E8B
:10F9F0004E6E79BF836C633E439B79BF135C603E60
:10FA00009DC779BF1A4B5D3E5EF379BF97395A3E69
:10FA1000841E7ABF8F27573E10497ABF0115543E86
:10FA200002737ABFF101513E599C7ABF60EE4D3EA0
:10FA300016C57ABF4FDA4A3E37ED7ABFC2C5473E98
:10FA4000BE147BBFB9B0443EAB3B7BBF379B413E4E
:10FA5000FC617BBF3E853E3EB2877BBFCF6E3B3EA7
:10FA6000CDAC7BBFEC57383E4DD17BBF9840353E87
:10FA700031F57BBFD428323E7A187CBFA2102F3ECE
:10FA8000283B7CBF04F82B3E3A5D7CBFFCDE283E61
:10FA9000B07E7CBF8CC5253E8A9F7CBFB6AB223E24
:10FAA000C9BF7CBF7B911F3E6CDF7CBFDE761C3EF6
:10FAB00073FE7CBFE05B193EDD1C7DBF8340163EBC
:10FAC000AC3A7DBFCA24133EDE577DBFB708103E57
:10FAD00074747DBF4AEC0C3E6E907DBF86CF093EAC
:10FAE000CCAB7DBF6EB2063E8CC67DBF0295033E99
:10FAF000B1E07DBF4577003E38FA7DBF73B2FA3D75
:10FB000024137EBFC075F43D722B7EBF7638EE3D68
:10FB100023437EBF9AFAE73D385A7EBF2EBCE13DB3
:10FB2000B0707EBF377DDB3D8B867EBFB93DD53D56
:10FB3000C99B7EBFB7FDCE3D69B07EBF36BDC83D17
:10FB40006DC47EBF397CC23DD4D77EBFC33ABC3DB5
:10FB50009DEA7EBFDAF8B53DC9FC7EBF80B6AF3DF9
:10FB6000580E7FBFBA73A93D491F7FBF8C30A33D9C
:10FB70009D2F7FBFF9EC9C3D543F7FBF05A9963D6B
:10FB80006D4E7FBFB464903DE95C7FBF0A208A3D23
:10FB9000C76A7FBF0ADB833D08787FBF742B7B3D3C
:10FBA000AB847FBF38A06E3DB1907FBF6814623DCB
:10FBB000189C7FBF0E88553DE3A67FBF2FFB483DB5
:10FBC0000FB17FBFD56D3C3D9EBA7FBF07E02F3D93
:10FBD0008FC37FBFCC51233DE2CB7FBF2CC3163DEB
:10FBE00098D37FBF2F340A3DAFDA7FBFB949FB3CC2
:10FBF00029E17FBF7B2AE23C05E77FBFB00AC93C11
:10FC000043EC7FBF69EAAF3CE3F07FBFB6C9963CE7
:10FC1000E6F47FBF4B517B3C4AF87FBF900E493CD6
:10FC200011FB7FBF59CB163C39FD7FBF890FC93B04
:10FC3000C4FE7FBFC70F493BB1FF7FBF000000007C
:10FC40000000803FD40FC93AECFF7F3FC70F493B0C
:10FC5000B1FF7F3FC1CB963B4EFF7F3F890FC93B32
:10FC6000C4FE7F3F3053FB3B13FE7F3F59CB163C16
:10FC700039FD7F3F02ED2F3C39FC7F3F900E493C20
:10FC800011FB7F3F0030623CC1F97F3F4B517B3C11
:10FC90004AF87F3F38398A3CACF67F3FB6C9963C7C
:10FCA000E6F47F3F1C5AA33CF8F27F3F69EAAF3C81
:10FCB000E3F07F3F9B7ABC3CA7EE7F3FB00AC93C94
:10FCC00043EC7F3FA69AD53CB8E97F3F7B2AE23CD4
:10FCD00005E77F3F2DBAEE3C2BE47F3FB949FB3C63
:10FCE00029E17F3F90EC033D00DE7F3F2F340A3D4A
:10FCF000AFDA7F3FB87B103D37D77F3F2CC3163D2F
:10FD000098D37F3F880A1D3DD1CF7F3FCC51233D03
:10FD1000E2CB7F3FF698293DCCC77F3F07E02F3DE0
:10FD20008FC37F3FFC26363D2ABF7F3FD56D3C3DCC
:10FD30009EBA7F3F91B4423DEAB57F3F2FFB483DDD
:10FD40000FB17F3FAF414F3D0DAC7F3F0E88553D1A
:10FD5000E3A67F3F4CCE5B3D91A17F3F6814623D9F
:10FD6000189C7F3F625A683D78967F3F38A06E3D71
:10FD7000B1907F3FE9E5743DC28A7F3F742B7B3DA4
:10FD8000AB847F3F6CB8803D6D7E7F3F0ADB833D57
:10FD900008787F3F94FD863D7B717F3F0A208A3D36
:10FDA000C76A7F3F6A428D3DEC637F3FB464903DFC
:10FDB000E95C7F3FE786933DBF557F3F05A9963DB0
:10FDC0006D4E7F3F0ACB993DF4467F3FF9EC9C3D59
:10FDD000543F7F3FCF0EA03D8D377F3F8C30A33DFA
:10FDE0009D2F7F3F3052A63D87277F3FBA73A93DA5
:10FDF000491F7F3F2B95AC3DE4167F3F80B6AF3D5A
:10FE0000580E7F3FBBD7B23DA4057F3FDAF8B53D22
:10FE1000C9FC7E3FDD19B93DC7F37E3FC33ABC3D07
:10FE20009DEA7E3F8D5BBF3D4CE17E3F397CC23D0C
:10FE3000D4D77E3FC69CC53D34CE7E3F36BDC83D3F
:10FE40006DC47E3F86DDCB3D7FBA7E3FB7FDCE3DA4
:10FE500069B07E3FC81DD23D2DA67E3FB93DD53D40
:10FE6000C99B7E3F895DD83D3D917E3F377DDB3D1F
:10FE70008B867E3FC49CDE3DB17B7E3F2EBCE13D48
:10FE8000B0707E3F76DBE43D88657E3F9AFAE73DC1
:10FE9000385A7E3F9A19EB3DC14E7E3F7638EE3D93
:10FEA00023437E3F2E57F13D5E377E3FC075F43DC4
:10FEB000722B7E3F2C94F73D5E1F7E3F73B2FA3D5E
:10FEC00024137E3F92D0FD3DC2067E3F4577003E23
:10FED00038FA7D3F2E06023E88ED7D3F0295033EB7
:10FEE000B1E07D3FC223053EB2D37D3F6EB2063EF8
:10FEF0008CC67D3F0541083E40B97D3F86CF093E17
:10FF0000CCAB7D3FF35D0B3E309E7D3F4AEC0C3E1B
:10FF10006E907D3F8B7A0E3E85827D3FB708103E06
:10FF200074747D3FCC96113E3D667D3FCA24133EDE
:10FF3000DE577D3FB2B2143E59497D3F8340163EA5
:10FF4000AC3A7D3F3DCE173ED82B7D3FE05B193E5E
:10FF5000DD1C7D3F6BE91A3EBC0D7D3FDE761C3E0D
:10FF600073FE7C3F38041E3E03EF7C3F7B911F3EB7
:10FF70006CDF7C3FA51E213EAECF7C3FB6AB223E60
:10FF8000C9BF7C3FAD38243EBDAF7C3F8CC5253E0C
:10FF90008A9F7C3F5152273E318F7C3FFCDE283EBA
:10FFA000B07E7C3F8D6B2A3E086E7C3F04F82B3E72
:10FFB0003A5D7C3F61842D3E444C7C3FA2102F3E35
:10FFC000283B7C3FC99C303EE5297C3FD428323E0B
:10FFD0007A187C3FC4B4333EE9067C3F9840353EF6
:10FFE00031F57B3F50CC363E53E37B3FEC57383EF8
:10FFF0004DD17B3F6CE3393E20BF7B3FCF6E3B3E14
:020000040805ED
:10000000CDAC7B3F15FA3C3E539A7B3F3E853E3E4E
:10001000B2877B3F4910403EEA747B3F379B413EAD
:10002000FC617B3F0726433EE74E7B3FB9B0443E31
:10003000AB3B7B3F4D3B463E48287B3FC2C5473EDE
:10004000BE147B3F1850493E0E017B3F4FDA4A3EBB
:1000500037ED7A3F67644C3E3AD97A3F60EE4D3EC9
:1000600016C57A3F38784F3ECBB07A3FF101513E0A
:10007000599C7A3F898B523EC1877A3F0115543E85
:1000800002737A3F589E553E1C5E7A3F8F27573E3B
:1000900010497A3FA4B0583EDD337A3F97395A3E33
:1000A000841E7A3F6AC25B3E04097A3F1A4B5D3E6A
:1000B0005EF3793FA8D35E3E91DD793F135C603EED
:1000C0009DC7793F5CE4613E83B1793F836C633EB9
:1000D000439B793F86F4643EDC84793F667C663ED0
:1000E0004E6E793F2204683E9A57793FBA8B693E3B
:1000F000C040793F2F136B3EBF29793F7F9A6C3EFA
:100100009812793FAB216E3E4AFB783FB2A86F3E12
:10011000D6E3783F942F713E3BCC783F51B6723E88
:100120007BB4783FE83C743E939C783F5AC3753E5D
:100130008684783FA649773E526C783FCCCF783E94
:10014000F853783FCB557A3E773B783FA4DB7B3E34
:10015000D122783F56617D3E040A783FE1E67E3E3B
:1001600010F1773F2236803EF7D7773FC0F8803EC8
:10017000B7BE773F4ABB813E51A5773FC07D823EE7
:10018000C58B773F2240833E1372773F7002843ED7
:100190003A58773FAAC4843E3C3E773FCE86853EA0
:1001A0001724773FDF48863ECC09773FDA0A873E3F
:1001B0005BEF763FC1CC873EC4D4763F938E883EBA
:1001C00007BA763F5050893E249F763FF8118A3E09
:1001D0001B84763F8AD38A3EEC68763F07958B3E38
:1001E000974D763F6E568C3E1B32763FC0178D3E44
:1001F0007A16763FFCD88D3EB3FA753F229A8E3E32
:10020000C6DE753F325B8F3EB3C2753F2C1C903EFD
:100210007BA6753F10DD903E1C8A753FDD9D913EAB
:10022000976D753F945E923EED50753F351F933E3E
:100230001D34753FBFDF933E2717753F31A0943EB5
:100240000BFA743F8D60953EC9DC743FD220963E18
:1002500062BF743F00E1963ED5A1743F17A1973E5F
:100260002284743F1661983E4966743FFE20993E91
:100270004B48743FCEE0993E272A743F86A09A3EB1
:10028000DD0B743F27609B3E6EED733FAF1F9C3EBE
:10029000D9CE733F20DF9C3E1FB0733F789E9D3EBA
:1002A0003F91733FB85D9E3E3972733FDF1C9F3EA6
:1002B0000E53733FEEDB9F3EBE33733FE59AA03E85
:1002C0004714733FC259A13EACF4723F8718A23E57
:1002D000EBD4723F33D7A23E04B5723FC595A33E1F
:1002E000F894723F3F54A43EC774723F9F12A53EDC
:1002F0007054723FE5D0A53EF433723F128FA63E94
:100300005213723F254DA73E8CF2713F1F0BA83E42
:100310009FD1713FFEC8A83E8EB0713FC486A93EF2
:10032000578F713F6F44AA3EFB6D713F0102AB3E98
:100330007A4C713F77BFAB3ED42A713FD47CAC3E40
:100340000809713F153AAD3E17E7703F3CF7AD3EE7
:1003500002C5703F49B4AE3EC6A2703F3A71AF3E8F
:100360006680703F102EB03EE15D703FCBEAB03E3C
:10037000373B703F6BA7B13E6718703FEF63B23EEB
:1003800073F56F3F5820B33E5AD26F3FA5DCB33EA2
:100390001BAF6F3FD698B43EB88B6F3FEC54B53E61
:1003A00030686F3FE610B63E83446F3FC3CCB63E25
:1003B000B0206F3F8488B73EBAFC6E3F2A44B83EF7
:1003C0009ED86E3FB2FFB83E5DB46E3F1EBBB93ED5
:1003D000F88F6E3F6E76BA3E6D6B6E3FA031BB3EBE
:1003E000BE466E3FB6ECBB3EEB216E3FAFA7BC3EB8
:1003F000F2FC6D3F8B62BD3ED5D76D3F4A1DBE3EC0
:1004000093B26D3FEBD7BE3E2D8D6D3F6F92BF3ED9
:10041000A1676D3FD54CC03EF2416D3F1E07C13E06
:100420001D1C6D3F48C1C13E24F66C3F557BC23E4A
:1004300007D06C3F4435C33EC5A96C3F15EFC33EA2
:100440005E836C3FC8A8C43ED45C6C3F5C62C53E12
:1004500024366C3FD21BC63E500F6C3F29D5C63E9A
:1004600058E86B3F628EC73E3BC16B3F7C47C83E3E
:10047000FB996B3F7700C93E95726B3F53B9C93EFC
:100480000C4B6B3F1072CA3E5E236B3FAE2ACB3ED5
:100490008CFB6A3F2CE3CB3E95D36A3F8B9BCC3ED3
:1004A0007BAB6A3FCA53CD3E3C836A3FEA0BCE3EEC
:1004B000D95A6A3FEAC3CE3E52326A3FCA7BCF3E28
:1004C000A7096A3F8A33D03ED7E0693F2AEBD03E86
:1004D000E4B7693FAAA2D13ECC8E693F095AD23E09
:1004E0009165693F4811D33E323C693F67C8D33EAE
:1004F000AE12693F647FD43E07E9683F4136D53E7E
:100500003CBF683FFDECD53E4C95683F99A3D63E75
:10051000396B683F135AD73E0341683F6B10D83E92
:10052000A816683FA3C6D83E2AEC673FB97CD93EDF
:1005300087C1673FAD32DA3EC196673F80E8DA3E59
:10054000D86B673F319EDB3ECA40673FC153DC3EFC
:100550009915673F2E09DD3E45EA663F79BEDD3ECF
:10056000CCBE663FA273DE3E3093663FA928DF3ED5
:100570007167663F8DDDDF3E8E3B663F4F92E03E0A
:10058000880F663FEE46E13E5EE3653F6AFBE13E73
:1005900010B7653FC4AFE23EA08A653FFA63E33E11
:1005A0000B5E653F0E18E43E5431653FFECBE43EE2
:1005B0007904653FCB7FE53E7BD7643F7533E63EEC
:1005C00059AA643FFBE6E63E147D643F5D9AE73E30
:1005D000AC4F643F9C4DE83E2122643FB700E93EAA
:1005E00073F4633FAEB3E93EA1C6633F8166EA3E62
:1005F000AC98633F3019EB3E956A633FBBCBEB3E53
:100600005A3C633F217EEC3EFC0D633F6330ED3E80
:100610007BDF623F80E2ED3ED7B0623F7994EE3EF1
:100620001082623F4C46EF3E2653623FFBF7EF3E9F
:100630001A24623F85A9F03EEAF4613FEA5AF13E8E
:1006400098C5613F290CF23E2296613F43BDF23EC0
:100650008A66613F386EF33ED036613F071FF43E35
:10066000F206613FB1CFF43EF2D6603F3580F53EF1
:10067000CFA6603F9330F63E8976603FCBE0F63EF2
:100680002146603FDC90F73E9615603FC840F83E3B
:10069000E9E45F3F8EF0F83E19B45F3F2DA0F93ECC
:1006A00027835F3FA54FFA3E12525F3FF7FEFA3EA7
:1006B000DB205F3F22AEFB3E81EF5E3F275DFC3ECD
:1006C00005BE5E3F040CFD3E678C5E3FBBBAFD3E3F
:1006D000A65A5E3F4A69FE3EC3285E3FB217FF3E00
:1006E000BEF65D3FF3C5FF3E97C45D3F063A003F4F
:1006F0004D925D3FFF90003FE15F5D3FE4E7003FCB
:10070000532D5D3FB53E013FA3FA5C3F7395013F1A
:10071000D1C75C3F1CEC013FDD945C3FB142023F1E
:10072000C7615C3F3299023F8E2E5C3F9FEF023FD4
:1007300034FB5B3FF845033FB8C75B3F3D9C033F3D
:100740001A945B3F6DF2033F5A605B3F8948043F58
:10075000792C5B3F919E043F75F85A3F84F4043F27
:1007600050C45A3F624A053F09905A3F2CA0053FAA
:10077000A05B5A3FE2F5053F16275A3F824B063FE2
:100780006AF2593F0EA1063F9CBD593F86F6063FCF
:10079000AD88593FE84B073F9C53593F36A1073F6F
:1007A0006A1E593F6FF6073F17E9583F924B083FC3
:1007B000A1B3583FA1A0083F0B7E583F9BF5083FCF
:1007C0005348583F7F4A093F7912583F4E9F093F8F
:1007D0007FDC573F09F4093F63A6573FAD480A3F06
:1007E0002670573F3D9D0A3FC739573FB7F10A3F33
:1007F0004803573F1C460B3FA7CC563F6B9A0B3F15
:10080000E595563FA5EE0B3F025F563FC9420C3FB0
:10081000FE27563FD7960C3FD9F0553FD0EA0C3F04
:1008200093B9553FB33E0D3F2C82553F81920D3F0A
:10083000A44A553F38E60D3FFB12553FDA390E3FCB
:1008400031DB543F658D0E3F47A3543FDBE00E3F45
:100850003B6B543F3B340F3F0F33543F84870F3F74
:10086000C3FA533FB8DA0F3F55C2533FD52D103F5F
:10087000C789533FDC80103F1851533FCDD3103F01
:100880004918533FA726113F59DF523F6B79113F5B
:1008900049A6523F19CC113F186D523FB01E123F6E
:1008A000C633523F3071123F54FA513F9AC3123F40
:1008B000C2C0513FEE15133F1087513F2A68133FC6
:1008C0003D4D513F50BA133F4A13513F5F0C143F07
:1008D00037D9503F585E143F039F503F39B0143F03
:1008E000AF64503F0402153F3B2A503FB753153FBA
:1008F000A8EF4F3F54A5153FF4B44F3FD9F6153F2D
:100900001F7A4F3F4748163F2B3F4F3F9F99163F57
:1009100017044F3FDFEA163FE4C84E3F073C173F3E
:10092000908D4E3F188D173F1C524E3F12DE173FE1
:1009300089164E3FF52E183FD5DA4D3FC07F183F40
:10094000029F4D3F73D0183F10634D3F0F21193F59
:10095000FD264D3F9471193FCBEA4C3F00C2193F31
:1009600079AE4C3F55121A3F08724C3F93621A3FC2
:1009700078354C3FB8B21A3FC7F84B3FC6021B3F11
:10098000F8BB4B3FBB521B3F097F4B3F99A21B3F1C
:10099000FA414B3F5FF21B3FCC044B3F0C421C3FE4
:1009A0007FC74A3FA2911C3F138A4A3F1FE11C3F69
:1009B000874C4A3F84301D3FDC0E4A3FD17F1D3FAC
:1009C00012D1493F06CF1D3F2993493F221E1E3FAA
:1009D0002155493F266D1E3FFA16493F12BC1E3F66
:1009E000B3D8483FE50A1F3F4E9A483F9F591F3FE3
:1009F000CA5B483F41A81F3F271D483FCBF61F3F1A
:100A000065DE473F3B45203F849F473F9393203F10
:100A10008560473FD2E1203F6721473FF92F213FC3
:100A20002AE2463F067E213FCEA2463FFBCB213F36
:100A30005463463FD719223FBB23463F9967223F65
:100A400003E4453F43B5223F2DA4453FD302233F56
:100A50003964453F4B50233F2624453FA99D233F02
:100A6000F5E3443FEEEA233FA5A3443F1A38243F71
:100A70003763443F2C85243FAB22443F25D2243F9B
:100A800000E2433F041F253F38A1433FCB6B253F86
:100A90005160433F77B8253F4C1F433F0A05263F2F
:100AA00029DE423F8451263FE89C423FE39D263F9A
:100AB000895B423F2AEA263F0B1A423F5636273FC0
:100AC00070D8413F6882273FB796413F61CE273FAC
:100AD000E154413F401A283FEC12413F0566283F50
:100AE000DAD0403FB0B1283FA98E403F41FD283FBA
:100AF0005C4C403FB848293FF009403F1594293FDE
:100B000067C73F3F57DF293FC0843F3F802A2A3FC6
:100B1000FC413F3F8E752A3F1BFF3E3F82C02A3F6C
:100B20001BBC3E3F5B0B2B3FFF783E3F1B562B3FD2
:100B3000C5353E3FBFA02B3F6EF23D3F4AEB2B3FFA
:100B4000F9AE3D3FB9352C3F676B3D3F0F802C3FE1
:100B5000B8273D3F49CA2C3FECE33C3F69142D3F89
:100B600003A03C3F6F5E2D3FFC5B3C3F59A82D3FEF
:100B7000D9173C3F29F22D3F98D33B3FDE3B2E3F18
:100B80003B8F3B3F78852E3FC14A3B3FF7CE2E3F00
:100B900029063B3F5B182F3F75C13A3FA5612F3FA8
:100BA000A47C3A3FD3AA2F3FB7373A3FE6F32F3F13
:100BB000ACF2393FDE3C303F85AD393FBB85303F3D
:100BC0004268393F7CCE303FE122393F2217313F26
:100BD00065DD383FAD5F313FCB97383F1DA8313FD2
:100BE0001652383F71F0313F430C383FAA38323F3C
:100BF00055C6373FC780323F4A80373FC9C8323F6A
:100C0000233A373FAF10333FDFF3363F7A58333F55
:100C10007FAD363F29A0333F0467363FBCE7333F03
:100C20006C20363F342F343FB8D9353F8F76343F70
:100C3000E792353FCFBD343FFB4B353FF304353FA3
:100C4000F304353FFB4B353FCFBD343FE792353F93
:100C50008F76343FB8D9353F342F343F6C20363F40
:100C6000BCE7333F0467363F29A0333F7FAD363FB3
:100C70007A58333FDFF3363FAF10333F233A373FE5
:100C8000C9C8323F4A80373FC780323F55C6373FD9
:100C9000AA38323F430C383F71F0313F1652383F8B
:100CA0001DA8313FCB97383FAD5F313F65DD383F01
:100CB0002217313FE122393F7CCE303F4268393F35
:100CC000BB85303F85AD393FDE3C303FACF2393F2C
:100CD000E6F32F3FB7373A3FD3AA2F3FA47C3A3FE2
:100CE000A5612F3F75C13A3F5B182F3F29063B3F57
:100CF000F7CE2E3FC14A3B3F78852E3F3B8F3B3F8F
:100D0000DE3B2E3F98D33B3F29F22D3FD9173C3F86
:100D100059A82D3FFC5B3C3F6F5E2D3F03A03C3F3D
:100D200069142D3FECE33C3F49CA2C3FB8273D3FB7
:100D30000F802C3F676B3D3FB9352C3FF9AE3D3FEF
:100D40004AEB2B3F6EF23D3FBFA02B3FC5353E3FE8
:100D50001B562B3FFF783E3F5B0B2B3F1BBC3E3FA0
:100D600082C02A3F1BFF3E3F8E752A3FFC413F3F1A
:100D7000802A2A3FC0843F3F57DF293F67C73F3F54
:100D80001594293FF009403FB848293F5C4C403F4B
:100D900041FD283FA98E403FB0B1283FDAD0403F07
:100DA0000566283FEC12413F401A283FE154413F7D
:100DB00061CE273FB796413F6882273F70D8413FB9
:100DC0005636273F0B1A423F2AEA263F895B423FAD
:100DD000E39D263FE89C423F8451263F29DE423F67
:100DE0000A05263F4C1F433F77B8253F5160433FDC
:100DF000CB6B253F38A1433F041F253F00E2433F13
:100E000025D2243FAB22443F2C85243F3763443F07
:100E10001A38243FA5A3443FEEEA233FF5E3443FBD
:100E2000A99D233F2624453F4B50233F3964453F2E
:100E3000D302233F2DA4453F43B5223F03E4453F62
:100E40009967223FBB23463FD719223F5463463F51
:100E5000FBCB213FCEA2463F067E213F2AE2463F02
:100E6000F92F213F6721473FD2E1203F8560473F6F
:100E70009393203F849F473F3B45203F65DE473F9C
:100E8000CBF61F3F271D483F41A81F3FCA5B483F85
:100E90009F591F3F4E9A483FE50A1F3FB3D8483F2E
:100EA00012BC1E3FFA16493F266D1E3F2155493F91
:100EB000221E1E3F2993493F06CF1D3F12D1493FB5
:100EC000D17F1D3FDC0E4A3F84301D3F874C4A3F97
:100ED0001FE11C3F138A4A3FA2911C3F7FC74A3F34
:100EE0000C421C3FCC044B3F5FF21B3FFA414B3F8F
:100EF00099A21B3F097F4B3FBB521B3FF8BB4B3FA7
:100F0000C6021B3FC7F84B3FB8B21A3F78354C3F7B
:100F100093621A3F08724C3F55121A3F79AE4C3F0C
:100F200000C2193FCBEA4C3F9471193FFD264D3F5B
:100F30000F21193F10634D3F73D0183F029F4D3F63
:100F4000C07F183FD5DA4D3FF52E183F89164E3F2A
:100F500012DE173F1C524E3F188D173F908D4E3FAB
:100F6000073C173FE4C84E3FDFEA163F17044F3FE8
:100F70009F99163F2B3F4F3F4748163F1F7A4F3FE1
:100F8000D9F6153FF4B44F3F54A5153FA8EF4F3F96
:100F9000B753153F3B2A503F0402153FAF64503F03
:100FA00039B0143F039F503F585E143F37D9503F2C
:100FB0005F0C143F4A13513F50BA133F3D4D513F10
:100FC0002A68133F1087513FEE15133FC2C0513FAF
:100FD0009AC3123F54FA513F3071123FC633523F09
:100FE000B01E123F186D523F19CC113F49A6523F17
:100FF0006B79113F59DF523FA726113F4918533FE4
:10100000CDD3103F1851533FDC80103FC789533F69
:10101000D52D103F55C2533FB8DA0F3FC3FA533FA7
:1010200084870F3F0F33543F3B340F3F3B6B543F9C
:10103000DBE00E3F47A3543F658D0E3F31DB543F4D
:10104000DA390E3FFB12553F38E60D3FA44A553FB3
:1010500081920D3F2C82553FB33E0D3F93B9553FD2
:10106000D0EA0C3FD9F0553FD7960C3FFE27563FAC
:10107000C9420C3F025F563FA5EE0B3FE595563F38
:101080006B9A0B3FA7CC563F1C460B3F4803573F7C
:10109000B7F10A3FC739573F3D9D0A3F2670573F7A
:1010A000AD480A3F63A6573F09F4093F7FDC573F2D
:1010B0004E9F093F7912583F7F4A093F5348583F96
:1010C0009BF5083F0B7E583FA1A0083FA1B3583FB6
:1010D000924B083F17E9583F6FF6073F6A1E593F8A
:1010E00036A1073F9C53593FE84B073FAD88593F16
:1010F00086F6063F9CBD593F0EA1063F6AF2593F56
:10110000824B063F16275A3FE2F5053FA05B5A3F48
:101110002CA0053F09905A3F624A053F50C45A3FF0
:1011200084F4043F75F85A3F919E043F792C5B3F4D
:101130008948043F5A605B3F6DF2033F1A945B3F5E
:101140003D9C033FB8C75B3FF845033F34FB5B3F23
:101150009FEF023F8E2E5C3F3299023FC7615C3F9A
:10116000B142023FDD945C3F1CEC013FD1C75C3FC4
:101170007395013FA3FA5C3FB53E013F532D5D3FA0
:10118000E4E7003FE15F5D3FFF90003F4D925D3F30
:10119000063A003F97C45D3FF3C5FF3EBEF65D3F94
:1011A000B217FF3EC3285E3F4A69FE3EA65A5E3F25
:1011B000BBBAFD3E678C5E3F040CFD3E05BE5E3F44
:1011C000275DFC3E81EF5E3F22AEFB3EDB205F3FB2
:1011D000F7FEFA3E12525F3FA54FFA3E27835F3F6C
:1011E0002DA0F93E19B45F3F8EF0F83EE9E45F3F71
:1011F000C840F83E9615603FDC90F73E2146603FC0
:10120000CBE0F63E8976603F9330F63ECFA6603F56
:101210003580F53EF2D6603FB1CFF43EF206613F35
:10122000071FF43ED036613F386EF33E8A66613F59
:1012300043BDF23E2296613F290CF23E98C5613FC4
:10124000EA5AF13EEAF4613F85A9F03E1A24623F72
:10125000FBF7EF3E2653623F4C46EF3E1082623F63
:101260007994EE3ED7B0623F80E2ED3E7BDF623F95
:101270006330ED3EFC0D633F217EEC3E5A3C633F04
:10128000BBCBEB3E956A633F3019EB3EAC98633FB6
:101290008166EA3EA1C6633FAEB3E93E73F4633FA5
:1012A000B700E93E2122643F9C4DE83EAC4F643FCD
:1012B0005D9AE73E147D643FFBE6E63E59AA643F33
:1012C0007533E63E7BD7643FCB7FE53E7904653FCF
:1012D000FECBE43E5431653F0E18E43E0B5E653FA5
:1012E000FA63E33EA08A653FC4AFE23E10B7653FB4
:1012F0006AFBE13E5EE3653FEE46E13E880F663FF6
:101300004F92E03E8E3B663F8DDDDF3E7167663F6C
:10131000A928DF3E3093663FA273DE3ECCBE663F17
:1013200079BEDD3E45EA663F2E09DD3E9915673FF1
:10133000C153DC3ECA40673F319EDB3ED86B673FFE
:1013400080E8DA3EC196673FAD32DA3E87C1673F3B
:10135000B97CD93E2AEC673FA3C6D83EA816683FA1
:101360006B10D83E0341683F135AD73E396B683F34
:1013700099A3D63E4C95683FFDECD53E3CBF683FF7
:101380004136D53E07E9683F647FD43EAE12693FDF
:1013900067C8D33E323C693F4811D33E9165693FEF
:1013A000095AD23ECC8E693FAAA2D13EE4B7693F2A
:1013B0002AEBD03ED7E0693F8A33D03EA7096A3F87
:1013C000CA7BCF3E52326A3FEAC3CE3ED95A6A3F09
:1013D000EA0BCE3E3C836A3FCA53CD3E7BAB6A3FAD
:1013E0008B9BCC3E95D36A3F2CE3CB3E8CFB6A3F74
:1013F000AE2ACB3E5E236B3F1072CA3E0C4B6B3F56
:1014000053B9C93E95726B3F7700C93EFB996B3F5C
:101410007C47C83E3BC16B3F628EC73E58E86B3F7E
:1014200029D5C63E500F6C3FD21BC63E24366C3FBA
:101430005C62C53ED45C6C3FC8A8C43E5E836C3F12
:1014400015EFC33EC5A96C3F4435C33E07D06C3F82
:10145000557BC23E24F66C3F48C1C13E1D1C6D3F0A
:101460001E07C13EF2416D3FD54CC03EA1676D3FA6
:101470006F92BF3E2D8D6D3FEBD7BE3E93B26D3F59
:101480004A1DBE3ED5D76D3F8B62BD3EF2FC6D3F1F
:10149000AFA7BC3EEB216E3FB6ECBB3EBE466E3FF7
:1014A000A031BB3E6D6B6E3F6E76BA3EF88F6E3FDD
:1014B0001EBBB93E5DB46E3FB2FFB83E9ED86E3FD4
:1014C0002A44B83EBAFC6E3F8488B73EB0206F3FD6
:1014D000C3CCB63E83446F3FE610B63E30686F3FE4
:1014E000EC54B53EB88B6F3FD698B43E1BAF6F3F00
:1014F000A5DCB33E5AD26F3F5820B33E73F56F3F21
:10150000EF63B23E6718703F6BA7B13E373B703F49
:10151000CBEAB03EE15D703F102EB03E6680703F7A
:101520003A71AF3EC6A2703F49B4AE3E02C5703FAD
:101530003CF7AD3E17E7703F153AAD3E0809713FE5
:10154000D47CAC3ED42A713F77BFAB3E7A4C713F1E
:101550000102AB3EFB6D713F6F44AA3E578F713F56
:10156000C486A93E8EB0713FFEC8A83E9FD1713F90
:101570001F0BA83E8CF2713F254DA73E5213723FC0
:10158000128FA63EF433723FE5D0A53E7054723FF1
:101590009F12A53EC774723F3F54A43EF894723F19
:1015A000C595A33E04B5723F33D7A23EEBD4723F3C
:1015B0008718A23EACF4723FC259A13E4714733F54
:1015C000E59AA03EBE33733FEEDB9F3E0E53733F62
:1015D000DF1C9F3E3972733FB85D9E3E3F91733F63
:1015E000789E9D3E1FB0733F20DF9C3ED9CE733F57
:1015F000AF1F9C3E6EED733F27609B3EDD0B743F3B
:1016000086A09A3E272A743FCEE0993E4B48743F0D
:10161000FE20993E4966743F1661983E2284743FCD
:1016200017A1973ED5A1743F00E1963E62BF743F7B
:10163000D220963EC9DC743F8D60953E0BFA743F14
:1016400031A0943E2717753FBFDF933E1D34753F91
:10165000351F933EED50753F945E923E976D753FFA
:10166000DD9D913E1C8A753F10DD903E7BA6753F47
:101670002C1C903EB3C2753F325B8F3EC6DE753F79
:10168000229A8E3EB3FA753FFCD88D3E7A16763F8D
:10169000C0178D3E1B32763F6E568C3E974D763F7F
:1016A00007958B3EEC68763F8AD38A3E1B84763F53
:1016B000F8118A3E249F763F5050893E07BA763F04
:1016C000938E883EC4D4763FC1CC873E5BEF763F95
:1016D000DA0A873ECC09773FDF48863E1724773FFA
:1016E000CE86853E3C3E773FAAC4843E3A58773F3B
:1016F0007002843E1372773F2240833EC58B773F52
:10170000C07D823E51A5773F4ABB813EB7BE773F41
:10171000C0F8803EF7D7773F2236803E10F1773F02
:10172000E1E67E3E040A783F56617D3ED122783F55
:10173000A4DB7B3E773B783FCB557A3EF853783F2E
:10174000CCCF783E526C783FA649773E8684783F6E
:101750005AC3753E939C783FE83C743E7BB4783F17
:1017600051B6723E3BCC783F942F713ED6E3783F22
:10177000B2A86F3E4AFB783FAB216E3E9812793F8C
:101780007F9A6C3EBF29793F2F136B3EC040793F53
:10179000BA8B693E9A57793F2204683E4E6E793F74
:1017A000667C663EDC84793F86F4643E439B793FE9
:1017B000836C633E83B1793F5CE4613E9DC7793FB2
:1017C000135C603E91DD793FA8D35E3E5EF3793FC6
:1017D0001A4B5D3E04097A3F6AC25B3E841E7A3F23
:1017E00097395A3EDD337A3FA4B0583E10497A3FCC
:1017F0008F27573E1C5E7A3F589E553E02737A3FB4
:101800000115543EC1877A3F898B523E599C7A3FDD
:10181000F101513ECBB07A3F38784F3E16C57A3F42
:1018200060EE4D3E3AD97A3F67644C3E37ED7A3FE1
:101830004FDA4A3E0E017B3F1850493EBE147B3FB3
:10184000C2C5473E48287B3F4D3B463EAB3B7B3FB6
:10185000B9B0443EE74E7B3F0726433EFC617B3FE9
:10186000379B413EEA747B3F4910403EB2877B3F45
:101870003E853E3E539A7B3F15FA3C3ECDAC7B3FC6
:10188000CF6E3B3E20BF7B3F6CE3393E4DD17B3F6B
:10189000EC57383E53E37B3F50CC363E31F57B3F2F
:1018A0009840353EE9067C3FC4B4333E7A187C3F0D
:1018B000D428323EE5297C3FC99C303E283B7C3F02
:1018C000A2102F3E444C7C3F61842D3E3A5D7C3F0C
:1018D00004F82B3E086E7C3F8D6B2A3EB07E7C3F29
:1018E000FCDE283E318F7C3F5152273E8A9F7C3F51
:1018F0008CC5253EBDAF7C3FAD38243EC9BF7C3F83
:10190000B6AB223EAECF7C3FA51E213E6CDF7C3FB6
:101910007B911F3E03EF7C3F38041E3E73FE7C3FED
:10192000DE761C3EBC0D7D3F6BE91A3EDD1C7D3F23
:10193000E05B193ED82B7D3F3DCE173EAC3A7D3F54
:101940008340163E59497D3FB2B2143EDE577D3F7B
:10195000CA24133E3D667D3FCC96113E74747D3F94
:10196000B708103E85827D3F8B7A0E3E6E907D3F9C
:101970004AEC0C3E309E7D3FF35D0B3ECCAB7D3F91
:1019800086CF093E40B97D3F0541083E8CC67D3F6C
:101990006EB2063EB2D37D3FC223053EB1E07D3F2D
:1019A0000295033E88ED7D3F2E06023E38FA7D3FCC
:1019B0004577003EC2067E3F92D0FD3D24137E3F18
:1019C00073B2FA3D5E1F7E3F2C94F73D722B7E3F33
:1019D000C075F43D5E377E3F2E57F13D23437E3F79
:1019E0007638EE3DC14E7E3F9A19EB3D385A7E3F28
:1019F0009AFAE73D88657E3F76DBE43DB0707E3F36
:101A00002EBCE13DB17B7E3FC49CDE3D8B867E3F9C
:101A1000377DDB3D3D917E3F895DD83DC99B7E3F53
:101A2000B93DD53D2DA67E3FC81DD23D69B07E3F54
:101A3000B7FDCE3D7FBA7E3F86DDCB3D6DC47E3F98
:101A400036BDC83D34CE7E3FC69CC53DD4D77E3F13
:101A5000397CC23D4CE17E3F8D5BBF3D9DEA7E3FC0
:101A6000C33ABC3DC7F37E3FDD19B93DC9FC7E3F9B
:101A7000DAF8B53DA4057F3FBBD7B23D580E7F3F96
:101A800080B6AF3DE4167F3F2B95AC3D491F7F3FAD
:101A9000BA73A93D87277F3F3052A63D9D2F7F3FD8
:101AA0008C30A33D8D377F3FCF0EA03D543F7F3F0D
:101AB000F9EC9C3DF4467F3F0ACB993D6D4E7F3F4C
:101AC00005A9963DBF557F3FE786933DE95C7F3F83
:101AD000B464903DEC637F3F6A428D3DC76A7F3FAF
:101AE0000A208A3D7B717F3F94FD863D08787F3FC9
:101AF0000ADB833D6D7E7F3F6CB8803DAB847F3FCA
:101B0000742B7B3DC28A7F3FE9E5743DB1907F3FF6
:101B100038A06E3D78967F3F625A683D189C7F3FA3
:101B20006814623D91A17F3F4CCE5B3DE3A67F3FB1
:101B30000E88553D0DAC7F3FAF414F3D0FB17F3F0C
:101B40002FFB483DEAB57F3F91B4423D9EBA7F3FAF
:101B5000D56D3C3D2ABF7F3FFC26363D8FC37F3F7E
:101B600007E02F3DCCC77F3FF698293DE2CB7F3F72
:101B7000CC51233DD1CF7F3F880A1D3D98D37F3F75
:101B80002CC3163D37D77F3FB87B103DAFDA7F3F80
:101B90002F340A3D00DE7F3F90EC033D29E17F3F7B
:101BA000B949FB3C2BE47F3F2DBAEE3C05E77F3F74
:101BB0007B2AE23CB8E97F3FA69AD53C43EC7F3FC5
:101BC000B00AC93CA7EE7F3F9B7ABC3CE3F07F3F65
:101BD00069EAAF3CF8F27F3F1C5AA33CE6F47F3F32
:101BE000B6C9963CACF67F3F38398A3C4AF87F3F0D
:101BF0004B517B3CC1F97F3F0030623C11FB7F3F82
:101C0000900E493C39FC7F3F02ED2F3C39FD7F3F70
:101C100059CB163C13FE7F3F3053FB3BC4FE7F3F46
:101C2000890FC93B4EFF7F3FC1CB963BB1FF7F3F42
:101C3000C70F493BECFF7F3FD40FC93A0000803FFC
:101C400000000000ECFF7F3FD40FC9BAB1FF7F3F17
:101C5000C70F49BB4EFF7F3FC1CB96BBC4FE7F3F42
:101C6000890FC9BB13FE7F3F3053FBBB39FD7F3F5C
:101C700059CB16BC39FC7F3F02ED2FBC11FB7F3FD7
:101C8000900E49BCC1F97F3F003062BC4AF87F3FEB
:101C90004B517BBCACF67F3F38398ABCE6F47F3FC2
:101CA000B6C996BCF8F27F3F1C5AA3BCE3F07F3F55
:101CB00069EAAFBCA7EE7F3F9B7ABCBC43EC7F3F99
:101CC000B00AC9BCB8E97F3FA69AD5BC05E77F3FFB
:101CD0007B2AE2BC2BE47F3F2DBAEEBC29E17F3F9B
:101CE000B949FBBC00DE7F3F90EC03BDAFDA7F3F1C
:101CF0002F340ABD37D77F3FB87B10BD98D37F3FC5
:101D00002CC316BDD1CF7F3F880A1DBDE2CB7F3FDC
:101D1000CC5123BDCCC77F3FF69829BD8FC37F3FF1
:101D200007E02FBD2ABF7F3FFC2636BD9EBA7F3F0E
:101D3000D56D3CBDEAB57F3F91B442BD0FB17F3F49
:101D40002FFB48BD0DAC7F3FAF414FBDE3A67F3FAA
:101D50000E8855BD91A17F3F4CCE5BBD189C7F3F47
:101D6000681462BD78967F3F625A68BDB1907F3F2C
:101D700038A06EBDC28A7F3FE9E574BDAB847F3F6A
:101D8000742B7BBD6D7E7F3F6CB880BD08787F3F34
:101D90000ADB83BD7B717F3F94FD86BDC76A7F3FB1
:101DA0000A208ABDEC637F3F6A428DBDE95C7F3FBC
:101DB000B46490BDBF557F3FE78693BD6D4E7F3FB6
:101DC00005A996BDF4467F3F0ACB99BD543F7F3F9E
:101DD000F9EC9CBD8D377F3FCF0EA0BD9D2F7F3F7F
:101DE0008C30A3BD87277F3F3052A6BD491F7F3F60
:101DF000BA73A9BDE4167F3F2B95ACBD580E7F3F4B
:101E000080B6AFBDA4057F3FBBD7B2BDC9FC7E3F46
:101E1000DAF8B5BDC7F37E3FDD19B9BD9DEA7E3F57
:101E2000C33ABCBD4CE17E3F8D5BBFBDD4D77E3F86
:101E3000397CC2BD34CE7E3FC69CC5BD6DC47E3FDD
:101E400036BDC8BD7FBA7E3F86DDCBBD69B07E3F63
:101E5000B7FDCEBD2DA67E3FC81DD2BDC99B7E3F1E
:101E6000B93DD5BD3D917E3F895DD8BD8B867E3F16
:101E7000377DDBBDB17B7E3FC49CDEBDB0707E3F55
:101E80002EBCE1BD88657E3F76DBE4BD385A7E3FDF
:101E90009AFAE7BDC14E7E3F9A19EBBD23437E3FC0
:101EA0007638EEBD5E377E3F2E57F1BD722B7E3FFA
:101EB000C075F4BD5E1F7E3F2C94F7BD24137E3F9A
:101EC00073B2FABDC2067E3F92D0FDBD38FA7D3FA7
:101ED000457700BE88ED7D3F2E0602BEB1E07D3F16
:101EE000029503BEB2D37D3FC22305BE8CC67D3FA3
:101EF0006EB206BE40B97D3F054108BECCAB7D3F0A
:101F000086CF09BE309E7D3FF35D0BBE6E907D3F58
:101F10004AEC0CBE85827D3F8B7A0EBE74747D3F89
:101F2000B70810BE3D667D3FCC9611BEDE577D3FA3
:101F3000CA2413BE59497D3FB2B214BEAC3A7D3FAC
:101F4000834016BED82B7D3F3DCE17BEDD1C7D3FA6
:101F5000E05B19BEBC0D7D3F6BE91ABE73FE7C3F92
:101F6000DE761CBE03EF7C3F38041EBE6CDF7C3F78
:101F70007B911FBEAECF7C3FA51E21BEC9BF7C3F5B
:101F8000B6AB22BEBDAF7C3FAD3824BE8A9F7C3F3E
:101F90008CC525BE318F7C3F515227BEB07E7C3F21
:101FA000FCDE28BE086E7C3F8D6B2ABE3A5D7C3F0E
:101FB00004F82BBE444C7C3F61842DBE283B7C3F03
:101FC000A2102FBEE5297C3FC99C30BE7A187C3F09
:101FD000D42832BEE9067C3FC4B433BE31F57B3F22
:101FE000984035BE53E37B3F50CC36BE4DD17B3F4E
:101FF000EC5738BE20BF7B3F6CE339BECDAC7B3F96
:10200000CF6E3BBE539A7B3F15FA3CBEB2877B3FF7
:102010003E853EBEEA747B3F491040BEFC617B3F7B
:10202000379B41BEE74E7B3F072643BEAB3B7B3F22
:10203000B9B044BE48287B3F4D3B46BEBE147B3FF3
:10204000C2C547BE0E017B3F185049BE37ED7A3FEF
:102050004FDA4ABE3AD97A3F67644CBE16C57A3F1A
:1020600060EE4DBECBB07A3F38784FBE599C7A3F78
:10207000F10151BEC1877A3F898B52BE02737A3F0C
:10208000011554BE1C5E7A3F589E55BE10497A3FDA
:102090008F2757BEDD337A3FA4B058BE841E7A3FE7
:1020A00097395ABE04097A3F6AC25BBE5EF3793F34
:1020B0001A4B5DBE91DD793FA8D35EBE9DC7793FC7
:1020C000135C60BE83B1793F5CE461BE439B793FA2
:1020D000836C63BEDC84793F86F464BE4E6E793FC8
:1020E000667C66BE9A57793F220468BEC040793F3D
:1020F000BA8B69BEBF29793F2F136BBE9812793F07
:102100007F9A6CBE4AFB783FAB216EBED6E3783F28
:10211000B2A86FBE3BCC783F942F71BE7BB4783FA2
:1021200051B672BE939C783FE83C74BE8684783F7B
:102130005AC375BE526C783FA64977BEF853783FB4
:10214000CCCF78BE773B783FCB557ABED122783F53
:10215000A4DB7BBE040A783F56617DBE10F1773F59
:10216000E1E67EBEF7D7773F223680BEB7BE773F27
:10217000C0F880BE51A5773F4ABB81BEC58B773F73
:10218000C07D82BE1372773F224083BE3A58773FAC
:10219000700284BE3C3E773FAAC484BE1724773FBA
:1021A000CE8685BECC09773FDF4886BE5BEF763FA3
:1021B000DA0A87BEC4D4763FC1CC87BE07BA763F61
:1021C000938E88BE249F763F505089BE1B84763FF5
:1021D000F8118ABEEC68763F8AD38ABE974D763F67
:1021E00007958BBE1B32763F6E568CBE7A16763FB5
:1021F000C0178DBEB3FA753FFCD88DBEC6DE753FE5
:10220000229A8EBEB3C2753F325B8FBE7BA6753FEE
:102210002C1C90BE1C8A753F10DD90BE976D753FDB
:10222000DD9D91BEED50753F945E92BE1D34753FAD
:10223000351F93BE2717753FBFDF93BE0BFA743F60
:1022400031A094BEC9DC743F8D6095BE62BF743FFF
:10225000D22096BED5A1743F00E196BE2284743F81
:1022600017A197BE4966743F166198BE4B48743FEC
:10227000FE2099BE272A743FCEE099BEDD0B743F45
:1022800086A09ABE6EED733F27609BBED9CE733F8A
:10229000AF1F9CBE1FB0733F20DF9CBE3F91733FBA
:1022A000789E9DBE3972733FB85D9EBE0E53733FDC
:1022B000DF1C9FBEBE33733FEEDB9FBE4714733FF0
:1022C000E59AA0BEACF4723FC259A1BEEBD4723FF6
:1022D0008718A2BE04B5723F33D7A2BEF894723FEE
:1022E000C595A3BEC774723F3F54A4BE7054723FDD
:1022F0009F12A5BEF433723FE5D0A5BE5213723FC4
:10230000128FA6BE8CF2713F254DA7BE9FD1713FA3
:102310001F0BA8BE8EB0713FFEC8A8BE578F713F7D
:10232000C486A9BEFB6D713F6F44AABE7A4C713F53
:102330000102ABBED42A713F77BFABBE0809713F23
:10234000D47CACBE17E7703F153AADBE02C5703FF6
:102350003CF7ADBEC6A2703F49B4AEBE6680703FCA
:102360003A71AFBEE15D703F102EB0BE373B703F9B
:10237000CBEAB0BE6718703F6BA7B1BE73F56F3F75
:10238000EF63B2BE5AD26F3F5820B3BE1BAF6F3F50
:10239000A5DCB3BEB88B6F3FD698B4BE30686F3F34
:1023A000EC54B5BE83446F3FE610B6BEB0206F3F1D
:1023B000C3CCB6BEBAFC6E3F8488B7BE9ED86E3F13
:1023C0002A44B8BE5DB46E3FB2FFB8BEF88F6E3F10
:1023D0001EBBB9BE6D6B6E3F6E76BABEBE466E3F1B
:1023E000A031BBBEEB216E3FB6ECBBBEF2FC6D3F35
:1023F000AFA7BCBED5D76D3F8B62BDBE93B26D3F5C
:102400004A1DBEBE2D8D6D3FEBD7BEBEA1676D3F91
:102410006F92BFBEF2416D3FD54CC0BE1D1C6D3FDB
:102420001E07C1BE24F66C3F48C1C1BE07D06C3F39
:10243000557BC2BEC5A96C3F4435C3BE5E836C3FAD
:1024400015EFC3BED45C6C3FC8A8C4BE24366C3F35
:102450005C62C5BE500F6C3FD21BC6BE58E86B3FD6
:1024600029D5C6BE3BC16B3F628EC7BEFB996B3F91
:102470007C47C8BE95726B3F7700C9BE0C4B6B3F63
:1024800053B9C9BE5E236B3F1072CABE8CFB6A3F54
:10249000AE2ACBBE95D36A3F2CE3CBBE7BAB6A3F63
:1024A0008B9BCCBE3C836A3FCA53CDBED95A6A3F90
:1024B000EA0BCEBE52326A3FEAC3CEBEA7096A3FDC
:1024C000CA7BCFBED7E0693F8A33D0BEE4B7693F4D
:1024D0002AEBD0BECC8E693FAAA2D1BE9165693FDE
:1024E000095AD2BE323C693F4811D3BEAE12693F91
:1024F00067C8D3BE07E9683F647FD4BE3CBF683F6E
:102500004136D5BE4C95683FFDECD5BE396B683F72
:1025100099A3D6BE0341683F135AD7BEA816683F99
:102520006B10D8BE2AEC673FA3C6D8BE87C1673FF1
:10253000B97CD9BEC196673FAD32DABED86B673F72
:1025400080E8DABECA40673F319EDBBE9915673F1F
:10255000C153DCBE45EA663F2E09DDBECCBE663FF8
:1025600079BEDDBE3093663FA273DEBE7167663F03
:10257000A928DFBE8E3B663F8DDDDFBE880F663F3C
:102580004F92E0BE5EE3653FEE46E1BE10B7653FA9
:102590006AFBE1BEA08A653FC4AFE2BE0B5E653F49
:1025A000FA63E3BE5431653F0E18E4BE7904653F1B
:1025B000FECBE4BE7BD7643FCB7FE5BE59AA643F28
:1025C0007533E6BE147D643FFBE6E6BEAC4F643F68
:1025D0005D9AE7BE2122643F9C4DE8BE73F4633FE1
:1025E000B700E9BEA1C6633FAEB3E9BEAC98633F96
:1025F0008166EABE956A633F3019EBBE5A3C633F81
:10260000BBCBEBBEFC0D633F217EECBE7BDF623FAC
:102610006330EDBED7B0623F80E2EDBE1082623F14
:102620007994EEBE2653623F4C46EFBE1A24623FB9
:10263000FBF7EFBEEAF4613F85A9F0BE98C5613FA4
:10264000EA5AF1BE2296613F290CF2BE8A66613FCA
:1026500043BDF2BED036613F386EF3BEF206613F35
:10266000071FF4BEF2D6603FB1CFF4BECFA6603FE5
:102670003580F5BE8976603F9330F6BE2146603FD7
:10268000CBE0F6BE9615603FDC90F7BEE9E45F3F15
:10269000C840F8BE19B45F3F8EF0F8BE27835F3F95
:1026A0002DA0F9BE12525F3FA54FFABEDB205F3F5F
:1026B000F7FEFABE81EF5E3F22AEFBBE05BE5E3F77
:1026C000275DFCBE678C5E3F040CFDBEA65A5E3FD4
:1026D000BBBAFDBEC3285E3F4A69FEBEBEF65D3F83
:1026E000B217FFBE97C45D3FF3C5FFBE4D925D3F7D
:1026F000063A00BFE15F5D3FFF9000BF532D5D3F95
:10270000E4E700BFA3FA5C3FB53E01BFD1C75C3F21
:10271000739501BFDD945C3F1CEC01BFC7615C3F5A
:10272000B14202BF8E2E5C3F329902BF34FB5B3F49
:102730009FEF02BFB8C75B3FF84503BF1A945B3FEA
:102740003D9C03BF5A605B3F6DF203BF792C5B3F3A
:10275000894804BF75F85A3F919E04BF50C45A3F40
:1027600084F404BF09905A3F624A05BFA05B5A3FF8
:102770002CA005BF16275A3FE2F505BF6AF2593F64
:10278000824B06BF9CBD593F0EA106BFAD88593F85
:1027900086F606BF9C53593FE84B07BF6A1E593F58
:1027A00036A107BF17E9583F6FF607BFA1B3583FDF
:1027B000924B08BF0B7E583FA1A008BF5348583F1B
:1027C0009BF508BF7912583F7F4A09BF7FDC573F0E
:1027D0004E9F09BF63A6573F09F409BF2670573FB4
:1027E000AD480ABFC739573F3D9D0ABF4803573F11
:1027F000B7F10ABFA7CC563F1C460BBFE595563F25
:102800006B9A0BBF025F563FA5EE0BBFFE27563FEC
:10281000C9420CBFD9F0553FD7960CBF93B9553F6D
:10282000D0EA0CBF2C82553FB33E0DBFA44A553FA2
:1028300081920DBFFB12553F38E60DBF31DB543F8F
:10284000DA390EBF47A3543F658D0EBF3B6B543F33
:10285000DBE00EBF0F33543F3B340FBFC3FA533F8F
:1028600084870FBF55C2533FB8DA0FBFC789533FA4
:10287000D52D10BF1851533FDC8010BF4918533F6E
:10288000CDD310BF59DF523FA72611BF49A6523FF3
:102890006B7911BF186D523F19CC11BFC633523F2F
:1028A000B01E12BF54FA513F307112BFC2C0513F27
:1028B0009AC312BF1087513FEE1513BF3D4D513FD4
:1028C0002A6813BF4A13513F50BA13BF37D9503F3C
:1028D0005F0C14BF039F503F585E14BFAF64503F5E
:1028E00039B014BF3B2A503F040215BFA8EF4F3F39
:1028F000B75315BFF4B44F3F54A515BF1F7A4F3FD0
:10290000D9F615BF2B3F4F3F474816BF17044F3F1F
:102910009F9916BFE4C84E3FDFEA16BF908D4E3F29
:10292000073C17BF1C524E3F188D17BF89164E3FEC
:1029300012DE17BFD5DA4D3FF52E18BF029F4D3F6F
:10294000C07F18BF10634D3F73D018BFFD264D3FA9
:102950000F2119BFCBEA4C3F947119BF79AE4C3FA0
:1029600000C219BF08724C3F55121ABF78354C3F50
:1029700093621ABFC7F84B3FB8B21ABFF8BB4B3FC0
:10298000C6021BBF097F4B3FBB521BBFFA414B3FE7
:1029900099A21BBFCC044B3F5FF21BBF7FC74A3FCE
:1029A0000C421CBF138A4A3FA2911CBF874C4A3F6E
:1029B0001FE11CBFDC0E4A3F84301DBF12D1493FCE
:1029C000D17F1DBF2993493F06CF1DBF2155493FE8
:1029D000221E1EBFFA16493F266D1EBFB3D8483FC0
:1029E00012BC1EBF4E9A483FE50A1FBFCA5B483F54
:1029F0009F591FBF271D483F41A81FBF65DE473FA6
:102A0000CBF61FBF849F473F3B4520BF8560473FB4
:102A1000939320BF6721473FD2E120BF2AE2463F80
:102A2000F92F21BFCEA2463F067E21BF5463463F09
:102A3000FBCB21BFBB23463FD71922BF03E4453F51
:102A4000996722BF2DA4453F43B522BF3964453F56
:102A5000D30223BF2624453F4B5023BFF5E3443F19
:102A6000A99D23BFA5A3443FEEEA23BF3763443F9C
:102A70001A3824BFAB22443F2C8524BF00E2433FD9
:102A800025D224BF38A1433F041F25BF5160433FD7
:102A9000CB6B25BF4C1F433F77B825BF29DE423F94
:102AA0000A0526BFE89C423F845126BF895B423F0E
:102AB000E39D26BF0B1A423F2AEA26BF70D8413F4A
:102AC000563627BFB796413F688227BFE154413F42
:102AD00061CE27BFEC12413F401A28BFDAD0403FF9
:102AE000056628BFA98E403FB0B128BF5C4C403F6F
:102AF00041FD28BFF009403FB84829BF67C73F3FA5
:102B0000159429BFC0843F3F57DF29BFFC413F3F99
:102B1000802A2ABF1BFF3E3F8E752ABF1BBC3E3F4B
:102B200082C02ABFFF783E3F5B0B2BBFC5353E3FBF
:102B30001B562BBF6EF23D3FBFA02BBFF9AE3D3FF2
:102B40004AEB2BBF676B3D3FB9352CBFB8273D3FE4
:102B50000F802CBFECE33C3F49CA2CBF03A03C3F95
:102B600069142DBFFC5B3C3F6F5E2DBFD9173C3F06
:102B700059A82DBF98D33B3F29F22DBF3B8F3B3F38
:102B8000DE3B2EBFC14A3B3F78852EBF29063B3F27
:102B9000F7CE2EBF75C13A3F5B182FBFA47C3A3FDA
:102BA000A5612FBFB7373A3FD3AA2FBFACF2393F49
:102BB000E6F32FBF85AD393FDE3C30BF4268393F79
:102BC000BB8530BFE122393F7CCE30BF65DD383F69
:102BD000221731BFCB97383FAD5F31BF1652383F18
:102BE0001DA831BF430C383F71F031BF55C6373F88
:102BF000AA3832BF4A80373FC78032BF233A373FB7
:102C0000C9C832BFDFF3363FAF1033BF7FAD363FA9
:102C10007A5833BF0467363F29A033BF6C20363F54
:102C2000BCE733BFB8D9353F342F34BFE792353FC7
:102C30008F7634BFFB4B353FCFBD34BFF304353FF8
:102C4000F30435BFCFBD343FFB4B35BF8F76343FE8
:102C5000E79235BF342F343FB8D935BFBCE7333F97
:102C60006C2036BF29A0333F046736BF7A58333F04
:102C70007FAD36BFAF10333FDFF336BFC9C8323F39
:102C8000233A37BFC780323F4A8037BFAA38323F26
:102C900055C637BF71F0313F430C38BF1DA8313FD7
:102CA000165238BFAD5F313FCB9738BF2217313F47
:102CB00065DD38BF7CCE303FE12239BFBB85303F78
:102CC000426839BFDE3C303F85AD39BFE6F32F3F68
:102CD000ACF239BFD3AA2F3FB7373ABFA5612F3F18
:102CE000A47C3ABF5B182F3F75C13ABFF7CE2E3F89
:102CF00029063BBF78852E3FC14A3BBFDE3B2E3FB6
:102D00003B8F3BBF29F22D3F98D33BBF59A82D3FA6
:102D1000D9173CBF6F5E2D3FFC5B3CBF69142D3F54
:102D200003A03CBF49CA2C3FECE33CBF0F802C3FC3
:102D3000B8273DBFB9352C3F676B3DBF4AEB2B3FF2
:102D4000F9AE3DBFBFA02B3F6EF23DBF1B562B3FE0
:102D5000C5353EBF5B0B2B3FFF783EBF82C02A3F8D
:102D60001BBC3EBF8E752A3F1BFF3EBF802A2A3FF9
:102D7000FC413FBF57DF293FC0843FBF1594293F27
:102D800067C73FBFB848293FF00940BF41FD283F12
:102D90005C4C40BFB0B1283FA98E40BF0566283FBC
:102DA000DAD040BF401A283FEC1241BF61CE273F26
:102DB000E15441BF6882273FB79641BF5636273F4F
:102DC00070D841BF2AEA263F0B1A42BFE39D263F37
:102DD000895B42BF8451263FE89C42BF0A05263FDB
:102DE00029DE42BF77B8253F4C1F43BFCB6B253F41
:102DF000516043BF041F253F38A143BF25D2243F64
:102E000000E243BF2C85243FAB2244BF1A38243F45
:102E1000376344BFEEEA233FA5A344BFA99D233FE8
:102E2000F5E344BF4B50233F262445BFD302233F45
:102E3000396445BF43B5223F2DA445BF9967223F62
:102E400003E445BFD719223FBB2346BFFBCB213F3D
:102E5000546346BF067E213FCEA246BFF92F213FD5
:102E60002AE246BFD2E1203F672147BF9393203F2C
:102E7000856047BF3B45203F849F47BFCBF61F3F40
:102E800065DE47BF41A81F3F271D48BF9F591F3F11
:102E9000CA5B48BFE50A1F3F4E9A48BF12BC1E3F9F
:102EA000B3D848BF266D1E3FFA1649BF221E1E3FEB
:102EB000215549BF06CF1D3F299349BFD17F1D3FF3
:102EC00012D149BF84301D3FDC0E4ABF1FE11C3FB9
:102ED000874C4ABFA2911C3F138A4ABF0C421C3F39
:102EE0007FC74ABF5FF21B3FCC044BBF99A21B3F79
:102EF000FA414BBFBB521B3F097F4BBFC6021B3F72
:102F0000F8BB4BBFB8B21A3FC7F84BBF93621A3F2A
:102F100078354CBF55121A3F08724CBF00C2193F9A
:102F200079AE4CBF9471193FCBEA4CBF0F21193FCA
:102F3000FD264DBF73D0183F10634DBFC07F183FB3
:102F4000029F4DBFF52E183FD5DA4DBF12DE173F59
:102F500089164EBF188D173F1C524EBF073C173FB6
:102F6000908D4EBFDFEA163FE4C84EBF9F99163FD3
:102F700017044FBF4748163F2B3F4FBFD9F6153FA9
:102F80001F7A4FBF54A5153FF4B44FBFB753153F39
:102F9000A8EF4FBF0402153F3B2A50BF39B0143F82
:102FA000AF6450BF585E143F039F50BF5F0C143F87
:102FB00037D950BF50BA133F4A1351BF2A68133F45
:102FC0003D4D51BFEE15133F108751BF9AC3123FBD
:102FD000C2C051BF3071123F54FA51BFB01E123FF0
:102FE000C63352BF19CC113F186D52BF6B79113FD8
:102FF00049A652BFA726113F59DF52BFCDD3103F7C
:10300000491853BFDC80103F185153BFD52D103FD6
:10301000C78953BFB8DA0F3F55C253BF84870F3FEC
:10302000C3FA53BF3B340F3F0F3354BFDBE00E3FB7
:103030003B6B54BF658D0E3F47A354BFDA390E3F3B
:1030400031DB54BF38E60D3FFB1255BF81920D3F77
:10305000A44A55BFB33E0D3F2C8255BFD0EA0C3F6A
:1030600093B955BFD7960C3FD9F055BFC9420C3F15
:10307000FE2756BFA5EE0B3F025F56BF6B9A0B3F74
:10308000E59556BF1C460B3FA7CC56BFB7F10A3F8C
:10309000480357BF3D9D0A3FC73957BFAD480A3F58
:1030A000267057BF09F4093F63A657BF4E9F093FDB
:1030B0007FDC57BF7F4A093F791258BF9BF5083F15
:1030C000534858BFA1A0083F0B7E58BF924B083F02
:1030D000A1B358BF6FF6073F17E958BF36A1073FA6
:1030E0006A1E59BFE84B073F9C5359BF86F6063FFF
:1030F000AD8859BF0EA1063F9CBD59BF824B063F0C
:103100006AF259BFE2F5053F16275ABF2CA0053FCA
:10311000A05B5ABF624A053F09905ABF84F4043F3E
:1031200050C45ABF919E043F75F85ABF8948043F66
:10313000792C5BBF6DF2033F5A605BBF3D9C033F40
:103140001A945BBFF845033FB8C75BBF9FEF023FD0
:1031500034FB5BBF3299023F8E2E5CBFB142023F0F
:10316000C7615CBF1CEC013FDD945CBF7395013F00
:10317000D1C75CBFB53E013FA3FA5CBFE4E7003FA7
:10318000532D5DBFFF90003FE15F5DBF063A003FFA
:103190004D925DBFF3C5FF3E97C45DBFB217FF3EC2
:1031A000BEF65DBF4A69FE3EC3285EBFBBBAFD3EA8
:1031B000A65A5EBF040CFD3E678C5EBF275DFC3ED9
:1031C00005BE5EBF22AEFB3E81EF5EBFF7FEFA3E5C
:1031D000DB205FBFA54FFA3E12525FBF2DA0F93E24
:1031E00027835FBF8EF0F83E19B45FBFC840F83E3A
:1031F000E9E45FBFDC90F73E961560BFCBE0F63E9A
:10320000214660BF9330F63E897660BF3580F53E3B
:10321000CFA660BFB1CFF43EF2D660BF071FF43E29
:10322000F20661BF386EF33ED03661BF43BDF23E59
:103230008A6661BF290CF23E229661BFEA5AF13ECE
:1032400098C561BF85A9F03EEAF461BFFBF7EF3E88
:103250001A2462BF4C46EF3E265362BF7994EE3E7D
:10326000108262BF80E2ED3ED7B062BF6330ED3EB8
:103270007BDF62BF217EEC3EFC0D63BFBBCBEB3E30
:103280005A3C63BF3019EB3E956A63BF8166EA3EE4
:10329000AC9863BFAEB3E93EA1C663BFB700E93ED9
:1032A00073F463BF9C4DE83E212264BF5D9AE73E04
:1032B000AC4F64BFFBE6E63E147D64BF7533E63E6B
:1032C00059AA64BFCB7FE53E7BD764BFFECBE43E0B
:1032D000790465BF0E18E43E543165BFFA63E33EDE
:1032E0000B5E65BFC4AFE23EA08A65BF6AFBE13EEC
:1032F00010B765BFEE46E13E5EE365BF4F92E03E2C
:10330000880F66BF8DDDDF3E8E3B66BFA928DF3E9E
:10331000716766BFA273DE3E309366BF79BEDD3E45
:10332000CCBE66BF2E09DD3E45EA66BFC153DC3E1A
:10333000991567BF319EDB3ECA4067BF80E8DA3E21
:10334000D86B67BFAD32DA3EC19667BFB97CD93E54
:1033500087C167BFA3C6D83E2AEC67BF6B10D83EB3
:10336000A81668BF135AD73E034168BF99A3D63E3B
:10337000396B68BFFDECD53E4C9568BF4136D53EF4
:103380003CBF68BF647FD43E07E968BF67C8D33ECF
:10339000AE1269BF4811D33E323C69BF095AD23ED2
:1033A000916569BFAAA2D13ECC8E69BF2AEBD03EFF
:1033B000E4B769BF8A33D03ED7E069BFCA7BCF3E4E
:1033C000A7096ABFEAC3CE3E52326ABFEA0BCE3EBD
:1033D000D95A6ABFCA53CD3E3C836ABF8B9BCC3E51
:1033E0007BAB6ABF2CE3CB3E95D36ABFAE2ACB3E04
:1033F0008CFB6ABF1072CA3E5E236BBF53B9C93ED5
:103400000C4B6BBF7700C93E95726BBF7C47C83EC3
:10341000FB996BBF628EC73E3BC16BBF29D5C63ED1
:1034200058E86BBFD21BC63E500F6CBF5C62C53EF6
:1034300024366CBFC8A8C43ED45C6CBF15EFC33E35
:103440005E836CBF4435C33EC5A96CBF557BC23E8D
:1034500007D06CBF48C1C13E24F66CBF1E07C13EF9
:103460001D1C6DBFD54CC03EF2416DBF6F92BF3E7B
:10347000A1676DBFEBD7BE3E2D8D6DBF4A1DBE3E11
:1034800093B26DBF8B62BD3ED5D76DBFAFA7BC3EBB
:10349000F2FC6DBFB6ECBB3EEB216EBFA031BB3E74
:1034A000BE466EBF6E76BA3E6D6B6EBF1EBBB93E3A
:1034B000F88F6EBFB2FFB83E5DB46EBF2A44B83E0F
:1034C0009ED86EBF8488B73EBAFC6EBFC3CCB63EF2
:1034D000B0206FBFE610B63E83446FBFEC54B53EDC
:1034E00030686FBFD698B43EB88B6FBFA5DCB33ED3
:1034F0001BAF6FBF5820B33E5AD26FBFEF63B23ECF
:1035000073F56FBF6BA7B13E671870BFCBEAB03ED3
:10351000373B70BF102EB03EE15D70BF3A71AF3ED9
:10352000668070BF49B4AE3EC6A270BF3CF7AD3EE8
:1035300002C570BF153AAD3E17E770BFD47CAC3EF4
:10354000080971BF77BFAB3ED42A71BF0102AB3E01
:103550007A4C71BF6F44AA3EFB6D71BFC486A93E11
:10356000578F71BFFEC8A83E8EB071BF1F0BA83E1B
:103570009FD171BF254DA73E8CF271BF128FA63E21
:10358000521372BFE5D0A53EF43372BF9F12A53E21
:10359000705472BF3F54A43EC77472BFC595A33E1A
:1035A000F89472BF33D7A23E04B572BF8718A23E0B
:1035B000EBD472BFC259A13EACF472BFE59AA03EF3
:1035C000471473BFEEDB9F3EBE3373BFDF1C9F3ECD
:1035D0000E5373BFB85D9E3E397273BF789E9D3E99
:1035E0003F9173BF20DF9C3E1FB073BFAF1F9C3E57
:1035F000D9CE73BF27609B3E6EED73BF86A09A3E07
:10360000DD0B74BFCEE0993E272A74BFFE20993EA1
:103610004B4874BF1661983E496674BF17A1973E28
:10362000228474BF00E1963ED5A174BFD220963E9D
:1036300062BF74BF8D60953EC9DC74BF31A0943EFB
:103640000BFA74BFBFDF933E271775BF351F933E3C
:103650001D3475BF945E923EED5075BFDD9D913E69
:10366000976D75BF10DD903E1C8A75BF2C1C903E77
:103670007BA675BF325B8F3EB3C275BF229A8E3E6A
:10368000C6DE75BFFCD88D3EB3FA75BFC0178D3E40
:103690007A1676BF6E568C3E1B3276BF07958B3EF0
:1036A000974D76BF8AD38A3EEC6876BFF8118A3E82
:1036B0001B8476BF5050893E249F76BF938E883EF0
:1036C00007BA76BFC1CC873EC4D476BFDA0A873E3C
:1036D0005BEF76BFDF48863ECC0977BFCE86853E5E
:1036E000172477BFAAC4843E3C3E77BF7002843E55
:1036F0003A5877BF2240833E137277BFC07D823E27
:10370000C58B77BF4ABB813E51A577BFC0F8803ECD
:10371000B7BE77BF2236803EF7D777BFE1E67E3E61
:1037200010F177BF56617D3E040A78BFA4DB7B3E73
:10373000D12278BFCB557A3E773B78BFCCCF783E4D
:10374000F85378BFA649773E526C78BF5AC3753E8E
:10375000868478BFE83C743E939C78BF51B6723E35
:103760007BB478BF942F713E3BCC78BFB2A86F3E3C
:10377000D6E378BFAB216E3E4AFB78BF7F9A6C3EA2
:10378000981279BF2F136B3EBF2979BFBA8B693E60
:10379000C04079BF2204683E9A5779BF667C663E76
:1037A0004E6E79BF86F4643EDC8479BF836C633EE1
:1037B000439B79BF5CE4613E83B179BF135C603E9B
:1037C0009DC779BFA8D35E3E91DD79BF1A4B5D3EA0
:1037D0005EF379BF6AC25B3E04097ABF97395A3EED
:1037E000841E7ABFA4B0583EDD337ABF8F27573E80
:1037F00010497ABF589E553E1C5E7ABF0115543E53
:1038000002737ABF898B523EC1877ABFF101513E64
:10381000599C7ABF38784F3ECBB07ABF60EE4D3EB0
:1038200016C57ABF67644C3E3AD97ABF4FDA4A3E32
:1038300037ED7ABF1850493E0E017BBFC2C5473EE7
:10384000BE147BBF4D3B463E48287BBFB9B0443ECB
:10385000AB3B7BBF0726433EE74E7BBF379B413EDA
:10386000FC617BBF4910403EEA747BBF3E853E3E13
:10387000B2877BBF15FA3C3E539A7BBFCF6E3B3E6F
:10388000CDAC7BBF6CE3393E20BF7BBFEC57383EED
:103890004DD17BBF50CC363E53E37BBF9840353E85
:1038A00031F57BBFC4B4333EE9067CBFD428323E39
:1038B0007A187CBFC99C303EE5297CBFA2102F3E00
:1038C000283B7CBF61842D3E444C7CBF04F82B3EDA
:1038D0003A5D7CBF8D6B2A3E086E7CBFFCDE283EC5
:1038E000B07E7CBF5152273E318F7CBF8CC5253EB8
:1038F0008A9F7CBFAD38243EBDAF7CBFB6AB223EB5
:10390000C9BF7CBFA51E213EAECF7CBF7B911F3EB1
:103910006CDF7CBF38041E3E03EF7CBFDE761C3EAE
:1039200073FE7CBF6BE91A3EBC0D7DBFE05B193EA8
:10393000DD1C7DBF3DCE173ED82B7DBF8340163E9C
:10394000AC3A7DBFB2B2143E59497DBFCA24133E82
:10395000DE577DBFCC96113E3D667DBFB708103E59
:1039600074747DBF8B7A0E3E85827DBF4AEC0C3E1F
:103970006E907DBFF35D0B3E309E7DBF86CF093ECE
:10398000CCAB7DBF0541083E40B97DBF6EB2063E5F
:103990008CC67DBFC223053EB2D37DBF0295033ED8
:1039A000B1E07DBF2E06023E88ED7DBF4577003E2B
:1039B00038FA7DBF92D0FD3DC2067EBF73B2FA3D9C
:1039C00024137EBF2C94F73D5E1F7EBFC075F43D6F
:1039D000722B7EBF2E57F13D5E377EBF7638EE3DAF
:1039E00023437EBF9A19EB3DC14E7EBF9AFAE73D55
:1039F000385A7EBF76DBE43D88657EBF2EBCE13D54
:103A0000B0707EBFC49CDE3DB17B7EBF377DDB3DA9
:103A10008B867EBF895DD83D3D917EBFB93DD53D4A
:103A2000C99B7EBFC81DD23D2DA67EBFB7FDCE3D32
:103A300069B07EBF86DDCB3D7FBA7EBF36BDC83D57
:103A40006DC47EBFC69CC53D34CE7EBF397CC23DB1
:103A5000D4D77EBF8D5BBF3D4CE17EBFC33ABC3D3A
:103A60009DEA7EBFDD19B93DC7F37EBFDAF8B53DEB
:103A7000C9FC7EBFBBD7B23DA4057FBF80B6AF3DBA
:103A8000580E7FBF2B95AC3DE4167FBFBA73A93D9E
:103A9000491F7FBF3052A63D87277FBF8C30A33D93
:103AA0009D2F7FBFCF0EA03D8D377FBFF9EC9C3D92
:103AB000543F7FBF0ACB993DF4467FBF05A9963D91
:103AC0006D4E7FBFE786933DBF557FBFB464903D89
:103AD000E95C7FBF6A428D3DEC637FBF0A208A3D6F
:103AE000C76A7FBF94FD863D7B717FBF0ADB833D44
:103AF00008787FBF6CB8803D6D7E7FBF742B7B3DA7
:103B0000AB847FBFE9E5743DC28A7FBF38A06E3DBC
:103B1000B1907FBF625A683D78967FBF6814623D5E
:103B2000189C7FBF4CCE5B3D91A17FBF0E88553D59
:103B3000E3A67FBFAF414F3D0DAC7FBF2FFB483D9C
:103B40000FB17FBF91B4423DEAB57FBFD56D3C3D1B
:103B50009EBA7FBFFC26363D2ABF7FBF07E02F3DC0
:103B60008FC37FBFF698293DCCC77FBFCC51233D83
:103B7000E2CB7FBF880A1D3DD1CF7FBF2CC3163D4E
:103B800098D37FBFB87B103D37D77FBF2F340A3D16
:103B9000AFDA7FBF90EC033D00DE7FBFB949FB3C4D
:103BA00029E17FBF2DBAEE3C2BE47FBF7B2AE23CAC
:103BB00005E77FBFA69AD53CB8E97FBFB00AC93CEC
:103BC00043EC7FBF9B7ABC3CA7EE7FBF69EAAF3C6A
:103BD000E3F07FBF1C5AA33CF8F27FBFB6C9963C06
:103BE000E6F47FBF38398A3CACF67FBF4B517B3C53
:103BF0004AF87FBF0030623CC1F97FBF900E493C5C
:103C000011FB7FBF02ED2F3C39FC7FBF59CB163C27
:103C100039FD7FBF3053FB3B13FE7FBF890FC93B8C
:103C2000C4FE7FBFC1CB963B4EFF7FBFC70F493B52
:103C3000B1FF7FBFD40FC93AECFF7FBF0000000087
:103C40004C5555555555A53F7751C1166CC156BFBA
:103C50009015CB19A001FA3EAD529C804F7E92BECA
:103C6000C4B1B4BD9EEE213ED43888BEE9FAA8BDE9
:103C700000004054FB21F93F3163621A61B4D03D2A
:103C80000000601A61B4D03D7370032E8A19A33B03
:103C90000000002E8A19A33BC14920259A837B3955
:103CA00000000000000000006E83F9A22915444EB8
:103CB000D15727FCC0DD34F5999562DB4190433C38
:103CC000AB6351FE61C5BBDE3A6E24B7E0D24D4214
:103CD000EA2E49061C92D1091CEB1DFE3EA729B114
:103CE000F53582E88444BB2E26709CE9417E5FB4A2
:103CF00039D69139F43953838B5F849C3B28F9BDC5
:103D0000FF97F81F0F9805DE8B112FEF1F6D0A5AD2
:103D1000CF7E366DB709CB27663F464F2DEA5F9EB3
:103D2000C7BA27757BF1E5EBF739073DEA92528A6E
:103D3000B15FFB6B085D8D1FA6F810111111813F5B
:103D4000D561C119A0012ABF7DFEB157E31DC73E51
:103D5000EB9C2B8AE6E55ABE7CD5CF5A3AD9E53D95
:103D60005043313420534420494E5354455220008F
:103D700052413000524131004D58543230383800F1
:103D80005452494741000000545249474200000044
:103D900048433539352044415441204C494E450073
:103DA00048433539355F53434C5200004C45445F1E
:103DB0004C494748540000005647410A3830302AE1
:103DC000363030004C43440A3830302A3438300022
:103DD0005647410A3634302A343830004C43440ABE
:103DE0003438302A32373200316D73202020000001
:103DF000356D7320202000003575732020200000D1
:103E000031306D732020000035306D7320200000AC
:103E100032356D7320200000313075732020000092
:103E20003530757320200000323575732020000076
:103E30003130306D732000003230306D732000005F
:103E4000322E356D7320000035306E732000000077
:103E5000312E307573200000313030757320000032
:103E6000323030757320000035303075732000001B
:103E7000322E3575732000003130305600000000BE
:103E80003130560032305600353056003156000081
:103E900032560000355600003130306D56000000BB
:103EA0003230306D560000003530306D5600000065
:103EB00031306D560000000032306D5600000000B9
:103EC00035306D56000000003130306E7300000058
:103ED0003530306E730000003235306E73000000F4
:103EE00052554E20200000002052554E20200A201E
:103EF00053544F502020000053544F5020000000D6
:103F00002053617665200A20576176652000000005
:103F10004348312B000000004348322B00000000D2
:103F20004348312D000000004348322D00000000BE
:103F30004D00000053696E676C650000204D617490
:103F400068200A4D65617375726500004374726C78
:103F50000A537769746368004374726C2F6E5377E9
:103F6000697463680000000035303075730000002C
:103F7000204175746F0A20536574000052656164B6
:103F800079000000B5A5B4CEB4A5B7A2000000002A
:103F9000B2E2C1BFCAFDD1A700000000D4CBD0D08F
:103FA000CDA3D6B900000000BFD8D6C6C7D0BBBBD2
:103FB00000000000B1A3B4E6B2A8D0CE000000001B
:103FC000D4CBD0D000000000D7D4B6AFB5F7BDDA5F
:103FD00000000000B5C8B4FD0000000050756C730F
:103FE000650A20436E742020000000004F464620E2
:103FF00000000000696E662000000000205065612E
:104000006B200A205065616B200000004175746FC1
:104010002000000020506F732D200A204475747911
:104020002000000058313000434831005831000072
:104030004348320041202A204200000041202B202A
:104040004200000041202D204200000041202F208E
:1040500042000000414300004443000050657244A8
:10406000000000004F464600536D617274414900E4
:104070004F4E00004672655100000000524D530043
:10408000592D5400582D590031736563000000000C
:104090003273656300000000357365630000000043
:1040A00066696E6400000000506572696F6400000C
:1040B0006C616E6775616765000000005061727326
:1040C00065000000736176650000000046616C6C5D
:1040D000696E6700526973696E670000456E676CB0
:1040E0006973680020506F732D200A20576964742B
:1040F000680000005057696474680000506B2D50D0
:104100006B0000004E6F726D616C00004D696E694E
:104110006D756D004D6178696D756D0042696E0059
:104120004D696E00426D700054696D65200A4375DB
:1041300072736F720000000020416D70200A437599
:1041400072736F7200000000466F726D6174000040
:10415000502D436E740000005065727369737400D3
:10416000507265636973650A41646A75737400000F
:104170004D617800467265712D0A75656E63790030
:10418000502D447574790000BBD6B8B4B3F6B3A70C
:1041900000000000D7EED0A1D6B50000B7E5B7E526
:1041A000D6B50000D7EEB4F3D6B50000B4A2B4E69D
:1041B000C9E8B1B800000000BBF9CFDFD0A3D7BC7D
:1041C00000000000B7B1CCE5D6D0CEC4000000009E
:1041D000BCF2CCE5D6D0CEC400000000C6B5C2CA41
:1041E00000000000D6DCC6DA00000000D4A4C1F450
:1041F000B9A6C4DC00000000D4A4C1F40000000093
:1042000068616C5F6770696F0000000065786974B1
:104210005F7472696700000068616C5F64616300CD
:1042200068616C5F6969630074696D6572000000A4
:1042300074687265616400006465765F696E6974B4
:10424000000000006C6564006B32346330320000A3
:10425000746F756368000000616E616C6F675F73F7
:10426000616D706C650000006F73635F75690000BD
:104270006F73635F746872656164000063616C6989
:1042800062726174650000006F73635F74687265C9
:10429000616400006F73635F77696E5F696E697454
:1042A000000000006F73635F646163006F73635F9E
:1042B00077696E5F6D73670067756900584405081C
:1042C00000000020080E00000E1B0208C047050871
:1042D000080E00205005010018AA02080042050837
:1042E000710F030800000000000000000E00000035
:1042F0000C4205080F4A03080000000000000000FF
:104300000C00000018420508E10E03080000000040
:10431000000000000900000020420508D910030831
:104320000000000000000000030000002842050813
:10433000F589030800000000000000000F000000E5
:1043400030420508AD9D0308899D03080000000068
:104350000F00000038420508F1C302080000000009
:104360000000000005000000444205085D15030838
:1043700000000000000000000A000000484205089C
:10438000AD140308A9140308000000000900000090
:1043900050420508A1A3030800000000000000002F
:1043A0000400000058420508E91903080000000055
:1043B000000000000F00000068420508713B030880
:1043C0000000000000000000060000007042050828
:1043D0000000000021820308000000000900000026
:1043E0007C42050899B3020885B30208000000006A
:1043F00008000000884205080367030809670308EE
:10440000000000000400000094420508899503089C
:1044100000000000000000000E000000A44205089B
:10442000A53E030800000000000000000F0000008F
:10443000AC420508A9950308000000000000000038
:104440000E000000B8420508010A0308850D0308A4
:104450000000000005000000112C90D00304720140
:104460003210690C0120592815245050503C20105E
:104470001004140753B71428282814FFFFFF1A0745
:104480000434E7E303490C09120429200912041437
:10449000C7C3C3140703032C0101FF3F113CA0A0B5
:1044A000A0083CCD0BF05009120409141609172F6F
:1044B0001904295C89843C07030704BC0CCE190449
:1044C000BC0903FB0429F01232120A145A5A5A2466
:1044D00080808019031407BEBE1BBEBEEC2282146E
:1044E0005650BC14423CC814B0AB963C41414128E4
:1044F0001142BA1AE62C197419342937413C7878DC
:10450000780404FF96969601FF01BB3CFCFCFC047A
:1045100014B65024142020203C2828280414C8C88D
:1045200004143C8C14148464643C6464041C549827
:1045300098983C6060040C1A641C391422FC14081E
:10454000C0C024C0C0043BC8C8301132C8590414CC
:1045500050505004FF20101001FF01FF01AC1AFF62
:1045600001092024091C28100860E00120030535FA
:10457000180902081E08503C0F052E236750200D15
:10458000181A1E1489280A302EBB0A037402331D20
:10459000223230082A1C5A94C5020713B51F139003
:1045A0002813773213623F135250021752400A0FFA
:1045B0000F03061042F80F14000B141A18161412E9
:1045C000100E0C0A08280929282422201F1E1D204D
:1045D0001506050402A9B829C799015112301A809D
:1045E00004111A010804230130011EB03E05089889
:1045F00004811201120A120412051AB814BAA01882
:104600001214120612071AC014BAA8181A3204217A
:104610002944BA8C1812641A03062944BA90183235
:10462000C8120229449A9418212BF401782944BA1B
:1046300080182BE803782944BA84181CD00702623A
:104640002944BA88182B8813782944BA78182B1073
:10465000277801181EA83F05089C041AC8041A846C
:10466000041A90041AB404691C1A10041E8C3D0527
:104670000820085A180C1A28081A4C041AE8681A54
:1046800070081A34042A3C3459380A1958381A7CEC
:10469000041A30041A68041AE0401AF80429141A9B
:1046A000C0041AA0045AD444013542F80310204132
:1046B0000247011E58410508ECA01E8840050890DD
:1046C000041A98042AF4CC19081A70041A64041AFB
:1046D00048241A80081A84041AB0041ADC041AD078
:1046E000141AC4045AA024292C1AC4041A24141A13
:1046F0001C041A88041AAC041AB80469481A240461
:104700001A2C041A58041A54041A28041A30041AC9
:10471000D4041ACC041A0C041A04301A34801ADC9B
:10472000081AE4041A9C041AA4041A94040A11F83E
:10473000049AEC041A3C401A44041A34049A4C605B
:104740001A741C1AA8081AFC581A140C1A0C041A09
:104750007C101A14042AE4D019181ABC081A381844
:104760001A28040A1A604C19042A5C4C29F41928E6
:104770005A204C1A80081AF4081A5008294CA3FF32
:10478000FF290BCDD0FF0120120132362DA80308DE
:104790000A72048FD52B0308E80310CB499010361A
:1047A000C5830308647205DB091C30CA6B204BFD0E
:1047B00010106920CB715170CBC193308B190E2032
:040000050802036D7D
:00000001FF
