:020000040800F2
:1000000038A80024190300083F3100086F2D0008AC
:100010003D31000885081008F73D00080000000089
:100020000000000000000000000000005938100827
:100030002114000800000000E93610085B381008A1
:1000400033030008330300083303000833030008B8
:1000500033030008330300083303000833030008A8
:10006000330300083303000833030008890810082D
:10007000751200089508100881120008A1081008E0
:100080008D1200083303000833030008330300080F
:100090003303000833030008330300083303000868
:1000A0003303000833030008330300083303000858
:1000B0001D39100865340008293910083303000879
:1000C0003303000833030008330300083303000838
:1000D0003303000833030008330300083303000828
:1000E0003303000833030008000000003303000856
:1000F0003303000833030008330300083303000808
:100100003303000833030008713400083303000888
:1001100033030008330300083303000833030008E7
:1001200033030008330300083303000833030008D7
:1001300033030008330300083303000833030008C7
:1001400000000000000000000000000000000000AF
:1001500033030008330300083303000833030008A7
:100160003303000833030008330300083303000897
:1001700033030008330300083303000800000000C5
:100180003303000833030008330300083303000877
:100190003303000833030008330300083303000867
:1001A0003303000833030008330300083303000857
:1001B0003303000833030008330300083303000847
:1001C0003303000833030008330300083303000837
:1001D0003303000833030008330300083303000827
:1001E0003303000833030008330300083303000817
:1001F0003303000833030008330300083303000807
:1002000033030008330300083303000833030008F6
:1002100033030008330300083303000833030008E6
:100220003303000833030008330300080000000014
:100230003303000833030008000000003303000804
:1002400033030008330300083303000833030008B6
:1002500033030008330300083303000833030008A6
:100260003303000833030008330300083303000896
:1002700033030008330300083303000800000000C4
:1002800033030008330300083303000800000000B4
:10029000000000003303000800F002F8FFF0CEFE7B
:1002A0000AA090E8000C82448344AAF10107DA45D1
:1002B00001D1FFF0C3FEAFF2090EBAE80F0013F050
:1002C000010F18BFFB1A43F001031847384900001B
:1002D00058490000103A24BF78C878C1FAD85207AC
:1002E00024BF30C830C144BF04680C6070470000B0
:1002F0000023002400250026103A28BF78C1FBD82F
:10030000520728BF30C148BF0B60704703B4FFF0ED
:1003100091FE03BC00F196F909488047094800475F
:10032000FEE7FEE7FEE7FEE7FEE7FEE7FEE7FEE7A5
:10033000FEE7FEE704480549054A064B7047000002
:10034000B13300089902000838A2002438A800241C
:1003500038A4002438A4002470B50646FFF09CFFA2
:10036000056806F10B0020F00704B4429CBF002092
:1003700070BD2B466A68BAB11068A04210D304F170
:10038000080188423CBF5068586007D35168101973
:1003900041601168091B016058601460101D70BD38
:1003A00013465268002AE7D121462846FFF07CFF19
:1003B0000028DED170BD00000FB4044910B503AAB7
:1003C0000298FFF0BBFF10BC5DF814FB2401002471
:1003D0002DE9F0410646002410687529314616A51E
:1003E00010D0AFF30080002802DA404213A507E0E6
:1003F00031688A0701D512A502E0490704D511A585
:10040000012401E0AFF3008000210A2206F1240755
:1004100009E0B0FBF2FCB0FBF2F302FB1C00303051
:1004200078541846491C0028F3D123462A46304602
:10043000BDE8F04100F077B8000000002D0000009A
:100440002B00000020000000032A40F2308010F052
:10045000030C00F0158011F8013BBCF1020F62445F
:1004600098BF11F801CB00F8013B38BF11F8013BF0
:10047000A2F1040298BF00F801CB38BF00F8013B9D
:1004800011F0030304F00283083AC0F0088051F829
:10049000043B083A51F804CBA0E80810F5E7121D18
:1004A0005CBF51F8043B40F8043BAFF30080D20737
:1004B00024BF11F8013B11F801CB48BF11F8012B03
:1004C00024BF00F8013B00F801CB48BF00F8012B26
:1004D000704770477047704770B50446051FFFF0BE
:1004E000DBFE0068002C14BF446870BD002C18BFF0
:1004F000AC423CBF20466468F8D301680A18AA429F
:1005000018BF456003D12A68054611440160286878
:100510004119A1421CBF6C6070BD616869602168AF
:100520000844286070BD2DE9F0470D469946924673
:10053000044600F124080168880604D5E06921F02A
:100540001001216000E00120A84201DD471B00E00E
:100550000027A1697A1902EB0900081AA061207826
:10056000C00602D42046AFF30080002608E0D4E99C
:1005700001211AF806009047206A401C761C206270
:100580004E45F4DB2078C0060AD52046AFF3008044
:1005900006E0D4E9012130209047206A401C206207
:1005A000381EA7F10107F4DC07E0D4E9012118F8AF
:1005B00005009047206A401C2062281EA5F1010515
:1005C000F3DC2046AFF300802078000602D502203D
:1005D000BDE8F0870120FBE770472DE9FF4F0C468F
:1005E0001E464FF0FF378BB0D2E90001DDF8608086
:1005F0000A908A46C1F30A5505B93D4600210846CE
:100600004FF00000BAF1000F00F4400005DA00EBF3
:1006100080004FF4400101EA50004FEA9059B9F1CF
:10062000010F00DDB9460A9850EA4A000ED044F6A0
:100630001050A5F2FF3545432F14B8F1000F1ED01E
:100640007542291E1EDDC9F100021CE0B8F1010F40
:100650004FF0000001D0302103E0F24305E02154C7
:10066000401CB042FBDB30460022002121540B9994
:10067000C1F80880C1E900200FB0BDE8F08FBD1BB4
:100680006D1CDEE74A4600DA694206A8FFF0F2FE7A
:1006900006AB93E8070003AB83E8070050460A99CE
:1006A00003F1BAFE8DE80700A0F500501F38009056
:1006B0000398002D0ADD42F21F014A460844002338
:1006C00003A90390684604F192F809E0A0F50050F0
:1006D0004A461F38002303A90390684604F19CF89A
:1006E0008DE807000004000C03D04FF0FF304108F4
:1006F00000E01046B8F1000F03D00022009215462A
:100700001EE0751E05D400F09DF9303262556D1E55
:10071000F9D5B3460122084302D000227F1C04E031
:100720002078302801D100227F1E002A099784D02A
:100730001DE0112D07DA00F085F9303262556D1C8D
:1007400050EA0102F5D1084302D00098C8B10EE08A
:100750000021681E05E0235C625C63542254401E45
:10076000491C8142F7DBAB46A81B401E09900020C4
:1007700004F80B000B98099AC0F80880C0E9002B18
:100780007AE711264FF0000857E72DE9F04F884629
:100790000446D21D22F0070191B0D1E90001CDE954
:1007A0000A0104F075F902460B98C00F01D02D2004
:1007B00007E02068810701D52B2002E0202101EA13
:1007C000C000032A099001D0072A05DB03464146F1
:1007D0002046FFF00FFE0BE12078800601D5E0698E
:1007E00000E00620B8F1650F814606D0B8F1660F2B
:1007F00018D0B8F1670F70D131E00020B9F1110FB6
:10080000009001DB112301E009F101030AAA01A90B
:100810000CA8FFF7E2FEDDE90C70002609F10105E6
:10082000834647E001204B4600904FF000470AAA5C
:1008300001A90CA8FFF7D1FEDDE90DB00C995D46CA
:10084000002610B909F101000D18B9EB050003D419
:10085000C0F1FF3609F10105A5EB09002BE0B9F164
:10086000010F01DA4FF001090020B9F1110F0090DA
:10087000484601DD112300E003460AAA01A90CA89D
:10088000FFF7ABFEDDE90C704D460026834620786D
:1008900000070AD4AB4500DA5D4601A8012D04DD4E
:1008A000411911F8011C302907D04F4502DA17F120
:1008B000040F04DA012082460FE06D1EEEE7002FE0
:1008C00002DCED1B3E4403E0781CA84200DD7D1CE9
:1008D000B81B00F1010A4FF000472078000703D44D
:1008E000AA4501DB4FF0FF3A0021B7F1004F0DF1AF
:1008F00043088DF8431024D002202B23002F01DA67
:100900007F422D230A21021EA0F1010000DC5FB10D
:1009100097FBF1FC97FBF1F201FB1C7C17460CF1F5
:10092000300C08F801CDEEE7A8F101000370218832
:10093000090501D5452100E06521A0F1010800F875
:10094000011C09980FA9A1EB0807FF1D00B10120A8
:10095000411901EBEA70A1693844081A401EA061F0
:100960002078C00602D42046AFF30080099828B151
:10097000D4E901219047206A401C20622078C006FB
:1009800022D52046AFF300801EE0002E04DBB345E5
:1009900002DD01A8805D00E03020D4E9012190470C
:1009A000206A401C2062761CAAF101005FEA000A5E
:1009B0000AD100F025F8C0680168405CD4E9012143
:1009C0009047206A401C2062281EA5F10105DCDC4E
:1009D00007E0D4E9012118F8010B9047206A401C78
:1009E0002062381EA7F10107F3DC2046AFF3008038
:1009F000032011B041E6000000487047CC010024FC
:100A000000487047EC01002400487047CC010024E6
:100A1000034640688C46002818BF88423CBF034606
:100A20004068F8D318681844884207D00CF10300D6
:100A300020F00700001D411A521A0146081D0A60E5
:100A4000FFF74ABD30B5B0F10A0271F100034FEA79
:100A5000900E4EEA817EB0EB0E0061EB91014FEA01
:100A6000101E4EEA017E10EB0E0041EB11114FEA11
:100A7000102E4EEA016E10EB0E0041EB11214FEAF1
:100A8000104E4EEA014E10EB0E0041EB11414018A2
:100A900041F100014FEAD00040EA41704FEAD10134
:100AA0004FEA810444EA907410EB800544EB0104A2
:100AB0006D1944EB0404521BA3414FF0000348BFDF
:100AC0000A3200D530BD401C41F1000130BD007B31
:100AD00000F080007047000010B542485421FFF03C
:100AE000B4FB41485421FFF0B0FB40485421FFF0D3
:100AF000ACFB3F493B483C4A3F4B08603D490A60DC
:100B00003A491960531C0365481C106501200865AB
:100B10003B48344A39A1784400F0B4F920B9384848
:100B200078440A38FFF048FD37482F4A35A1784409
:100B300000F0A8F920B9344878440A38FFF03CFDA9
:100B400032482A4A2FA1784400F09CF920B92F4856
:100B500078440A38FFF030FD40232248DC000021B1
:100B6000224600F06CF920B1254878445438FFF053
:100B700023FD1D4822464023002100F060F920B1EA
:100B8000214878445438FFF017FD184822461023B6
:100B9000002100F054F9002806D01C487844BDE834
:100BA00010405638FFF008BD10BD104870B5006DFC
:100BB00020F001040B48FFF0D0FC0B48FFF0CDFC07
:100BC0000A48FFF0CAFC09E0206D20F0010520462C
:100BD000FFF0C3FC2046FFF77FFC2C46002CF3D12E
:100BE00070BD0000D00000242401002478010024FE
:100BF000000000240400002408000024720000000B
:100C0000E03F0000770000001E401000B43F0000ED
:100C100010B500F0B3F9BDE8104000F0A9B9754671
:100C2000FFF7EAFEAE4605006946534620F007008E
:100C3000854618B020B5FFF77DFBBDE820404FF09A
:100C400000064FF000074FF000084FF0000BAC46D5
:100C5000ACE8C009ACE8C009ACE8C009ACE8C00920
:100C600021F007018D4670472DE9F04705460C46F7
:100C7000C86820F4201040F48000C860800602D5C7
:100C80000846FFF03CFDE06841F282014FF0FF3979
:100C90000140022903D02046FFF0DAFCB5E000F461
:100CA0002041B1F5004F0FD1C00306D56168E06A5D
:100CB000884200D80846606006E02069E062606013
:100CC000606900F0B0F9A061A0680022EEB20028CF
:100CD0000DDAE1688B050AD4C043A06041F490307E
:100CE0002260E0606068411C61600670A5E0E06819
:100CF0009046226040F40050E060206968BB606963
:100D000000F083F9012704F12405A0B1A08910F4B3
:100D1000407F08D0E069FFF71FFB206118B1E06851
:100D200040F4006016E0E7612561E06820F440705F
:100D300040F480600EE0E069FFF70EFB00282061C0
:100D4000F1D0E06840F4006010F4407FE06002D130
:100D500040F48070E06020696060E06825696FF0B1
:100D6000010AC1051FD56168E06A884200D80846BB
:100D7000411B04D022462846FFF074FCF0BBE0681B
:100D8000010203D5E562C4E9015854E0691CE1623F
:100D90006160E16940F48030491EC4E902103046C8
:100DA0002E70BDE8F087010202D500F480320AE01F
:100DB0006068411C61600670E0680A2E40F4803073
:100DC000E06006D00022E16A6068814203D90B46E8
:100DD00002E00122F7E70346A7895B1B7F0503D4E6
:100DE000E7699F4200DDE2B1814200D80146E56239
:100DF0000F1AC4E90158002B09DD00E005E0224686
:100E000019462846FFF02EFC08B14846C9E747B10D
:100E1000A069E5626560C01BA061E06840F0100059
:100E2000E060E068000208D56168A069E562491BDE
:100E300008446560A0615046B3E73046B1E770B53D
:100E4000C468A50713D0650211D4B2F5807F09D01C
:100E5000B2F5007F06D0B2F5806F08D1012300F112
:100E6000240106E05D1E6FF07F46B54201D30120EC
:100E700070BD0161C361416024F470611143C160C0
:100E8000002070BD2DE9F0410C460746164610467D
:100E9000FFF063FB2078611C61280AD0722802D021
:100EA00077283CD102E00125002405E00225042436
:100EB00002E0082448F2020511F8010B2B2806D0A5
:100EC000622809D011F8010C74280AD00BE045F013
:100ED000030544F00204EFE745F0040544F0010483
:100EE000EAE744F010043846214600F06FF8411C50
:100EF00015D00021316171604FF40071F560F1612E
:100F00007061200704D530460222002100F092F8DB
:100F1000306D40F0010030653046BDE8F0810020C2
:100F2000FBE72DE9F0410D460646104C206DC10748
:100F300004D0410804D020F00104F7E722460EE077
:100F40005420FFF709FA07000ED0206D47F0010189
:100F50000843542120653846FFF077F93A46294680
:100F60003046BDE8F0418DE70020D6E7D0000024F0
:100F7000002801D0FFF066BB7047000010B50128C3
:100F800005D0002103A0FFF0DBFB012010BD09A16B
:100F9000F8E7000053494752544D454D3A204F75EC
:100FA00074206F662068656170206D656D6F727961
:100FB000000000003A2048656170206D656D6F7219
:100FC0007920636F72727570746564000EB5CDE937
:100FD000000100F0CCF8029069460120ABBE0EBDC6
:100FE00008B5694600900220ABBE08BD1FB58DE86C
:100FF000070069460520ABBE04B010BD1FB58DE8E3
:101000000F0069460620ABBEF6E708B569460090BA
:101010000920ABBE08BD1CB5CDE9000169460A2018
:10102000ABBE1CBD704708B5694600900C20ABBE36
:1010300008BD00002DE9F041044616460D464769FB
:10104000007B80072ED03846FFF7DFFF50BB3EB352
:10105000012E02D0022E25D104E02046FFF089FBAC
:1010600005441DE03846FFF7DEFFE168002841F047
:101070001001E16005DA2046FFF0EAFA0120BDE840
:10108000F081C9030BD56268E16A914200D811462C
:10109000A26911442269891A814200DD084605448B
:1010A000002D01DA0220EAE7E16A6068E268814225
:1010B00006D29103E06203D522F4003141F0100220
:1010C000A6690027AE4213DCE16A814201D90B46D2
:1010D00000E0034603EB060C2369ACEB030CAC45C4
:1010E00006DD814201D98C4600E084469C4505D14D
:1010F000A760276042F02000A5620DE0AD1BE66905
:10110000AE1B8142A66000D90846C01A281A20608A
:101110005819606022F0200003490840E060002078
:1011200084F84870ABE70000BFCFD7FF10B5014689
:1011300002A0FFF005FB012010BD000053494752FB
:10114000545245443A2052656469726563743A208A
:1011500063616E2774206F70656E3A200000000096
:1011600008B569468DF800000320ABBE08BD10B578
:10117000431C02E010F8011B71B18107FAD14FF056
:10118000013202C88C1A8C4314EAC211F9D0C01A79
:101190000A0603D0C01E10BDC01A10BD0A0401D03B
:1011A000801E10BD0902FCD0401E10BD00000000D2
:1011B0002DE9F0472DED047BDDF83090DDF834A00B
:1011C000DFF864801C461546064641F40050B0EE38
:1011D000408A294622464B46CDF800A0C0479FEDE5
:1011E000100BB7EEC81A294622464B4621EE000BDB
:1011F000BCEEC00BCDF800A010EE107A38466FF3AD
:101200009F303043C047CDF800A0C7F38D3029464A
:1012100022464B463043C047BDEC047BBDE8F08717
:101220003A8C30E28E79254047120008E0B59446AA
:101230000A46014604980093634601904FF48040AB
:10124000FFF7B6FF8CBDF8B594460A4600218DF82D
:101250000C1003210291010A8DF809108DF80A0083
:1012600006980221CDE9003002A86346FFF0ADFAEE
:101270008FBD0000014800F049BA00BFC002002441
:10128000014800F043BA00BFD0030024014800F039
:101290003DBA00BF607500240168254A91422CD0F8
:1012A000244A91421CBF244A914226D0234A9142AB
:1012B0001CBF234A914220D0224A91421CBF224A9D
:1012C00091421AD0214A91421CBF214A914214D026
:1012D000204A91421CBF204A91420ED01F4A91429F
:1012E0001CBF1F4A914208D01E4A91421CBF1E4A91
:1012F000914202D01D4A914217D16FF00F0218237C
:1013000052FA81F2B2FBF3F35F2A03F0070C18A341
:1013100013F80C30C36540F2FF3321EA030188BFA4
:1013200041F0040181650846704721F0FF01F9E7AB
:1013300010000240280002404000024058000240D5
:101340007000024088000240A0000240B800024045
:1013500010040240280402404004024058040240A5
:101360007004024088040240B8040240A004024015
:10137000000610160006101610B502681E4C1F4B12
:101380009A421CBF1E4B9A420ED01E4B9A421CBF63
:101390001D4B9A4208D01D4B9A421CBF1C4B9A42CF
:1013A00002D01C4B9A4211D1D3B2A3F108011422EE
:1013B000B1FBF2F304EB830104F1800203F01F039D
:1013C0000124603004FA03F30EC010BDA4F55B7174
:1013D000D3B28A42E9D0104CA3F110011823B1FB1B
:1013E000F3F10B46A24204F1AA0488BF0833A242DB
:1013F00028BF0B46094CDDE7005802580854025834
:101400001C5402583054025844540258585402583C
:10141000805402586C5402580F04024000080240E5
:101420007047EFF3108072B6FEE700002DE9F0413F
:101430000C4604270546022C04BF0427C8F2000707
:1014400000F142F880466E1C25492648022C05D141
:10145000D0F8002112F0040F04D114E002683A40E1
:10146000BA420AD1002EEFD000F12EF80321A5B325
:10147000A0EB0800A842E7D92FE0012C03D10268B5
:101480001140012205E0D0F800211140002241F076
:10149000004121F0004363B1134A97690F439761FC
:1014A000124A0A408A4214BFC0F804314160012147
:1014B00013E0012A07D1016811F4803F1CBF4FF4EB
:1014C0008031416008E0D0F8001111F4803F1CBF6A
:1014D0004FF48031C0F804110021C8B2BDE8F0819A
:1014E0000000EE171020005224A000240F00EF1F70
:1014F0002DE9F04104460D4690460121002C00F0F4
:101500009980002D00F0968060790221012800F07A
:101510009180012060712171286804282AD1FFF090
:10152000D3FF0746B8F1000F0FD02168486BB0F128
:10153000FF3F22DCFFF0C8FFC01B0228F5D3206864
:10154000406BB0F1FF3FF0DC0DE02168486B3B4E93
:10155000304215D0FFF0B8FFC01B0228F5D3206839
:10156000406B3042F1D02069032140F00800206137
:1015700021715FE008F0100019E0A869486401E0FB
:10158000A86908648B6C08F0100040F2FF328240BA
:1015900023EA0202EB6983401A438A64FF22CB6C80
:1015A000824023EA02022B6A83401A43CA642969F3
:1015B0002268012908D1936B1F21814023EA010190
:1015C0006B69834019439163D36BEF6807218140B6
:1015D00023EA010C0021012F03D0022F03D10127A0
:1015E00005E0002703E0AF68B7FA87F77F092E68A8
:1015F000AB6837433B43834043EA0C03D3634FF468
:1016000080431768834027EA0303136040F6FE73A4
:101610001768834027EA03036F6887403B431360E2
:10162000C02303FA00F0136823EA000010600120D1
:1016300020716171C8B2BDE8F08100BF0080002058
:1016400010B586B0044601A81421FEF0FEFD206806
:10165000104988421CD11048816841F000518160D6
:10166000816801F0005100910099016841F0010189
:10167000016001A9006800F001000090009830208E
:1016800001900320029000200390044800F02CFCFD
:1016900006B010BD00740040E0440258000002583B
:1016A00008B343790222012B2DD080B54FF0010CF5
:1016B00001F0100E002980F805C002710CFA0EFC32
:1016C0000268136843EA0C031360D2F800C00CD020
:1016D00002210CF4781301FA0EF18B420DD15168FE
:1016E00041F0020108E001220DE00CF03E01022968
:1016F00003D1516841F001015160012100220171C3
:101700004271BDE88040D0B2704700002DE9FC4135
:10171000044600200190DFF8880CA56DD0F8008009
:101720002F6829682068D44A904249D0D34A904211
:101730001CBFD34A904243D0D24A90421CBFD24AE7
:1017400090423DD0D14A90421CBFD14A904237D0FE
:10175000D04A90421CBFD04A904231D0CF4A9042EA
:101760001CBFCF4A90422BD0CE4A90421CBFCE4ADB
:10177000904225D0CD4A90421CBFCD4A90421FD006
:10178000CC4A90421CBFCC4A904200F02581CB4A03
:1017900090421CBFCA4A904200F01E81C94A904242
:1017A0001CBFC94A904200F01781C84A90421CBF32
:1017B000C74A904200F01081C649884240F0338207
:1017C000E16D082201F01F018A403A423DD0AA4B48
:1017D00098422DD0A94B98421CBFA94B984227D0C4
:1017E000A84B98421CBFA84B984221D0A74B9842C7
:1017F0001CBFA74B98421BD0A64B98421CBFA64BC0
:10180000984215D0A54B98421CBFA54B98420FD0CB
:10181000A44B98421CBFA44B984209D0A34B9842BA
:101820001CBFAC4B984203D0A14B984240F0FD81C5
:10183000042306681E4208D0036823F004030360F3
:10184000AA60626D42F00102626501228A403A425A
:101850003BD0894B98422DD0884B98421CBF884B77
:10186000984227D0874B98421CBF874B984221D083
:10187000864B98421CBF864B98421BD0854B9842A2
:101880001CBF854B984215D0844B98421CBF844B9B
:1018900098420FD0834B98421CBF834B984209D08B
:1018A000824B98421CBF8B4B984203D0804B98428E
:1018B00040F0BD8100F11406802336681E421FBF30
:1018C000AA60626D42F00202626504228A403A42D6
:1018D00039D0694B98422DD0684B98421CBF684B59
:1018E000984227D0DB4B98421CBFDB4B984221D05B
:1018F000DA4B98421CBFDA4B98421BD0D94B984226
:101900001CBFD94B984215D0D84B98421CBFD84B1E
:1019100098420FD0D74B98421CBFD74B984209D062
:10192000D64B98421CBFD74B984203D0D44B984219
:1019300040F08081022306681E421FBFAA60626DCC
:1019400042F004026265102202FA01F1394200F00D
:10195000C780BD4A90422DD0BC4A90421CBFBC4AB1
:10196000904227D0BB4A90421CBFBB4A904221D034
:10197000BA4A90421CBFBA4A90421BD0B94A904220
:101980001CBFB94A904215D0B84A90421CBFB84A11
:1019900090420FD0B74A90421CBFB74A904209D03C
:1019A000B64A90421CBFB74A904203D0B44A904214
:1019B00040F0428108220368134200F09180A96040
:1019C0000268016812F4802F3BD1C9055EBF01682F
:1019D00021F00801016036E00268E36D03F01F03A7
:1019E00012F0040F1EBF04279F4017EA010609D01A
:1019F00011046F601FD491065EBF016821F00401DD
:101A000001601CE0970720D502279F4017EA0106D6
:101A10001BD011046F6000F11181910600F1128159
:101A2000016821F00A010160012084F835000020DE
:101A300084F8340006E1D00301D4A16CEDE0216C00
:101A4000EBE0080348D4216C47E0120740F1EB803B
:101A500008229A40114000F0E680016821F00E0152
:101A600001600121E06D00F01F0001FA00F06860E4
:101A7000616584F83510CCE0100002402800024077
:101A800040000240580002407000024088000240BE
:101A9000A0000240B80002401004024028040240A6
:101AA000400402405804024070040240880402408E
:101AB000A004024094540258085402581C5402587E
:101AC0003054025844540258585402586C54025826
:101AD00080540258B8040240A16C09B120468847DE
:101AE000E06D00F01F01202000FA01F23A426DD0B3
:101AF0002068E54E1023B0422DD0E44EB0421CBF0A
:101B0000E34EB04227D0E34EB0421CBFE24EB0429B
:101B100021D0E24EB0421CBFE14EB0421BD0E14E9C
:101B2000B0421CBFE04EB04215D0E04EB0421CBFE8
:101B3000DF4EB0420FD0DF4EB0421CBFDE4EB0428F
:101B400009D0DF4EB0421CBFDC4EB04203D0DD4EA8
:101B5000B04218BF022307681F4237D0AA6094F82A
:101B600035300268042B19D122F016020260426956
:101B700022F080024261226C0AB9A26C1AB102689A
:101B800022F0080202603F208840A860012084F80B
:101B90003500002084F83400216D3EE001685203D6
:101BA0000CD4C9050ED4016821F010010160012098
:101BB00084F83500002084F8340003E0080301D4E1
:101BC000616C00E0E16B09B120468847606D50B35D
:101BD000606D10F0010F1FD04FF41650B8FBF0F1FC
:101BE000042084F835002068026822F001020260B7
:101BF000019A01328A42019203D8026812F0010F61
:101C0000F6D10068012100F0010041EA400084F8AB
:101C10003500002084F83400E16C002908BFBDE8DD
:101C2000FC8120468847BDE8FC81082301E60023AB
:101C3000064642E600237EE60422BCE6D00301D439
:101C4000616CEAE7E16BE8E710000240280002401F
:101C500040000240580002407000024088000240EC
:101C6000A0000240B80002401004024028040240D4
:101C700040040240580402407004024088040240BC
:101C8000A0040240B8040240B0B50546002D00F0A3
:101C9000E78095F83400012801D10220E1E001201D
:101CA00085F8340095F83500012840F0D3800220F3
:101CB00085F83500002068652868046824F0010470
:101CC00004602846FEF034FE28686F4988421CBF35
:101CD0006E49884227D06E4988421CBF6D498842B0
:101CE00021D06D4988421CBF6C4988421BD06C4989
:101CF00088421CBF6B49884215D06B4988421CBF83
:101D00006A4988420FD06A4988421CBF69498842A3
:101D100009D0694988421CBF6849884203D0684994
:101D2000884240F0A08001680B2262F34401016008
:101D3000296C19B1016841F00801016052498842DB
:101D400044D0524988421CBF514988423ED0514933
:101D500088421CBF5049884238D0504988421CBF35
:101D60004F49884232D04F4988421CBF4E49884271
:101D70002CD04E4988421CBF4D49884226D04D493F
:101D800088421CBF4C49884220D04D4988421CBF24
:101D90004A4988421AD04B4988421CBF4A49884266
:101DA00014D04A4988421CBF494988420ED049494B
:101DB00088421CBF4849884208D0484988421CBF15
:101DC0004749884202D0474988423DD1296E0A6876
:101DD00012F4803F1EBF0A6842F480720A60E96E06
:101DE00019B10A6842F480720A60274988421CBF10
:101DF0002649884228D0264988421CBF2549884266
:101E000022D0254988421CBF244988421CD024493D
:101E100088421CBF2349884216D0234988421CBFF0
:101E20002249884210D0224988421CBF2149884259
:101E30000AD0214988421CBF2149884204D0214947
:101E400088421CBF1D498842016841F001010160C0
:101E5000002006E04FF400606865002085F834003B
:101E60000120C0B2B0BD0168164A90423FF45CAF99
:101E7000052262F343010160296C00293FF45EAF43
:101E8000016841F0040158E71000024028000240B8
:101E900040000240580002407000024088000240AA
:101EA000A0000240B8000240100402402804024092
:101EB000400402405804024070040240A004024062
:101EC00088040240B8040240085402581C540258C6
:101ED0003054025844540258585402586C54025812
:101EE00094540258805402582DE9FC4F5D4A0A2749
:101EF0004FF0000B4FF0010E4FF0030A4FF00F09A7
:101F00004FF0000C904208BF0927574A02444FEA9D
:101F1000B223092B38BF4FEAB227009700270A687F
:101F200032FA07F308BFBDE8FC8F0EFA07F312EA96
:101F3000030400F090804D6805F00302A2F101084F
:101F4000B8F1010F18D8D0F80890CE680AFA0CF84A
:101F500029EA080806FA0CF64FF00F0946EA0806C7
:101F60008660C5F3001606FA07F8466826EA0303FA
:101F700043EA0803436001E0032A1DD0C6680AFA59
:101F80000CF3022A26EA03038E6806FA0CF643EAEB
:101F90000603C36010D1354D0BF01C0209FA02F3A1
:101FA00005EA570505442E6A26EA03030E6906FA78
:101FB00002F21A432A624D68066805F003020AFA23
:101FC0000CF315F4403F02FA0CF226EA030342EA4E
:101FD000030202603FD04F4A0BF00C0609FA06F5E7
:101FE000136843F002031360126802F002020192C8
:101FF000019A1F4B27F0030252F8038028EA0508D4
:10200000009D05FA06F648EA0605D5504FF0B045A2
:102010002A684B68A24313F4801F18BF224313F4AD
:10202000001F2A60134A156825EA040518BF2543D6
:1020300013F4003F1560D2F8805025EA040518BF5C
:10204000254313F4803FC2F88050D56F25EA04057C
:1020500018BF2543D5670BF1040B0CF1020C0137B7
:102060005DE700BF002402580000FEA7FCFFFF7FD1
:1020700008040058040000580069084018BF0120F7
:102080007047002A08BF0904816170470148006851
:10209000000C70470010005C02480178826811440F
:1020A000816070470C00002480B50320FFF060FAC7
:1020B00000F1A2F80F49C44B0A68C2F30322096871
:1020C0009A5C01F00F01595C02F01F02D040B34A44
:1020D00001F01F0120FA01F11160B14908600F20E1
:1020E000FFF0F6F908B1012080BD00F005F80020EE
:1020F00080BD00BF1844025881B00648016841F015
:1021000002010160006800F002000090009801B038
:10211000704700BFF4440258002808DB00F01F019C
:102120000122400902FA01F1014A42F820107047E9
:1021300000E100E0B0B5114D2A68296812F0040FE3
:1021400005D101F00701081A18BF0120B0BD21F028
:10215000070108432860FFF0B7F9044655F8080C5A
:1021600010F4005F1CBF0020B0BDFFF0ADF9001BF4
:10217000B0F57A7F84BF0120B0BDEFE70C4802586C
:102180002DE9F84304468846002C00F0FE80814B80
:10219000186800F00F0040450BD2186820F00F00BF
:1021A00040EA08001860186800F00F00404540F051
:1021B000EC802068784F10F0040F0AD02169BA69CA
:1021C00002F07002914281BFBA6922F0700211439D
:1021D000B96101070AD56169FA6902F0700291429A
:1021E00081BFFA6922F070021143F961C1060AD574
:1021F000A169FA6902F4E062914281BFFA6922F4AE
:10220000E0621143F96181060AD5E1693A6A02F098
:102210007002914281BF3A6A22F070021143396222
:1022200081070AD5E168BA6902F00F02914281BFC5
:10223000BA6922F00F021143B961C10738D0B869F9
:10224000A16820F470600843B8616068032806D074
:10225000022809D1396811F4003F0ED195E03968A0
:1022600011F0007F09D190E03968012802D1C90539
:1022700003D48AE0490740F188803969994621F002
:10228000070108433861FFF01FF9064641F288351F
:102290003869616800F03800B0EBC10F06D0FFF07C
:1022A00013F9801BA842F3D903206FE020684B4646
:1022B00081070AD5E168BA6902F00F0291423FBF77
:1022C000BA6922F00F021143B961196801F00F01D8
:1022D00041450AD9196821F00F0141EA0801196046
:1022E000196801F00F0141454FD141070AD5216915
:1022F000BA6902F0700291423FBFBA6922F07002DF
:102300001143B96101070AD56169FA6902F07002E7
:1023100091423FBFFA6922F070021143F961C10690
:102320000AD5A169FA6902F4E06291423FBFFA69F5
:1023300022F4E0621143F96180060AD5E069396A46
:1023400001F0700188423FBF396A21F070010843F3
:102350003862FFF051FFB9691B4AC1F30321515C98
:1023600001F01F01C840B96901F00F01515C0B4A2F
:1023700001F01F0120FA01F11160094908600948C4
:102380000068BDE8F443FFF0A3B80120C0B201B07B
:10239000BDE8F08300200052004402581C000024D5
:1023A000180000241000002480B5FFF0F3FE05495A
:1023B000054A0968C1F30221515C01F01F01C840C0
:1023C00080BD00BF1C440258024B00082DE9F047B5
:1023D000B8B033A81421FDF038FF33480178002944
:1023E0005ED1012102AC017004F10800B821FDF0BA
:1023F0002CFF4FF000084FF08070CDF80C80029059
:102400002046CDF85080FFF029FA08B1FFF709F80F
:1024100026484FF002094FF0030A0C27254E33AD32
:10242000016841F4805101602946006800F4805041
:10243000019001984FF63F003390CDE93498CDF8E4
:10244000D8A037971A4C04F54060B0470D202946B4
:10245000CDE933092046CDE9358A3797B04748F2B0
:1024600037102946CDE9330904F58050CDE9358A86
:102470003797B0474FF680702946CDE9330904F508
:102480000060CDE9358A3797B0474CF20370294692
:10249000CDE9330904F58060CDE9358A3797B04737
:1024A00038B0BDE8F08700BFC8040024D444025807
:1024B00000080258E91E0008411E0020B0EB116F11
:1024C0001CBF01207047044AF023516003490B7080
:1024D000072190601160704710E000E023ED00E0FC
:1024E0007047000090F83C300222012B3DD010B51F
:1024F000012380F83C3080F83D2002685368D2F810
:1025000008C0BF4C42F4806EA64502BF4C6823F45D
:1025100070032343B2F1804F0C6823F0700343EA49
:1025200004035360BDE8104014D0AF4B9A421CBF67
:10253000AE4B9A420ED0AE4B9A421CBFAD4B9A4264
:1025400008D0AD4B9A421CBFAC4B9A4202D0AC4B68
:102550009A4204D189682CF08003194391600121CB
:10256000002280F83D1080F83C20D0B2704700BFB8
:102570002DE9FC4704462168794E7A48B1F1804F35
:1025800036D0994A914200F0B180984A914200F0C9
:10259000C080974A914200F0CF80974A914218BF7D
:1025A000BDE8FC878168744D4FF480624FF400638E
:1025B0004FF4005741F0010181600021806800F074
:1025C0000100019001980B20C5E9006005F11000A1
:1025D000C5E902118CC0C5E9071169622846FEF001
:1025E000E5FC08B1FEF71DFF6562AC63BDE8FC8742
:1025F00001685D4D00274FF480684FF480594FF417
:10260000804A41F0010101601221006800F00100E0
:102610000190019806F1180085E8830005F10C008F
:1026200080E880072846C5E907776F62FEF0BEFCA8
:1026300008B1FEF7F6FE6562AC634C4D06F1300062
:10264000132185E8830005F10C0080E88007284607
:10265000C5E907776F62FEF0A9FC08B1FEF7E1FE5D
:10266000A562AC63424D06F14800142100274FF4E7
:1026700080684FF480524FF4804385E8830005F171
:102680001400C5E903788CC0C5E908772846FEF038
:102690008DFC08B1FEF7C5FEE562AC63354D06F171
:1026A000600015214FF400624FF4005385E8830069
:1026B00005F11400C5E9037803218CC00420C5E9A5
:1026C00008702846C5E90A172F63FEF06FFC08B1B1
:1026D000FEF7A7FE1C20002100222563AC63FEF05C
:1026E0001BFF1C20BDE8FC47FFF716BD0168002258
:1026F00041F0020101600021006800F00200019039
:1027000001981D20FEF008FF1D20BDE8FC47FFF7E3
:1027100003BD0168002241F004010160002100684E
:1027200000F00400019001981E20FEF0F5FE1E202E
:10273000BDE8FC47FFF7F0BC0168002241F008014A
:1027400001600021006800F008000190019832202B
:10275000FEF0E2FE3220BDE8FC47FFF7DDBC00BF23
:1027600010000240E8440258C00200245003002434
:10277000D0030024500400243002002490F83D10BF
:1027800001291CBF01207047022180F83D1001681B
:10279000C868B1F1804F40F00100C86014D0E04833
:1027A00081421CBFDF4881420ED0DF4881421CBFFE
:1027B000DE48814208D0DE4881421CBFDE488142AB
:1027C00002D0DC48814208D18868DE4A02400020FD
:1027D000062A18BFB2F5803F04D0086840F0010017
:1027E00008600020704700BF00040040000800405F
:1027F000000C004000180040000001400040014073
:1028000000040140016841F211130A6A1A4208D11A
:102810000A6A40F244431A4202BF0A6822F00102E7
:102820000A60012180F83D1000207047B0B50446D1
:10283000022094F83C20012A4BD0012284F83C204D
:1028400084F83D00206882683C4B1A4082600A6828
:102850003B4D8AB3102A2FD0202A18BF302A2BD004
:10286000402A3AD0502A43D0602A4CD0354B9A4265
:1028700022D0B2F5805F25D0B2F5005F4ED0B2F520
:10288000801F18BFB2F1101F16D02F4B9A421CBFE9
:102890002E4B9A4210D0702A1DD1D1E90123C9686C
:1028A0001A4342EA0121826822F47F421143816087
:1028B000816841F0770104E081682940114341F0CB
:1028C000070181600020012184F83D10002184F877
:1028D0003C10C0B2B0BD0120F5E74B68CA6819468C
:1028E00000F04EFE20688168294041F04701E8E78A
:1028F0004B68CA68194600F043FE20688168294089
:1029000041F05701DDE74B68CA68194600F049FEFF
:1029100020688168294041F06701D2E7D1E90123AD
:10292000C9681A4342EA0121826822F47F421143B6
:102930008160816841F48041C3E700BF8800CEFF19
:1029400088FFCFFF40001000200010003000100072
:1029500010B586B0044601A81421FDF076FC20686D
:102960007349884217D1E748016841F001010160CD
:1029700001A9006800F00100009000984FF4407039
:102980000190022002900020CDE903000120059073
:10299000DB48FFF7A9FA06B010BD00BF704710B5BD
:1029A000044654B394F83D0028B9002084F83C0054
:1029B000204600F024F80220211D84F83D00206804
:1029C00000F1B8FF012084F8480084F83E0084F844
:1029D0003F0084F8400084F8410084F8420084F805
:1029E000430084F8440084F8450084F8460084F8E5
:1029F000470084F83D00002010BD012010BD704745
:102A000071B180B50B1F4FF0010C05224FEAB30ED8
:102A1000BEF1040F38BF0CEBB302BDE8804000E00C
:102A20000022024492F83E20012A1CBF0120704778
:102A300061B10A1F4FEAB202032A0BD8DFE802F0A5
:102A4000020E1216022280F83F2012E0022280F8C5
:102A50003E200EE0022280F843200AE0022280F8A5
:102A6000402006E0022280F8412002E0022280F8A5
:102A7000422001F01F0101228A400168086AB1F179
:102A8000804F20EA02000862086A40EA02000862F9
:102A900036D0234881421CBF2248814230D0224890
:102AA00081421CBF214881422AD0214881421CBF5B
:102AB0002048814208D0204881421CBF1F488142E3
:102AC00002D01F48814224D1486CB1F1804F40F4BC
:102AD0000040486414D0124881421CBF1148814212
:102AE0000ED0114881421CBF1048814208D01048C6
:102AF00081421CBF1048814202D00E48814208D159
:102B00008868104A02400020062A18BFB2F5803FAC
:102B100004D0086840F0010008600020704700BF42
:102B20000004004000080040000C00400018004075
:102B30000000014000040140004001400048014005
:102B400000440140070001007047B0B5044694F806
:102B50008400012801D102201BE0012084F88400B8
:102B60002420C4F8880020680568026822F0010269
:102B70000260826822F0606211438160204601F1A8
:102B800057F8206805602020C4F88800002084F8E9
:102B90008400C0B2B0BD704710B50446D4B1D4F8BB
:102BA000880028B9002084F88400204600F026F828
:102BB0002420C4F888002068016821F00101016028
:102BC000A06A10B1204601F161F8204600F0D8FE5D
:102BD000012801D1012010BD2068416821F49041F5
:102BE0004160816821F02A018160016841F00101A2
:102BF00001602046BDE8104000F0E6BC2DE9F04140
:102C0000B8B0044633A81421FDF01FFB02A8C02170
:102C1000FDF01BFB2068E04DDE4E3B49884244D06E
:102C20003A49884269D1002702A84FF00208039769
:102C3000CDF808802097FEF011FE08B1FEF7F1FBF9
:102C4000B06833A940F40020B060B06800F4002000
:102C500001900198306840F001003060306800F069
:102C60000100019001980320CDE933080820CDE947
:102C7000357737902846FFF737F9254D254840210D
:102C80004FF48062C5E90001C5E9021705F114009F
:102C900014212A61FDF0D9FA2846FEF087F908B11F
:102CA000FEF7BFFBE567AC6327E0002402A802271C
:102CB000039402972094FEF0D1FD08B1FEF7B1FB1A
:102CC000B06833A940F40030B060B06800F4003060
:102CD00001900198306840F001003060306800F0E9
:102CE0000100019001980C20CDE933070720CDE9C0
:102CF000354437902846FFF7F7F838B0BDE8F08143
:102D000000000258E044025800440040004C0040DB
:102D10006075002488000240D0F88C30202B1FD131
:102D20000123F1B1EAB110B50023C36603680E4C6C
:102D3000A3421CBF5C6814F4000F0BD000E00368D2
:102D400053E8003FD0F800C043F080634CE8003403
:102D5000002CF4D101F1A0F90023BDE8104000E0FF
:102D60000223D8B2704700BF000C00587047FEE73E
:102D700080B58AB001A82421FDF067FA10481149F6
:102D80000160FDF063FF08B1FEF74BFB002001215D
:102D90000022CDE901000390CDE90410084801A903
:102DA000FEF7A6FB08B1FEF73CFB054801A910227F
:102DB000FEF79EFB08B1FEF734FB0AB080BD00BFF2
:102DC0004C75002400740040BCB51948194C002211
:102DD000016841F0010101600021006800F001007C
:102DE000019001980B20A047134D0B20A8470C2001
:102DF00000210022A0470C20A8470D20002100221E
:102E0000A0470D20A8470E2000210022A0470E2039
:102E1000A8470F2000210022A0470F20A84710201C
:102E200000210022A04710202946BDE8BC400847E9
:102E3000D844025819151008192100082DE9F04F3F
:102E400087B04FF0000B554D00224FF46056CDE98E
:102E500005BB5048016841F020010160016801F0A4
:102E6000200101910199016841F080010160016830
:102E700001F0800101910199016841F004010160B4
:102E8000016801F0040101910199016841F001011B
:102E90000160016801F0010101910199016841F0AF
:102EA00002010160016801F00201019101990168CC
:102EB00041F040010160016801F040010191019978
:102EC000016841F010010160016801F010010191F9
:102ED0000199016841F0080101604FF460510068F8
:102EE00000F00800019001982B4C04F5406A504610
:102EF000A84704F5C058C02100224046A84704F561
:102F000000694FF4EE5100224846A84720464FF48E
:102F10001C410022A847224F4FF6FF7002ADCDE9B9
:102F2000020B04F580602946CDF810B0B847029630
:102F3000012650462946CDE9036BCDF814B0B847B9
:102F4000C02002A981E8410840462946CDF814B0C6
:102F5000B8474FF4EE5002A981E841084846294697
:102F6000CDF814B0B8474FF41C4002A981E84108DD
:102F700020462946CDF814B0B8474FF4FC40294606
:102F8000CDE9020B4046CDF810B0B84707B0BDE818
:102F9000F08F00BFE0440258000002588320000870
:102FA000E91E000810B58EB0002468461C210D945F
:102FB000CDE90B44CDE90944CDE90744FDF045F9DD
:102FC000EB484FF080410722C0E90014C0E90242FB
:102FD00004618461FFF0BAFC08B1FEF722FA4FF4F5
:102FE00080500AA90A90E248FFF720FC08B1FEF7DA
:102FF00018FADF48FFF7D3FC08B1FEF712FADC48F5
:10300000002407A907940994FFF76CFA08B1FEF7AA
:1030100008FA60206946002200900120CDE90104F1
:10302000D3480494FFF062FD08B1FEF7FAF90320DB
:10303000694604220190CE48FFF058FD08B1FEF722
:10304000F0F90520694608220190C948FFF04EFDBD
:1030500008B1FEF7E6F9072069460C220190C44842
:10306000FFF044FD08B1FEF7DCF90EB010BD00BF63
:1030700080B588B00021FD4844F61F6340F2CF7C44
:103080000791CDE90511CDE90311CDE90111114AEF
:10309000C0E90023C0E9021C01618161FFF056FC18
:1030A00008B1FEF7BEF94FF4805004A90490EF4830
:1030B000FFF7BCFB08B1FEF7B4F9002001A90190AD
:1030C0000390EA48FFF70EFA08B1FEF7AAF908B034
:1030D00080BD00BF0004004010B5164C16484FF4E8
:1030E000E13100220C2384E8070004F118001421C8
:1030F000C4E903226361FDF0A8F82046FFF74CFD08
:1031000008B1FEF78EF90B480021FFF0A3FE08B1CD
:10311000FEF787F907480021FFF717FD08B1FEF712
:1031200080F90448FFF07AFE18B1BDE81040FEF7C0
:1031300078B910BD1C780024004C0040FEE7FEE783
:10314000F8B5C14F05460C46B86A00F003000328E5
:1031500001D1012076E0386820F080603860FEF010
:10316000B3F90646386810F0006F05D0FEF0ACF9F0
:10317000801B0228F6D962E0B86A29682B1D4FF43B
:103180007E46002C20F47C3040EA0130B8620FCB40
:1031900006EB412100F2FF1089B26FF35F2040EA95
:1031A00001004FF4FE0101EB024101F4FE0140EA8F
:1031B00001004FF0FE4101EB036101F0FE4140EAE6
:1031C0000100B863F86A696920F0C00040EA0100B4
:1031D000F862F86AA96920F0200040EA01004FF681
:1031E000F871F862F86A20F01000F862F86B20EAD3
:1031F0000100E96940EAC100F863F86A40F0100094
:10320000F86208D04FF40010012C08BF4FF4801072
:10321000F96A084302E0F86A40F40020F86238686E
:1032200040F080603860FEF04FF90446386810F0D6
:10323000006F06D1FEF048F9001B0328F6D30320E7
:1032400000E00020C0B201B0F0BD00BF70B505467F
:103250000D480C460068013018BF70BD05EB8206B2
:10326000FEF00CF907E0012029462246FEF0B2F8F4
:1032700020B920342035B542F5D302E003A0FDF794
:103280009BF8FEF091F870BD0090010874332E7425
:1032900078743D226572726F7222FFFFFF0000009A
:1032A000F8B53348FFF7AEFA3248334CA0473348FD
:1032B000A0473348A0473348A0473348816B11F0FB
:1032C000010FFAD1D0F8081411F0010FF5D1016DFA
:1032D00011F0010F04BFD0F8201411F0010FECD150
:1032E0002A4D00264FF47C613F222B4F4FF496630A
:1032F000AE616E600160C0F800244FF47C32026061
:10330000C0F800141B48234A214C2146B8471B48EB
:10331000224A21464FF49663B8471948204A21466D
:103320004FF49663B84717481E4A21464FF49663F8
:10333000B84728680E4C002140F4F0502860AE6178
:10334000194D2046BFF34F8FA84720460421A847B8
:1033500020460821A84720460C21A847134C0021ED
:103360002046A847204604212A46BDE8F8401047D9
:1033700058760024C0020024A10C10085003002439
:10338000D003002450040024080002400C00004038
:10339000100C0258CA4F0024891C00082A59002426
:1033A0008A620024EA6B0024012A00080C760024BB
:1033B0002348016841F4700101602248016801F06E
:1033C0000F0106299FBF0168072262F30301016014
:1033D00010B51D490A6842F001020A6000220A6124
:1033E0000B681A4C23400B60036813F0080F1FBFD3
:1033F0000368072464F3030303608A61CA610A62F5
:10340000134B8B62134BCB62134B0B634A638B637F
:10341000CA630B644A640B6823F480230B600A665A
:103420000E490968B2EB517FBDE8104002BF0C495C
:1034300001220A604FF4005143F2D2024250704719
:1034400088ED00E000200052004402587FEDF6EACB
:10345000000202020000FF01800201010010005C76
:10346000088100510148FFF0A3BA00BFA4760024F0
:103470000148FFF09DBA00BF3C770024B0B5D0F8FA
:1034800020C0036A23F480732CF400720362D0F826
:1034900004E0C3698C680D6842EA0424184A1A40A3
:1034A000334B42EA050C40F480629A4208D1CA6864
:1034B00040F2FF4312029A4324F4406342EA0304B9
:1034C0002A4A90421CBF2A4A904208D0294A904278
:1034D0001CBF294A904202D0284A904207D1D1E924
:1034E00005232EF4405545EA021242EA031EC0F8B5
:1034F00004E0C0F81CC04968C1630462B0BD00BFED
:103500008CFFFEFFB0B5D0F820C0036A23F48033EF
:1035100003622CF40033D0F804E0456D8A680C682F
:1035200043EA024C104A114B984202EA05021CBFC2
:103530000F4B984242EA040208D00E4B98421CBF3F
:103540000D4B984202D00D4B984204D14B692EF49A
:10355000803545EA032EC0F804E04265496881657C
:10356000C0F820C0B0BD00BF8FFFFEFF00000140CB
:103570000004014000400140004801400044014077
:10358000D0F820C0036A23F001030362836923F0AB
:10359000F00343EA021282612CF00A021143016235
:1035A0007047D0F820C0036A23F0100303628369D8
:1035B00023F4704343EA023282612CF0A00242EA13
:1035C0000111016270470000BCB504460020C4F838
:1035D0009000FDF079FF05462068016811F0080FA2
:1035E00018D027484FF4001100222B4600902046A7
:1035F00000F0B2FB68B1206850E8000F216820F0AD
:10360000800041E80002002AF5D12020C4F888009B
:1036100025E02068006810F0040F22D018484FF40D
:10362000800100222B460090204600F095FBC0B19F
:10363000206850E8000F216820F4907041E80002F3
:10364000002AF5D1206850E8020F216820F001001F
:1036500041E80202002AF5D12020C4F88C000320A2
:1036600007E02020C4F88800C4F88C000020E06641
:1036700020670021C0B284F8841002B0B0BD00BF42
:10368000FFFFFF01C169806BB1F5807F08BFFFF7C5
:103690006DBB0021A0F85610016851E8021F0268B6
:1036A00021F0800142E80213002BF5D1016851E8B6
:1036B000001F026841F0400142E80013002BF5D1E1
:1036C0007047016851E8001F026821F0C00142E81C
:1036D0000013002BF5D1016851E8021F026821F4A4
:1036E000000142E80213002BF5D12021C0F8881018
:1036F00070470000B0F86020D0F88C300168222BB1
:1037000059D14B6A1A40836D23F8022B8365B0F8B8
:103710005E20013AA0F85E20B0F85E20002A18BFB3
:10372000704700E0016851E8001F026821F49071C1
:1037300042E80013002BF5D1016851E8021F02682E
:1037400021F0010142E80213002BF5D12021C0F83D
:103750008C100021416701670168884A91421CBFB3
:103760004A6812F4000F0AD000E0016851E8001F17
:10377000026821F0806142E80013002BF5D1C16E90
:10378000012918BFFFF08CBB0021C166016851E818
:10379000001F026821F0100142E80013002BF5D150
:1037A0000168CA6912F0100F1CBF10220A62B0F83B
:1037B0005C10FFF04EBB886940F0080088617047DC
:1037C0002DE9F84F04462068B4F86050D0F81CB0DA
:1037D00001688268D4F88C30222B40F0C580B4F8A0
:1037E000687002F0010601F480784FF020094FF074
:1037F000000A95E01BF0200000F095802068416AE7
:10380000A26D294022F8021BA265B4F85E100139AE
:10381000A4F85E10D0F81CB01BF0070F30D0B8F140
:10382000000F0BD01BF001011FBF01210162D4F872
:10383000901041F0010118BFC4F890105EB11BF068
:1038400002011FBF02210162D4F8901041F004016F
:1038500018BFC4F890105EB11BF004011FBF042113
:103860000162D4F8900040F0020018BFC4F8900044
:10387000D4F8900020B12046FFF78DF9C4F890A04D
:10388000B4F85E0000284BD1206850E8000F216892
:1038900020F4807041E80002002AF5D1206850E849
:1038A000020F35490840216841E80202002AF5D19B
:1038B000C4F88C90C4F874A0C4F870A02068E449DF
:1038C00088421CBF416811F4000F0AD000E0206854
:1038D00050E8000F216820F0806041E80002002AD3
:1038E000F5D1E06E012818D1C4F86CA0206850E82A
:1038F000000F216820F0100041E80002002AF5D1F5
:103900002068C16911F0100F1CBF10210162204610
:10391000B4F85C10FFF09DFA02E02046FFF0C0FA18
:10392000002F7FF467AFB4F85E00D8B1B4F8681028
:10393000884228BFBDE8F88F206850E8020F216850
:1039400020F0805041E80202002AF5D10948606762
:10395000206850E8000F216840F0200041E8000294
:10396000002AF5D1BDE8F88F816941F00801816135
:10397000BDE8F88FF5360008FEFFFFEF000C005899
:103980002DE9F04186B004462168A068D4E90423FB
:10399000E56910430A681843A14B28431A401043B5
:1039A00008604868E26820F44050104348609D4831
:1039B000A0F50E368646A0699B4FB1421CBF226A15
:1039C00010438A68994B1A4010438860C86AD4F83B
:1039D00024C020F00F0040EA0C00C86294488046E2
:1039E0009448954B994228D0944B994231D0944BAE
:1039F00099423AD0934B994243D0934B994200F06D
:103A00004B80924B994200F05280914B994200F0CA
:103A10005980904B994200F060808F4B994240F062
:103A200069803B68C3F3C203052B00F26380012762
:103A3000DFE803F0695E626466683A6802F00703D3
:103A4000052B00F257800027DFE803F05D5256583F
:103A50005A5C3A6802F00703052B00F24B800027FE
:103A6000DFE803F051464A4C4E503A6802F0070333
:103A7000052B00F23F800027DFE803F0453A3E4087
:103A800042443A6802F00703052B33D80027DFE8E9
:103A900003F03A2F333537393A6802F00703052B24
:103AA00028D80027DFE803F02F24282A2C2E3A6894
:103AB00002F00703052B1DD80027DFE803F02419C7
:103AC0001D1F21237A6802F00703052B12D8022755
:103AD000DFE803F0190E121416183A68C2F3C20395
:103AE000052B07D80127DFE803F00E0307090B0DAC
:103AF000042708E0802706E0082704E0102702E0FA
:103B0000202700E04027B14213D00121B5F5004F36
:103B100020D1082F2AD8DFE817F00900580000014B
:103B200000015B000001000100016000FEF052FB9B
:103B300057E0402F30D0042F31D0082F34D0102F31
:103B40003CD0202F00F0C180022F40F0E580FDF036
:103B50001FFD2DE0082F14D8DFE807F00580DFDF18
:103B600083DFDFDF8800FEF035FB83E0102F00F0FD
:103B70009880202F3AD0402F40F0CF804FF4004063
:103B800034E0102F00F09480202F77D0402F40F0A9
:103B9000C4804FF4004071E04FF4004095E003A86A
:103BA000FDF008FD049803E06846FDF0ADFD0198C6
:103BB000002800F0AF80D4F824C086E0DEF80000D2
:103BC00010F0200F7BD140467FE0FEF7EDFB08E0D0
:103BD00003A8FDF0EFFC049803E06846FDF094FDB7
:103BE0000198002800F09680D4F824C0584931F894
:103BF0001C10B0FBF1F061684A0802EB40004FF680
:103C0000EF72B0FBF1F0A0F11001914200F284805C
:103C10004FF6F0710140C0F34200084378E000BF66
:103C2000F369FFCF0044025854440258FFF4FF11D7
:103C30000090D00300093D000044004000480040CF
:103C4000004C00400050004000780040007C0040E4
:103C5000000C00580014014000100140FEF7A4FBC6
:103C600008E003A8FDF0A6FC049803E06846FDF018
:103C70004BFD019800284DD0D4F824C034494FF6AC
:103C8000EF7231F81C10B0FBF1F0616800EB5100ED
:103C9000B0FBF1F0A0F1100191423DD8216880B253
:103CA00037E0DEF8000010F0200F42D140469DE7DB
:103CB000DEF8000010F0200F42D14046DEE7DEF8CB
:103CC0000000C0F3C10028FA00F02149656831F80E
:103CD0001C2005EB45070121B0FBF2F3BB421CD3CE
:103CE0002F03BB4219D800210023FCF0B0F90902D0
:103CF0002A46002341EA1061000210EB550041F111
:103D00000001FCF0A4F9134AA0F54071914203D8D8
:103D10002168C860002100E001210120A4F86A00A8
:103D2000A4F868000020C4E91D00084606B0BDE8FC
:103D3000F081DEF80000C0F3C10028FA00F055E77A
:103D4000DEF80000C0F3C10028FA00F096E700BFDB
:103D5000124B0008FFFC0F002DE9F8430446DDF884
:103D60002090984616460F46206809F10105C16962
:103D70003940C91BB1FA81F14909B1422AD1002D5C
:103D8000F5D0FDF0A1FB0321B9F1000F23D0A0EB8A
:103D9000080048451FD82068016811F0040FE6D0DC
:103DA000402F18BF802FE2D0C16911F0080F16D143
:103DB000C16911F4006FDAD04FF40061016220464E
:103DC000FFF0FCFF20200321C4F89000002084F8BD
:103DD000840000E00021C8B201B0BDE8F0830825EE
:103DE00005622046FFF0EAFF0020C4F89050012150
:103DF00084F88400EFE7FEE710B518480021194C5D
:103E000001601748017020460021FEF7F9FD2046A9
:103E10000421FEF7F5FD14481449B84A4FF49653AF
:103E2000FDF732FF12480068013018BF10BD11487D
:103E3000017811291CBF11210170417839B1013974
:103E400011F0FF0F417004BF0021017001E001215A
:103E50004170BDE8104000F1B7B900BF7C000024FC
:103E6000300000240C76002430020024100C02588C
:103E700000900108200000242DE9F041DFF87CE2E9
:103E80009F4CDFF880C2DFF8808200228021B7EEED
:103E9000040B46E03EF8120000F1800301EB102015
:103EA000C0B2DBB2E528C4E90B3001D9E52002E05D
:103EB000192801D8192020638038E52B01EE100A5B
:103EC000B8EEC11B21EE001BBDEEC11B11EE100AA6
:103ED00000F180004FEAE07500EB156505F47F45C1
:103EE000A0EB05002CF8120001D9E52302E0192B04
:103EF00001D81923E362A3F1800001EE100AB8EEA5
:103F0000C11B21EE001BBDEEC11B11EE100A80305B
:103F1000C31700EB136303F47F43C01A28F81200A1
:103F20000132B2F5965FB5D10022634641462EE0DC
:103F3000002500200026C4E90B5508E033F916706F
:103F40003D4431F91670013625633844E062012E94
:103F5000F4D12E042CF8125028F81200B6F57F0F79
:103F600001DDFF2603E0B6F1FF3F02DC00262CF85E
:103F7000126000B2FF2801DDFF2003E0B0F1FF3F37
:103F800002DC002028F81200023302310132B2F5BF
:103F9000965FCDD16079411E5C48042900F29D8076
:103FA000DFE801F00325476C98006178B4F914202C
:103FB000544B41F2BE254FF4807C1144B4F90E20DD
:103FC0000A4440F2BF410CE01E18765FB24203DCA7
:103FD00033F91160B24277DC08B9A4F807C00230A7
:103FE0000131A1F10F077E094A2EEDD96AE061780F
:103FF000B4F91420434B41F2BE254FF4807C1144A8
:10400000B4F90E200A4440F2BF410CE01E18765F5E
:10401000B24203DB33F91160B24255DB08B9A4F8B0
:1040200007C002300131A1F10F077E094A2EEDD9F8
:1040300048E06078B4F9161040F245534FF48075AB
:104040000844B4F9101008442F4901F6340240F234
:1040500029410DE0B2F90060B04203DAB2F91E6006
:10406000B04231DA0BB9A4F807500232013B0131FA
:10407000A1F10F077E094A2EECD923E06078B4F94C
:10408000161040F245534FF480750844B4F91010EF
:1040900008441D4901F6340240F229410DE0B2F90D
:1040A0000060B04203DDB2F91E60B0420CDD0BB916
:1040B000A4F807500232013B0131A1F10F077E093C
:1040C0004A2EECD9278308E0C81F2783A08101204E
:1040D000E07102E04FF49660A081A07858B120789A
:1040E000A1790843000606D109A040F2C311FCF7EC
:1040F00063F901202070BDE8F08100BFB078002492
:1041000030000024CA0400244A2A0024A2F6FFFF3B
:10411000616464742033322C302C2564FFFFFF006F
:1041200070B5344D68780138052862D8DFE800F0B2
:1041300003190B21112AA878022818BF012858D189
:1041400000F012FC50E0A87802282DD001283AD0C7
:104150004FE0A878022818BF01284AD100F1C2F820
:1041600042E0A878022818BF012842D100F1E2F805
:104170003AE0A878022829D0012818BF70BD00F1C4
:1041800013F931E04FF448761BA403E02046FCF716
:1041900013F9013E002EF9D1A878012818BF022892
:1041A00027D1FFF729FE1FE0A8880A280BD314485F
:1041B0000078052807D80A2402E000F023F8013C23
:1041C000002CFAD110E000F01DF80DE0A8880A28B4
:1041D000D5D30B4800780528D1D80A2402E000F195
:1041E000E3F8013C002CFAD100F088FB0020A5F890
:1041F000010070BDA802002401FFFFFF00000000C5
:1042000020000024704700001F489FED1B1B204921
:1042100090ED000A1D48B0EE412BB0EE413BB7EEE9
:10422000C00A00EE022BBCEEC20BB0EE412B80EDBB
:10423000000A91ED000A1749B7EEC00A00EE022B02
:10424000BCEEC20B9FED0E2B80ED010A91ED000A32
:104250001149B7EEC00A00EE023BBCEEC30B80ED85
:10426000020A91ED000AB7EEC00A00EE021BBCEE96
:10427000C10B80ED030A70470000000000408F4032
:1042800000000000006AF8404C0000249000002468
:1042900050000024540000245800002400000000B6
:1042A000022904D0012918BF7047124900E01049C3
:1042B0000978114A80389FED0A0B9FED0B1B32F8ED
:1042C0001110484302EE100AB8EEC22B82EE000B2A
:1042D00020EE010BB7EEC00B704700BF00BF00BF60
:1042E0000000000000408F40000000000000A03FE0
:1042F0003A00002439000024B4000024000000002B
:10430000F8B52DED067BDFF82005DFF82065007895
:1043100070720828B74C00F28C80DFE800F0050CC2
:1043200013202734475A7200DFF8047520464FF4F3
:10433000805101222DE0DFF8F87420464FF48051BF
:10434000012239E0DFF8E87420464FF48051012261
:10435000B847A4F500654FF4805100225DE0DFF816
:10436000D07420464FF48051012250E0DFF8C07431
:1043700020464FF480510122B847A4F500654FF460
:10438000805101220BE0DFF8A87420464FF48051E1
:104390000022B847A4F500654FF48051002228465A
:1043A000B84728464FF4006100223CE0DFF88074F3
:1043B00020464FF480510022B847A4F500654FF421
:1043C000805100222846B84728464FF40061012258
:1043D00011E0DFF85C7420464FF480510022B847AA
:1043E000A4F500654FF4805100222846B8472846BE
:1043F0004FF400610022B84728464FF48061012243
:1044000016E0DFF82C7420464FF480510022B847A4
:10441000A4F500654FF4805101222846B84728468C
:104420004FF400610122B84728464FF48061002212
:10443000B847DFF8000400780928B07200F29080D5
:10444000DFE800F00519212E363E49566A7ADFF87A
:10445000E053A4F500604FF400410122A847204634
:104460004FF480710022A847204680210122A847EE
:10447000204640214EE0DFF8B853A4F500604FF429
:10448000004101222EE0DFF8A853A4F500604FF4AC
:1044900000410122A84720464FF48071002246E0E7
:1044A000DFF88C53A4F500604FF40041012239E09D
:1044B000DFF87C53A4F500604FF40041012241E095
:1044C000DFF86C5320464FF480710022A847204645
:1044D0008021012215E0DFF85853A4F500604FF465
:1044E00000410022A84720464FF4807100222EE0B0
:1044F000CF4D20464FF480710022A84720468021EE
:104500000022A847204640210022A847A4F50060C9
:104510004FF40041002222E0C54DA4F500604FF4A5
:1045200000410022A84720464FF480710122A8478D
:104530002046802101220EE0BD4DA4F500604FF41D
:1045400000410022A84720464FF480710122A8476D
:10455000204680210022A847204640210122A8476A
:10456000B5480378581C0F2BF072B44811D840F2AC
:104570008F1140F2F312DFE803F0440813171B1FFA
:1045800023272B2E3134373A3F429F2140F2F3123A
:1045900037E0FF2B37D140F21F3140F2F31230E009
:1045A0004F2140F2F3122CE0272140F2F31228E0D1
:1045B0000F2140F2F31224E0072140F2F31220E031
:1045C00040F2E73101221CE040F28F11012218E095
:1045D000C721012215E06321012212E027210122D7
:1045E0000FE0132101220CE00921012209E003213F
:1045F000012206E00008025801210160416001210A
:10460000002202604160B08A0121803080B2FFF751
:1046100047FEB08A0121B0EE408A803080B2FFF7B9
:104620003FFEB5EEC08AB7EEC00AF1EE10FA53ECC9
:10463000102BACBF82A089A0FBF7BEFEF08A02213E
:10464000803080B2FFF72CFEF08A0221B0EE408A63
:10465000803080B2FFF724FEB5EEC08AB7EEC00A04
:10466000F1EE10FA53EC102BACBF83A08AA0FBF73D
:10467000A3FEB6F914009FED688BB7EE089B53219B
:10468000532300EE100AB0EE481B8A48B8EEC00B68
:1046900000EE491BBDEEC10BBDEEC11B11EE102A91
:1046A0008DED000AFBF788FEB6F91600532153235F
:1046B00000EE100A8048B8EEC00B00EE498BBDEE4C
:1046C000C80BBDEEC81B11EE102A8DED000AFBF7DA
:1046D00073FE7079411EC9B201290AD8F0890121FF
:1046E000803080B2FFF7DCFDF089B0EE408A012116
:1046F0000DE00338C0B201281AD8308A0221803078
:1047000080B2FFF7CDFD308AB0EE408A02218030C2
:1047100080B2FFF7C5FDB5EEC08AB7EEC00AF1EE74
:1047200010FA53EC102BACBF64A06B48FBF744FEAF
:104730006A480078411C717140F0010101291DD1C6
:104740006B48684DA8476B48A847B6F90E00B6F904
:1047500014109FED330BBFEE082B084401EE100A36
:104760006548B8EEC11B01EE020BBDEEC01BBDEEED
:10477000C00B8DED001A10EE102A20E000F0FE00B4
:1047800002281FD15648574DA8475748A847B6F9A1
:104790001000B6F916109FED220BBFEE082B08444F
:1047A00001EE100A5148B8EEC11B01EE020BBDEE3E
:1047B000C01BBDEEC00B10EE102A8DED001A532168
:1047C0005323A847F078012805D050B920464FF46C
:1047D0008061012203E020464FF480610022FDF752
:1047E00050FC3079012805D078B920464FF400619B
:1047F000012203E020464FF400610022BDEC067B5D
:1048000001B0BDE8F040FDF73CBCBDEC067B01B05B
:10481000F0BD00BF00BF00BF0000000000A0674067
:104820000000000000806940B10000243000002436
:1048300083200008B0000024B200002428000140BA
:104840006D61675F6F66667365742E7478743D2260
:104850002B252E32665622FFFFFF00006D61675F39
:104860006F66667365742E7478743D22252E3266E9
:104870005622FFFFFF0000006C696768745F6F6677
:10488000667365742E7478743D222B252E3266561D
:1048900022FFFFFF000000006C696768745F6F66AD
:1048A000667365742E7478743D22252E3266562206
:1048B000FFFFFF00864B0008C44B00087472696755
:1048C0005F76616C75652E7478743D222B252E32CF
:1048D000665622FFFFFF00002F4B000840A0002477
:1048E000494B0008B9030008F24B0008A54B00082B
:1048F000584B0008E34B0008674B00087047000066
:1049000017499FED112B9FED123B9FED135B04EEBA
:10491000100A1448002291ED070A91ED091AB8EE29
:10492000C44B0021B7EEC11AB7EEC00A31EE021B2C
:1049300030EE030B01EE040B20EE050BBCEEC00BBA
:1049400010EE103AFCF095B91361C3D32B65693FA3
:10495000AE47E17A14AEF33F65934D36D964934088
:10496000300000244C7500247047130C06BF12045D
:104970004FF0100C4FF0000C130E04BF12020CF19C
:10498000080C130F04BF12010CF1040C930F04BFA9
:1049900092000CF1020CD30F04BF52000CF1010C79
:1049A00011464FF00002A0F11F00A0EB0C00704771
:1049B0009C46002B30D477002BD04FEA37071CB52C
:1049C00003B44FF010004FF01001BAF1000F06D001
:1049D000BCF1000FDCBF40F0080040F008014FF0D0
:1049E00000000FBCBDE810400BF1010BBBF1010F43
:1049F00008BF5FEA170722BF12F1010211F101019E
:104A00004FF0004143F1000300F0004043EA000092
:104A10007047F9D35708D0E746EA06464FEA1646EC
:104A200013F1400F1FDD13F1200FDFBF16430A46BD
:104A3000002120335B42BED0C3F1200746EA064680
:104A40004FEA164602FA07F746EA070622FA03F289
:104A5000C3F1200701FA07F742EA070221FA03F13E
:104A60004FF00003A7E746EA020646EA06464FEA89
:104A7000164646EA0106BCBF46EA0646360C4FF02B
:104A800000034FF000024FF0000194E7FBF068BC18
:104A900003B401984100009850EAC12018BF0420D7
:104AA0004A0D18BF40F0010040F2FF72B2EB515FB7
:104AB00008BF40F00200012808BF052002B070477F
:104AC00010B500290AD00878002807D00548784496
:104AD000FBF07AFD002801D0002010BD0248784488
:104AE00010BD0000860010007E0010004FF04070E6
:104AF000E1EE100A7047FBF748BE3A7474003A744E
:104B00007400000000000102030401020304060710
:104B10000809010002000400060008000A000C0059
:104B20001000200040008000000101FFFFFF007422
:104B30007269675F76616C75652E7478743D2225A5
:104B40002E32665622FFFFFF007669732074726969
:104B500067312C30FFFFFF0076697320747269673C
:104B6000322C30FFFFFF006D6F766520747269672D
:104B7000312C25642C25642C25642C25642C302CA8
:104B80003330FFFFFF006D6F7665207A65726F31FD
:104B90002C25642C25642C25642C25642C302C3386
:104BA00030FFFFFF006D6F76652074726967322CED
:104BB00025642C25642C25642C25642C302C333062
:104BC000FFFFFF006D6F7665207A65726F322C25CE
:104BD000642C25642C25642C25642C302C3330FF68
:104BE000FFFF007669732074726967312C31FFFF13
:104BF000FF007669732074726967322C31FFFFFF02
:104C000000000000304C000800000024D00000002C
:104C1000D4020008004D0008D000002468A700005E
:104C2000F00200080000000000000000000000008A
:104C30000000000000000000000000000100000073
:104C400010000000000000000090D0030090D0038E
:104C5000080000000000000000000000000000004C
:104C6000008001000001000000000000E8030000D7
:104C7000000000006400CEFF000000000000000003
:104C80000000000000000000000000000000000024
:104C90000000000000000000000000000000000014
:104CA0000000000000000000000000000000000004
:104CB00000000000000000000000000000000000F4
:104CC000AAAAAAAABBBBBBBBCCCCCCCCDDDDDDDDAC
:104CD000AAAAAAAAAAAAAAAAAAAAAAAAAAAAAAAA34
:104CE0000101010010278813D007E803F401C80070
:104CF0006400320014000A00000000000000000000
:020000040810E2
:10000000662904F04185642904F04085002070478A
:100010001FB504F76BFD9DE8030000F059F900F7E8
:10002000EFFC04000020002104F74AFDE06000F727
:1000300053FD1FBD10B500F7B8FD10BD00F7EFFD73
:100040001146FFF7E5FF04F077F900F0ACFA53EA48
:10005000020C00F069802DE9F04B4FF00006002BF8
:100060001FBFB3FA83F503FA05F424FA05F65E40E0
:1000700012BF1643B2FA82F502FA05F4C5F1200563
:100080001EBF22FA05FC44EA0C04203556EA044C53
:100090004FEA144418BF641C4FF000084FF00009E9
:1000A000904271EB030C39D3002919BFB1FA81F7E3
:1000B00001FA07F6B0FA80F700FA07F6C7F1200751
:1000C0001EBF20FA07FC46EA0C062037B6FBF4FCFC
:1000D000A7EB0507103F07F01F0BCBF120062CFA0A
:1000E00006F60CFA0BFB44BFB3460026202FA4BF34
:1000F0005E464FF0000B5BEA060C08BF4FF0010BA9
:1001000019EB0B0948EB0608ABFB027C06FB02CCA3
:100110000BFB03CCC01B71EB0C01C1E70B46024685
:1001200041464846BDE8F08B13B54FF000004FF054
:100130000001AFF30080BDE81C4070472DE9F04797
:100140004FF0000A89460446C0F820A02046E16826
:100150008847002876D0252806D0D4E90121904789
:10016000206A401C2062F1E7E168204600258847AC
:10017000C4F81CA006460027C4F818A02A2E09D0EF
:10018000304604F087FC38B304EB8708303EC8F8EB
:10019000186019E059F8041B204604EB87029161AE
:1001A000E1688847012F064618D1E069002820DA67
:1001B00025F020051DE0D8F8180000EB800006EBC4
:1001C00040003038C8F818002046E16888470646E5
:1001D00004F060FC0028EED1012F0AD02E2E08D1A9
:1001E0002046E16888477F1C0646022F45F020051F
:1001F000C4DBA069002803DA404245F00105A06194
:10020000E80701D025F01005B6B1A6F14100192884
:1002100002D8203645F400654A463146204625601E
:100220004D46FFF7EDFE58B1012806D0ED1D25F033
:10023000070000F1080989E704E005F1040985E7F2
:1002400030468AE7206ABDE8F0874FF0000200B52B
:10025000134694469646203922BFA0E80C50A0E8E9
:100260000C50B1F12001BFF4F7AF090728BFA0E897
:100270000C5048BF0CC05DF804EB890028BF40F863
:10028000042B08BF704748BF20F8022B11F0804FA5
:1002900018BF00F8012B704700487047D4010024B4
:1002A000704770477047704738B504460A460020CB
:1002B0006946AFF30080002808BF38BD02460099A8
:1002C000204600F7A5FB012038BD012000F7A0BCA7
:1002D000F8B5AFF30080054600200C46102000BFA3
:1002E0000646A819A0420DD9324669460020AFF350
:1002F0000080070008BF00F78BFC0098A04218BFE1
:100300000546C419FFF7C8FF05600746F01D20F039
:1003100007004619284600F00AF8B44208BFF8BDA5
:10032000A21B31463868BDE8F84000F771BB0021D8
:100330000160C0E90110704710207047074B70B58D
:100340000D467B4400F043F80446284600F7BFFB07
:1003500010B14FF0FF3070BD204670BD5D4700000A
:1003600010B5203AC0F00B80B1E81850A0E8185042
:10037000B1E81850A0E81850203ABFF4F5AF5FEA92
:10038000027C24BFB1E81850A0E8185044BF18C937
:1003900018C0BDE810405FEA827C24BF51F8043BDE
:1003A00040F8043B08BF7047D20728BF31F8023B32
:1003B00048BF11F8012B28BF20F8023B48BF00F8C6
:1003C000012B704701694A1C02610878704700B52B
:1003D0008FB0CDE901310021059105497944CDE97E
:1003E000031011466846FFF7A9FE0FB000BD0000DC
:1003F000E5FFFFFF2DE9F0411F4604460326016893
:10040000072A01F4006004DB08B116A505E016A573
:1004100003E008B115A500E015A521F0100020604B
:10042000A069C01EA0610FB1401EA0612046AFF3BD
:1004300000804FB1D4E9012138469047206A401C22
:100440002062C01C206206E0206AFAE7D4E901219C
:1004500015F8010B9047761EF8D22046AFF30080C6
:10046000BDE8F0814E414E006E616E00494E46007F
:10047000696E66002DE9F047814616468AB0354818
:1004800078440DC88DE80D0032487844801C03ACD8
:100490000DC884E80D0041F69B300844372190FBDD
:1004A000F1F290FBF1F5A5F1800501FB12041B3C74
:1004B00002D56442012000E00020DFF898A08046C9
:1004C0000027FA44AAF1BE0A0EE0E0070AD032463D
:1004D000684607EB470101230AEB810104F09CF910
:1004E0008DE8070064107F1C002CEED1194F7F446B
:1004F000AE3F19E0E80715D007EB04100DF1180A1C
:1005000090E80E008AE80E00C068F04201D1981908
:1005100008903246012306A903A804F07DF903AB35
:1005200083E807006D10641C002DE3D14FF0010338
:1005300032466946B8F1000F03A802D004F057F91B
:1005400001E004F069F9C9E90001C9F808200AB01E
:10055000BDE8F087B446000070472DE9F047044637
:100560004FF000094FF0FF37C568D4E90486A807AB
:1005700007D0204600F0A0F8304600F731FD0028F3
:1005800002DA3846BDE8F087280502D54046FFF676
:10059000A3FF4C212046FFF758FE206D20F00100FC
:1005A00020654846EEE710B50446AFF300802046CC
:1005B000BDE81040FFF6AABE10B500F7B7FDBDE8D4
:1005C000104000F7D5BC000030B44FF0013C50F8AB
:1005D000042BCCFA52F451F8043BD51A20D1FCB9C3
:1005E00050F8042BCCFA52F451F8043BD51A17D129
:1005F000B4B950F8042BCCFA52F451F8043BD51A94
:100600000ED16CB950F8042BCCFA52F451F8043BDB
:10061000D51A05D1002CDAD030BC4FF0000070475D
:1006200029BAB1FA81F111F01801D1F1200084400A
:10063000F2D1CA40CB4012F0FF0213F0FF0330BCEE
:10064000D01A704701491820ABBEFEE72600020011
:10065000C16821F4001141F08001C1600021816076
:10066000016070472DE9F047814614460E464FF071
:10067000FF383248D5685769054209D03846A16924
:1006800000F7C9FC002811DB2C48C0430540E56099
:100690002B4632464946384600F7A8FCA16920F0AF
:1006A0000042B21A11440028A16103D02046FFF78E
:1006B000CFFF4046BDE8F08770B504460569C06AC3
:1006C0006168884200D80846E16821F42011E160A1
:1006D000C90312D5A84208D02246411B2846FFF77D
:1006E000C1FF10B14FF0FF3070BD0020E562C4E9DA
:1006F0000150E06820F48030E060002070BD10B54B
:100700000446C06820F02000E060A16AA069884229
:100710000DD02046FFF7D0FFE06820F4405040F0B5
:100720001000E060A06AA0612069E062606044F2AD
:100730004001E0688843E06010BD00001000020046
:1007400070B505460C460A2000E06D1C00F708FD58
:1007500035B128780028F8D102E0641C00F700FDCC
:1007600014B120780028F8D1BDE870400A2000F7C5
:10077000F7BC10B50146C268900703D0900607D5B4
:10078000886A0AE000F740F901210160881E10BD67
:100790008B69486818440B69C01A91F848301BB13E
:1007A00091F84910401A10BD1103FCD50028FADD5C
:1007B000401E10BDE0B594460A46014600934FF432
:1007C0008070634600F73FFD8CBD2DE9F04F85B08A
:1007D0000E9F1646884605464FF0000A01221C4629
:1007E00030468DF810A0CDF80CA0394601F749FC31
:1007F000304621460022019401F743FCDDF83CB06D
:10080000681C03AC05E010F80A1004F80A100AF19D
:10081000010AD045F7D10025CDF8088022E04FF03D
:1008200000081AE060575946B0F1FF3F5FFA80F9BF
:100830003046CCBF0022012201F723FC3046394666
:10084000002201F71EFC4FEA49003946012260559B
:10085000304601F716FC08F101085FFA88F0072816
:10086000E0D901355545DAD130465946012201F724
:1008700008FC01993046012201F703FC029805B0FB
:10088000BDE8F08FFEE70000014800F73FBF00BF62
:1008900030020024014800F739BF00BF5003002494
:1008A000014800F733BF00BF50040024017901392B
:1008B000072988BF7047B0B502681A4D1A4C8E4B95
:1008C0004FF0010C9A421CBF8C4B9A4216D08C4BB5
:1008D0009A421CBF8B4B9A4210D08B4B9A421CBF42
:1008E0008A4B9A420AD08B4B9A424FF001031FBFAA
:1008F0000E4B1A44B2FA82F2530900E00123002B96
:1009000004F1400218BF2C46002B04EB810418BFF1
:1009100005F140020CFA01F1C0E91B424167BDE854
:10092000B040704700590258000902406CABFDA767
:10093000B0B5D0F800C0D0F858E05F4CA44544D022
:100940005E4CA4451CBF5E4CA4453ED05D4CA44506
:100950001CBF5D4CA44538D05C4CA4451CBF5C4C0E
:10096000A44532D05B4CA4451CBF5B4CA4452CD0A5
:100970005A4CA4451CBF5A4CA44526D0594CA445FA
:100980001CBF594CA44520D0584CA4451CBF584C02
:10099000A4451AD0574CA4451CBF574CA44514D0AD
:1009A000564CA4451CBF564CA4450ED0554CA445EE
:1009B0001CBF554CA44508D0544CA4451CBF544CF6
:1009C000A44502D0534CA44574D1D0E919456560C3
:1009D000C46E14B1D0E91C456560374CA44545D0C0
:1009E000364CA4451CBF364CA4453FD0354CA445DD
:1009F0001CBF354CA44539D0344CA4451CBF344CE5
:100A0000A44533D0334CA4451CBF334CA4452DD052
:100A1000324CA4451CBF324CA44527D0314CA445D0
:100A20001CBF314CA44521D0304CA4451CBF304CD8
:100A3000A4451BD0364CA4451CBF2F4CA44524D044
:100A40002E4CA4451CBF2E4CA4451ED02D4CA445B5
:100A50001CBF2D4CA44518D02C4CA4451CBF2D4CBC
:100A6000A44512D0234CA44518BFB0BDC46D3F258A
:100A700004F01F0405FA04F4CEF80840DCF8005036
:100A800025F48025CCF8005007E0C46D012504F062
:100A90001F0405FA04F4CEF80440CCF80430806852
:100AA0004028084608BF1046CCF8080008BF0A4690
:100AB000CCF80C20B0BD00BF10000240280002405E
:100AC000400002405800024070000240880002408E
:100AD000A0000240B8000240100402402804024076
:100AE000400402405804024070040240880402405E
:100AF000A0040240B8040240085402581C54025892
:100B00003054025844540258585402586C540258F5
:100B1000945402588054025870B50C6801F11C0EB0
:100B2000D0F800C09EE80C409CB12CF4F84632434B
:100B30000E1D1A4342EA0E020260D0F804C04CCEE9
:100B4000D1E9045489691A43012332432A432243D9
:100B50000FE01A43D1E9013401F10C064EEA020E0E
:100B600064CE896943EA0E0323431A4300232A43D0
:100B70003243114347F6FF722CEA0202114340F858
:100B80002310002070BD0000F0B5D0F808C0CC687C
:100B90004B69244D002A05EB035E234B03EB043322
:100BA0001CD0224A6FF0FF0502EA0C0242EA0E0254
:100BB0001A438260D0F80CC091E88C000E6905EBF6
:100BC00007276FF00F05013A05EB03131A43184B83
:100BD0003A4303EB06431343012215E091E8340046
:100BE0006FF00F0743EA0E030E69013A07EB041496
:100BF0001A436FF0FF03224303EB05231A430C4B08
:100C000003EB06431343002289690CF0704700EBA5
:100C100082003B434FF07F4707EB0161194381603E
:100C20000020F0BD0000F0FF00F0FFFFFF0F0FFFFE
:100C30000000FFFF034804490022C0E90021C0E989
:100C400002217047B00200240000F0BF10B5044636
:100C50006CB1207920B900206071204600F7F0FCCB
:100C600002200121207100202061217110BD01208E
:100C700010BD81B04FF0000C0028CDF800C00CD0A2
:100C80000068002900900098104414BF1430083008
:100C9000009000980360002000E0012001B0704740
:100CA000F8B5044600F010FC0546002C00F0A080CA
:100CB00094F83500022840F09D802768A34EA44890
:100CC00087421CBFA348874227D0A34887421CBF46
:100CD000A248874221D0A24887421CBFA148874230
:100CE0001BD0A14887421CBFA048874215D0A0480E
:100CF00087421CBF9F4887420FD09F4887421CBF36
:100D00009E48874209D09E4887421CBF9D48874223
:100D100003D09D48874240F00481386820F01E00CF
:100D20003946386051F8140F20F080000860884878
:100D3000874244D0874887421CBF874887423ED0BD
:100D4000864887421CBF8648874238D085488742FC
:100D50001CBF8548874232D0844887421CBF8448E4
:100D600087422CD0834887421CBF8348874226D0C5
:100D7000824887421CBF8248874220D082488742EF
:100D80001CBF804887421AD0704887421CBF7F48EA
:100D9000874214D07E4887421CBF7E4887420ED0CF
:100DA0007D4887421CBF7D48874208D07C488742E7
:100DB0001CBF7C48874202D07B48874204D1206E0A
:100DC000016821F480710160386820F0010038600A
:100DD000386810F0010F11D000F076FB401B062898
:100DE000F6D320206065032084F83500012093E0CD
:100DF000012094E08020606501208DE02068544946
:100E000088421CBF5349884226D0534988421CBFA0
:100E10005249884220D0524988421CBF51498842D9
:100E20001AD0514988421CBF5049884214D05049B9
:100E300088421CBF4F4988420ED04F4988421CBF90
:100E40004E49884208D04E4988421CBF4D498842CD
:100E500002D04D4988426CD1D4E9161202F01F022B
:100E60003F2303FA02F28A603949884244D0394963
:100E700088421CBF384988423ED0384988421CBF4E
:100E80003749884238D0374988421CBF36498842A2
:100E900032D0364988421CBF354988422CD035496A
:100EA00088421CBF3449884226D0344988421CBF3E
:100EB0003349884220D0344988421CBF3149884296
:100EC0001AD0224988421CBF3049884214D0304988
:100ED00088421CBF2F4988420ED02F4988421CBF30
:100EE0002E49884208D02E4988421CBF2D4988428D
:100EF00002D02D4988420BD1D4E919014160E06E3E
:100F000030B1016821F480710160D4E91C014160B5
:100F1000012084F835000020002184F8341001B04D
:100F2000F0BD3868B7423FF4F9AE20F00E00394604
:100F3000FCE6D4E91612B04202F01F023FF490AF73
:100F4000012303FA02F24A608EE700BFB8040240B0
:100F500010000240280002404000024058000240B9
:100F60007000024088000240A0000240B800024029
:100F70001004024028040240400402405804024089
:100F800070040240A0040240880402400854025841
:100F90001C540258305402584454025858540258B1
:100FA0006C54025894540258805402582DE9F04170
:100FB000044600F089FA0546002C00F006812068FE
:100FC000DD49884248D0DD4988421CBFDC4988425F
:100FD00042D0DC4988421CBFDB4988423CD0DB4917
:100FE00088421CBFDA49884236D0DA4988421CBFA1
:100FF000D949884230D0D94988421CBFD849884253
:101000002AD0D84988421CBFD749884224D0D74922
:1010100088421CBFD64988421ED0D64988421CBF90
:10102000D549884200F09280D44988421CBFD449F7
:10103000884200F08B80D34988421CBFD249884245
:1010400000F08480D14988421CBFD14988427DD0BC
:10105000D049884240F0B480022184F83510002144
:1010600084F83410B44988421CBFB449884228D05F
:10107000B34988421CBFB349884222D0B249884252
:101080001CBFB24988421CD0B14988421CBFB1493B
:10109000884216D0B04988421CBFB049884210D05F
:1010A000AF4988421CBFAF4988420AD0AE49884246
:1010B0001CBFAE49884204D0B64988421CBFAC4927
:1010C0008842016821F00101016005E000F0FCF9AF
:1010D000401B052872D82068016811F0010FF5D176
:1010E0000168AE4A04F1100C01EA0208D4E90225B5
:1010F0009CE84810D4E90771D4F824E042EA0802D9
:10110000BEF1040F42EA050242EA030242EA060285
:1011100042EA0C0242EA070241EA020102BFD4E9B4
:101120000B23114319439E4A1268B2F1005F55D355
:101130006568A5F13F02132A4AD8012303FA02F297
:10114000984B1A4244D041F4801147E0022184F8C0
:101150003510002184F834100268D4E90237D4E94C
:101160000465D4E906CED4F82080802B6FF31012EA
:1011700008BF4FF48041402B42EAD70208BF10213C
:10118000114341EAD60141EAD50141EADC0141EAD5
:10119000DE0141EA181101607F4908441421B0FBC7
:1011A000F1F08000E065204600F776F8E16D01225D
:1011B00001F01F0102FA01F141604CE0202000E043
:1011C00040206065032084F835000120BDE8F081EF
:1011D000A5F12902062A38BF41F480110160BEF151
:1011E000040F416921F0070141EA0E0128D1D4E939
:1011F0000A53294323B3BCF5005F08D0BCF1000FAC
:1012000011D1022D12D0012D07D07DB118E0032D90
:1012100016D8DFE805F00E0B0E02A3F1C072B2FA89
:1012200082F2520904E0032D03D309D1C3F3006213
:1012300032B140206065012084F83500BDE8F081BE
:101240004161204600F728F8E16D3F2201F01F01BF
:1012500002FA01F1816020683749884244D0374959
:1012600088421CBF364988423ED0364988421CBF5E
:101270003549884238D0354988421CBF34498842B4
:1012800032D0344988421CBF334988422CD033497C
:1012900088421CBF3249884226D0324988421CBF4E
:1012A0003149884220D0314988421CBF30498842A8
:1012B0001AD0384988421CBF2F49884214D02F4980
:1012C00088421CBF2E4988420ED02E4988421CBF3E
:1012D0002D49884208D02D4988421CBF25498842A3
:1012E00002D02B4988421FD1204600F745F8A0685C
:1012F000802806BF002060606068216EC2B201389D
:101300000A600728D4E919124A6009D82046FFF775
:10131000CDFAE06E00210160D4E91C01416003E0D8
:101320000020C4E91B00606700200121606584F88B
:101330003510BDE8F08100BF1000024028000240D7
:101340004000024058000240700002408800024005
:10135000A0000240B80002401004024028040240ED
:1013600040040240580402407004024088040240D5
:10137000A004024094540258085402581C540258C5
:101380003054025844540258585402586C5402586D
:1013900080540258B8040240F8ABFDA73F8010FE0D
:1013A0000010005C0F030F003349086840F0010093
:1013B000086001200A6812F0010F08BF7047D1F8D9
:1013C000002142F00102C1F80021D1F80011884348
:1013D000704700BF2DE9F843264F14460D46387D6F
:1013E000012801D1022041E0294601206FF31301B9
:1013F0003875B1F1006F05D0B1F1016F36D14FF002
:10140000020901E04FF001094FF000084CF25030A2
:101410004946C7F8188000F709F828BB1648B9F103
:10142000010F00F5807604BF42F20C06C5F20026DB
:10143000306840F0020030600820BFF36F8FBFF3C8
:101440004F8F02CC013810F0FF0F02C5F9D1BFF366
:101450006F8F4CF250304946BFF34F8FFFF6E6FFD7
:10146000316821F00201316087F8148001B0BDE8D5
:10147000F08300BF24A000240C2000520F48836892
:101480000F49104A13F0010F05D001600260836814
:1014900013F0010F0FD1D0F8083113F0010F08D06D
:1014A000C0F80011C0F80021D0F8080110F0010FB9
:1014B00001D1002070470120704700BF0420005276
:1014C00023016745AB89EFCD11488068704700BFA5
:1014D00070B50F4E04463078B0B14FF47A71B1FB5D
:1014E000F0F00C490968B1FBF0F000F7E5FF0125C9
:1014F0000F2C0AD848B94FF0FF30214600220025B2
:1015000000F00AF8746000E00125284670BD00BFB5
:101510000C00002418000024B0B5144C1A4D00F043
:101520000F03B0F1FF3FA3F104032B4403F10C03BD
:10153000C8BF03192868C0F30220051DC41E80F02F
:101540000700072D4FF0010538BF0024042828BFED
:10155000042005FA00F00138084005FA04F10F31C3
:10156000A0401140084300011870B0BD00E400E045
:1015700005494FF6FF030A681A4060F30A22034840
:1015800010430860704700BF0CED00E00000FA0552
:1015900080B500F0FFFD0549054A0968C1F3021155
:1015A000515C01F01F01C84080BD00BF20440258BB
:1015B000024B000810B54E4CD4F828C0A26AE36A6A
:1015C000E16BC3F30013C2F305325B42002A03EA66
:1015D000D1016FF35F3100EE101AB8EE400A20D04F
:1015E0000CF00303022B24D0012B1ED0EBB902EE2A
:1015F000102A9FED411AB8EE422A216820EE010A16
:1016000011F0200F5DD1A16B9FED3E1A6FF35F21AA
:1016100081EE022A03EE101AB8EE433A30EE031AB6
:101620001AE00021C0E9001149E0A16B9FED332AC7
:1016300002E0A16B9FED2F2A01EE102A6FF35F21CC
:101640009FED2D3AB8EE414A01EE101AB8EE411A5C
:1016500082EE042A00EE031AA16BB7EE000A31EE07
:10166000001A22EE011AC1F3462103EE101AB8EE59
:10167000433A33EE002A81EE022ABCEEC22A80ED04
:10168000002AA16BC1F3064102EE101AB8EE422AFD
:1016900032EE002A81EE022ABCEEC22A80ED012A37
:1016A000A16BC1F3066102EE101AB8EE422A32EEC7
:1016B000000A81EE000ABCEEC00A10EE101A81602A
:1016C00010BD2168C1F3C1010D4A22FA01F1A26BDC
:1016D00003EE101A6FF35F2201EE102AB8EE411AE2
:1016E000B8EE433A30EE011A83EE022AB4E700BFA7
:1016F0000044025820BCBE4B000000390024744A4C
:101700000090D0030024744C10B54E4CD4F828C07F
:10171000A26AE36A616CC3F30023C2F305525B4221
:10172000002A03EAD1016FF35F3100EE101AB8EE20
:10173000400A20D00CF00303022B24D0012B1ED032
:10174000EBB902EE102A9FED411AB8EE422A216849
:1017500020EE010A11F0200F5DD1216C9FED3E1AA1
:101760006FF35F2181EE022A03EE101AB8EE433ABE
:1017700030EE031A1AE00021C0E9001149E0216CA3
:101780009FED332A02E0216C9FED2F2A01EE102AF3
:101790006FF35F219FED2D3AB8EE414A01EE101A2A
:1017A000B8EE411A82EE042A00EE031A216CB7EE5D
:1017B000000A31EE001A22EE011AC1F3462103EEAF
:1017C000101AB8EE433A33EE002A81EE022ABCEE3C
:1017D000C22A80ED002A216CC1F3064102EE101AE4
:1017E000B8EE422A32EE002A81EE022ABCEEC22A6C
:1017F00080ED012A216CC1F3066102EE101AB8EEE9
:10180000422A32EE000A81EE000ABCEEC00A10EE57
:10181000101A816010BD2168C1F3C1010D4A22FA7E
:1018200001F1226C03EE101A6FF35F2201EE102A11
:10183000B8EE411AB8EE433A30EE011A83EE022AAE
:10184000B4E700BF0044025820BCBE4B0000003982
:101850000024744A0090D0030024744C2DE9F04712
:101860000446E078A84F000722D5A06E4FEA305119
:10187000032908D8DFE801F002090F17F96941F4DC
:101880000031F9610FE0012613E004F108000221A4
:1018900001F756FC04E004F12800022101F026FFC4
:1018A000064636B9A06E396C21F4401108433864FD
:1018B00000266078BA46C00701D1354628E0A06D01
:1018C00004280BD83546DFE800F0030C1218180086
:1018D000F869354640F40030F8610EE00125012733
:1018E00017E004F10800002101F72AFC04E004F1EC
:1018F0002800002101F0FAFE0546002D2F4608D1F0
:1019000052460025106CA16D20F0070008431064BA
:1019100037466078800729D5E06D4FEAB01004287B
:101920000AD8DFE800F0030C121818005146C86905
:1019300040F40030C8610EE00125012617E004F1F3
:101940000800002101F7FCFB04E004F1280000215D
:1019500001F0CCFE0546002D2E4608D1524600254A
:10196000106CE16D20F4E070084310643E4660782E
:10197000400702D4B04657462CE0D4F8A80057469A
:101980004FEA7050042809D8DFE800F0030C121861
:101990001800F86940F40030F8610FE001254FF0BD
:1019A000010817E004F10800002101F7C9FB04E079
:1019B00004F12800002101F099FE0546002DA846FB
:1019C00008D1B86CD4F8A8100025B04620F4600007
:1019D0000843B864607800072AD5D4F8AC004FEA11
:1019E0003060042809D8DFE800F0030B1117170056
:1019F000F86940F40030F8610EE00125012718E095
:101A000004F10800002101F79BFB04E004F1280029
:101A1000002101F06BFE0546002D2F4609D15246EC
:101A20000025906CD4F8AC1020F0E060084390647E
:101A30004746E078800722D5E06C4FEA3010032853
:101A400009D8DFE800F011020B115146C86940F4D3
:101A50000030C86108E00125012611E004F108000A
:101A6000022101F76DFB0546002D2E4608D1524696
:101A70000025D06BE16C20F030000843D0633E4677
:101A80006078C00629D5206E4FEA303004280AD885
:101A9000DFE800F0030C121818005146C86940F442
:101AA0000030C8610EE00125012717E004F10800AD
:101AB000002101F745FB04E004F12800002101F0BA
:101AC00015FE0546002D2F4608D152460025106C04
:101AD000216E20F4E04008431064374660788006A9
:101AE00025D5606E4FEA304005280AD8DFE800F0BF
:101AF00014030E14141404F10800012101F720FB53
:101B000009E00125012613E01044025804F12800E1
:101B1000012101F0EBFD0546002D2E4608D152466D
:101B20000025106C616E20F4E020084310643E46EE
:101B30006078400625D5D4F8B0004FEA307005280B
:101B40000AD8DFE800F012030C12121204F10800A8
:101B5000012101F7F5FA07E00125012712E004F160
:101B60002800012101F0C2FD0546002D2F4609D1B4
:101B700052460025906CD4F8B01020F0E0400843A5
:101B800090643746607800061ED5206F88B1B0F1AA
:101B9000005F08D0B0F1805F2AD15146C86940F497
:101BA0000030C86105E004F10800012101F7C8FA1E
:101BB0000546002D2E4608D152460025106C216F97
:101BC00020F04050084310643E46E078C00702D140
:101BD000B046574624E0A06C574603280BD8DFE8F0
:101BE00000F014020E14F86940F40030F8610CE0C3
:101BF00001250126E9E701254FF0010810E004F175
:101C00000800022101F79CFA0546002DA84607D1DD
:101C1000F86BA16C0025B04620F003000843F86380
:101C2000A078400601D4474618E0D7F8F00340F406
:101C30008070C7F8F003FFF747FC0646D7F8F003BB
:101C400010F4807F07D1FFF73FFC801B6428F5D993
:101C50000325032702E0002D2F4612D02078C0076D
:101C60004ED0E06F4FEAF000052835D8DFE800F0ED
:101C70003D03373D3D3D04F10800012101F760FAC5
:101C800032E05346196ED4F8B400414011F4407F5D
:101C90000BD0196E1A6E42F4803221F440711A662C
:101CA0001A6E22F480321A661966B0F5807F40F011
:101CB0005A82FFF709FC064641F2883903250327BB
:101CC0005346186E10F0020F40F04B82FFF7FCFBFA
:101CD000801B4845F4D9C1E70125012611E004F134
:101CE0002800012101F002FD0546002D2E4608D1F5
:101CF00052460025506CE16F20F0380008435064D4
:101D00003E462078800721D5A06F05280AD8DFE855
:101D100000F012030C12121204F10800012101F765
:101D20000FFA07E00125012711E004F12800012145
:101D300001F0DCFC0546002D2F4608D15246002557
:101D4000506CA16F20F0070008435064374620789C
:101D5000400723D5D4F8940005280AD8DFE800F01E
:101D600012030C12121204F10800012101F7E8F924
:101D700007E00125012612E004F12800012101F00D
:101D8000B5FC0546002D2E4609D152460025906C23
:101D9000D4F8941020F00700084390643E46207861
:101DA000800625D5D4F890004FEA307005280AD86F
:101DB000DFE800F012030C12121204F108000021F7
:101DC00001F7BEF907E00125012712E004F1280020
:101DD000022101F08BFC0546002D2F4609D1524609
:101DE0000025506CD4F8901020F0E0400843506477
:101DF00037462078400625D5D4F89C004FEAB0201D
:101E000005280AD8DFE800F012030C12121204F1C0
:101E10000800002101F794F907E00125012612E0EE
:101E200004F12800022101F061FC0546002D2E4638
:101E300009D152460025906CD4F89C1020F4E05053
:101E4000084390643E462078000625D5D4F8A000CB
:101E50004FEA703005280AD8DFE800F012030C12B0
:101E6000121204F10800002101F76AF907E00125C8
:101E7000012712E004F12800022101F037FC054699
:101E8000002D2F4609D152460025906CD4F8A010A1
:101E900020F46040084390643746206810F0080F33
:101EA00015D0D4F88410B1F5805F0AD104F1280070
:101EB000022101F01BFC002818BF01272068D4F87C
:101EC000841053465A6C22F4405211435964C1069F
:101ED00015D5D4F89810B1F5807F0AD104F1280007
:101EE000022101F003FC002818BF01272068D4F864
:101EF000981053469A6C22F440721143996400037F
:101F000020D5D4F8A400B0F5003F0FD0B0F5803F45
:101F100006D068BB04F10800002101F711F904E0C4
:101F200004F12800022101F0E1FB0546002D2E46B8
:101F300009D152460025906CD4F8A41020F440300A
:101F4000084390643E46A078400726D5D4F8880020
:101F5000B0F5401F15D0B0F5001F0CD0B0F5801FB4
:101F600040F0FA805146C86940F40030C86108E08A
:101F700001250126E7E704F12800012101F0B6FB65
:101F80000546002D2F4609D152460025506CD4F845
:101F9000881020F44010084350643746A078C007EA
:101FA00001D13E461EE0206DB0F5803F06D0B8B9A5
:101FB0005146C86940F40030C86105E004F10800EA
:101FC000022101F7BDF80546002D2E460AD15246E2
:101FD0000025D06B216D20F480300843D063E0E70A
:101FE00001250126216811F0005F01D1606809E038
:101FF00004F12800022101F079FB002818BF012616
:10200000D4E900108A031BD5D4F880206FF00103B7
:1020100003EB3223022B0BD34FEA322343B1012BC4
:1020200040F09D80DAF81C3043F40033CAF81C30CD
:102030003DB9DAF8443023F440731A43CAF8442017
:102040003546CA0207D5DAF84020636F22F0004215
:102050001A43CAF84020CA0008D5DAF80020D4F89C
:10206000B83022F480421A43CAF800208A0207D509
:10207000DAF84020E36E22F080721A43CAF840205A
:102080004A000CD5DAF8002022F40042CAF80020F9
:10209000D4F8BC20DAF800301A43CAF80020B1F1B5
:1020A000FF3F07DCDAF83C20636D22F040521A4310
:1020B000CAF83C20090208D5DAF84410D4F88C207C
:1020C00021F440011143CAF84410C10708D004F1BB
:1020D0000800002101F734F8002818BF05466068A1
:1020E000810708D504F10800012101F729F800282B
:1020F00018BF05466068410708D504F108000221B1
:1021000001F71EF8002818BF05466068010708D5CA
:1021100004F12800002101F0E9FA002818BF054663
:102120006068C10608D504F12800012101F0DEFA3B
:10213000002818BF05466068800607D504F128000E
:10214000022101F0D3FA002818BF0546002D18BF60
:1021500001252846BDE8F087012501271EE7012556
:102160006FE7D4F8B400196800F440720025B2F5A6
:10217000407F21F47C5102BF054A02EA101211434C
:102180006FF31F301960196E084318664BE500BFE6
:10219000CFFFFF0080B500F02FF80B49154B0A6800
:1021A000C2F303229A5C02F01F0220FA02F20868CE
:1021B000064900F00F00185C00F01F0022FA00F042
:1021C000086003490A6080BD184402581C000024BE
:1021D0001800002480B5FFF7DDFF0549054A0968AE
:1021E000C1F30211515C01F01F01C84080BD00BF66
:1021F0001C440258024B00084A490869C0F3C20354
:1022000049484A4A032B10D0022B04BF4848704764
:1022100053B9086810F0200F10461FBF0868C0F3BC
:10222000C10022FA00F07047704780B5D1F828C08D
:10223000D1F828E0CB6A486B03F001035B4203EA64
:10224000D003CEF305106FF35F33002800EE103A91
:10225000B8EE400ABDE8804004BF002070470CF093
:102260000303022B20D0012B1AD0CBB902EE100AA7
:102270009FED311AB8EE422A086820EE010A10F0EC
:10228000200F39D1086B9FED2E1A6FF35F2081EE7E
:10229000022A03EE100AB8EE433A30EE031A16E0B3
:1022A0000A6B9FED262A02E00A6B9FED222A01EEBF
:1022B000100A6FF35F229FED203AB8EE414A01EE1B
:1022C000102AB8EE411A82EE042A00EE031A086BB7
:1022D000B7EE000A31EE000A22EE000AC0F34620F3
:1022E000013001EE100AB8EE411A80EE010ABCEE90
:1022F000C00A10EE100A70470868C0F3C10022FA45
:1023000000F00A6B03EE100A6FF35F2201EE102A51
:10231000B8EE411AB8EE433A30EE011A83EE022AC3
:10232000D5E700BF0044025800093D000090D003EB
:1023300040787D0120BCBE4B000000390024744A67
:102340000024744CF8B50446002C00F09D812078E0
:10235000CE4EC0074CD03169B06A01F03801102967
:1023600015D0182904BF00F0030002280FD06068C0
:10237000A0B1B0F5803F06D03168B0F5A02F23D1D1
:1023800041F480203060306840F4803022E03068D2
:1023900010F4003F2CD0606850BB75E1306820F429
:1023A00080303060306820F480203060FFF78CF897
:1023B0000546306810F4003F1AD0FFF785F8411B3E
:1023C00003206429F5D94BE221F480303060306875
:1023D00020F480203060FFF777F80546306810F46D
:1023E000003F05D1FFF770F8401B6428F6D962E181
:1023F0002078800760D53169B06A11F0380118D0B3
:10240000182908BF5FEA807013D0E0683168E0B334
:1024100021F0190108433060FFF756F8054630688F
:1024200010F0040F20D1FFF74FF8401B0228F6D917
:1024300041E13168E06811F0040F02D0002800F09B
:102440002381316821F0190108433060FFF73CF81F
:102450000546306810F0040F06D1FFF735F8411B30
:1024600003200229F5D9FBE1FFF610FE216941F2B4
:10247000030290421AD80803402908BF4FF40030E5
:10248000716821F47C31084315E021F001003060CF
:10249000FFF71AF80546306810F0040F0CD0FFF76C
:1024A00013F8411B03200229F5D9D9E1706820F007
:1024B000FE4040EA016070602078C00644D5316972
:1024C000B06A01F0380108291BD0182904BF00F0B8
:1024D0000300012815D0E1693068002900F01C8153
:1024E00040F080003060FEF7EFFF0546306810F4E2
:1024F000807F0ED1FEF7E8FF411B03200229F5D9AA
:10250000AEE1306810F4807F1CBFE069802840F0A5
:10251000BB80FFF6BBFD216A41F2030290420BD85B
:102520008A062029304608BF4FF0804250F8041F29
:1025300021F0F841114306E0304650F80C2F22F00C
:102540007C5242EA016101602078000723D561696D
:10255000706F79B140F001007067FEF7B5FF054676
:10256000706F10F0020F16D1FEF7AEFF401B02286D
:10257000F6D9A0E020F001007067FEF7A5FF054640
:10258000706F10F0020F06D0FEF79EFF411B032074
:102590000229F5D964E12078800623D5A169306845
:1025A00079B140F480503060FEF78EFF0546306808
:1025B00010F4005F16D1FEF787FF401B0228F6D902
:1025C00079E020F480503060FEF77EFF05463068E9
:1025D00010F4005F06D0FEF777FF411B03200229AD
:1025E000F5D93DE12078400752D4676A002F00F00A
:1025F0001E81306900F0380018286DD1B16A306B47
:10260000012F41D0A26A01F0030393423CD1E26A58
:10261000C1F30511914237D1226B01466FF35F215F
:10262000013A914230D1C0F34621626B013A9142A6
:102630002AD1C0F30641A26B013A914224D1C0F3E2
:102640000660E16B013988421ED1706BA16CC0F34A
:10265000CC00814200F0EB80F06A20F00100F062D3
:10266000FEF732FF0546FEF72FFFA842FBD0706B46
:102670004FF6F8718843A16C40EAC1007063F06ABC
:1026800040F00100F062D2E00120E9E0004402588D
:10269000D6F8000440F48070C6F80004FEF714FF7A
:1026A0000546D6F8000410F4807F06D1FEF70CFF33
:1026B000401B6428F5D90320D2E0A068F0B30128BC
:1026C00006D0316F052840F0B48041F00400306737
:1026D000306F40F00100B2E0306820F08070306070
:1026E000FEF7F2FE0546022F0AD1306810F0007F97
:1026F0003DD0FEF7E9FE411B03200229F5D9AFE0EA
:10270000306810F0007F00F09280FEF7DDFE411B84
:1027100003200229F4D9A3E020F080003060FEF706
:10272000D3FE0546306810F4807F3FF40DAFFEF70E
:10273000CBFE411B03200229F4D991E0306F20F039
:1027400001003067306F20F004003067FEF7BCFEF8
:10275000054641F28837306F10F0020F3FF445AF65
:10276000FEF7B2FE411B0320B942F4D978E0B06A0B
:1027700040F2F33104F130034FF47E478843D4E94B
:102780000A12084340EA0210B0620FCB07EB412166
:1027900000F2FF1089B26FF35F2008434FF4FE018F
:1027A00001EB024101F4FE0108434FF0FE4101EB51
:1027B000036101F0FE4108434FF6F8713063F06A9F
:1027C00020F00100F062706B8843A16C40EAC10008
:1027D0007063F06A216C20F00C000843F062F06A2C
:1027E000616C20F002000843F062F06A40F480302F
:1027F000F062F06A40F40030F062F06A40F4802049
:10280000F062F06A40F00100F062306840F08070E1
:102810003060FEF759FE0446306810F0007F06D1A4
:10282000FEF752FE011B03200229F5D918E0002013
:1028300016E021F001003067306F20F004003067AF
:10284000FEF742FE054641F28837306F10F0020F66
:102850007FF4CBAEFEF738FE411B0320B942F4D91A
:10286000C0B201B0F0BD0000B0B504460D46F4B1F1
:1028700094F82C0028B9002084F82D002046FFF69B
:10288000A5FD0220211D84F82C002068FEF744F9E4
:10289000D4E900022946FEF777F90648016841F0BD
:1028A00000410160012084F82C000020B0BD01200F
:1028B000B0BD00BF004000527047704790F83C2008
:1028C000012A01D102213BE070B5012280F83C20B1
:1028D000D1E900C3D1E902E21A4C234022F47C5230
:1028E0002EF4705422431A432CF477231A430B69B5
:1028F00023F476231A434B691A438B6A22F4742219
:1029000023F470231A438B6942EA03430268D94DCA
:1029100042F48064AC420DD1D1E90754496A0A4EB1
:1029200023F07C7306EA0151194325F00073194323
:1029300041EA04030021536480F83C10BDE8704074
:10294000C8B27047FF87F0FF0000F0FC10B50446E6
:1029500054B394F83D0028B9002084F83C00204688
:10296000FFF606FE0220211D84F83D00206800F0DD
:10297000E1FF012084F8480084F83E0084F83F001D
:1029800084F8400084F8410084F8420084F8430051
:1029900084F8440084F8450084F8460084F8470031
:1029A00084F83D00002010BD012010BD70470000DC
:1029B000F8B504462068C768066907EA0605A9074E
:1029C00014D56FF00201016101212177806910F0B7
:1029D000030F03D02046FFF7E9FF05E02046FFF68E
:1029E000DDFF204600F0E0F800202077680715D5CD
:1029F00020686FF00401016102212177806910F4E1
:102A0000407F03D02046FFF7D1FF05E02046FFF6C8
:102A1000C5FF204600F0C8F800202077280715D50C
:102A200020686FF00801016104212177C06910F06E
:102A3000030F03D02046FFF7B9FF05E02046FFF65D
:102A4000ADFF204600F0B0F800202077E80615D54D
:102A500020686FF01001016108212177C06910F42E
:102A6000407F03D02046FFF7A1FF05E02046FFF698
:102A700095FF204600F098F800202077E80706D060
:102A800020686FF001010161204600F0FBF817F0AB
:102A9000800718BF16F4025005D020681149016163
:102AA0002046FFF61DFD47B116F4807005D0206862
:102AB0000D4901612046FFF7FFFE680606D5206834
:102AC0006FF040010161204600F73EF8A80658BFAC
:102AD000F8BD20686FF0200101612046BDE8F84094
:102AE000FFF7EBBE7FDFFFFFFFFEFFFFB0B5044641
:102AF0000D4694F83C00012801D1022052E04FEA33
:102B0000B2010120052984F83C0048D8DFE801F033
:102B1000030B131B23332068294600F06DFF206848
:102B200050F8181F1EE02068294600F0AFFF20680B
:102B300050F8181F26E02068294600F79FFC2068FF
:102B400050F81C1F0EE02068294600F0E1FF2068C5
:102B500050F81C1F16E02068294600F7D3FC2068B7
:102B600050F8541F41F008010160016821F0040190
:102B7000016029690FE02068294600F0FDFF206808
:102B800050F8541F41F400610160016821F4806134
:102B900001602969090202681143016000200021D7
:102BA00084F83C10C0B2B0BD7047000001F01F02B5
:102BB000012303FA02FC0268136A23EA0C0313627E
:102BC000136A13622A4B9A421CBF2A4B9A4208D0BE
:102BD000294B9A421CBF294B9A4202D0284B9A4259
:102BE00011D1D2F820C041F211131CEA030F0AD10F
:102BF000D2F820C040F244431CEA030F02BF536CDA
:102C000023F400435364D2F820C041F211131CEAAC
:102C1000030F0AD1D2F820C040F244431CEA030F4C
:102C200002BF136823F0010313604FEAB1010429C6
:102C300008D8DFE801F0030B0F131700012180F81B
:102C40003E1012E0012180F843100EE0012180F8CF
:102C50003F100AE0012180F8401006E0012180F8D1
:102C6000411002E0012180F842100020704700BFAF
:102C700000000140000401400040014000480140C4
:102C800000440140F8B55B49044620680968884261
:102C900040F09880B04E307806281DD002283BD1F5
:102CA0000320584A564B3070708AB189081A0021A7
:102CB0003083718301210BE0504F85B20130718365
:102CC00002EB45053083EF5D5D18013105F8017CAD
:102CD000B1F5E27FF0D11AE00720474A484B307047
:102CE000708AB189081A00213083718301210BE0B9
:102CF000424D87B20130718302EB470730837F5D1D
:102D00005D18013105F8017CB1F5E27FF0D13C4856
:102D100040F2C31100F06EFF706B01307063B16B55
:102D20000131C829B16308D30021B163317821B9D9
:102D300001F7E6FA01F7E2FD706BC82839D30020ED
:102D40007063F06B012804BF306C012823D1706CD4
:102D5000012804BFB06C01281DD1864D2A4F0021E7
:102D60000120C6E90F11C6E91111F06400212846BF
:102D7000B84728460421B847244D00212846B847C3
:102D800028460421B84728460821B84728460C2180
:102D9000B84700F033FDF06C012802BF1C480088E2
:102DA000002806D1B07902281CBF0020F06401F78A
:102DB00063F8B6F9140001F7A3FDB6F9160001F0A7
:102DC000F7FA206813490968884218BFF8BD00F077
:102DD00059FA114801684A1C09290260426802F147
:102DE0000102426005DB00210160BDE8F84001F707
:102DF00097B9F8BDA47600244A2A00243EFEFFFFBE
:102E0000309E0024CA040024AD2B100858760024FC
:102E1000AC0200243C7700244003002490F8841086
:102E2000012901D1022112E02421C0F88810026892
:102E30001368116821F0010123F000531160002193
:102E4000416613602022C0F8882080F88410C8B240
:102E500070477047B0B5044694F88400012801D14A
:102E600002201BE0012084F884002420C4F888009C
:102E700020680568026822F001020260826822F080
:102E8000604211438160204600F0D2FE2068056058
:102E90002020C4F88800002084F88400C0B2B0BDAF
:102EA00000682C49884218BF7047B0B52A4D286D7C
:102EB000023018BF0120A8B1286D033018BF0120CF
:102EC000F0BB2878072816D0032839D12348FDF60F
:102ED00073FA042040F2C311287027A0FDF66CFAA3
:102EE00005202CE02878052803D0012828D10220CD
:102EF00025E0062023E01948FDF65EFA0820287038
:102F00001748017817480E2903D00F2906D1002150
:102F100000E00121016000F7C3F90FE012481349F6
:102F2000134A4FF49653FEF6AFFE124C0021204692
:102F3000FFF666FD20460421FFF662FD00202870A2
:102F4000C84805F150010422FFF6E6FEBDE8B04096
:102F5000704700BF004C0040300000242A4B00089E
:102F6000B20000242800004030020024100C025857
:102F7000B07800240C760024616464742033322C11
:102F8000312C2564FFFFFF0010B504461346D4F82A
:102F90008800202823D101B3FBB14FF0000C212081
:102FA0002165A4F85430A4F85630C4F890C0C4F891
:102FB0008800E06FB0B1134AC263134A0264134A37
:102FC000C0E9132C22682832FEF65EFE50B11020B4
:102FD000C4F890002020C4F88800012000E00220FE
:102FE000C0B210BD20684021016200E0206850E8B6
:102FF000020F216840F0800041E80202002AF5D16A
:103000000020EDE785360008B73D1008613D100847
:10301000704700002DE9F843FDF70CFE744D754C28
:1030200000212846A04728460421A0477248FFF601
:10303000A5FB7249C720C1F80008894642F20F710A
:103040006F4801606F48FFF699FB28460421A047AE
:10305000DFF8B481B8F9140001F752FCB8F9160092
:1030600001F0A6F9694C00212046FEF619FB204626
:103070001021FEF615FB664C664F4021012204F537
:10308000C0563046B847304680210022B84704F584
:1030900000664FF4806101223046B84730464FF455
:1030A00080510122B84730464FF400610122B847F1
:1030B00020464FF400410122B84720464FF480518A
:1030C0000122B84720464FF400610122B84720464C
:1030D0004FF480610022B84730464FF480710122DE
:1030E000B847304680210122B847304640210122AE
:1030F000B8472868C16841F40071C160464800685B
:10310000C16841F40071C160C16841F48061C1606F
:10311000C16841F40061C160C16841F48051C1607F
:103120003E4801683E483F4A91421CBF3E4A914298
:1031300029D03E4A91421CBF3D4A914223D03D4A8C
:1031400091421CBF3C4A91421DD03C4A91421CBF57
:103150003B4A914217D03B4A91421CBF3A4A9142A6
:1031600011D03A4A91421CBF394A91420BD0394A98
:1031700091421CBF384A914205D0384A91421CBF47
:10318000374A914230D16FF008020B681A400A604A
:1031900040F2F311042201609F2141600121C160CE
:1031A0000161632008F15001C9F80000C720C9F887
:1031B00004002C48FFF6B0FD2B4D4FF4487603E099
:1031C0002846FDF6F9F8013E002EF9D127A0FDF6BC
:1031D000F3F82A482A4A04F541614FF4965301B0A6
:1031E000BDE8F043FEF650BD6FF00402CDE700BF2E
:1031F0000C760024012A0008A4760024280400404C
:103200002C0C00403C770024300000244C75002436
:1032100000000258832000085876002460750024BE
:1032200028000140100002402800024040000240F7
:10323000580002407000024088000240A000024096
:10324000B80002401004024028040240400402403A
:10325000580402407004024088040240B80402404E
:10326000A00402401C7800242A4B0008636C6520EF
:1032700033322C323535FFFFFF00000030020024CE
:10328000B0780024B0B5794D2878794C02282FD039
:1032900001285FD0002840F0E78020464FF48041AD
:1032A000FEF6EAFEE8B120464FF40051FEF6E4FED9
:1032B000B8B120464FF48051FEF6DEFE88B12046BC
:1032C0004FF40061FEF6D8FE58B120464FF48061FD
:1032D000FEF6D2FE28B120464FF40071FEF6CCFE79
:1032E00008B9012028706348002141600170B0BD19
:1032F00020464FF48041FEF6BFFE002800F0B48067
:1033000020464FF40051FEF6B7FE002800F0AC80D6
:1033100020464FF48051FEF6AFFE002800F0A48056
:1033200020464FF40061FEF6A7FE002800F09C80C6
:1033300020464FF48061FEF69FFE002800F0948046
:1033400020464FF40071FEF697FE002800F08C80B6
:1033500000202CE020464FF48041FEF68DFE40B365
:1033600020464FF40051FEF687FE10B320464FF47E
:103370008051FEF681FEE0B120464FF40061FEF67A
:103380007BFEB0B120464FF48061FEF675FE80B141
:1033900020464FF40071FEF66FFE50B13549002013
:1033A000A8800978012902BF0120A8700220287096
:1033B0005AE020464FF48041FEF65EFEF8B120460A
:1033C0004FF40051FEF658FED8B120464FF480511C
:1033D000FEF652FEB8B120464FF40061FEF64CFEF8
:1033E00098B120464FF48061FEF646FE78B1204643
:1033F0004FF40071FEF640FE58B9062008E00120A7
:1034000006E0022004E0032002E0042000E00520A2
:1034100068701848017809B90121017041684A1C97
:10342000012142604170A988212A08D339B90221BB
:10343000A9700021416001700120A880B0BD4B1E21
:103440009BB2082B06D90A2928BF052A0CD30221D2
:10345000A97049E7112A07D30222AA70002242600C
:103460000270481CA880B0BDB0BD00BFA8020024F7
:103470000018025838030024B0B588B01348144926
:1034800000224FF0010E4FF0080C1023402480253D
:1034900080E80640C0E903C3C0E905454FF4006178
:1034A0004FF4005500F1200CC261ACE8260001A9E0
:1034B000CDE90133CDE90333CDE905330793FFF7B8
:1034C000D3F908B1FDF6ADFF08B0B0BDD875002442
:1034D00040410052B0B59AB00CAC00251C212046EA
:1034E0001995CDE91755CDE91555CDE91355FCF7DB
:1034F000ACFE01A82C21FCF7A8FE2E482E494FF661
:10350000FF72C0E90015C0E90252C0E904558561A7
:10351000FFF71CFA08B1FDF684FF4FF4805016A99E
:1035200016902448FFF682F908B1FDF67AFF21488B
:10353000FFF635FA08B1FDF674FF002013A9CDE9B6
:10354000130015901B48FEF6CDFF08B1FDF669FF8C
:10355000602018210C90201DFCF777FE15482146AD
:103560000022FFF7C3FA08B1FDF65BFF11480CA972
:103570000422FFF7BBFA08B1FDF653FF01AC14219A
:103580002046FCF762FE4FF400504FF000710690A9
:103590000020CDE90700CDE909100B900548214630
:1035A000FFF78CF908B1FDF63CFF0248FFF6D0F9B1
:1035B0001AB0B0BD0C7600240000014080B588B080
:1035C0000021DB484FF6FF730791CDE90511CDE9E6
:1035D0000311CDE90111114AC0E90021C0E902132C
:1035E00001618161FFF7B2F908B1FDF61AFF4FF4EE
:1035F000805004A90490CE48FFF618F908B1FDF6F2
:1036000010FF002001A901900390C948FEF66AFF4F
:1036100008B1FDF606FF08B080BD00BF00080040FD
:1036200080B588B000211648C72342F20F7C07916D
:10363000CDE90511CDE90311CDE90111ED4AC0E94C
:103640000023C0E9021C01618161FFF77FF908B125
:10365000FDF6E7FE4FF4805004A904900848FFF6F9
:10366000E5F808B1FDF6DDFE002001A90190039008
:103670000348FEF637FF08B1FDF6D3FE08B080BD63
:103680003C77002410B5164C16484FF4E131002267
:103690000C2384E8070004F118001421C4E9032274
:1036A0006361FCF7D2FD2046FFF676FA08B1FDF61D
:1036B000B8FE0B480021FFF7CDFB08B1FDF6B1FEC7
:1036C00007480021FFF641FA08B1FDF6AAFE0448BA
:1036D000FFF7A4FB18B1BDE81040FDF6A2BE10BD77
:1036E000887700240044004070470000F8B5424F3E
:1036F00005460C46B86A00F00300032801D10120FA
:1037000076E0386820F080503860FDF7DDFE064630
:10371000386810F0005F05D0FDF7D6FE801B022848
:10372000F6D962E0B86A29682B1D4FF47E46002C5A
:1037300020F07C7040EA0150B8620FCB06EB4121CB
:1037400000F2FF1089B26FF35F2040EA01004FF4EE
:10375000FE0101EB024101F4FE0140EA01004FF0DD
:10376000FE4101EB036101F0FE4140EA01003864D3
:10377000F86A696920F4406040EA0100F862F86A7A
:10378000A96920F4007040EA01004FF6F871F86270
:10379000F86A20F48070F862786C20EA0100E96928
:1037A00040EAC1007864F86A40F48070F86208D09A
:1037B0004FF08070012C08BF4FF40000F96A0843F5
:1037C00002E0F86A40F48000F862386840F0805007
:1037D0003860FDF779FE0446386810F0005F06D1C6
:1037E000FDF772FE001B0328F6D3032000E0002043
:1037F000C0B201B0F0BD00BF004402582DE9F04155
:10380000DFF840804FF496514046FCF71EFD0E4A0B
:103810000E4B0F4C0F4D08F106000021B1F5166F4D
:1038200008BFBDE8F081565A08EB810720F8066C06
:103830005E5A7E80665ABE806F5A02310780083019
:10384000ECE700BFB0780024CA4F00242A590024B6
:103850008A620024EA6B00247047FEF61DBC00005B
:10386000B0B59CB009A84C21FCF7EFFC01A82021C1
:10387000FCF7EBFC0220FEF65DFC002000902548E2
:10388000016821F001010160006800F00100009072
:103890002148016841F440410160016801F4404160
:1038A00000910099016811F4005FFBD00220012112
:1038B0004024002509900C9104210D941290139539
:1038C00014913221CDE91510CDE917000C20CDE976
:1038D000190509A81B95FEF735FD18B1EFF3108007
:1038E00072B6FEE73F20022101900320CDE90205D8
:1038F0000820CDE904044FF480600694CDE9070464
:1039000001A8FEF63DFC18B1EFF3108072B6FEE799
:103910001CB0B0BD2C040058184802580148FFF7ED
:1039200047B800BF587600240148FFF741B800BFF0
:10393000F07600240268B0F1804F0ED02B4B9842F5
:103940001CBF2B4B984208D02A4B98421CBFA54B5A
:10395000984202D0A24B984203D14B6822F07002E9
:103960001A43B0F1804F1CBF204B984214D0204B1B
:1039700098421CBF1F4B98420ED0994B98421CBFD7
:10398000984B984208D0984B98421CBF974B98424E
:1039900002D0974B984203D1CB6822F440721A436D
:1039A0004B6922F080021A4302608A68C2620A6888
:1039B00082628B4A90421CBF8A4A904208D08A4A4F
:1039C00090421CBF894A904202D0894A904201D15C
:1039D0000969016301214161016911F0010F1EBFF5
:1039E000016921F001010161704700BF000400403E
:1039F00000080040000C0040B0B5D0F820C0026ABA
:103A000022F0010202622CF00202D0F804E0856983
:103A10008C680B6814431C4A2A4042EA030C704A23
:103A200090421CBF6F4A904208D06F4A90421CBF20
:103A30006E4A904202D06E4A904206D1CB6824F082
:103A40000C0223F0040343EA0204654A90421CBFBF
:103A5000644A904208D0644A90421CBF634A904234
:103A600002D0634A904206D1D1E905232EF4407575
:103A70002A4342EA030EC0F804E0C0F818C04968BF
:103A800041630462B0BD00BF8CFFFEFFB0B5D0F84B
:103A900020C0036A23F010032CF020020362D0F848
:103AA00004E083698C680D6842EA0414314A1A40C4
:103AB0004C4B42EA052C40F480629A4201BFCA682E
:103AC0006FF04F0303EA021224F0C00308BF42EA7A
:103AD0000304434A90421CBF424A904208D0424AE3
:103AE00090421CBF414A904202D0414A904207D1C5
:103AF000D1E905232EF4406545EA820242EA830EAD
:103B0000C0F804E0C0F818C0496881630462B0BD21
:103B1000B0B5D0F820C0036A23F4805303622CF4BC
:103B20000053D0F804E0C5698A680C6843EA023C97
:103B3000104A2B4B984202EA05021CBF294B9842BF
:103B400042EA042208D0284B98421CBF274B9842D7
:103B500002D0274B984204D14B692EF4804545EAA8
:103B6000831EC0F804E0C26149680164C0F820C047
:103B7000B0BD00BFFF8CFFFEB0B5D0F820C0036A17
:103B800023F4801303622CF40013D0F804E0456D95
:103B90008A680C6843EA025C104A114B984202EAB8
:103BA00005021CBF0F4B984242EA042208D00E4B7C
:103BB00098421CBF0D4B984202D00D4B984204D145
:103BC0004B692EF4802545EA832EC0F804E0426557
:103BD0004968C165C0F820C0B0BD00BFFF8FFFFEBF
:103BE0000000014000040140004001400048014045
:103BF00000440140B0B50C460146B4F5FA7F84BFDD
:103C00000120B0BD0748084D002202702846224618
:103C1000FCF61AFC054829462246BDE8B040FFF7ED
:103C2000B3B900BF41A0002444A000241C780024A4
:103C3000416ED9B180B502680FF2400C0FF2440E0C
:103C40009168C1F3426192681CF801301EF80110BE
:103C5000520F0901B1FBF3F11CF802301EF80220EB
:103C60001201B2FBF3F2BDE8804001E00122012124
:103C7000A0F86A20A0F86810704700BF080402048A
:103C8000080101010101010307010000816A11F02F
:103C9000080F08D002685368D0F838C023F40043F6
:103CA00043EA0C035360CA0708D002685368D0F88F
:103CB0002CC023F4003343EA0C0353608A0708D571
:103CC00002685368D0F830C023F4803343EA0C0311
:103CD00053604A0708D502685368D0F834C023F40B
:103CE000802343EA0C035360CA0608D50268936830
:103CF000D0F83CC023F4805343EA0C0393608A0657
:103D000008D502689368D0F840C023F4005343EA12
:103D10000C03936080B54A0615D5D0F800E0DEF8B4
:103D200004C0436C2CF48012B3F5801F42EA0302F6
:103D3000CEF8042007D1DEF80420836C22F4C00200
:103D40001A43CEF804200906BDE8804058BF7047EA
:103D500001684A68C06C22F4002210434860704732
:103D6000B0B5846BD4F88820D4F88C502068816872
:103D7000212A09D111F0800106D00020A4F85600B4
:103D80002046FFF69EFC20688068222D08D110F0A6
:103D9000400005D00020A4F85E00204600F00EF898
:103DA000D4F8900040F01000C4F890002046BDE820
:103DB000B040FEF6F0BE806BFFF72AB9016851E80B
:103DC000001F026821F4907142E80013002BF5D126
:103DD000016851E8021FAE4A1140026842E802132E
:103DE000002BF5D1C16E012909D1016851E8001FEE
:103DF000026821F0100142E80013002BF5D12021C8
:103E0000C0F88C100021C16641677047B0F860208F
:103E1000D0F88C300168222B59D1496A1140826D4B
:103E20001170816D01318165B0F85E100139A0F823
:103E30005E10B0F85E10002918BF7047016851E8A5
:103E4000001F026821F4907142E80013002BF5D1A5
:103E5000016851E8021F026821F0010142E80213E3
:103E6000002BF5D12021C0F88C100021416701679B
:103E70000168884A91421CBF4A6812F4000F0AD0B8
:103E800000E0016851E8001F026821F0806142E80B
:103E90000013002BF5D1C16E012918BFFFF700B840
:103EA0000021C166016851E8001F026821F010017D
:103EB00042E80013002BF5D10168CA6912F0100F17
:103EC0001CBF10220A62B0F85C10FEF7C2BF8869FE
:103ED00040F00800886170472DE9F84F04462068DB
:103EE000B4F86050D0F81CB001688268D4F88C3007
:103EF000222B40F0C780B4F8687002F0010601F48C
:103F000080784FF020094FF0000A97E01BF0200066
:103F100000F097802068406AA16D28400870A06D6D
:103F20000130A065B4F85E000138A4F85E00206896
:103F3000D0F81CB01BF0070F30D0B8F1000F0BD039
:103F40001BF001011FBF01210162D4F8901041F064
:103F5000010118BFC4F890105EB11BF002011FBF31
:103F600002210162D4F8901041F0040118BFC4F896
:103F700090105EB11BF004011FBF04210162D4F850
:103F8000900040F0020018BFC4F89000D4F89000F0
:103F900020B12046FEF6FFFDC4F890A0B4F85E0004
:103FA00000284BD1206850E8000F216820F4807071
:103FB00041E80002002AF5D1206850E8020F344998
:103FC0000840216841E80202002AF5D1C4F88C902B
:103FD000C4F874A0C4F870A020682E4988421CBFA1
:103FE000416811F4000F0AD000E0206850E8000F8B
:103FF000216820F0806041E80002002AF5D1E06EDF
:10400000012818D1C4F86CA0206850E8000F21687E
:1040100020F0100041E80002002AF5D12068C169B3
:1040200011F0100F1CBF102101622046B4F85C1083
:10403000FEF70FFF02E02046FEF732FF002F7FF46D
:1040400065AFB4F85E00D8B1B4F86810884228BFF4
:10405000BDE8F88F206850E8020F216820F08050FA
:1040600041E80202002AF5D154486067206850E810
:10407000000F216840F0200041E80002002AF5D13D
:10408000BDE8F88F816941F008018161BDE8F88FD2
:10409000FEFFFFEF000C005881650021A0F85C20B6
:1040A000A0F85E204167816871B1B1F1805F13D0E3
:1040B000B1F5805F18D10169FF23002908BF40F2E4
:1040C000FF13A0F8603012E001697F23002908BFC8
:1040D000FF23A0F860300AE001693F23002908BFF0
:1040E0007F23A0F8603002E00021A0F860100021DA
:1040F000C0F890102221C0F88C10016851E8021F0E
:10410000D0F800C041F001014CE80213002BF4D1BB
:10411000436E8168B3F1005F03D1B0F86830934219
:1041200016D90269B1F5805F03D1CAB1234941674D
:1041300003E02249002A416714D0016851E8001FBA
:10414000026841F4907142E80013002BF5D12FE092
:104150000269B1F5805F10D1F2B11649416710E0F4
:1041600017494167016851E8001F026841F02001CA
:1041700042E80013002BF5D11AE00E49002A4167EE
:104180000CD0016851E8001F026841F4807142E8D8
:104190000013002BF5D101E007494167016851E8A0
:1041A000021F026841F0805142E80213002BF5D152
:1041B00000207047D93E1008C13700080D3E100896
:1041C000F536000800000000BCB533484078411EB9
:1041D000062988BFBCBD4FF69C70DFE801F0040BD8
:1041E000122B313A44002D4800210180BD2000905F
:1041F0002BA047E02948642101802720009028A0B7
:1042000024E026499FED220BBFEE082B08802C48A6
:104210005321B0F9000001EE100A40F25310B8EE3D
:10422000C11B01EE020BBDEEC00B00901CA010EEF6
:10423000102A29E0224800210180BD20009020E0C2
:104240001F4864210180272000901EA053212722AF
:104250001AE01B4940F25312088040F253105321D8
:10426000009018A010E00D480024BD255321BD2268
:104270005323009504800AA0FCF69EF81048009590
:10428000048010A05321BD225323FCF695F8BCBD39
:104290000000000000A0674020000024440000242B
:1042A0006D6F7665207A65726F312C25642C2564DC
:1042B0002C25642C25642C302C3330FFFFFF0000AC
:1042C000460000246D6F7665207A65726F322C256A
:1042D000642C25642C25642C25642C302C3330FF71
:1042E000FFFF000010480178022913D0112918BFE0
:1042F00070474178072912D180B500210180FFF66F
:1043000083FF0A480A490422FEF6A0FFBDE8804068
:10431000FFF75ABF817881F0010181707047013148
:104320004170FFF751BF00BF20000024009001083A
:104330009000002470470000BCB5FDF6B5FEFFF705
:104340008FFAFEF67BFDFEF63FFDFFF795F8FFF7CF
:10435000C1F8FEF627FEFEF68BFEFFF72FF9FFF7FA
:104360005FF9FEF6B9FEFEF603FDFFF78BF9FEF7E7
:1043700051FE0C4C4FF400614FF480524FF4005347
:104380004FF400552046FCF715FAB3EE090A002059
:1043900021464FF400624FF480530095FCF646FF2F
:1043A000FEE700BF000C025870470000000000004C
:1043B00017499FED112B9FED123B9FED135B04EE10
:1043C000100A1448002291ED080A91ED0A1AB8EE7D
:1043D000C44B1021B7EEC11AB7EEC00A31EE021B72
:1043E00030EE030B01EE040B20EE050BBCEEC00B10
:1043F00010EE103AFCF73DBC1361C3D32B65693F47
:10440000AE47E17A14AEF33F65934D36D9649340DD
:10441000300000244C7500245FEA400C08BF91F086
:10442000000F4FEA8C234FEAC12243EA51514FEA71
:104430001C5018BF00F5F0404FEA300018BF41F0A3
:1044400000415FEA6C5C00F00680BCF1FF3F08BFF2
:1044500040F08040704711F0004F08BF704731F0C6
:10446000004100F015830B0C06BF09044FF0100C3F
:104470004FF0000C0B0E04BF09020CF1080C0B0FDF
:1044800004BF09010CF1040C8B0F04BF89000CF16F
:10449000020CCB0F04BF49000CF1010CCCF120033E
:1044A00022FA03F341EA030102FA0CF2A0EB0C003A
:1044B00000F10100704723F07F4720F07F4C80EA35
:1044C000030000F00040ACEB070303F57C5303F15D
:1044D000FF032DE9804909B44FEA144324EA034855
:1044E0004FEA154B25EA0B4E0FF2042606EB132775
:1044F0003E7803FB0667C7F5000707FB06F64FEAA1
:10450000D64606F102064FEA543707FB066CCCF19B
:10451000005C4FEA1C472CEA074C0CFB06F507FB36
:1045200006F404EB15464FEA961649085FEA320294
:1045300034BF00204FF000404FEAD13706FB07FCA4
:104540004FEA1C4C0CFB0BF7D21B03FB0CF761EB87
:1045500007010CFB0EF7B0EB074072EB17420CFBA8
:1045600008F734BFA2EB0742B2EB074261EB1741F9
:104570004FEA0C444FEA910706FB07FC4FEA1C4C3C
:104580000CFB0BF7B0EBC74072EB573203FB0CF799
:1045900034BFA2EBC742B2EBC74261EB57310CFB11
:1045A0000EF7B0EBC70072EB57720CFB08F734BF85
:1045B000A2EBC702B2EBC70261EB57714FEA816110
:1045C00041EA92114FEA826242EA90124FEA806019
:1045D00004EBCC04039F4FEAD13706FB07FC4FEAFC
:1045E0001C4C0CFB0BF7D21B03FB0CF761EB070118
:1045F0000CFB0EF7B0EB074072EB17420CFB08F711
:1046000034BFA2EB0742B2EB074261EB17414FEA1E
:104610008C5504EB9C244FEA910706FB07FC4FEAFC
:104620001C4C0CFB0BF7B0EBC74072EB573203FB93
:104630000CF734BFA2EBC742B2EBC74261EB573174
:104640000CFB0EF7B0EBC70072EB57720CFB08F7D0
:1046500034BFA2EBC702B2EBC70261EB57714FEA5E
:10466000816141EA92114FEA826242EA90124FEA76
:10467000806015EB4C2544F100044FEAD13706FB6E
:1046800007FC4FEA1C4C0CFB0BF7D21B03FB0CF78F
:1046900061EB07010CFB0EF7B0EB074072EB174222
:1046A0000CFB08F734BFA2EB0742B2EB074261EB09
:1046B00017414FEA813141EA92414FEA823242EAA0
:1046C00090424FEA80304FEA0C7615EB1C1544F10E
:1046D000000448EA03434EEA0B484FF0000EB2EBE9
:1046E000080C71EB030724BF624639464EEB0E0EF1
:1046F0004FF0000B0018524149414BEB0B0BB2EB52
:10470000080C71EB03077BF1000B24BF62463946AE
:104710004EEB0E0E4FF0000B0018524149414BEB8F
:104720000B0BB2EB080C71EB03077BF1000B24BF02
:10473000624639464EEB0E0E51EA020718BF46F0AC
:10474000010616EB0E7655F1000254F1000103D577
:10475000BDE88901BDE80088BDE88901BDE80048E1
:10476000B619524141EB0101A3F10103704780806A
:104770007F7E7D7C7B7A79787776767574737271BB
:1047800071706F6E6E6D6C6C6B6A6A696868676673
:1047900066656464636362616160605F5F5E5E5D05
:1047A0005D5C5C5B5B5A5A59595858575756565579
:1047B00055555454535352525251515050504F4FDB
:1047C0004F4E4E4D4D4D4C4C4C4B4B4B4A4A4A492B
:1047D000494948484847474747464646454545446E
:1047E00044444443434343424242424141412DE910
:1047F000804C70B49A46934691E8380007C831EA75
:10480000400C48BF34EA430C03D5FFF754FE00F7D1
:10481000CFF8F0BCBDE8008C2DE9804C70B49A460E
:10482000934691E8380007C810F0804F08BF13F096
:10483000804F03D100F005F800F7BAF8F0BCBDE8EE
:10484000008C20F07F4723F07F4C80EA030000F0CB
:10485000004007EB0C03A3F57C53A3F1FE0392F099
:10486000000F00F0B38095F0000F00F077802DE985
:1048700001494FEA114021EA00484FEA144624EA70
:10488000064700FB06FC08FB06F607FB08F818EBDA
:1048900006484CEB164C00FB07F718EB07484CEBAF
:1048A00017404FEA124B22EA0B4E4FEA154625EA13
:1048B00006470BFB06FC0EFB06F607FB0EFE1EEB87
:1048C000064E4CEB164C0BFB07F71EEB074E4CEB62
:1048D000174B18EB0B0840F1000018EB0E0B58EBD0
:1048E000000840F100008F1A4FF000014FF0000661
:1048F0003CBFC943661B14BFB5EB040C00213CBF91
:10490000C943F61B4FEA174427EA04454FEA1C4700
:104910002CEA074C04FB076205FB07F70CFB05F6C6
:1049200016EB074642EB174204FB0CFC16EB0C4659
:1049300042EB1C421BEB060658EB020241414EEAD9
:104940008E0E46EA9E0601D5BDE80189B619524190
:1049500041EB0101A3F10103BDE801894FEA1445D0
:1049600024EA05464FEA114721EA074C05FB07F404
:1049700006FB07F70CFB06F111EB074144EB17446C
:1049800005FB0CFC11EB0C4144EB1C444FEA1247B5
:1049900022EA074C05FB07F206FB07F70CFB06F6BD
:1049A00016EB074642EB174205FB0CFC16EB0C46D8
:1049B00042EB1C456A1854F1000148BF7047B61914
:1049C000524141EB0101A3F10103704795F0000F43
:1049D00037D04FEA114221EA02464FEA144724EA4F
:1049E000074C02FB07F106FB07F70CFB06F414EB80
:1049F000074441EB174102FB0CFC14EB0C4441EB68
:104A00001C414FEA154725EA074C02FB07F506FB58
:104A100007F70CFB06F616EB074645EB174502FBBE
:104A20000CFC16EB0C4645EB1C42121951F100012F
:104A300048BF7047B619524141EB0101A3F1010390
:104A400070474FEA144524EA05464FEA114721EA28
:104A5000074C05FB07F106FB07F70CFB06F212EB10
:104A6000074241EB174105FB0CFC12EB0C4251EBEA
:104A70001C414FF0000648BF7047921841EB0101FE
:104A8000A3F101037047000000F735B8FBF6A0BCA6
:104A9000FFF66BBF30380A2801D201207047002092
:104AA00070478A68002A01DCFCF6DEB8521E8A6074
:104AB0004A68C0B2531C4B6010707047024000003F
:104AC000000000A00000000005400000000000C839
:104AD000000000000C4000000000409C00000000AE
:104AE000194000000020BCBE00000000344000005F
:104AF000BFC91B8E00000004B5400000504BCFD052
:104B00006607E2CF010000006C4100003E8251AA1E
:104B1000DFEEA73401000000D9420000DCB5A0E2BE
:104B20003A301F97FFFFFFFFB4450000FD25A0C8E6
:104B3000E9A3C14FFFFFFFFFFF3F0000000000801F
:104B400000000000FF3F00000000008000000000A7
:104B50003A7474001C00000043000000F8FFFFFFDF
:104B60000C0000000E0000000F0000002E000000EE
:040000050800029954
:00000001FF
