:020000040800F2
:10000000C8A30024AD020008CF8C0008BF820008FE
:10001000CD8C0008910B0008819B000800000000B7
:10002000000000000000000000000000458F0008F4
:100030005510000800000000D18C0008478F000810
:10004000C7020008C7020008C7020008C70200086C
:10005000C7020008C7020008C7020008891000088C
:100060008F100008951000089B100008950B0008E1
:10007000C7020008BD0B0008D50B0008ED0B0008F7
:10008000050C0008110C0008C7020008C702000890
:10009000C7020008C7020008C7020008A110000834
:1000A000C7020008C7020008C7020008C70200080C
:1000B000C7020008919000089D900008C702000840
:1000C000C7020008C7020008C7020008C7020008EC
:1000D000C7020008759B0008C7020008C702000895
:1000E00059100008C702000800000000C7020008FD
:1000F000C7020008C7020008C7020008C7020008BC
:10010000C7020008C7020008A9900008C70200083B
:10011000C7020008C7020008C7020008C70200089B
:10012000290C0008C7020008590C0008C702000883
:10013000710C0008C7020008C7020008C7020008C7
:1001400000000000000000000000000000000000AF
:10015000C7020008C7020008C7020008C70200085B
:10016000C7020008C7020008C7020008C70200084B
:10017000C7020008C7020008C7020008C70200083B
:10018000C7020008C7020008C7020008C70200082B
:10019000C7020008C7020008C7020008C70200081B
:1001A000C7020008C7020008C7020008C70200080B
:1001B000C7020008C7020008C7020008C7020008FB
:1001C000C7020008C7020008C7020008C7020008EB
:1001D000C7020008C7020008C7020008C7020008DB
:1001E000C7020008C7020008C7020008C7020008CB
:1001F000C7020008C7020008C7020008C7020008BB
:10020000C7020008C7020008C7020008C7020008AA
:10021000C7020008C7020008C7020008C70200089A
:10022000C7020008C7020008C7020008000000005B
:10023000C7020008C702000800000000C70200084B
:10024000C7020008C7020008C7020008C70200086A
:10025000C7020008C7020008C7020008C70200085A
:10026000C7020008C7020008C7020008C70200084A
:10027000C7020008C7020008C7020008000000000B
:10028000C7020008C7020008C702000800000000FB
:1002900000000000C7020008DFF80CD000F048FAA8
:1002A0000048004715A90008C8A300240648804755
:1002B00006480047FEE7FEE7FEE7FEE7FEE7FEE74B
:1002C000FEE7FEE7FEE7FEE7DD8F00089902000883
:1002D0002DE9F05F0546002092469B46884606467B
:1002E000814640241BE0284641464746224600F00E
:1002F00057F853465A46C01A914110D31146184632
:10030000224600F03EF82D1A67EB01084F462246C0
:100310000120002100F035F817EB00094E41201EA6
:10032000A4F10104DFDC484631462A464346BDE8D5
:10033000F09FD2B201E000F8012B491EFBD27047BA
:100340000022F6E710B513460A4604461946FFF7A1
:10035000F0FF204610BD30B50B460146002020229C
:10036000012409E021FA02F59D4205D303FA02F5C2
:10037000491B04FA02F52844151EA2F10102F1DC22
:1003800030BD202A04DB203A00FA02F10020704739
:100390009140C2F1200320FA03F3194390407047C3
:1003A000202A04DB203A21FA02F00021704721FACA
:1003B00002F3D040C2F12002914008431946704731
:1003C0002DE9FE4F804681EA0300C00F0C460090E5
:1003D00021F0004123F00045B8EB0200A94105D20D
:1003E0004046214690461C460B46024623F00040FC
:1003F000104347D0270DC7F30A00C3F30A510290F8
:10040000401A019040286BDAC3F3130040F4801BBC
:100410000098924620B10023D2EB030A63EB0B0B4A
:1004200001985946C0F140025046FFF7AAFF064620
:100430000D4650465946019A00F08CF910EB080021
:100440006141002487EA115284EAE7731A4340D0DD
:10045000009A62B3019A012A4FEA075215DC001B89
:1004600061EB02014FF0004202EA0752CDE900427F
:10047000001C41F5801132462B4600F08CF903B088
:10048000BDE8F08F40462146F9E7001B61EB020111
:10049000001C41F5801300185B412018A2F50017DD
:1004A00047EB030140EAD570B6196D4111E06D08C4
:1004B0004FEA360645EAC0754FEA0752001B61EB6A
:1004C0000201001C41F5801149084FEA3000001973
:1004D000514132462B4603B0BDE8F04F00F04CB915
:1004E0000098012240000023D0EB020263EBE0738E
:1004F000009821464FEAE074B8EB000061EB04017C
:10050000E9E783F000435BE781F0004158E72DE91C
:10051000FE4F81EA030404F0004421F000410094FE
:100520004FF0000B23F0004350EA01045ED052EA82
:1005300003045BD0C3F30A54C1F30A552C44A4F25C
:10054000F3340194A0FB0254C1F3130141F4801170
:10055000C3F3130343F4801301FB024400FB034E77
:10056000840A970A44EA815447EA8357A4FB076840
:1005700002958D0A05FB07854FEA932C04FB0C546A
:100580002705029D4FEA065847EA1637B5EB0805DE
:100590006EEB070C870E920E47EA811742EA831230
:1005A000A7FB0201B6EB0B0164EB00042B0D43EA41
:1005B0000C335E1844EB1C50DA465146E7FB02014F
:1005C000C5F313044FEA0B3343EA14534FEA0432E2
:1005D000019C43EA0603A4F10C040294009CCDE9BB
:1005E00000B400F0D8F803B0BDE8F08F0020014659
:1005F000F9E72DE9F04D81EA030404F0004B21F006
:10060000004514464FF0000A23F0004150EA05026D
:1006100020D054EA01021DD0C5F30A570246C5F3A3
:100620001303C1F31300C1F30A5640F4801543F4D9
:100630008013A7EB0608101BD64608F2FD3873EBB3
:10064000050002D308F1010801E092185B41B8F1FE
:10065000000F03DA00200146BDE8F08D00204FF4C2
:100660008011064684460EE0171B73EB050705D381
:10067000121B63EB050306434CEA010C49084FEAE1
:10068000300092185B4150EA0107EDD152EA0300B5
:1006900012D082EA040083EA0501084305D0101B4A
:1006A000AB4106D20122002306E000224FF00043B6
:1006B00002E06FF0010253101AEB06004CEB0851F8
:1006C00010EB0A0041EB0B01BDE8F04D00F054B80F
:1006D000C1F30A52C1F3130140F2FF3341F4801118
:1006E0009A4202DA00200146704740F233439A42B0
:1006F000A2F2334202DC5242FFF752BEFFF741BE84
:1007000030B5041E71F1000404DB4FF00044404298
:1007100064EB0101141E73F1000405DB1C464FF06D
:100720000043524263EB0403994208BF904230BD3C
:10073000064C074D06E0E06840F0010394E807002E
:1007400098471034AC42F6D3FFF7AAFD7CE10008CD
:100750009CE10008202A06DBCB17203A41FA02F080
:1007600043EAE07306E041FA02F3D040C2F120020E
:10077000914008431946704710B5141E73F10004E8
:1007800008DA401C41F1000192185B411A4301D183
:1007900020F0010010BD2DE9F04D92469B4611B1AD
:1007A000B1FA81F202E0B0FA80F220329046FFF70F
:1007B000E8FD04460F4640EA0A0041EA0B015346B1
:1007C0005A46084313D0114653EA010019D0C8F124
:1007D00040025046FFF7E4FD05460E465046594696
:1007E0004246FFF7CEFD084305D0012004E0204635
:1007F0003946BDE8F08D0020054346EAE0762C43FB
:1008000037430A986305E40AA0EB08000022FD0ABA
:1008100044EA47540A3002D500200146E9E70105C1
:1008200010196941DDE9084500196941BDE8F04D3D
:10083000A2E730B58C1810F8012B12F00F0301D18C
:1008400010F8013B120906D110F8012B03E010F853
:10085000015B01F8015B5B1EF9D101E001F8013B8E
:10086000521EFBD1A142E6D3002030BD2DE9F84352
:10087000DFF85C80174C6FF007070FF25C09454604
:1008800021E0204601F0FEF82046322101F06CF80C
:10089000204600F098FE10F4007F12D0204607F1A9
:1008A000080600F092FE002E286004D1D8F81C2023
:1008B0004846002103E055F8042C484631460BF029
:1008C000B7F904350137002FDBD1BDE8F88300BF4D
:1008D00078060024E0430024616425643D2564FF1C
:1008E000FFFF0000B0B504462068394940F480702D
:1008F000884214BF38483748006810F4403F10D091
:1009000006F060F805466068B0F5803F05D0B0F5A8
:10091000403F22D0B0F5003F20D1000CB5FBF0F5F0
:100920001CE04FF40020002105F07CF905466068CA
:10093000A0F580214FEAB1410A290FD8DFE801F084
:100940000606060606063D3F4143450047F6FE7192
:1009500001EA5040B5FBF0F500E0AD0804F060FEA0
:10096000216841F20302904209D888681E4B20F4A6
:1009700080729D4288BF40F480728A60B0BD174883
:10098000854204D851F8080F20F4407013E0144851
:10099000854205D851F8080F012262F309200AE0C8
:1009A00051F8082F0223104663F309200D4B9D4296
:1009B00028BF42F440700860B0BD2D09CEE76D0934
:1009C000CCE7AD09CAE7ED09C8E72D0AC6E700BFC5
:1009D00000210240082302400863025821BCBE00E7
:1009E00041787D0182F0FA02002D31010146886BC9
:1009F000436D426D13F0500F07D0D20648BF00F090
:100A0000E1BDC06CC26C0846104742F400714165FC
:100A100001680B68CA6813F0080F02D1910715D15D
:100A200008E012F4406F18BF00F0CABDC96811F4A5
:100A3000005F0BD1416D21F480714165416D11F46E
:100A4000805F02BF416D41F00101416500F0B8BD1A
:100A5000806B416D41F040014165816D41F00401C1
:100A6000816500F0AFBD806B00F0ABBDB0B5044652
:100A7000002021688B688A6813F0020F2DD112F0D4
:100A8000010208BFB0BD886800F00D0001281BD12D
:100A900088683C4A104040F00200886003200860EB
:100AA00004F0C4FD05462068806810F0010F04BF03
:100AB0000020B0BD04F0BAFD401B0328F3D320682A
:100AC000806810F0010FEED0606D40F0100060659E
:100AD000A06D40F00100A0650120B0BDF8B504464E
:100AE0002068816811F0010F49D18168254E06F117
:100AF0007F02114209D0606D40F010006065A06D6A
:100B000040F00100A06501203AE08168314041F0E9
:100B10000101816004F08AFD054620681A491B4FD7
:100B200001F5807201F54073904208BF1F4688426C
:100B3000014608BF1F469042BB6804BF42F2000155
:100B4000C4F2020113F01F0F18BF814217D10168D0
:100B500011F0010F13D1816811F0010F01BF8168FD
:100B6000314041F00101816004F060FD411B2068CB
:100B70000329ECD3016811F0010FE8D1BBE7002095
:100B800001B0F0BDC0FFFF7F0020024000630258AB
:100B9000FEE7000080B5064801F008FC0548012189
:100BA000016005A00121BDE880400BF041B800BF05
:100BB00000030024D84300242564000080B50348C6
:100BC00001F0F4FB02480121016080BD0002002415
:100BD000BC5D002480B5034801F0E8FB0248012118
:100BE000016080BD80040024C05D002480B50348FE
:100BF00001F0DCFB02480121016080BD800300247C
:100C0000C45D0024014801F0D1BB00BF8002002474
:100C100080B5034801F0CAFB02480021016080BD95
:100C2000000400244C00002410B5084801F0BEFB6D
:100C30000748084C012101602046002106F044FFCE
:100C400020460421BDE8104006F03EBF8005002488
:100C5000D84300248045002480B5034801F0A6FB5A
:100C600002480121016080BD8001002408080024A1
:100C7000014801F09BBB00BF000600240168254A23
:100C800091422CD0244A91421CBF244A914226D042
:100C9000234A91421CBF234A914220D0224A9142CA
:100CA0001CBF224A91421AD0214A91421CBF214ABC
:100CB000914214D0204A91421CBF204A91420ED04A
:100CC0001F4A91421CBF1F4A914208D01E4A9142BE
:100CD0001CBF1E4A914202D01D4A914217D16FF0AB
:100CE0000F02182352FA81F2B2FBF3F35F2A03F0EA
:100CF000070C18A313F80C30C36540F2FF3321EA48
:100D0000030188BF41F0040181650846704721F066
:100D1000FF01F9E7100002402800024040000240B5
:100D2000580002407000024088000240A0000240CB
:100D3000B80002401004024028040240400402406F
:100D4000580402407004024088040240B804024083
:100D5000A0040240000610160006101610B5026826
:100D60001E4CB44B9A421CBFB34B9A420ED0B34BAD
:100D70009A421CBFB24B9A4208D0B24B9A421CBF57
:100D8000B34B9A4202D0B04B9A4211D1D3B2A3F1E5
:100D900008011422B1FBF2F304EB830104F1800299
:100DA00003F01F030124603004FA03F30EC010BDEA
:100DB000A4F55B71D3B28A42E9D0094CA3F11001CA
:100DC0001823B1FBF3F10B46A24204F1AA0488BF39
:100DD0000833A24228BF0B46024CDDE700580258F8
:100DE0000F0402400008024001790139072988BF39
:100DF0007047B0B502681A4D1A4C8E4B4FF0010C7B
:100E00009A421CBF8C4B9A4216D08C4B9A421CBF04
:100E10008B4B9A4210D08B4B9A421CBF8A4B9A4202
:100E20000AD08B4B9A424FF001031FBF0E4B1A445E
:100E3000B2FA82F2530900E00123002B04F14002D0
:100E400018BF2C46002B04EB810418BF05F14002AB
:100E50000CFA01F1C0E91B424167BDE8B0407047A0
:100E600000590258000902406CABFDA7B0B5D0F89C
:100E700000C0D0F858E05F4CA44544D05E4CA44577
:100E80001CBF5E4CA4453ED05D4CA4451CBF5D4CD0
:100E9000A44538D05C4CA4451CBF5C4CA44532D062
:100EA0005B4CA4451CBF5B4CA4452CD05A4CA445BC
:100EB0001CBF5A4CA44526D0594CA4451CBF594CC4
:100EC000A44520D0584CA4451CBF584CA4451AD06A
:100ED000574CA4451CBF574CA44514D0564CA445B0
:100EE0001CBF564CA4450ED0554CA4451CBF554CB8
:100EF000A44508D0544CA4451CBF544CA44502D072
:100F0000534CA44574D1D0E919456560C46E14B141
:100F1000D0E91C456560374CA44545D0364CA44506
:100F20001CBF364CA4453FD0354CA4451CBF354CA6
:100F3000A44539D0344CA4451CBF344CA44533D00F
:100F4000334CA4451CBF334CA4452DD0324CA44592
:100F50001CBF324CA44527D0314CA4451CBF314C9A
:100F6000A44521D0304CA4451CBF304CA4451BD017
:100F7000364CA4451CBF2F4CA44524D02E4CA44570
:100F80001CBF2E4CA4451ED02D4CA4451CBF2D4C7F
:100F9000A44518D02C4CA4451CBF2D4CA44512D000
:100FA000234CA44518BFB0BDC46D3F2504F01F04F9
:100FB00005FA04F4CEF80840DCF8005025F480254A
:100FC000CCF8005007E0C46D012504F01F0405FAB9
:100FD00004F4CEF80440CCF8043080684028084679
:100FE00008BF1046CCF8080008BF0A46CCF80C2011
:100FF000B0BD00BF10000240280002404000024087
:10100000580002407000024088000240A0000240E8
:10101000B80002401004024028040240400402408C
:10102000580402407004024088040240A0040240B8
:10103000B8040240085402581C5402583054025854
:1010400044540258585402586C540258945402584C
:10105000805402587047000010B51A4C4FF480605D
:10106000A0474FF40060A0474FF48050A0474FF4D2
:101070000050A0474FF48040A0474FF40040214665
:10108000BDE81040084700BF022004F0EDB904207D
:1010900004F0EAB9082004F0E7B9102004F0E4B93C
:1010A00010B5084C2020A0474020A0478020A04732
:1010B0004FF48070A0474FF400702146BDE8104007
:1010C000084700BF69540008EFF3108072B6FEE7CE
:1010D0002DE9F8432DED028B05461448B0EE408A09
:1010E0008946970000260FF24808041D13E0206887
:1010F000314600EE100A4046B8EE400A20EE080ADB
:10110000BCEEC00A10EE103AC3F5C0720AF090FDB2
:101110003C444E44013D002DE9D13220BDEC028B10
:1011200001B0BDE8F04301F02FBF00BF0C08002460
:1011300066696C6C2025642C25642C312C25642C6C
:10114000524544FFFFFF0000034804490022C0E964
:101150000021C0E902217047700100240000F0BFA7
:101160007CB50446002016460D46019094F85000C8
:10117000012801D1022039E0012084F850002046E6
:10118000FFF774FC616D10B141F010012AE041F2EB
:10119000021021EA000005F4803140F00200606591
:1011A00006F08040014320688268114B1A401143C9
:1011B00041F0004181608168B1F1FF3F0DDC019990
:1011C000013101910B49019A8A42F4D3606D20F0FC
:1011D000120040F01001012004E0616D012060F375
:1011E000010100206165002184F8501002B070BD3B
:1011F000C0FFFE3F00F8C32590F85020012A01D11E
:10120000022132E07CB5012280F8502000220192B8
:1012100000920368E44A93421DD1D2F808519468C1
:1012200025436D0717D4D1F800C0D2F80853224ED9
:1012300025F44044BCF1000F19D04D6843F480738D
:101240002543C2F80853DA4CA3421CD19368D2F864
:101250000861334318E0416D41F0200141650121EF
:10126000002280F85020BDE87C40C8B27047C2F828
:10127000084343F48071CE4B994211D19168D2F862
:10128000083119430DE03368DB0713D1D2F8083376
:10129000896840F61F76B34343EA0C03194307E01D
:1012A0003168C90706D1D2F8081340F61F73994375
:1012B000C2F808130021D3E7086002582DE9FC4169
:1012C000044600200D46019094F85000012801D1F9
:1012D000022331E1012084F850002068816811F078
:1012E000040F40F021812968AA4BB1F1FF3F11DDC5
:1012F00091FAA1F2194298464FF00103B2FA82F234
:1013000008BF8A0E02F01F0203FA02F2C3691A43F1
:10131000C26100E098466A68890E1F2601F01F012D
:1013200002F01F03C2F3012200EB82029E409940AB
:10133000176BB7433943116381688268D20842EA68
:101340009101C9076FD12968AA6807F077F8924818
:10135000036820686969C26803F07043B3F1805F75
:1013600002D102F01C0306E0D2064FF0100258BF73
:101370001C22C36813402A69042A27D1026E2B68F5
:1013800002F0F8429906B2EB836F02BF026E22F0C0
:1013900000420266426E02F0F8428A4202BF426E8A
:1013A00022F000424266826E02F0F8428A4202BF98
:1013B000826E22F000428266C26E02F0F8428A42D9
:1013C00002BFC16E21F00041C1662CE0734E06EAF7
:1013D000530399402B6803F0F843194300F160036D
:1013E00053F8227007F00047394343F822102A6966
:1013F000697E53F82270012927F0004708BF47F0A3
:10140000004743F822700022297E012908BF4FF4CB
:101410000062296901F01F0102FA01F1026922F458
:10142000F04211430161816811F0010F41D1D5F8FB
:1014300000C0EB685A4ED0F8C01003F0180746EA17
:101440000C060CEA080228FA07F786EA0806174095
:1014500031403943C0F8C01052498B4226D19CFA22
:10146000ACF1002A4FF08067B1FA81F108BF4FEA72
:101470009C614A1C07EB8161012702F01E0301F009
:10148000F84102F01F020A2B07FA02F728BF41F0C9
:1014900000710A2B28BF0A3A394302EB420241EAA3
:1014A0000251AA6806F0CAFFD5F800C0BCF1FF3FA0
:1014B00001DD00233DE02268BC4D3C4805F580710C
:1014C00005F540738A42194618BF00F54071AA42DB
:1014D00008BF19468B68B74E42F48071B14205D1FE
:1014E000A968D5F8087147EA010600E08668F107A7
:1014F0001AD103F0E076190229D42E498C4526D161
:101500008242D6D1D0F8081321F0E071314341F482
:101510000001C0F80813A3480068A349B0FBF1F02C
:10152000022101EB40000DE0606D012340F020003E
:101530006065002084F85000D8B202B0BDE8F081A8
:1015400001980138019001980028F9D1B1E7D9013B
:101550000CD419498C4509D18242AAD1D0F808137C
:1015600021F0E071314341F080710FE059024FF0FA
:101570000003DED411498C4508BF8242D9D1D0F88E
:10158000081321F0E071314341F48001C0F80813E1
:101590008FE700BFFFFF0F000010005CFEFFFF7F22
:1015A0000000F0FF0000FF470020024000600258EA
:1015B00000210240000084CB000052C70000B8CFD9
:1015C000704770477047406D70470068006C704707
:1015D000F8B504460020002C009037D0606D30B97B
:1015E000204600F0F1F80020A06584F85000206843
:1015F00082686B4912F0005F1EBF82680A408260F9
:10160000826812F0805F13D1826801F1805111402D
:1016100041F08051816063490968634AB1FBF2F18E
:10162000013101E000990139009100990029F9D1B7
:10163000816811F0805F0BD1616D012541F01001CF
:101640006165A16D41F00101A16502E00125A3E002
:1016500000258168C1F38001626D02F01002114320
:10166000616D03D041F01000012594E021F48171F7
:1016700041F002016165816811F0010F20D1B54987
:101680004B4AB34E40F48073B34204D18B68D1F817
:101690000861334300E01368DB0711D101F5807363
:1016A00001F540769842334618BF02F53E738842F2
:1016B00008BF33466068996821F47C11084398603C
:1016C00003F0AEFFA168226B637D41F203060A437B
:1016D000102942EA4332237F42EA0342114608BFFF
:1016E00041F00C01B04298BF1146012B01BF206AA6
:1016F000314A02EB40400143606A20B100F4787047
:101700000843A16A01432068C2682C4B1A40114368
:10171000C16081688268D20842EA9101C9072CD170
:10172000217DE26A44F2030342EA8131C2689A43AE
:101730001143C16094F838200169012A10D104F1E5
:101740003C0C9CE84C101E4F07EB02421D4F3940E9
:1017500019431143314341EA0C0141F0010101E019
:1017600021F0010101610169626B21F070411143B7
:1017700001612046FFF7B6F82068E268016B21F0AE
:101780000F01012A02BFA269013A1143016301213D
:10179000606D61F301006065284601B0F0BD00BFD7
:1017A000C0FFFF5F9C000024400D030000200240AA
:1017B00008600258002102400000FEFF03C0F0FF55
:1017C0000000FFFF1EF800FC2DE9F04786B08046C0
:1017D00001A81421FEF7B4FDD8F80010594F5A4D56
:1017E0005A485B4A914266D0E04A914240F0A68056
:1017F0005949BA460A68531C002A0B6008D101688F
:1018000041F020010160016801F020010091009980
:101810008168DFF84C9101AE0324002741F00401F8
:101820008160816801F0040100910099816841F0B4
:1018300001018160816801F00101009100998168D6
:1018400041F0020181603146806800F002000090A2
:1018500000983320019005F5006002940397C84773
:10186000C02001A991C128463146C84705F58060CE
:101870003146CDE901440397C8473A4D0AF58660E1
:1018800009214FF480624FF480534FF480464FF4A7
:10189000807485E883002846C5E90372C5E90536EA
:1018A000C5E907476F6201F041F8002840D0FFF713
:1018B0000BFC2C4D3CE028490A68531C002A0B60A5
:1018C00008D1016841F020010160016801F02001A8
:1018D0000091009981680324002641F00101816094
:1018E00001A9806800F00100009000980C20019090
:1018F00028460294039603F0C1FD184D0A204FF4C8
:1019000080614FF48072C5E900700420C5E9026669
:10191000C5E90416C5E90662C5E908602846C5E9B7
:101920000A462E6301F002F810B1FFF7CDFB0B4D14
:1019300005F13800C8F84C50C0F8008006B0BDE88A
:10194000F08700BF1000024000000258D84402583F
:1019500000210240002002400C1800240003002453
:101960007D540008800100242DE9F84F04460D46FF
:101970002068BB4EBB4906F5807906F540724845A4
:1019800008BF1146B04208BF11468A6802F01F081E
:101990002269082A02D1B34608270FE0B8F1090FDF
:1019A00062D8012240F2212302FA08F21A425BD0E7
:1019B000C06810F0010F5BD1B346042703F036FE78
:1019C00082466E1C20680168394215D1002EF9D07C
:1019D00003F02CFE1DB1A0EB0A00A842F2D920684A
:1019E00000683842EED1606D40F004006065002070
:1019F00084F85000032040E0616D41F4007161659E
:101A0000C16811F4406F11D1617D79B9016811F09D
:101A1000080F0BD0616D21F480716165616D11F467
:101A2000805F02BF616D41F001016165484518BFEB
:101A30008346834518BFDB46B8F1000F08BF8346D5
:101A4000B8F1050F08BF8346B8F1090F08BF8346F8
:101A5000082FDBF80C1001D1082102E0490401D461
:101A60000C210160002008E0886810F4404FA3D0EA
:101A7000606D40F0200060650120C0B201B0BDE89B
:101A8000F08F00BFF8B504462068754D754A05F51E
:101A9000807605F54071B04208BF0A46A84208BFEB
:101AA0000A469768806810F0040F03D194F850003C
:101AB000012802D1022001B0F0BD012084F85000BD
:101AC0002046FFF70BF818B1002184F85010F2E718
:101AD000606D40F6017207F01F01904340F4807082
:101AE00060652068B04218BF054609B1854203D140
:101AF000626D22F480126265636D002213F4805FD0
:101B00004FF000031CBFA36D23F006038542A365BD
:101B10004FF01C03036084F8502008D0092917D81F
:101B2000012202FA01F140F22122114210D0C168D3
:101B300011F0007F1FBF616D012262F30D316165FD
:101B400081684C4A114041F0040181600020B2E7F5
:101B5000606D40F480106065E86810F0007FF5D09B
:101B6000606D012161F30D306065EFE700200240F8
:101B70002DE9F8430446894690462168384F394A92
:101B800007F5807507F54070A94208BF0246B942C3
:101B900008BF02469068896811F0040F03D194F8D9
:101BA0005010012903D1022001B0BDE8F08300F0FC
:101BB0001F060120092E84F850004BD8B04040F297
:101BC0002121084246D02046FEF788FF18B10021A7
:101BD00084F85010E8E7606D40F60171884340F4E6
:101BE000807060652168A94218BF0F460EB18F4210
:101BF00003D1606D20F480106065606D1A4B002287
:101C000010F4805F4FF000001CBFA06D20F00600B4
:101C1000A065E06CC363154B0364154BC3641C23C0
:101C20000B6084F850204A6842F010024A60E26A71
:101C3000CB6823F003031A434346CA6040314A4647
:101C400001F072F821688A680A4B1A4042F00402D7
:101C50008A60A9E7002084F850000120A4E700BFB3
:101C60000020024000630258ED090008670A0008DE
:101C7000510A0008C0FFFF7F2DE9F04104460D46E0
:101C800090460121002C00F09980002D00F09680F4
:101C900060790221012800F091800120607121719A
:101CA000286804282AD103F0C1FC0746B8F1000FC8
:101CB0000FD02168486BB0F1FF3F22DC03F0B6FC87
:101CC000C01B0228F5D32068406BB0F1FF3FF0DC69
:101CD0000DE02168486B3B4E304215D003F0A6FC66
:101CE000C01B0228F5D32068406B3042F1D0206938
:101CF000032140F00800206121715FE008F010002E
:101D000019E0A869486401E0A86908648B6C08F0D0
:101D1000100040F2FF32824023EA0202EB69834066
:101D20001A438A64FF22CB6C824023EA02022B6AA8
:101D300083401A43CA6429692268012908D1936B38
:101D40001F21814023EA01016B698340194391639C
:101D5000D36BEF680721814023EA010C0021012F9A
:101D600003D0022F03D1012705E0002703E0AF686D
:101D7000B7FA87F77F092E68AB6837433B43834048
:101D800043EA0C03D3634FF480431768834027EA88
:101D90000303136040F6FE731768834027EA0303CA
:101DA0006F6887403B431360C02303FA00F0136859
:101DB00023EA00001060012020716171C8B2BDE803
:101DC000F08100BF0080002010B504466CB120797E
:101DD00020B900206071204600F00AF8022001219D
:101DE000207100202061217110BD012010BD000074
:101DF00010B586B0044601A81421FEF7A1FA2068A8
:101E0000104988421CD11048816841F0005181601E
:101E1000816801F0005100910099016841F00101D1
:101E2000016001A9006800F00100009000983020D6
:101E300001900320029000200390044803F01EFB51
:101E400006B010BD00740040E04402580000025883
:101E500081B04FF0000C0028CDF800C00CD0006815
:101E6000002900900098104414BF143008300090EE
:101E700000980360002000E0012001B0704708B323
:101E800043790222012B2DD080B54FF0010C01F0D7
:101E9000100E002980F805C002710CFA0EFC0268D1
:101EA000136843EA0C031360D2F800C00CD002217F
:101EB0000CF4781301FA0EF18B420DD1516841F008
:101EC000020108E001220DE00CF03E01022903D1DD
:101ED000516841F0010151600121002201714271FC
:101EE000BDE88040D0B27047F8B5044603F09EFBD1
:101EF0000546002C00F0A08094F83500022840F040
:101F00009D802768A34EA44887421CBFA3488742F0
:101F100027D0A34887421CBFA248874221D0A248AD
:101F200087421CBFA14887421BD0A14887421CBFE3
:101F3000A048874215D0A04887421CBF9F488742CF
:101F40000FD09F4887421CBF9E48874209D09E48B9
:101F500087421CBF9D48874203D09D48874240F07E
:101F60000481386820F01E003946386051F8140F9B
:101F700020F080000860F548874244D0F44887424A
:101F80001CBFF44887423ED0F34887421CBFF34849
:101F9000874238D0F24887421CBFF248874232D08D
:101FA000F14887421CBFF14887422CD0F048874255
:101FB0001CBFF048874226D0EF4887421CBFEF483D
:101FC000874220D0EE4887421CBFEF4887421AD094
:101FD000EC4887421CBFED48874214D0EC4887424A
:101FE0001CBFEC4887420ED0EB4887421CBFEB4831
:101FF000874208D0EA4887421CBFEA48874202D09D
:10200000E948874204D1206E016821F480710160A3
:10201000386820F001003860386810F0010F11D0E6
:1020200003F004FB401B0628F6D320206065032044
:1020300084F83500012093E0012094E08020606561
:1020400001208DE02068C14988421CBFC0498842F8
:1020500026D0C04988421CBFBF49884220D0BF4912
:1020600088421CBFBE4988421AD0BE4988421CBF64
:10207000BD49884214D0BD4988421CBFBC49884232
:102080000ED0BC4988421CBFBB49884208D0BB491E
:1020900088421CBFBC49884202D0B94988426CD1F1
:1020A000D4E9161202F01F023F2303FA02F28A60FB
:1020B000A649884244D0A64988421CBFA549884207
:1020C0003ED0A54988421CBFA449884238D0A449C3
:1020D00088421CBFA349884232D0A34988421CBF12
:1020E000A24988422CD0A24988421CBFA1498842FB
:1020F00026D0A14988421CBFA049884220D0A049CF
:1021000088421CBFA04988421AD09E4988421CBF01
:102110009E49884214D09E4988421CBF9D498842EE
:102120000ED09D4988421CBF9C49884208D09C49DA
:1021300088421CBF9B49884202D09B4988420BD1F0
:10214000D4E919014160E06E30B1016821F4807179
:102150000160D4E91C014160012084F835000020B1
:10216000002184F8341001B0F0BD3868B7423FF464
:10217000F9AE20F00E003946FCE6D4E91612B04262
:1021800002F01F023FF490AF012303FA02F24A600B
:102190008EE700BFB8040240100002402800024051
:1021A0004000024058000240700002408800024097
:1021B000A0000240B800024010040240280402407F
:1021C000400402405804024070040240A00402404F
:1021D0008804024000286ED090F83510022968D19A
:1021E00001685A4A91422CD0594A91421CBF594A1F
:1021F000914226D0584A91421CBF584A914220D061
:10220000574A91421CBF574A91421AD0564A9142AE
:102210001CBF564A914214D0554A91421CBF554AA0
:1022200091420ED0544A91421CBF544A914208D068
:10223000534A91421CBF534A914202D0524A9142A2
:102240003CD1042280F83520404881421CBF4048E0
:10225000814228D03F4881421CBF3F48814222D062
:102260003E4881421CBF3E4881421CD03D488142CD
:102270001CBF3D48814216D03C4881421CBF3C48AF
:10228000814210D03B4881421CBF3B4881420AD06A
:102290003A4881421CBF3A48814204D039488142C1
:1022A0001CBF39488142086820F001000860002105
:1022B00002E0802141650121084670470A6822F04A
:1022C0000E020A600A6822F001020A602F4A914257
:1022D00014D02F4A91421CBF2E4A91420ED02E4A52
:1022E00091421CBF2D4A914208D02D4A91421CBFF9
:1022F0002C4A914202D02C4A914218D1016E0123FE
:102300000A6822F480720A60D0E9161202F01F02F5
:1023100003FA02F24A60D0E919124A60C16E31B183
:102320000A6822F480720A60D0E91C124A60012116
:1023300080F83510002180F83410026D002ABBD0DF
:1023400080B590470021BDE88040B5E7100002400D
:102350002800024040000240580002407000024045
:1023600088000240A0000240B80002401004024071
:102370002804024040040240580402407004024015
:1023800088040240B8040240A004024008540258E5
:102390001C5402583054025844540258585402589D
:1023A0006C54025894540258805402582DE9FC4150
:1023B000044600200190DFF83005A56DD0F80080BC
:1023C0002F6829682068D44A904249D0D34A904265
:1023D0001CBFD34A904243D0D24A90421CBFD24A3B
:1023E00090423DD0D14A90421CBFD14A904237D052
:1023F000D04A90421CBFD04A904231D0CF4A90423E
:102400001CBFCF4A90422BD0CE4A90421CBFCE4A2E
:10241000904225D0CD4A90421CBFCD4A90421FD059
:10242000CC4A90421CBFCC4A904200F02581CB4A56
:1024300090421CBFCA4A904200F01E81C94A904295
:102440001CBFC94A904200F01781C84A90421CBF85
:10245000C74A904200F01081C649884240F033825A
:10246000E16D082201F01F018A403A423DD0AA4B9B
:1024700098422DD0A94B98421CBFA94B984227D017
:10248000A84B98421CBFA84B984221D0A74B98421A
:102490001CBFA74B98421BD0A64B98421CBFA64B13
:1024A000984215D0A54B98421CBFA54B98420FD01F
:1024B000A44B98421CBFA44B984209D0A34B98420E
:1024C0001CBFAC4B984203D0A14B984240F0FD8119
:1024D000042306681E4208D0036823F00403036047
:1024E000AA60626D42F00102626501228A403A42AE
:1024F0003BD0894B98422DD0884B98421CBF884BCB
:10250000984227D0874B98421CBF874B984221D0D6
:10251000864B98421CBF864B98421BD0854B9842F5
:102520001CBF854B984215D0844B98421CBF844BEE
:1025300098420FD0834B98421CBF834B984209D0DE
:10254000824B98421CBF8B4B984203D0804B9842E1
:1025500040F0BD8100F11406802336681E421FBF83
:10256000AA60626D42F00202626504228A403A4229
:1025700039D0694B98422DD0684B98421CBF684BAC
:10258000984227D0DC4B98421CBFDC4B984221D0AC
:10259000DB4B98421CBFDB4B98421BD0DA4B984276
:1025A0001CBFDA4B984215D0D94B98421CBFD94B6F
:1025B00098420FD0D84B98421CBFD84B984209D0B4
:1025C000D74B98421CBFD84B984203D0D54B98426A
:1025D00040F08081022306681E421FBFAA60626D20
:1025E00042F004026265102202FA01F1394200F061
:1025F000C780BE4A90422DD0BD4A90421CBFBD4A02
:10260000904227D0BC4A90421CBFBC4A904221D085
:10261000BB4A90421CBFBB4A90421BD0BA4A904270
:102620001CBFBA4A904215D0B94A90421CBFB94A61
:1026300090420FD0B84A90421CBFB84A904209D08D
:10264000B74A90421CBFB84A904203D0B54A904264
:1026500040F0428108220368134200F09180A96093
:102660000268016812F4802F3BD1C9055EBF016882
:1026700021F00801016036E00268E36D03F01F03FA
:1026800012F0040F1EBF04279F4017EA010609D06D
:1026900011046F601FD491065EBF016821F0040130
:1026A00001601CE0970720D502279F4017EA01062A
:1026B0001BD011046F6000F11181910600F11281AD
:1026C000016821F00A010160012084F83500002032
:1026D00084F8340006E1D00301D4A16CEDE0216C54
:1026E000EBE0080348D4216C47E0120740F1EB808F
:1026F00008229A40114000F0E680016821F00E01A6
:1027000001600121E06D00F01F0001FA00F0686037
:10271000616584F83510CCE01000024028000240CA
:102720004000024058000240700002408800024011
:10273000A0000240B80002401004024028040240F9
:1027400040040240580402407004024088040240E1
:10275000A004024094540258085402581C540258D1
:102760003054025844540258585402586C54025879
:1027700080540258B8040240A16C09B12046884731
:10278000E06D00F01F01202000FA01F23A426DD006
:102790002068564E1023B0422DD0554EB0421CBF7B
:1027A000544EB04227D0544EB0421CBF534EB0429C
:1027B00021D0534EB0421CBF524EB0421BD0524E9D
:1027C000B0421CBF514EB04215D0514EB0421CBF5A
:1027D000504EB0420FD0504EB0421CBF4F4EB04290
:1027E00009D04F4EB0421CBF4E4EB04203D04E4EA9
:1027F000B04218BF022307681F4237D0AA6094F87E
:1028000035300268042B19D122F0160202604269A9
:1028100022F080024261226C0AB9A26C1AB10268ED
:1028200022F0080202603F208840A860012084F85E
:102830003500002084F83400216D3EE00168520329
:102840000CD4C9050ED4016821F0100101600120EB
:1028500084F83500002084F8340003E0080301D434
:10286000616C00E0E16B09B120468847606D50B3B0
:10287000606D10F0010F1FD04FF41650B8FBF0F14F
:10288000042084F835002068026822F0010202600A
:10289000019A01328A42019203D8026812F0010FB4
:1028A000F6D10068012100F0010041EA400084F8FF
:1028B0003500002084F83400E16C002908BFBDE831
:1028C000FC8120468847BDE8FC81082301E60023FF
:1028D000064642E600237EE60422BCE6D00301D48D
:1028E000616CEAE7E16BE8E79C000024100002401D
:1028F00028000240400002405800024070000240A0
:1029000088000240A0000240B800024010040240CB
:10291000280402404004024058040240700402406F
:1029200088040240A0040240B80402402DE9F041AE
:10293000044602F07BFE0546002C00F0068120686C
:10294000DD49884248D0DD4988421CBFDC498842C5
:1029500042D0DC4988421CBFDB4988423CD0DB497D
:1029600088421CBFDA49884236D0DA4988421CBF07
:10297000D949884230D0D94988421CBFD8498842B9
:102980002AD0D84988421CBFD749884224D0D74989
:1029900088421CBFD64988421ED0D64988421CBFF7
:1029A000D549884200F09280D44988421CBFD4495E
:1029B000884200F08B80D34988421CBFD2498842AC
:1029C00000F08480D14988421CBFD14988427DD023
:1029D000D049884240F0B480022184F835100021AB
:1029E00084F83410B44988421CBFB449884228D0C6
:1029F000B34988421CBFB349884222D0B2498842B9
:102A00001CBFB24988421CD0B14988421CBFB149A1
:102A1000884216D0B04988421CBFB049884210D0C5
:102A2000AF4988421CBFAF4988420AD0AE498842AC
:102A30001CBFAE49884204D0B64988421CBFAC498D
:102A40008842016821F00101016005E002F0EEFD1D
:102A5000401B052872D82068016811F0010FF5D1DC
:102A60000168AE4A04F1100C01EA0208D4E902251B
:102A70009CE84810D4E90771D4F824E042EA08023F
:102A8000BEF1040F42EA050242EA030242EA0602EC
:102A900042EA0C0242EA070241EA020102BFD4E91B
:102AA0000B23114319439E4A1268B2F1005F55D3BC
:102AB0006568A5F13F02132A4AD8012303FA02F2FE
:102AC000984B1A4244D041F4801147E0022184F827
:102AD0003510002184F834100268D4E90237D4E9B3
:102AE0000465D4E906CED4F82080802B6FF3101251
:102AF00008BF4FF48041402B42EAD70208BF1021A3
:102B0000114341EAD60141EAD50141EADC0141EA3B
:102B1000DE0141EA181101607F4908441421B0FB2D
:102B2000F1F08000E0652046FEF7A8F8E16D012293
:102B300001F01F0102FA01F141604CE0202000E0A9
:102B400040206065032084F835000120BDE8F08155
:102B5000A5F12902062A38BF41F480110160BEF1B7
:102B6000040F416921F0070141EA0E0128D1D4E99F
:102B70000A53294323B3BCF5005F08D0BCF1000F12
:102B800011D1022D12D0012D07D07DB118E0032DF7
:102B900016D8DFE805F00E0B0E02A3F1C072B2FAF0
:102BA00082F2520904E0032D03D309D1C3F300627A
:102BB00032B140206065012084F83500BDE8F08125
:102BC00041612046FEF75AF8E16D3F2201F01F01F6
:102BD00002FA01F181602068D349884244D0D34988
:102BE00088421CBFD24988423ED0D24988421CBF8D
:102BF000D149884238D0D14988421CBFD049884247
:102C000032D0D04988421CBFCF4988422CD0CF490E
:102C100088421CBFCE49884226D0CE4988421CBF7C
:102C2000CD49884220D0CE4988421CBFCB4988423A
:102C30001AD0CC4988421CBFCB49884214D0CB491A
:102C400088421CBFCA4988420ED0CA4988421CBF6C
:102C5000C949884208D0C94988421CBFC84988422E
:102C600002D0C84988421FD12046FEF777F8A068F5
:102C7000802806BF002060606068216EC2B2013803
:102C80000A600728D4E919124A6009D82046FEF7DD
:102C9000ABF8E06E00210160D4E91C01416003E063
:102CA0000020C4E91B00606700200121606584F8F2
:102CB0003510BDE8F08100BF10000240280002403E
:102CC000400002405800024070000240880002406C
:102CD000A0000240B8000240100402402804024054
:102CE000400402405804024070040240880402403C
:102CF000A004024094540258085402581C5402582C
:102D00003054025844540258585402586C540258D3
:102D100080540258B8040240F8ABFDA73F8010FE73
:102D20000010005C0F030F00B0B50546002D00F049
:102D3000E78095F83400012801D10220E1E001206C
:102D400085F8340095F83500012840F0D380022042
:102D500085F83500002068652868046824F00104BF
:102D600004602846FEF782F828686F4988421CBF35
:102D70006E49884227D06E4988421CBF6D498842FF
:102D800021D06D4988421CBF6C4988421BD06C49D8
:102D900088421CBF6B49884215D06B4988421CBFD2
:102DA0006A4988420FD06A4988421CBF69498842F3
:102DB00009D0694988421CBF6849884203D06849E4
:102DC000884240F0A08001680B2262F34401016058
:102DD000296C19B1016841F008010160524988422B
:102DE00044D0524988421CBF514988423ED0514983
:102DF00088421CBF5049884238D0504988421CBF85
:102E00004F49884232D04F4988421CBF4E498842C0
:102E10002CD04E4988421CBF4D49884226D04D498E
:102E200088421CBF4C49884220D04D4988421CBF73
:102E30004A4988421AD04B4988421CBF4A498842B5
:102E400014D04A4988421CBF494988420ED049499A
:102E500088421CBF4849884208D0484988421CBF64
:102E60004749884202D0474988423DD1296E0A68C5
:102E700012F4803F1EBF0A6842F480720A60E96E55
:102E800019B10A6842F480720A60274988421CBF5F
:102E90002649884228D0264988421CBF25498842B5
:102EA00022D0254988421CBF244988421CD024498D
:102EB00088421CBF2349884216D0234988421CBF40
:102EC0002249884210D0224988421CBF21498842A9
:102ED0000AD0214988421CBF2149884204D0214997
:102EE00088421CBF1D498842016841F00101016010
:102EF000002006E04FF400606865002085F834008B
:102F00000120C0B2B0BD0168164A90423FF45CAFE8
:102F1000052262F343010160296C00293FF45EAF92
:102F2000016841F0040158E7100002402800024007
:102F300040000240580002407000024088000240F9
:102F4000A0000240B80002401004024028040240E1
:102F5000400402405804024070040240A0040240B1
:102F600088040240B8040240085402581C54025815
:102F70003054025844540258585402586C54025861
:102F8000945402588054025870B505466E1C02F0E5
:102F90004DFB04461EB106480078054401E04FF0A1
:102FA000FF3502F043FB001BA842FAD370BD00BFFF
:102FB00090000024000000002DE9F8432DED028B65
:102FC0008146DFF8040A0078D0B1DFF8005ADFF854
:102FD000007ADFF8004A40F28A2628880CE0388818
:102FE000C54904EB4000405E09F08CFF2888398811
:102FF000013001312880398080B2B042EFD91DE024
:10300000DFF8B40D0078E8B1DFF8A45DDFF8A47D47
:10301000DFF8A84D40F28A2628880CE03888B649A7
:1030200004EB4000405E09F06DFF288839880130CC
:1030300001312880398080B2B042EFD90FF680503C
:1030400008F0F6FDAD4DB9F5004F47D11420FFF75C
:103050009BFF28464FF4004102F0D8FA012840F0C7
:10306000CB824FF4FA70FFF78FFF28464FF40041F0
:1030700002F0CCFA012840F07C8028464FF4004151
:1030800002F0C4FA0128F8D0DFF83C0DDFF83C5D0F
:10309000A847DFF83C0D00210170DFF8380DA84784
:1030A000DFF8340DA847DFF8340D007818B1DFF8E9
:1030B000300D08F0BDFDDFF82C0DA847DFF8280D16
:1030C000A847DFF8280DA847DFF8240DA847DFF848
:1030D000240DA847DFF8200DA8478AE2884FB9F5EC
:1030E000807F00F07080B9F1040F00F09780B9F193
:1030F000080F00F0C080B9F1100F00F00581B9F1A0
:10310000200F00F02181B9F1400F00F04181B9F1A9
:10311000800F00F06D81B9F1020F40F072822846F5
:10312000042102F073FA002840F06B820FF6CC40C5
:1031300008F07EFDDFF8980C01784A1E0F2A00F295
:103140006082DFE812F01000AA04B904BE04C304D0
:10315000ED05F605C8040006CD041E06F4040205BC
:10316000F00782030E0501310170DFF8680C00F0F2
:103170001ABD4FF496740FF6484503E0284608F050
:1031800057FD013C002CF9D1DFF8800C08F050FD10
:10319000DFF83C0C0178102900F22B82DFE811F0F7
:1031A0001100CD01D201E001E501EA01EF01F401D6
:1031B000F901FE01030208020D021202C301170207
:1031C000C8010121EBE12846802102F01FFA002806
:1031D00040F017820FF6384008F02AFDDFF8400C67
:1031E00001780239042900F20C82DFE811F00500B1
:1031F00074029202A402B10201210170DFF8240CD2
:1032000008F016FDDFF8200C0078002814BFDFF866
:103210001C0CDFF81C0C08F00BFDF2E105F5406614
:103220000221304602F0F2F9002840F0EA810FF660
:10323000E03008F0FDFCDFF8980B02783149531EAE
:103240000F2B00F2DE81DFE813F010009904AA04CE
:10325000BD04C7048B079807D104A507D604CA0785
:1032600001052C05FD070003420508210170DFF868
:10327000640B00F061BD1420FFF786FE284608218C
:1032800002F0C4F9012840F0BC814FF4FA70FFF756
:103290007BFE2846082102F0B9F9012840F0CF80D2
:1032A0002846082102F0B2F90128F9D0DFF8840B92
:1032B0000178012940F090810021DFF8105B017056
:1032C000DFF8740BA847DFF8740BA847DFF8700B22
:1032D000A847DFF8700BA847DFF86C0BA847DFF8AA
:1032E0006C0BA847DFF8680BA847DFF8680BA84706
:1032F000DFF8640BA8477CE176FDFFFF000402586D
:10330000280000400000BAFE2846202102F07EF985
:10331000002840F076810FF6E42008F089FCDFF801
:10332000140B0078032800F08881022800F0F38055
:10333000012840F06681DFF8240B0178012920D0B4
:10334000002900F0C1815CE12846102102F05EF9FD
:10335000002840F056810FF6B82008F069FCDFF82D
:10336000D40A0078032800F08881022800F0D38076
:10337000012840F04681DFF8E40A0178002900F0D6
:10338000A38100210170DFF8D80A08F051FC38E170
:103390001420FFF7F9FD2846402102F037F90128F3
:1033A00040F02F814FF4FA70FFF7EEFD28464021E0
:1033B00002F02CF901286ED12846402102F026F9AE
:1033C0000128F9D0DFF89C0ADFF8004AA047DFF8AF
:1033D000980AA047DFF8940AA047DFF8940AA047AC
:1033E000DFF8900AA047DFF8380A0021017000E1F9
:1033F00028464FF4807102F009F9002840F001815D
:103400000FF6F81008F014FCDFF8140A01780139FF
:10341000042900F2F680DFE811F005009E01BC01EE
:10342000CE01E40102210170DFF84C0A08F000FC33
:10343000DFF8F4090078002840F0D68774E2DFF85E
:10344000F4090178022900F0DE81012900F0F18100
:10345000002940F0D6800121DFF870590170DFF8B3
:103460001C0AA847DFF8180AA847DFF8180AA84777
:10347000DFF8140AA847DFF8140AA847DFF8100A93
:10348000A847DFF8100AA847DFF80C0AA847DFF8BA
:103490000C0AA847B5E0DFF888090178062900F290
:1034A000B080DFE811F0070021022802460259022D
:1034B000740299020121DFF814490170DFF8E00974
:1034C000A047DFF8E009A047DFF8DC09A047DFF8F4
:1034D000DC09A047DFF8D809A047DFF84809A04772
:1034E000DFF844090078002814BFDFF84009DFF84E
:1034F000400908F09DFBDFF8BC090078022801F0C4
:103500009D80012801F09D80002841F09E80DFF819
:10351000A80901F098B8DFF8A4090178002900F0A3
:10352000CC80002186E1F8310170DFF894095EE07B
:10353000F8310170DFF88C0959E008310170DFF8CB
:10354000880954E008310170DFF8800908F070FB49
:10355000DFF88808007800284BD0DFF8740946E0CF
:1035600008310170DFF86C0941E008310170DFF8C3
:1035700068093CE008310170DFF8600937E0083184
:103580000170DFF85C0932E008310170DFF854099E
:103590002DE008310170DFF8500928E0F8310170A2
:1035A000DFF8480923E0F8310170DFF844091EE034
:1035B000F8310170DFF83C0919E0F8310170DFF8EB
:1035C000380914E0F8310170DFF830090FE0F83104
:1035D0000170DFF82C090AE001210170DFF87C0896
:1035E00000210170DFF8D4080170DFF8740808F0DA
:1035F0001FFBB9F5004F04D1DFF80809016801315C
:103600000160DFF80409DFF804190088098808441C
:1036100000B208F061FADFF8F808DFF8F81800885F
:103620000988084400B208F08BFAE548C0F8009019
:10363000BDEC028B01B0BDE8F083DFF82018DFF8A5
:103640007C0809780078002900F01A81002800F031
:103650001A860128D5D1DFF8C048DFF8C058218884
:1036600028884218DFF8B80808F0E2FA218828888C
:103670004218DFF8B00800F08ABEDFF8E017DFF884
:103680003C0809780078002900F01681002800F035
:103690000B860128B5D1DFF88448DFF87C582088F4
:1036A00029880A1ADFF8780808F0C2FA20882988E1
:1036B0000A1ADFF8700800F082BE01210170DFF8FD
:1036C000680808F0B5FA9CE701210170DFF85C0892
:1036D00008F0AEFA95E702210170DFF84C07007898
:1036E000002814BFDFF84808DFF8480808F0A0FAFF
:1036F000DFF8C0070078022800F0E785012800F015
:10370000EA8500287FF47DAFDFF8AC0708F090FA77
:1037100077E703210170DFF89C070078022800F0AA
:10372000E085012800F0E085002840F0E185DFF821
:10373000080800F0DBBD04210170DFF8A006007866
:1037400000280CBF0FF2F4700FF6080000F086BFDF
:10375000052101703CE003210170DFF81C0708F02F
:1037600067FADFF8C4060078002814BFDFF8BC064B
:10377000DFF8BC0608F05CFADFF8380700780228AA
:1037800000F08C87012800F0E280002800F07A87A2
:1037900037E704210170DFF81C070078022800F0E9
:1037A000B485012800F0B485002840F0B585DFF825
:1037B000080700F0AFBD05210170DFF82006007892
:1037C00000280CBFDFF8A407DFF8A40708F030FAE0
:1037D000DFF8A007007898B30FF29C7008F028FA81
:1037E0000FE706210170DFF88C07007800280CBF76
:1037F000DFF89C070FF29C7008F01AFADFF8A807B0
:1038000008F016FAFDE603210170DFF85016DFF824
:10381000AC0609780078002900F03481002800F017
:10382000A08501287FF4EDAEDFF8800708F000FAEC
:10383000E7E602210170DFF8780708F0F9F9E0E621
:103840000FF2707008F0F4F9DBE6DFF8800700781B
:10385000012800F0718500287FF4D3AEDFF87007EF
:103860000178002900F0838700210170DFF86407E8
:1038700008F0DEF905F580604FF4806100F06CBD62
:10388000002800F0748501287FF4BBAEDFF84847BC
:10389000DFF88856218828884218DFF8400708F0AA
:1038A000C7F9218828884218DFF8340708F0C0F9E2
:1038B000208805302080A4E6002800F070850128CB
:1038C0007FF49FAEDFF85446DFF80C572088298834
:1038D0000A1ADFF8080708F0ABF9208829880A1AC5
:1038E000DFF8FC0600F06BBDDFF82006DFF82416D9
:1038F00006F076F985E6DFF830050178002900F05A
:1039000066850021DFF8DC264FF42F630170DFF8B5
:10391000D80601210170DFF8D4060170DFF8D00667
:1039200005F50161FFF700FADFF8080608F080F9F5
:1039300067E6DFF880050178022900F0A1860129F9
:1039400000F0A68600297FF45CAE01210170DFF84B
:10395000A40608F06DF954E6DFF880040178002928
:1039600000F048850021DFF87C264FF42F630170BA
:10397000DFF8740601210170DFF870060170DFF8CE
:10398000700605F50161FFF7CFF900F0CFBCDFF855
:10399000E4050178002900F04685002101700FF24E
:1039A000146008F045F9DFF8500603F081FDDFF8F8
:1039B0004C0603F0D7FDDFF8480603F0D3FD20E600
:1039C0008800005800007A44240000243C000024B1
:1039D0003A000024F02D0024DFF8280601780029A1
:1039E00000F039850021DFF8E4530170DFF8180694
:1039F000A847DFF81806A847DFF81406A847DFF83D
:103A00001406A847DFF81006A847DFF81006A847F5
:103A1000DFF80C06A847DFF80C06A847DFF8080611
:103A2000A847DFF80806A847DFF80406A847DFF82C
:103A30000406A847DFF80006A847DFF80006A847F5
:103A4000DFF8FC05A847DFF8FC05A847DFF8F80514
:103A5000A847DFF8F805A847DFF8F405A847DFF81E
:103A6000F405A847DFF8F005A847DFF8F005A847F8
:103A7000DFF8EC05A847DFF8EC05A847DFF8E80514
:103A8000A847BEE5002800F04F8501287FF4B9ADB6
:103A9000DFF8D80508F0CCF8B3E501310170DFF8A4
:103AA000380308F0C5F8DFF834030078002800F088
:103AB0008F80DFF82C0389E001310170DFF82403E7
:103AC0008EE001310170DFF820034EE30131017017
:103AD000DFF8180356E301210170DFF81C0357E0FB
:103AE000DFF88C05017803390D293FF68AADDFE850
:103AF00011F00E00D306F20609072F0746075D07EF
:103B000074078C07A407BC07D407EC07040804213A
:103B10000170DFF8600508F08BF8B04800780028E5
:103B20003FF46FADDFF8500508F082F869E5DFF883
:103B30004C552888053001042880B1F1A37F80F21C
:103B4000998000B200F5A0718DE0DFF88004007864
:103B5000002800F0EF84DFF8B8432088411C813052
:103B6000AAE0DFF81C050178013903293FF649ADC9
:103B7000DFE811F0CA04D204BA00C20402F1FF0166
:103B80000170954808F054F89448007810B19448B2
:103B900008F04EF8DFF8540308F04AF831E502F176
:103BA000FF0101708F4808F043F8D14808F040F851
:103BB0008A48007800283FF424ADDFF8C80408F0F4
:103BC00037F81EE502F1FF010170874808F030F870
:103BD000C84808F02DF814E502F1FF010170834890
:103BE00008F026F8C44808F023F80AE502F1FF01BE
:103BF0000170814897E0DFF87804017806390C29D4
:103C00003FF6FFACDFE811F00D00CD05E405EB0554
:103C1000F205F905000608061006280630063806E3
:103C20004006012139600321796001780139017072
:103C3000DFF8540407F0FCFF6848007800283FF4E0
:103C4000E0ACDFF8480407F0F3FFDAE4DFF82C54C7
:103C50004FF6FB7228881044020428808A4209DD4E
:103C600000B200F5A57100F24512DFF8240407F058
:103C7000DFFF288800B206F023FF1FEDAE1A288868
:103C8000B4EEC10A00B2F1EE10FA33DD06F0F8FE30
:103C9000DFF80004B7EEC00A53EC102B07F0C8FFA2
:103CA000AFE4CA480078002800F04A84984C4FF6E8
:103CB000FF71208801447F30218080B2022106F00C
:103CC00023FF2088B0EE408A022100F049BCDFF8D3
:103CD000B0030178013903293FF693ACDFE811F016
:103CE00004000C0414041C0404210170EA4807F0C9
:103CF0009FFF86E406F0E4FEB5F90000B0EE408ACE
:103D000006F0DEFEB5EEC08AB7EEC00AF1EE10FA9C
:103D100053EC102BB4BFE148E14807F089FF70E491
:103D200001310170324807F083FF754807F080FFCA
:103D300067E4013101702F4807F07AFF614807F00E
:103D400077FFFFF75EBCA1480178012900F0AC8441
:103D500000297FF456AC01210170D24807F068FFBA
:103D6000D14800780138082800F2F886DFE810F022
:103D70003302DD06E006E306E606E906EC06EF069A
:103D8000F206924F3878002841F00A80DFF81C8351
:103D900098F8000008283FF634ACDFE810F0A501E1
:103DA0000F072D074B076907A507C3078707E1071B
:103DB0003C0000243A0000242300002410180024B2
:103DC00001FFFFFF0000000067E1000831BC0008B0
:103DD000150000240FD900085AD800081400002448
:103DE00018D80008D6D7000887D9000845D9000898
:103DF00013D70008CAD80008C9D900087368756EBF
:103E00007368697A68656E67FFFFFF0072E10008FA
:103E10006E697368697A68656E67FFFFFF0000006E
:103E20001B000024B2D8000813000024A0D2000810
:103E3000BCD100081F000024E9DB00082ADC0008D0
:103E40006BDC00089FDC0008BEDA0008F2DA00082C
:103E500026DB00085ADB0008BDDF00082000002434
:103E600078DA00089BDB0008CFDB000810DC0008D4
:103E7000C6DC0008E5DA00089CD8000826E1000846
:103E800033E1000840E100084DE10008D8E00008F7
:103E9000F2E00008FFE000080CE1000819E100086A
:103EA0006FDD0008A3DD0008D7DD000866DE00082E
:103EB000E5E000081C00002496D100082100002441
:103EC00029D70008DFD9000832D9000885D80008B2
:103ED00043D8000801D80008B2D9000870D90008FA
:103EE00040D70008F7D80008F6D9000820D9000804
:103EF0006FD80008EBD700089CD900085AD90008F1
:103F0000E0D80008DC43002436000024D04300241D
:103F100038000024D24300242E000024F80000249E
:103F200036E00008E5DF0008DDD0000860DA0008B0
:103F3000B1D20008CDD10008A8D100087434392EC0
:103F40007478743D222D3E464654B9D822FFFFFFB7
:103F5000000000007434392E7478743D222D3E46E2
:103F60004654BFAA22FFFFFF000000000EDA00083F
:103F7000C1D60008250000247435302E7478743DB5
:103F8000222D3EB2E2C6B5BFAA22FFFFFF0000000D
:103F900036DA00087435302E7478743D22B2E2C6E9
:103FA000B5BFAA22FFFFFF00A6DA0008F4D0000880
:103FB00098D000087435302E7478743D222D3EB2AE
:103FC000E2C6B5B9D822FFFFFF00000018000024A8
:103FD0001600002432D1000832000024BDE00008A1
:103FE0006CE00008D84700241100002412000024CF
:103FF0008005002480D10008CC45002464460024BC
:10400000184600241E000024F1DD000825DE00080B
:104010004CDE0008D3DC0008EDDC000814DD0008ED
:104020003BDD000862DD000896DD0008CADD0008FF
:10403000FEDD000832DE000859DE0008E0DC000882
:10404000FADC000821DD000848DD000851DC00082A
:1040500092DC000819DB00084DDB000881DB00085A
:10406000A8DB0008DCDB00081DDC00080BD1000821
:1040700019000024F7D300084BDF000834000024A7
:104080001A0000242DD8000808D40008D2D5000852
:104090001BE000089BD30008AADF000896D40008A4
:1040A000BDD4000883DE0008510100245001002423
:1040B0001756000817DF00082A0000242C000024EF
:1040C00000E00008CADF000842D100086CD10008F7
:1040D00056D1000817000024AFD00008300000249B
:1040E000A2E0000851E000085FF83C4005F540669A
:1040F000202101223046A047304610210122A0474E
:10410000304608210022A04705F580604FF48071F9
:104110000022A04798F80000013088F800005FF8FE
:104120006C0000F03ABE5FF870502888053001043A
:10413000B1F5FE0F4FF08001C8BF7F20288011FA33
:1041400080F05FF8781180B20978002900F01D82B4
:10415000022106F0D9FC2888B0EE408A02211BE239
:1041600002F1FF0101705FF8780307F061FD5FF86D
:10417000740207F05DFDFFF744BA02F1FF01017020
:104180005FF8900307F054FD5FF8CC0207F050FD94
:10419000FFF737BA5FF8CC010178012900F09C8263
:1041A00000297FF42EAA012101705FF8080107F0B1
:1041B0003FFD5FF80C0100780138082800F2CE843A
:1041C000DFE810F00900B304B604B904BC04BF046E
:1041D000C204C504C8045FF8240100F0BDBC5FF848
:1041E00014020078012800F0928200287FF409AAC6
:1041F0005FF848713878013808283FF602AADFE8EE
:1042000010F00900B806D006E806000717072E07C9
:1042100045075C075FF8684105F580604FF48071E1
:104220000022A047304620210122A047304610211D
:104230000022A047304608210022A04738780138E4
:1042400038708EE25FF890514FF6FB7201F546012F
:104250002888104402048A424FF08001B8BF6FF0F2
:104260007F00288011FA80F05FF8A01280B20978F0
:10427000002900F0A981022106F046FC2888B0EE52
:10428000408A0221A7E15FF8CC415FF87053218892
:10429000288842185FF8D80107F0CAFC21882888CE
:1042A00042185FF8E00172E05FF890435FF8F45164
:1042B000208829880A1A5FF8F80107F0B9FC2088DD
:1042C00029880A1A5FF8040279E05FF8040207F00F
:1042D000AFFCFFF796B95FF80C0207F0A9FCFFF7F7
:1042E00090B95FF8140201E05FF8F80207F0A0FC53
:1042F0005FF81805007800280CBF5FF890035FF89E
:10430000900307F095FCFFF77CB95FF8440201E0E9
:104310005FF8480207F08CFC5FF84005007828B190
:10432000AFF2D03007F084FCFFF76BB9AFF2F43096
:1043300007F07EFCFFF765B95FF868020178002995
:1043400000F02082002101705FF8780307F070FC14
:1043500005F580604FF40061012201F05CF9FFF780
:1043600050B95FF88C0207F063FCFFF74AB95FF8B9
:1043700094425FF858542188288842185FF8A002B8
:1043800007F056FC2188288842185FF8A80207F039
:104390004FFC2888218808442080FFF732B95FF855
:1043A00084445FF8C852208829880A1A5FF8D0022E
:1043B00007F03EFC208829880A1A5FF8D80207F027
:1043C00037FC20882988081A2880FFF71AB90121AC
:1043D00001705FF8EC03002101705FF8F0030170D9
:1043E000DFF8C40E07F024FC5FF8BC0407F020FCE3
:1043F000FFF707B901215FF82C4601705FF8180438
:10440000002101705FF81C0401705FF8E405017081
:104410005FF8E805A0470FF6B460A047DFF8880E04
:10442000A047FFF7EEB801210170DFF87C0E07F01E
:10443000FFFB0FF67C6007F0FBFB5FF8440403F022
:104440007DF85FF8480403F033F85FF84C0403F09C
:104450002FF8FFF7D6B80121DFF8B85E0170DFF85A
:10446000B80EA847DFF8B40EA847DFF8B40EA84787
:10447000DFF8B00EA847DFF8B00EA847DFF8AC0EA3
:10448000A847DFF8AC0EA847DFF8A80EA847DFF86A
:10449000A80EA847DFF8A40EA847DFF8A40EA84787
:1044A000DFF8A00EA847DFF8A00EA847DFF89C0EA3
:1044B000A847DFF89C0EA847DFF8980EA847DFF85A
:1044C000980EA847DFF8940EA847DFF8940EA84787
:1044D000DFF8900EA847DFF8900EA847DFF88C0EA3
:1044E000A847DFF88C0EA847DFF8880EA847DFF84A
:1044F000880EA847FFF785B801210170DFF88C0E00
:1045000007F096FBFFF77DB802210170DFF8840EFB
:1045100007F08EFBFFF775B803210170DFF8700E0E
:1045200007F086FBFFF76DB8DFF85C0E07F080FB45
:10453000FFF767B8DFF8844E2088411C813006E021
:10454000DFF8784E4FF6FF71208801447F302180DC
:1045500080B2012106F0D8FA2088B0EE408A01210D
:10456000803080B206F0D0FAB5EEC08AB7EEC00A4D
:10457000F1EE10FA53EC102BACBFDFF8380EDFF879
:10458000380E07F055FBFFF73CB8012106F0BCFAE6
:104590002888B0EE408A0121803080B206F0B4FA5B
:1045A000B5EEC08AB7EEC00AF1EE10FA53EC102B4C
:1045B000ACBFDFF8F40DDFF8F40D07F039FBB5F907
:1045C00000009FEDDD0B1DE0012106F09DFA28881B
:1045D000B0EE408A0121803080B206F095FAB5EE47
:1045E000C08AB7EEC00AF1EE10FA53EC102BACBF44
:1045F000DFF8B40DDFF8B40D07F01AFBB5F90000D1
:104600009FEDCF0B9FEDD01B03EE100AB7EE082BEA
:10461000DFF89C0DB8EEC33B23EE022B30EE420BCD
:1046200031EE421BBDEEC00BBDEEC11B10EE101AE9
:1046300011EE102A07F0FCFAFEF7E3BFDFF8CC0C0E
:1046400001E0DFF8CC0C07F0F3FADFF87C0C00781F
:1046500000280CBFDFF8B00CDFF8A80C07F0E8FA70
:10466000DFF8480C007828B10FF6784007F0E0FA40
:10467000FEF7C7BFDFF8800C07F0DAFAFEF7C1BF1C
:1046800000210170DFF8780C07F0D2FAFEF7B9BF0D
:1046900002210170DFF8EC0C01210170DFF85C0CE5
:1046A00007F0C6FAFEF7ADBF00210170DFF8A40DD8
:1046B00007F0BEFADFF8340D00780138082800F260
:1046C0006982DFE810F021004E02510254025702C5
:1046D0005A025D026002630200210170DFF8740D6E
:1046E00007F0A6FADFF8040D00780138082800F278
:1046F0005182DFE810F00900360239023C023F0225
:104700004202450248024B02DFF8D80C40E2DFF8D3
:10471000B06C3078013808283EF673AFDFE810F04F
:104720000900E40400051C053805540570058C05D6
:10473000A805DFF8904C05F580654FF40071002264
:104740002846A047284680210122A047284640212C
:104750000022A047284608210122A04730780138CE
:104760003070DFF8840C07F063FAFEF74ABF0121CE
:104770000170DFF82C0C07F05BFA05F580604FF450
:10478000806109E001210170DFF8140C07F050FA94
:1047900005F580604FF40061002200F03CFFFEF759
:1047A00030BF012139600921796001780139017038
:1047B000DFF8940C07F03CFADFF80C0B00780028C7
:1047C0003EF41FAFDFF8840C07F032FAFEF719BF92
:1047D00001213960132179600178013998E00121C4
:1047E00039602721796001780139B7E0012139600A
:1047F0006321796001780139C7E001213960C7215F
:10480000796001780139D7E00121396040F28F11D8
:10481000796001780139E7E00121396040F2E73140
:10482000796001780139F7E040F2F311396007212E
:104830007960017801390170DFF8D40B07F0F8F9DD
:10484000DFF8840A007800283EF4DBAEDFF8C40B02
:1048500007F0EEF9FEF7D5BE40F2F31139600F21F3
:1048600079600178013907E140F2F31139602721BD
:1048700079600178013917E140F2F31139604F2175
:1048800079600178013927E140F2F31139609F2105
:1048900079600178013937E10121396003217960BC
:1048A000017801310170DFF8A80B07F0C1F9DFF8DA
:1048B000180A007818B1DFF8AC0B07F0B9F9DFF887
:1048C000BC0ADFF8BC2A05F501614FF42F63FEF73F
:1048D0002BFAFEF796BE0121396009217960017833
:1048E00001310170DFF8600B07F0A2F9DFF8D80999
:1048F000007800283EF485AEDFF8640B07F098F9E5
:10490000FEF77FBE01213960132179600178013102
:104910000170DFF82C0B07F08BF9DFF8AC09007899
:1049200000283EF46EAEDFF81C0B07F081F9FEF7AD
:1049300068BE00BF00BF00BF0000000000E067408D
:1049400000000000002068400000000000006840F7
:104950000121396027217960017801310170DFF888
:10496000D80A07F065F9DFF86009007800283EF4FE
:1049700048AEDFF8C80A07F05BF9FEF742BE012136
:10498000396063217960017801310170DFF8A00A94
:1049900007F04EF9DFF83009007800283EF431AE18
:1049A000DFF8900A07F044F9FEF72BBE01213960C9
:1049B000C7217960017801310170DFF86C0A07F0D6
:1049C00037F9DFF80409007800283EF41AAEDFF862
:1049D0005C0A07F02DF9FEF714BE0121396040F2A0
:1049E0008F117960017801310170DFF8340A07F026
:1049F0001FF9DFF8D408007800283EF402AEDFF893
:104A0000240A07F015F9FEF7FCBD0121396040F2D8
:104A1000E7317960017801310170DFF8FC0907F0B6
:104A200007F9DFF8A408007800283EF4EAADDFF8C3
:104A3000EC0907F0FDF8FEF7E4BD40F2F311396030
:104A400007217960017801310170DFF8C40907F0AE
:104A5000EFF8DFF87408007800283EF4D2ADDFF8F4
:104A6000FC0907F0E5F8FEF7CCBD40F2F311396020
:104A70000F217960017801310170DFF88C0907F0AE
:104A8000D7F8DFF84408007800283EF4BAADDFF824
:104A90007C0907F0CDF8FEF7B4BD40F2F3113960A0
:104AA00027217960017801310170DFF8540907F09E
:104AB000BFF8DFF81408007800283EF4A2ADDFF854
:104AC000440907F0B5F8FEF79CBD40F2F3113960D8
:104AD0004F217960017801310170DFF81C0907F07E
:104AE000A7F8DFF8E407007800283EF48AADDFF885
:104AF0000C0907F09DF8FEF784BD40F2F311396010
:104B00009F217960017801310170DFF8E40807F036
:104B10008FF8DFF8B407007800283EF472ADDFF8B4
:104B2000D40807F085F8FEF76CBDDFF8B40813E091
:104B3000DFF8A80810E0DFF8A0080DE0DFF894081F
:104B40000AE0DFF88C0807E0DFF8800804E0DFF80F
:104B5000780801E0DFF8000907F06AF8DFF83808A4
:104B60001AE0DFF87C0813E0DFF8700810E0DFF8E7
:104B700068080DE0DFF85C080AE0DFF8540807E099
:104B8000DFF8480804E0DFF8400801E0DFF8C80873
:104B900007F04EF8DFF80C080078012808D000284C
:104BA0007EF42FADDFF8F40707F042F8FEF729BDD9
:104BB000DFF8EC0707F03CF8FEF723BDDFF8044808
:104BC00005F54066202100223046A04730461021DE
:104BD0000022A047304608210122A04705F5806049
:104BE0004FF480710022A04798F80000013088F847
:104BF0000000DFF8EC07D0E0DFF8C84705F580607B
:104C00004FF480710022A04705F540662021002264
:104C10003046A047304610210122A04730460821E7
:104C20000122A04798F80000013088F80000DFF862
:104C3000AC07B2E0DFF88C4705F580604FF4807177
:104C40000022A04705F54066202100223046A047FB
:104C5000304610210022A047304608210022A047FC
:104C600098F80000013088F80000DFF86C0794E045
:104C7000DFF8504705F580604FF480710122A047AE
:104C800005F54066202101223046A047304610211C
:104C90000022A047304608210022A04798F80000D3
:104CA000013088F80000DFF82C0776E0DFF81447C1
:104CB00005F580604FF480710122A04705F540663C
:104CC000202100223046A047304610210122A04773
:104CD000304608210122A04798F80000013088F8EA
:104CE0000000DFF8E40658E0DFF8D84605F58060FC
:104CF0004FF480710122A04705F540662021012272
:104D00003046A047304610210122A04730460821F6
:104D10000022A04798F80000013088F80000DFF872
:104D2000B0063AE0DFF89C4605F580604FF48071EC
:104D30000122A04705F54066202100223046A04709
:104D4000304610210122A047304608210022A0470A
:104D500098F80000013088F80000DFF870061CE0C9
:104D6000DFF8604605F580604FF480710122A047AE
:104D700005F54066202100223046A047304610212C
:104D80000022A047304608210022A04798F80000E2
:104D9000013088F80000DFF8C00606F049FF3878D7
:104DA00001287EF42EACDFF81866307808283EF62D
:104DB00028ACDFE800F0051D354D657D95A8C000E5
:104DC000DFF8004605F580654FF4007100222846A3
:104DD000A047284680210122A047284640210122E1
:104DE000A047284608210122A0473078013091E1F0
:104DF000DFF8D04505F58065802100222846A047D0
:104E0000284640210022A047284608210022A0472A
:104E100028464FF400710022A0473078013095E118
:104E2000DFF8A04505F580654FF4007100222846A3
:104E3000A047284680210122A04728464021002281
:104E4000A047284608210022A0473078013099E188
:104E5000DFF8704505F58065802100222846A047CF
:104E6000284640210122A047284608210022A047C9
:104E700028464FF400710022A047307801309DE1B0
:104E8000DFF8404505F580654FF4007101222846A2
:104E9000A047284680210122A04728464021002221
:104EA000A047284608210122A04730780130A1E11F
:104EB000DFF8104505F580654FF4007101222846A2
:104EC000A047284680210122A047284640210122F0
:104ED000A047284608210122A04730780130A5E1EB
:104EE000DFF8E04405F58065802100222846A047D0
:104EF000284640210122A047284608210122A04738
:104F000030780130AEE1DFF8BC4405F580654FF440
:104F1000007101222846A047284680210022A04790
:104F2000284640210022A047284608210122A04708
:104F300030780130B2E1DFF88C4405F580654FF43C
:104F4000007101222846A047284680210022A04760
:104F5000284640210122A047284608210022A047D8
:104F6000307801303070DFF8F00406F061FEFEF7B3
:104F700048BBDFF8504405F580604FF48071002293
:104F8000A047304620210122A047304610210122AF
:104F9000A047304608210022A047387801383870F1
:104FA000B9E0DFF8204405F580604FF480710022FD
:104FB000A047304620210022A04730461021002281
:104FC000A047304608210122A047387801383870C0
:104FD000BDE0DFF8F04305F580604FF480710022FA
:104FE000A047304620210022A04730461021012250
:104FF000A047304608210122A04738780138387090
:10500000C1E0F04C05F580604FF480710022A047AC
:10501000304620210022A047304610210022A04720
:10502000304608210022A047387801383870C6E0A1
:10503000E44C05F580604FF480710122A0473046B2
:1050400020210122A047304610210022A0473046EF
:1050500008210022A047387801383870CBE0D94CBD
:1050600005F580604FF480710122A0473046202171
:105070000122A047304610210122A04730460821D6
:105080000022A047387801383870D0E0CD4C05F5C3
:1050900080604FF480710122A04730462021002219
:1050A000A047304610210122A047304608210022A7
:1050B000A047387801383870D5E0C24C05F58060DB
:1050C0004FF480710122A047304620210022A047E2
:1050D000304610210122A047304608210122A04776
:1050E000387801383870DAE0B64C05F580654FF451
:1050F000007100222846A047284680210122A047AF
:10510000284640210122A047284608210122A04725
:10511000307801383070B34806F08AFDFEF771BA76
:10512000A84C05F58065802100222846A047284626
:1051300040210022A047284608210022A0472846F7
:105140004FF400710022A047307801383070A44835
:1051500006F06EFDFEF755BA9A4C05F580654FF4E2
:10516000007100222846A047284680210022A0473F
:10517000284640210022A047284608210122A047B6
:10518000307801383070954806F052FDFEF739BA94
:105190008C4C05F580654FF4007100222846A0472D
:1051A000284680210022A047284640210122A0470E
:1051B000284608210022A047307801383070864800
:1051C00006F036FDFEF71DBA7E4C05F580654FF4FE
:1051D000007101222846A047284680210122A047CD
:1051E000284640210022A047284608210122A04746
:1051F000307801383070774806F01AFDFEF701BAB2
:10520000704C05F580654FF4007101222846A047D7
:10521000284680210122A047284640210122A0479C
:10522000284608210122A0473078013830706848AC
:1052300006F0FEFCFEF7E5B9624C05F580654FF41B
:10524000007101222846A047284680210022A0475D
:10525000284640210122A047284608210122A047D4
:10526000307801383070594806F0E2FCFEF7C9B9D1
:10527000544C05F580654FF4007101222846A04783
:10528000284680210022A047284640210022A0472E
:10529000284608210122A0473078013830704A485A
:1052A00006F0C6FCFEF7ADB95AE10008250000245F
:1052B0007435302E7478743D222D3EB2E2C6B5BFEF
:1052C000AA22FFFFFF000000140000247434392ECE
:1052D0007478743D222D3E464654BFAA22FFFFFF3C
:1052E000000000007435302E7478743D22B2E2C69E
:1052F000B5BFAA22FFFFFF0036DA000856D100082A
:10530000A8D10008C1D600080EDA000842D1000872
:105310006CD1000831BC000837DC000878DC0008DC
:10532000ACDC0008CBDA0008FFDA000833DB000849
:1053300067DB00088EDB0008C2DB000803DC000826
:1053400044DC000885DC0008B9DC0008D8DA000875
:105350000CDB000840DB000874DB00080BDE0008F3
:105360003FDE000807DD00082EDD000855DD0008DF
:105370007CDD0008B0DD0008E4DD000880050024C5
:10538000D847002422000024C6D0000871DF00089E
:1053900084DF000897DF00081700002432D10008DE
:1053A00022D100081600002451D20008E0D10008E4
:1053B00087E000088DD200083FD2000836000024A4
:1053C0005101002417560008C1DE0008B2DE0008B3
:1053D000A3DE0008F4DE0008E2DE0008D0DE0008EC
:1053E00028DF000817DF000806DF0008500100244E
:1053F000D6D2000806D50008C4D2000819D5000886
:105400000AD30008E3D40008F9D200082AD500081E
:10541000E8D2000861D500083BD30008D1D40008C9
:105420002BD30008BED500081BD3000885D5000883
:10543000E5D3000874D50008D3D3000898D5000838
:10544000C1D30008ACD5000819D400084FD5000816
:1054500008D4000873DE000893DE0008F4D40008C6
:105460005EDF000839DF000803490A6802421CBFFA
:105470000860FDF7A1BD7047880000582DE9FC4F7A
:105480005D4A0A274FF0000B4FF0010E4FF0030A60
:105490004FF00F094FF0000C904208BF0927574A00
:1054A00002444FEAB223092B38BF4FEAB2270097D4
:1054B00000270A6832FA07F308BFBDE8FC8F0EFA2E
:1054C00007F312EA030400F090804D6805F0030230
:1054D000A2F10108B8F1010F18D8D0F80890CE68F1
:1054E0000AFA0CF829EA080806FA0CF64FF00F0938
:1054F00046EA08068660C5F3001606FA07F846680D
:1055000026EA030343EA0803436001E0032A1DD0AF
:10551000C6680AFA0CF3022A26EA03038E6806FA22
:105520000CF643EA0603C36010D1354D0BF01C02A4
:1055300009FA02F305EA570505442E6A26EA030331
:105540000E6906FA02F21A432A624D68066805F0EF
:1055500003020AFA0CF315F4403F02FA0CF226EAB1
:10556000030342EA030202603FD06B4A0BF00C06D1
:1055700009FA06F5136843F002031360126802F09B
:1055800002020192019A1F4B27F0030252F8038096
:1055900028EA0508009D05FA06F648EA0605D550F2
:1055A0004FF0B0452A684B68A24313F4801F18BF20
:1055B000224313F4001F2A60134A156825EA0405E4
:1055C00018BF254313F4003F1560D2F8805025EA38
:1055D000040518BF254313F4803FC2F88050D56FEF
:1055E00025EA040518BF2543D5670BF1040B0CF120
:1055F000020C01375DE700BF002402580000FEA73F
:10560000FCFFFF7F080400580400005800690840B0
:1056100018BF01207047002A08BF09048161704744
:1056200001480068000C70470010005C2948806841
:10563000704700BF27480178826811448160704735
:1056400080B5032000F0A4F801F0FCF90F49734B7A
:105650000A68C2F3032209689A5C01F00F01595CE1
:1056600002F01F02D0400A4A01F01F0120FA01F1A6
:10567000116019490860002000F00CF808B1012001
:1056800080BD00F02BF8002080BD00BF18440258F8
:10569000A000002470B50F4E04463078B0B14FF42E
:1056A0007A71B1FBF0F00C490968B1FBF0F001F040
:1056B00011FD01250F2C0AD848B94FF0FF302146C3
:1056C0000022002500F038F8746000E0012528462B
:1056D00070BD00BF900000249C0000241CB50E4C3F
:1056E000206840F002002060206800F00200019075
:1056F0000198042000F04CF8206840F4004020603D
:10570000206800F400400090009801F0D3FC0220D3
:10571000BDE81C4001F0D4BCF4440258002808DB6A
:1057200000F01F010122400902FA01F1014A42F88A
:105730002010704700E100E0B0B5144C1A4D00F0A5
:105740000F03B0F1FF3FA3F104032B4403F10C035B
:10575000C8BF03192868C0F30220051DC41E80F0CD
:105760000700072D4FF0010538BF0024042828BF8B
:10577000042005FA00F00138084005FA04F10F3161
:10578000A0401140084300011870B0BD00E400E0E3
:1057900005494FF6FF030A681A4060F30A220348DE
:1057A00010430860704700BF0CED00E00000FA05F0
:1057B000B0B5114D2A68296812F0040F05D101F027
:1057C0000701081A18BF0120B0BD21F007010843E6
:1057D0002860FFF72BFF044655F8080C10F4005F13
:1057E0001CBF0020B0BDFFF721FF001BB0F57A7F82
:1057F00084BF0120B0BDEFE70C48025880B501F02E
:10580000E1F80549054A0968C1F30211515C01F04C
:105810001F01C84080BD00BF2044025870D000085E
:1058200010B5504CD4F828C0A26AE36A616B03F04B
:105830000103C2F305125B42002A03EAD1016FF3B0
:105840005F3100EE101AB8EE400A20D00CF00303CE
:10585000022B20D0012B22D02BBB02EE102A9FED71
:10586000431AB8EE422A216820EE010A11F0200FF7
:1058700061D1216B9FED401A6FF35F2181EE022A07
:1058800003EE101AB8EE433A30EE031A1EE0002180
:10589000C0E900114DE0216B9FED332A06E0216B3A
:1058A0009FED332A02E0216B9FED332A01EE102A8F
:1058B0006FF35F219FED2D3AB8EE414A01EE101AC9
:1058C000B8EE411A82EE042A00EE031A216BB7EEFD
:1058D000000A31EE001A22EE011AC1F3462103EE4E
:1058E000101AB8EE433A33EE002A81EE022ABCEEDB
:1058F000C22A80ED002A216BC1F3064102EE101A84
:10590000B8EE422A32EE002A81EE022ABCEEC22A0A
:1059100080ED012A216BC1F3066102EE101AB8EE88
:10592000422A32EE000A81EE000ABCEEC00A10EEF6
:10593000101A816010BD2168C1F3C1010D4A22FA1D
:1059400001F1226B03EE101A6FF35F2201EE102AB1
:10595000B8EE411AB8EE433A30EE011A83EE022A4D
:10596000B4E700BF0044025820BCBE4B0000003921
:105970000024744A0090D0030024744C10B54E4C9F
:10598000D4F828C0A26AE36AE16BC3F30013C2F340
:1059900005325B42002A03EAD1016FF35F3100EE6A
:1059A000101AB8EE400A20D00CF00303022B24D0CA
:1059B000012B1ED0EBB902EE102A9FED411AB8EE72
:1059C000422A216820EE010A11F0200F5DD1A16B5F
:1059D0009FED3E1A6FF35F2181EE022A03EE101A4B
:1059E000B8EE433A30EE031A1AE00021C0E9001184
:1059F00049E0A16B9FED332A02E0A16B9FED2F2AB6
:105A000001EE102A6FF35F219FED2D3AB8EE414A67
:105A100001EE101AB8EE411A82EE042A00EE031AC3
:105A2000A16BB7EE000A31EE001A22EE011AC1F3A3
:105A3000462103EE101AB8EE433A33EE002A81EE07
:105A4000022ABCEEC22A80ED002AA16BC1F30641F6
:105A500002EE101AB8EE422A32EE002A81EE022A35
:105A6000BCEEC22A80ED012AA16BC1F3066102EEF1
:105A7000101AB8EE422A32EE000A81EE000ABCEE9D
:105A8000C00A10EE101A816010BD2168C1F3C10177
:105A90000D4A22FA01F1A26B03EE101A6FF35F2296
:105AA00001EE102AB8EE411AB8EE433A30EE011A70
:105AB00083EE022AB4E700BF0044025820BCBE4B6C
:105AC000000000390024744A0090D0030024744C74
:105AD00010B54E4CD4F828C0A26AE36A616CC3F3D7
:105AE0000023C2F305525B42002A03EAD1016FF39F
:105AF0005F3100EE101AB8EE400A20D00CF003031C
:105B0000022B24D0012B1ED0EBB902EE102A9FED00
:105B1000411AB8EE422A216820EE010A11F0200F46
:105B20005DD1216C9FED3E1A6FF35F2181EE022A59
:105B300003EE101AB8EE433A30EE031A1AE00021D1
:105B4000C0E9001149E0216C9FED332A02E0216C8D
:105B50009FED2F2A01EE102A6FF35F219FED2D3A62
:105B6000B8EE414A01EE101AB8EE411A82EE042A4C
:105B700000EE031A216CB7EE000A31EE001A22EE95
:105B8000011AC1F3462103EE101AB8EE433A33EE80
:105B9000002A81EE022ABCEEC22A80ED002A216C86
:105BA000C1F3064102EE101AB8EE422A32EE002A84
:105BB00081EE022ABCEEC22A80ED012A216CC1F3DB
:105BC000066102EE101AB8EE422A32EE000A81EEA9
:105BD000000ABCEEC00A10EE101A816010BD2168E8
:105BE000C1F3C1010D4A22FA01F1226C03EE101A31
:105BF0006FF35F2201EE102AB8EE411AB8EE433A75
:105C000030EE011A83EE022AB4E700BF00440258C6
:105C100020BCBE4B000000390024744A0090D00321
:105C20000024744CF0B589B002468C4D82F40020FB
:105C300008438B488B4F8C4E8C4B00F0728082F463
:105C400000740C4330D082F480640C4300F0758003
:105C500082F400640C4334D082F480540C4300F08E
:105C6000778082F400540C4300F0A98082F48044D1
:105C70000C4331D082F400440C433BD082F4803496
:105C80000C4345D082F48072114340F0DF80196DDF
:105C900001F00701042900F2D980DFE811F0640067
:105CA0006D009D00D8007600196DC1F382110429A2
:105CB00000F2CC80DFE811F0570060009000CB00CC
:105CC0006900996DC1F30261042900F2BF80DFE829
:105CD00001F04A5383BE5C00986DC0F30270052842
:105CE00000F2B480DFE800F00381969FA98AFFF7F5
:105CF00085FDACE0186D00F04050B0F1005F00F0A1
:105D00007480B0F1805F2ED0002800F077809DE095
:105D1000D96C186811F4803F40F07580800126D45A
:105D200094E0986D00F44030B0F5003F2DD0B0F510
:105D3000803F00F08780F8B188E0996DC1F342514F
:105D4000042900F28380DFE801F00E17478220006B
:105D5000196DC1F30231042900F27880DFE801F007
:105D6000030C3C771500186810F0007F6ED006A871
:105D7000FFF756FD07986AE0186810F0006F65D0CD
:105D800003A8FFF7FBFD039861E0D96C1A68186857
:105D900011F0405102D112F0040249D1B1F1805FFB
:105DA00003D110F48070284651D1186810F40030E7
:105DB00018BF3846B1F1005F18BF002047E0186DEA
:105DC000C0F30240052841D8DFE800F0030F242D7E
:105DD000371800F017FE3AE0186810F0005F35D071
:105DE0006846FFF775FE009831E0186810F0006F04
:105DF0002CD003A8FFF7C2FD049828E018688003A0
:105E000007EAE07023E0000120D503A8FFF7B6FD04
:105E100005981CE0186810F0005F17D06846FFF77F
:105E200057FE019813E0186810F0040F0ED01868A0
:105E3000C0F3C10026FA00F009E01868C00505EAC1
:105E4000E07004E0186810F0005F02D1002009B093
:105E5000F0BD6846FFF73CFE0298F8E700093D00F8
:105E60000080BB0040787D010090D00300440258C0
:105E70002DE9F0470446E078A84F000722D5A06E30
:105E80004FEA3051032908D8DFE801F002090F1763
:105E9000F96941F40031F9610FE0012613E004F1E2
:105EA0000800022102F042FF04E004F12800022170
:105EB00002F0C2FF064636B9A06E396C21F44011DB
:105EC0000843386400266078BA46C00701D13546D9
:105ED00028E0A06D04280BD83546DFE800F0030C5D
:105EE00012181800F869354640F40030F8610EE0E9
:105EF0000125012717E004F10800002102F016FF38
:105F000004E004F12800002102F096FF0546002D70
:105F10002F4608D152460025106CA16D20F00700D5
:105F20000843106437466078800729D5E06D4FEA52
:105F3000B01004280AD8DFE800F0030C121818008B
:105F40005146C86940F40030C8610EE001250126C1
:105F500017E004F10800002102F0E8FE04E004F17B
:105F60002800002102F068FF0546002D2E4608D1CA
:105F700052460025106CE16D20F4E0700843106477
:105F80003E466078400702D4B04657462CE0D4F82D
:105F9000A80057464FEA7050042809D8DFE800F0FF
:105FA000030C12181800F86940F40030F8610FE093
:105FB00001254FF0010817E004F10800002102F06C
:105FC000B5FE04E004F12800002102F035FF05468B
:105FD000002DA84608D1B86CD4F8A8100025B0460A
:105FE00020F460000843B864607800072AD5D4F82C
:105FF000AC004FEA3060042809D8DFE800F0030B5A
:1060000011171700F86940F40030F8610EE001251F
:10601000012718E004F10800002102F087FE04E0E7
:1060200004F12800002102F007FF0546002D2F464D
:1060300009D152460025906CD4F8AC1020F0E060F5
:10604000084390644746E078800722D5E06C4FEA29
:106050003010032809D8DFE800F011020B11514677
:10606000C86940F40030C86108E00125012611E04C
:1060700004F10800022102F059FE0546002D2E46CB
:1060800008D152460025D06BE16C20F03000084367
:10609000D0633E466078C00629D5206E4FEA303086
:1060A00004280AD8DFE800F0030C12181800514643
:1060B000C86940F40030C8610EE00125012717E0EF
:1060C00004F10800002102F031FE04E004F1280090
:1060D000002102F0B1FE0546002D2F4608D15246A0
:1060E0000025106C216E20F4E04008431064374610
:1060F0006078800625D5606E4FEA304005280AD8C2
:10610000DFE800F014030E14141404F10800012158
:1061100002F00CFE09E00125012613E010440258AC
:1061200004F12800012102F087FE0546002D2E46CD
:1061300008D152460025106C616E20F4E02008431F
:1061400010643E466078400625D5D4F8B0004FEA8A
:10615000307005280AD8DFE800F012030C12121282
:1061600004F10800012102F0E1FD07E0012501270B
:1061700012E004F12800012102F05EFE0546002D28
:106180002F4609D152460025906CD4F8B01020F06B
:10619000E040084390643746607800061ED5206FC3
:1061A00088B1B0F1005F08D0B0F1805F2AD15146CC
:1061B000C86940F40030C86105E004F1080001211D
:1061C00002F0B4FD0546002D2E4608D152460025AA
:1061D000106C216F20F04050084310643E46E07878
:1061E000C00702D1B046574624E0A06C57460328AA
:1061F0000BD8DFE800F014020E14F86940F4003008
:10620000F8610CE001250126E9E701254FF00108BE
:1062100010E004F10800022102F088FD0546002D7F
:10622000A84607D1F86BA16C0025B04620F003000A
:106230000843F863A078400601D4474618E0D7F831
:10624000F00340F48070C7F8F003FFF7EFF906465B
:10625000D7F8F00310F4807F07D1FFF7E7F9801B30
:106260006428F5D90325032702E0002D2F4612D01C
:106270002078C0074ED0E06F4FEAF000052835D8EF
:10628000DFE800F03D03373D3D3D04F1080001210A
:1062900002F04CFD32E05346196ED4F8B400414090
:1062A00011F4407F0BD0196E1A6E42F4803221F443
:1062B00040711A661A6E22F480321A661966B0F5B9
:1062C000807F40F05A82FFF7B1F9064641F28839E3
:1062D000032503275346186E10F0020F40F04B823F
:1062E000FFF7A4F9801B4845F4D9C1E70125012631
:1062F00011E004F12800012102F09EFD0546002D69
:106300002E4608D152460025506CE16F20F038002F
:10631000084350643E462078800721D5A06F0528A9
:106320000AD8DFE800F012030C12121204F1080080
:10633000012102F0FBFC07E00125012711E004F137
:106340002800012102F078FD0546002D2F4608D1D6
:1063500052460025506CA16F20F00700084350649E
:1063600037462078400723D5D4F8940005280AD86A
:10637000DFE800F012030C12121204F108000121F0
:1063800002F0D4FC07E00125012612E004F1280008
:10639000012102F051FD0546002D2E4609D152463D
:1063A0000025906CD4F8941020F007000843906406
:1063B0003E462078800625D5D4F890004FEA30700C
:1063C00005280AD8DFE800F012030C12121204F1BB
:1063D0000800002102F0AAFC07E00125012712E0D5
:1063E00004F12800022102F027FD0546002D2F466A
:1063F00009D152460025506CD4F8901020F0E040AE
:106400000843506437462078400625D5D4F89C00D0
:106410004FEAB02005280AD8DFE800F012030C127A
:10642000121204F10800002102F080FC07E00125AF
:10643000012612E004F12800022102F0FDFC0546CD
:10644000002D2E4609D152460025906CD4F89C10A0
:1064500020F4E050084390643E462078000625D59D
:10646000D4F8A0004FEA703005280AD8DFE800F021
:1064700012030C12121204F10800002102F056FC63
:1064800007E00125012712E004F12800022102F0B3
:10649000D3FC0546002D2F4609D152460025906CAD
:1064A000D4F8A01020F46040084390643746206878
:1064B00010F0080F15D0D4F88410B1F5805F0AD120
:1064C00004F12800022102F0B7FC002818BF0127C0
:1064D0002068D4F8841053465A6C22F44052114379
:1064E0005964C10615D5D4F89810B1F5807F0AD14A
:1064F00004F12800022102F09FFC002818BF0127A8
:106500002068D4F8981053469A6C22F440721143D4
:106510009964000320D5D4F8A400B0F5003F0FD053
:10652000B0F5803F06D068BB04F10800002102F0FE
:10653000FDFB04E004F12800022102F07DFC054689
:10654000002D2E4609D152460025906CD4F8A41097
:1065500020F44030084390643E46A078400726D59A
:10656000D4F88800B0F5401F15D0B0F5001F0CD04E
:10657000B0F5801F40F0FA805146C86940F4003001
:10658000C86108E001250126E7E704F128000121A0
:1065900002F052FC0546002D2F4609D15246002537
:1065A000506CD4F8881020F44010084350643746EB
:1065B000A078C00701D13E461EE0206DB0F5803FB7
:1065C00006D0B8B95146C86940F40030C86105E04A
:1065D00004F10800022102F0A9FB0546002D2E4619
:1065E0000AD152460025D06B216D20F4803008433B
:1065F000D063E0E701250126216811F0005F01D199
:10660000606809E004F12800022102F015FC00286E
:1066100018BF0126D4E900108A031BD5D4F88020C6
:106620006FF0010303EB3223022B0BD34FEA32232B
:1066300043B1012B40F09D80DAF81C3043F4003365
:10664000CAF81C303DB9DAF8443023F440731A43D9
:10665000CAF844203546CA0207D5DAF84020636FED
:1066600022F000421A43CAF84020CA0008D5DAF8DE
:106670000020D4F8B83022F480421A43CAF800202F
:106680008A0207D5DAF84020E36E22F080721A43BE
:10669000CAF840204A000CD5DAF8002022F4004263
:1066A000CAF80020D4F8BC20DAF800301A43CAF83F
:1066B0000020B1F1FF3F07DCDAF83C20636D22F0E7
:1066C00040521A43CAF83C20090208D5DAF84410AF
:1066D000D4F88C2021F440011143CAF84410C107BA
:1066E00008D004F10800002102F020FB002818BFA8
:1066F00005466068810708D504F10800012102F011
:1067000015FB002818BF05466068410708D504F14D
:106710000800022102F00AFB002818BF0546606845
:10672000010708D504F12800002102F085FB0028AC
:1067300018BF05466068C10608D504F1280001218C
:1067400002F07AFB002818BF05466068800607D56E
:1067500004F12800022102F06FFB002818BF054653
:10676000002D18BF01252846BDE8F0870125012727
:106770001EE701256FE7D4F8B400196800F44072F1
:106780000025B2F5407F21F47C5102BF054A02EAA0
:10679000101211436FF31F301960196E0843186609
:1067A0004BE500BFCFFFFF002DE9F84304468846C4
:1067B000002C00F0FE80814B186800F00F0040456F
:1067C0000BD2186820F00F0040EA08001860186823
:1067D00000F00F00404540F0EC802068E44F10F0DE
:1067E000040F0AD02169BA6902F07002914281BF98
:1067F000BA6922F070021143B96101070AD56169D3
:10680000FA6902F07002914281BFFA6922F07002C7
:106810001143F961C1060AD5A169FA6902F4E0627F
:10682000914281BFFA6922F4E0621143F961810665
:106830000AD5E1693A6A02F07002914281BF3A6A70
:1068400022F070021143396281070AD5E168BA6902
:1068500002F00F02914281BFBA6922F00F02114388
:10686000B961C10738D0B869A16820F470600843E5
:10687000B8616068032806D0022809D1396811F48C
:10688000003F0ED195E0396811F0007F09D190E00A
:106890003968012802D1C90503D48AE0490740F1CB
:1068A00088803969994621F0070108433861FEF76D
:1068B000BDFE064641F288353869616800F038004F
:1068C000B0EBC10F06D0FEF7B1FE801BA842F3D992
:1068D00003206FE020684B4681070AD5E168BA695A
:1068E00002F00F0291423FBFBA6922F00F0211433A
:1068F000B961196801F00F0141450AD9196821F001
:106900000F0141EA08011960196801F00F014145C2
:106910004FD141070AD52169BA6902F0700291424C
:106920003FBFBA6922F070021143B96101070AD56D
:106930006169FA6902F0700291423FBFFA6922F080
:1069400070021143F961C1060AD5A169FA6902F41E
:10695000E06291423FBFFA6922F4E0621143F961BB
:1069600080060AD5E069396A01F0700188423FBFAC
:10697000396A21F070010843386200F063F8B969A0
:106980002F4AC1F30321515C01F01F01C840B969CE
:1069900001F00F01515C194A01F01F0120FA01F1C9
:1069A00011601749086006480068BDE8F443FEF727
:1069B00071BE0120C0B201B0BDE8F08300200052DA
:1069C0009400002480B500F03DF80B491C4B0A6888
:1069D000C2F303229A5C02F01F0220FA02F2086856
:1069E000064900F00F00185C00F01F0022FA00F0CA
:1069F000086003490A6080BD18440258A0000024C2
:106A00009C00002480B5FFF7DDFF0C490C4A0968A3
:106A1000C1F30211515C01F01F01C84080BD00BFED
:106A200080B5FFF7CFFF0549054A0968C1F3022188
:106A3000515C01F01F01C84080BD00BF1C440258DA
:106A400070D000084A490869C0F3C20349484A4A5D
:106A5000032B10D0022B04BF4848704753B9086875
:106A600010F0200F10461FBF0868C0F3C10022FAC3
:106A700000F07047704780B5D1F828C0D1F828E001
:106A8000CB6A486B03F001035B4203EAD003CEF309
:106A900005106FF35F33002800EE103AB8EE400A9D
:106AA000BDE8804004BF002070470CF00303022BB8
:106AB00020D0012B1AD0CBB902EE100A9FED311A6B
:106AC000B8EE422A086820EE010A10F0200F39D1F2
:106AD000086B9FED2E1A6FF35F2081EE022A03EE02
:106AE000100AB8EE433A30EE031A16E00A6B9FED37
:106AF000262A02E00A6B9FED222A01EE100A6FF3AC
:106B00005F229FED203AB8EE414A01EE102AB8EE1E
:106B1000411A82EE042A00EE031A086BB7EE000A4F
:106B200031EE000A22EE000AC0F34620013001EEE9
:106B3000100AB8EE411A80EE010ABCEEC00A10EE4F
:106B4000100A70470868C0F3C10022FA00F00A6B0F
:106B500003EE100A6FF35F2201EE102AB8EE411A1D
:106B6000B8EE433A30EE011A83EE022AD5E700BFB1
:106B70000044025800093D000090D00340787D0198
:106B800020BCBE4B000000390024744A0024744C21
:106B9000F8B50446002C00F09D812078CE4EC00749
:106BA0004CD03169B06A01F03801102915D018298C
:106BB00004BF00F0030002280FD06068A0B1B0F558
:106BC000803F06D03168B0F5A02F23D141F480205A
:106BD0003060306840F4803022E0306810F4003FCC
:106BE0002CD0606850BB75E1306820F48030306094
:106BF000306820F480203060FEF718FD05463068CC
:106C000010F4003F1AD0FEF711FD411B0320642948
:106C1000F5D94BE221F480303060306820F48020D8
:106C20003060FEF703FD0546306810F4003F05D1E3
:106C3000FEF7FCFC401B6428F6D962E1207880074F
:106C400060D53169B06A11F0380118D0182908BF31
:106C50005FEA807013D0E0683168E0B321F0190179
:106C600008433060FEF7E2FC0546306810F0040F80
:106C700020D1FEF7DBFC401B0228F6D941E1316848
:106C8000E06811F0040F02D0002800F02381316881
:106C900021F0190108433060FEF7C8FC0546306852
:106CA00010F0040F06D1FEF7C1FC411B032002299E
:106CB000F5D9FBE1FEF7B4FC216941F203029042F1
:106CC0001AD80803402908BF4FF40030716821F436
:106CD0007C31084315E021F001003060FEF7A6FC8E
:106CE0000546306810F0040F0CD0FEF79FFC411BE6
:106CF00003200229F5D9D9E1706820F0FE4040EA6E
:106D0000016070602078C00644D53169B06A01F036
:106D1000380108291BD0182904BF00F003000128FE
:106D200015D0E1693068002900F01C8140F0800036
:106D30003060FEF77BFC0546306810F4807F0ED192
:106D4000FEF774FC411B03200229F5D9AEE130683F
:106D500010F4807F1CBFE069802840F0BB80FEF704
:106D60005FFC216A41F2030290420BD88A06202977
:106D7000304608BF4FF0804250F8041F21F0F84120
:106D8000114306E0304650F80C2F22F07C5242EAC4
:106D9000016101602078000723D56169706F79B1C6
:106DA00040F001007067FEF741FC0546706F10F07F
:106DB000020F16D1FEF73AFC401B0228F6D9A0E0DC
:106DC00020F001007067FEF731FC0546706F10F08F
:106DD000020F06D0FEF72AFC411B03200229F5D939
:106DE00064E12078800623D5A169306879B140F448
:106DF00080503060FEF71AFC0546306810F4005FE2
:106E000016D1FEF713FC401B0228F6D979E020F4D6
:106E100080503060FEF70AFC0546306810F4005FD1
:106E200006D0FEF703FC411B03200229F5D93DE102
:106E30002078400752D4676A002F00F01E81306925
:106E400000F0380018286DD1B16A306B012F41D0A5
:106E5000A26A01F0030393423CD1E26AC1F3051137
:106E6000914237D1226B01466FF35F21013A914283
:106E700030D1C0F34621626B013A91422AD1C0F36E
:106E80000641A26B013A914224D1C0F30660E16B46
:106E9000013988421ED1706BA16CC0F3CC008142D5
:106EA00000F0EB80F06A20F00100F062FEF7BEFB1C
:106EB0000546FEF7BBFBA842FBD0706B4FF6F8719E
:106EC0008843A16C40EAC1007063F06A40F00100A1
:106ED000F062D2E00120E9E000440258D6F8000454
:106EE00040F48070C6F80004FEF7A0FB0546D6F813
:106EF000000410F4807F06D1FEF798FB401B642845
:106F0000F5D90320D2E0A068F0B3012806D0316F94
:106F1000052840F0B48041F004003067306F40F045
:106F20000100B2E0306820F080703060FEF77EFB38
:106F30000546022F0AD1306810F0007F3DD0FEF7E1
:106F400075FB411B03200229F5D9AFE0306810F032
:106F5000007F00F09280FEF769FB411B03200229AD
:106F6000F4D9A3E020F080003060FEF75FFB054617
:106F7000306810F4807F3FF40DAFFEF757FB411BE4
:106F800003200229F4D991E0306F20F0010030672E
:106F9000306F20F004003067FEF748FB054641F2F1
:106FA0008837306F10F0020F3FF445AFFEF73EFB1D
:106FB000411B0320B942F4D978E0B06A40F2F331C2
:106FC00004F130034FF47E478843D4E90A120843A2
:106FD00040EA0210B0620FCB07EB412100F2FF1034
:106FE00089B26FF35F2008434FF4FE0101EB0241C9
:106FF00001F4FE0108434FF0FE4101EB036101F093
:10700000FE4108434FF6F8713063F06A20F001004A
:10701000F062706B8843A16C40EAC1007063F06A53
:10702000216C20F00C000843F062F06A616C20F0E3
:1070300002000843F062F06A40F48030F062F06AC7
:1070400040F40030F062F06A40F48020F062F06AB0
:1070500040F00100F062306840F080703060FEF770
:10706000E5FA0446306810F0007F06D1FEF7DEFA3C
:10707000011B03200229F5D918E0002016E021F0B9
:1070800001003067306F20F004003067FEF7CEFA61
:10709000054641F28837306F10F0020F7FF4CBAE17
:1070A000FEF7C4FA411B0320B942F4D9C0B201B0C3
:1070B000F0BD00000648016821F001010160704741
:1070C00003490A6822F0020210430860704700BFBB
:1070D000003C0058411E0020B0EB116F1CBF012086
:1070E0007047044AF023516003490B7007219060F8
:1070F0001160704710E000E023ED00E0704770473A
:107100007047000090F83C20012A01D102213BE0A9
:1071100070B5012280F83C20D1E900C3D1E902E238
:107120001A4C234022F47C522EF4705422431A430A
:107130002CF477231A430B6923F476231A434B6903
:107140001A438B6A22F4742223F470231A438B6946
:1071500042EA03430268324D42F48064AC420DD1EE
:10716000D1E90754496A0A4E23F07C7306EA0151BB
:10717000194325F00073194341EA040300215364C5
:1071800080F83C10BDE87040C8B27047FF87F0FF40
:107190000000F0FC90F83C300222012B3DD010B5ED
:1071A000012380F83C3080F83D2002685368D2F813
:1071B00008C0E04C42F4806EA64502BF4C6823F440
:1071C00070032343B2F1804F0C6823F0700343EA4D
:1071D00004035360BDE8104014D0D04B9A421CBF4A
:1071E000CF4B9A420ED0CF4B9A421CBFCE4B9A4205
:1071F00008D0CE4B9A421CBFCD4B9A4202D0CD4B09
:107200009A4204D189682CF08003194391600121CE
:10721000002280F83D1080F83C20D0B2704700BFBB
:107220000004014010B5044654B394F83D0028B959
:10723000002084F83C00204600F024F80220211DA4
:1072400084F83D00206801F035FF012084F84800F3
:1072500084F83E0084F83F0084F8400084F8410040
:1072600084F8420084F8430084F8440084F8450020
:1072700084F8460084F8470084F83D00002010BDE3
:10728000012010BD2DE9F04786B0044601A8142165
:10729000F9F756F820687E4E7E4FB0F1804F66D0E9
:1072A0009E49884200F0A7809D49884200F0B38043
:1072B0009C49884200F0D7809C49884240F0E48095
:1072C000B868784D4FF480684FF400694FF4005A65
:1072D00040F00100B860B868002700F0010000909D
:1072E00000980C20C5E9006005F11000C5E902779F
:1072F00080E800072846C5E907776F62FBF716FBB1
:1073000008B1F9F7E1FEA562AC63674D06F1300004
:107310000E2185E8830005F10C0080E880072846EF
:10732000C5E907776F62FBF701FB08B1F9F7CCFEFF
:107330002563AC635D4D06F118000D2100224FF46A
:1073400080634FF400674FF4005685E8070005F1AD
:107350000C008CC0C5E90662C5E908222846FBF787
:10736000E5FA08B1F9F7B0FEE562AC638CE04B4D8D
:10737000502105F12800F8F7E3FF386812214FF497
:1073800080684FF400624FF4005340F00100386011
:107390003868002700F001000090009806F574702E
:1073A00085E8830005F11400C5E903788CC0C5E9C0
:1073B00008772846FBF7BAFA08B1F9F785FE656247
:1073C000AC63374D06F5866016214FF480524FF4BA
:1073D000804385E8830005F11400C5E903788CC07B
:1073E000C5E908772846FBF7A1FA08B1F9F76CFE62
:1073F0002562AC6348E038680221012240F00200B7
:107400003860386800F00200009000981D20FEF7F8
:1074100093F91D2036E03868022140F004003860FE
:10742000386800F004000090009857F8080C40F00D
:10743000100047F8080C57F8080C00F010000090F6
:10744000009801200190CDE902100020CDE904014F
:1074500001A91148FEF712F81E2003210022FEF7B1
:107460006BF91E200EE038680421002240F008006D
:107470003860386800F00800009000983220FEF76D
:107480005BF93220FEF74AF906B0BDE8F08700BF8D
:1074900040000240E84402580010025880050024D1
:1074A000000600240002002480030024800400243D
:1074B00090F83D1001291CBF01207047022180F87F
:1074C0003D100168C868B1F1804F40F00100C8600C
:1074D00014D0124881421CBF114881420ED011487D
:1074E00081421CBF1048814208D0E04881421CBF45
:1074F0000F48814202D00F48814208D188680E4A65
:1075000002400020062A18BFB2F5803F04D0086868
:1075100040F0010008600020704700BF00040040F8
:1075200000080040000C004000180040000001402E
:10753000004001400004014007000100016841F2E1
:1075400011130A6A1A4208D10A6A40F244431A42E5
:1075500002BF0A6822F001020A60012180F83D1092
:1075600000207047016841F21113CA6822F001023D
:10757000CA600A6A1A4208D10A6A40F244431A42AF
:1075800002BF0A6822F001020A60012180F83D1062
:1075900000207047B0B50446022094F83C20012A30
:1075A0004BD0012284F83C2084F83D00206882689A
:1075B0003C4B1A4082600A683B4D8AB3102A2FD098
:1075C000202A18BF302A2BD0402A3AD0502A43D044
:1075D000602A4CD0354B9A4222D0B2F5805F25D03C
:1075E000B2F5005F4ED0B2F5801F18BFB2F1101F88
:1075F00016D02F4B9A421CBF2E4B9A4210D0702AA5
:107600001DD1D1E90123C9681A4342EA01218268E8
:1076100022F47F4211438160816841F0770104E0E8
:1076200081682940114341F0070181600020012158
:1076300084F83D10002184F83C10C0B2B0BD012098
:10764000F5E74B68CA68194601F00CFF20688168AD
:10765000294041F04701E8E74B68CA68194601F044
:1076600001FF20688168294041F05701DDE74B6840
:10767000CA68194601F007FF20688168294041F077
:107680006701D2E7D1E90123C9681A4342EA01211F
:10769000826822F47F4211438160816841F4804115
:1076A000C3E700BF8800CEFF88FFCFFF4000100077
:1076B000200010003000100070470000F8B50446AC
:1076C0002068C768066907EA0605A90714D56FF0A0
:1076D0000201016101212177806910F0030F03D0BD
:1076E0002046FFF7E9FF05E0204600F0C1F82046FC
:1076F00000F04FF900202077680715D520686FF05B
:107700000401016102212177806910F4407F03D0D8
:107710002046FFF7D1FF05E0204600F0A9F82046FB
:1077200000F037F900202077280715D520686FF082
:107730000801016104212177C06910F0030F03D013
:107740002046FFF7B9FF05E0204600F091F82046FB
:1077500000F01FF900202077E80615D520686FF0AB
:107760001001016108212177C06910F4407F03D026
:107770002046FFF7A1FF05E0204600F079F82046FB
:1077800000F007F900202077E80706D020686FF0A6
:1077900001010161204600F003FA17F0800718BFCD
:1077A00016F4025005D02068114901612046FFF708
:1077B000A6FC47B116F4807005D020680D49016120
:1077C0002046FFF79BFC680606D520686FF0400155
:1077D0000161204600F050FAA80658BFF8BD2068A5
:1077E0006FF0200101612046BDE8F840FFF788BC3A
:1077F0007FDFFFFFFFFEFFFF10B586B0044601A844
:107800001421F8F79DFD226816481749B2F1804F00
:1078100010D0DE4B9A4222D10A6800F5805042F027
:1078200010020A60096801F01001009100994FF4FC
:10783000006109E00A6842F001020A60096801F08B
:10784000010100910099032101910221029100217F
:10785000CDE903110121059101A9FDF70FFE06B045
:1078600010BD00BF00000258E04402580000014073
:1078700070470000B0B504460D4694F83C0001285E
:1078800001D1022052E04FEAB2010120052984F81B
:107890003C0048D8DFE801F0030B131B23332068BA
:1078A000294601F069FC206850F8181F1EE0206886
:1078B000294601F0A9FC206850F8181F26E020682E
:1078C000294601F0E3FC206850F81C1F0EE02068F8
:1078D000294601F01FFD206850F81C1F16E02068A3
:1078E000294601F04BFD206850F8541F41F0080173
:1078F0000160016821F00401016029690FE020683E
:10790000294601F071FD206850F8541F41F40061D0
:107910000160016821F4806101602969090202683F
:10792000114301600020002184F83C10C0B2B0BDBA
:1079300010B5044654B394F83D0028B9002084F8EB
:107940003C00204600F024F80220211D84F83D0070
:10795000206801F0AFFB012084F8480084F83E0065
:1079600084F83F0084F8400084F8410084F8420025
:1079700084F8430084F8440084F8450084F8460005
:1079800084F8470084F83D00002010BD012010BDA0
:107990007047704771B180B50B1F4FF0010C052285
:1079A0004FEAB30EBEF1040F38BF0CEBB302BDE8D3
:1079B000804000E00022024492F83E20012A1CBFD1
:1079C0000120704761B10A1F4FEAB202032A0BD8A7
:1079D000DFE802F0020E1216022280F83F2012E0C9
:1079E000022280F83E200EE0022280F843200AE0C6
:1079F000022280F8402006E0022280F8412002E0C6
:107A0000022280F8422001F01F0101228A40016811
:107A1000086AB1F1804F20EA02000862086A40EA71
:107A20000200086236D0234881421CBF22488142AE
:107A300030D0224881421CBF214881422AD053487D
:107A400081421CBF5248814208D0524881421CBF2B
:107A50005148814202D05148814224D1486CB1F151
:107A6000804F40F40040486414D0124881421CBF4B
:107A7000114881420ED0114881421CBF10488142FA
:107A800008D0424881421CBF4248814202D040484F
:107A9000814208D188680B4A02400020062A18BF9C
:107AA000B2F5803F04D0086840F001000860002073
:107AB000704700BF0004004000080040000C004078
:107AC000001800400700010001F01F02012303FA23
:107AD00002FC0268136A23EA0C031362136A13623E
:107AE0002A4B9A421CBF2A4B9A4208D0294B9A42F1
:107AF0001CBF294B9A4202D0284B9A4211D1D2F88E
:107B000020C041F211131CEA030F0AD1D2F820C0A1
:107B100040F244431CEA030F02BF536C23F40043BA
:107B20005364D2F820C041F211131CEA030F0AD1AA
:107B3000D2F820C040F244431CEA030F02BF13688E
:107B400023F0010313604FEAB101042908D8DFE8EC
:107B500001F0030B0F131700012180F83E1012E013
:107B6000012180F843100EE0012180F83F100AE067
:107B7000012180F8401006E0012180F8411002E068
:107B8000012180F842100020704700BF0000014032
:107B90000004014000400140004801400044014011
:107BA00070B5274904462068096888422AD125A073
:107BB00004F03EF8274D2846FFF7D4FC2648274E10
:107BC0004CF250330168F165326E02FB031149003B
:107BD00071660021316601602846FFF769FC0120CB
:107BE0009FED150BB075706E01EE100A1CA0B8EE7B
:107BF000411B21EE000BBDEEC00B10EE101A04F07D
:107C000017F8206813490968884203D113490A6E9E
:107C100001320A6617490968884218BF70BD02F030
:107C2000F9FF02F07DF802F063F9BDE87040F8F763
:107C30001DBE00BF00BF00BF82734694F606F03F32
:107C400064460024636C6520312C323535FFFFFF1C
:107C50000000000018460024240800401000002402
:107C60007434382E7478743D222564487A22FFFFDC
:107C7000FF000000CC450024704790F884100129D3
:107C800001D1022112E02421C0F888100268136893
:107C9000116821F0010123F00053116000214166B9
:107CA00013602022C0F8882080F88410C8B2704782
:107CB00070477047B0B5044694F88400012801D19C
:107CC00002201BE0012084F884002420C4F88800EE
:107CD00020680568026822F001020260826822F0D2
:107CE000606211438160204601F0E0FB206805607E
:107CF0002020C4F88800002084F88400C0B2B0BD01
:107D0000B0B5044694F88400012801D102201BE09C
:107D1000012084F884002420C4F8880020680568C5
:107D2000026822F001020260826822F06042114380
:107D30008160204601F0BAFB206805602020C4F86D
:107D40008800002084F88400C0B2B0BD704770473E
:107D500070470000B0B5044640F62F012068C269A4
:107D600002EA01030168D0F808E0202B0DD101F0F0
:107D700020030EF080552B4307D0616F002900F0DF
:107D8000AA812046BDE8B040084740F60F031340E3
:107D90001FBFD14B0B40D14D0EEA050C18BF53EA63
:107DA0000C0344D0D3070BD011F480731FBF012301
:107DB0000362D4F8903043F0010318BFC4F8903048
:107DC0000EF00105930708D53DB102230362D4F8F4
:107DD000903043F00403C4F89030530708D53DB108
:107DE00004230362D4F8903043F00203C4F89030C7
:107DF00013070DD501F0200353EA0C031FBF08231E
:107E00000362D4F8903043F0080318BFC4F89030F0
:107E100013054ED511F080634BD04FF40063254617
:107E2000036255F8903F43F020032B6043E002EAE1
:107E30000105EB06E36E7CD5012B7AD1102101629E
:107E4000816811F0400F40F08680B4F85C10B4F8FF
:107E50005E20B4F85E30002B00F03D81891A89B2B3
:107E600009B938E1206850E8000F226820F49070CA
:107E700042E80003002BF5D1206850E8020FA84A21
:107E80001040226842E80203002BF5D12020C4F8FC
:107E90008C000020E0666067206850E8000F2268D0
:107EA00020F0100042E80003002BF5D102202067EB
:107EB000E2E004F190052B68002B00F00C8112F039
:107EC00020020BD001F020010EF0805211431CBFA4
:107ED000616F002902D020468847206829688068A1
:107EE00001F0280100F04000084374D0204601F062
:107EF000DBFB2068816811F0400F01D126E020688B
:107F000050E8020F216820F0400041E80202002AF8
:107F1000F5D1D4F88000C8B171490165FAF75AF972
:107F2000002800F0D880D4F88000016DBDE8B04092
:107F30000847D30244D51EF4800341D04FF480118A
:107F400001622046BDE8B040FFF701BF2046BDE812
:107F5000B040FFF7FDBED4F880100A68614B9A422A
:107F600040D0614B9A421CBF604B9A423AD0604B62
:107F70009A421CBF5F4B9A4234D0CE4B9A421CBFF0
:107F80005D4B9A422ED05D4B9A421CBF5C4B9A428D
:107F900028D05C4B9A421CBF5B4B9A4222D05B4B71
:107FA0009A421CBF5A4B9A421CD05A4B9A421CBF51
:107FB000594B9A4216D0594B9A4208BF0A6812E0B0
:107FC00013065ED501F0800C0EF4000353EA0C0397
:107FD00057D0A16FD2E62046FFF7BAFE0020C4F8C2
:107FE000900078E00A68043213689DB2002D72D0C8
:107FF000B4F85C2095426ED2A4F85E30C969B1F540
:10800000807F01D132E0206850E8000F216820F421
:10801000807041E80002002AF5D1206850E8020F84
:10802000216820F0010041E80202002AF5D1206811
:1080300050E8020F216820F0400041E80202002AC7
:10804000F5D12020C4F88C000020E066206850E8BC
:10805000000F216820F0100041E80002002AF5D14D
:10806000D4F88000F9F740FFB4F85C2002202067C4
:10807000B4F85E00101A81B22046BDE8B040FFF7A8
:1080800017BE6B060AD410021BD511F0804018D021
:108090002046BDE8B040FFF759BE206850E8000F09
:1080A000216820F0400041E80002002AF5D120209C
:1080B000C4F888000020A0672046BDE8B04000F06A
:1080C000FDB8D00107D5B1F1FF3F04DC2046BDE883
:1080D000B040FFF7EEBDB0BD20010004010000106C
:1080E000999600081000024028000240400002401B
:1080F0005800024070000240A0000240B800024058
:108100001004024028040240400402405804024087
:108110007004024088040240B8040240A0040240F7
:10812000FEFFFFEF10B50446D4B1D4F8880028B99B
:10813000002084F88400204600F026F82420C4F8AB
:1081400088002068016821F001010160A06A10B177
:10815000204601F0D9F9204601F0D0FA012801D1DA
:10816000012010BD2068416821F490414160816880
:1081700021F02A018160016841F00101016020467F
:10818000BDE8104001F02ABA2DE9F04786B0044658
:1081900001A81421F8F7D4F8226841484149424B1C
:1081A0009A4222D0414B9A4276D18A6842F4002208
:1081B0008A608A6802F400220092009A0A6842F0FB
:1081C00001020A60096801F00101009100994FF471
:1081D000C0510191022102910021CDE90311062134
:1081E000059101A9FDF74AF956E00A69002642F017
:1081F00010020A610A6902F010020092009A0A68ED
:1082000042F001020A60096801F001010091009941
:108210004FF4C0610191022102910721CDE903666B
:10822000059101A9FDF72AF9214D224F29204FF48C
:10823000806A4FF400684FF40059C5E90070284681
:10824000C5E90266C5E904A8C5E90696C5E9086658
:10825000FAF76CFB08B1F8F737FFC4F88050AC634D
:10826000154D07F118002A21402285E847042846C9
:10827000C5E90589C5E907666E62FAF757FB08B1DB
:10828000F8F722FF252000210022E567AC63FDF707
:1082900053FA2520FDF742FA06B0BDE8F08700BF8B
:1082A00000000258E044025800100140004C004019
:1082B0008002002488000240000400247047FEE78A
:1082C0002DE9F843F8F740FFB04C002140F2FF726F
:1082D0002046F8F745FF4D4920466422F9F748FC4F
:1082E000DFF8D8974A4C00214846A0474846042169
:1082F000A0474848FFF7DCF84748DFF810876FF0E1
:1083000001010068016140460421A047434CB4F9D3
:10831000260003F0E1FBB4F9280003F011FCF24E53
:1083200000213046F9F7ABFD30461021F9F7A7FDE3
:108330003B4E3C4C80210122012506F50067384662
:10834000A04738464FF480710022A04730464FF4D2
:1083500080610122A04730464FF480710122A0477E
:1083600030464FF400610122A04730464FF40071BF
:108370000122A047384620210122A047384610217B
:108380000122A047384608210022A047304680211C
:108390000122A047304640210122A0473046082153
:1083A0000022A047D9F80000204A4FF42F63C1688B
:1083B00041F40071C160D8F80000C16841F4007157
:1083C000C160C16841F48061C160C16841F400616D
:1083D000C160C16841F48051C160134806F58261F3
:1083E000FAF7A2FC1248022105604160632111489E
:1083F0000560416040F69F71C5600561C0F80014DA
:1084000049F63F410C480160BDE8F283780600243C
:1084100095790008CC45002418460024100000245B
:10842000000802581756000880050024D847002489
:1084300028000140280000402C040040C1F3045CE7
:10844000C1F34061072300EB810003FA0CF302FA49
:108450000CF241699943114341617047B0B58AB04C
:10846000002568461C210995CDE90755F7F768FFF7
:10847000464C47484FF4E0110122042384E82300CE
:108480000820C4E90323257565751521A06104F151
:10849000240022772262F7F753FF2046F9F798F875
:1084A00008B1F8F711FE394807A90795F8F7A4FEB7
:1084B00008B1F8F709FE3748694600900620CDE973
:1084C000010040F2FF70039004200490002005900A
:1084D0008DF819002D48F8F7F1FE08B1F8F7F4FD12
:1084E0002D48694600900C2001902848F8F7E6FED8
:1084F00008B1F8F7E9FD294869460090122001907B
:108500002248F8F7DBFE08B1F8F7DEFD244869469B
:10851000009018200190002002901C48F8F7CEFE31
:1085200008B1F8F7D1FD1F48694600904FF48070FC
:1085300001901648F8F7C2FE08B1F8F7C5FD1A48D1
:10854000694600904FF4837001901048F8F7B6FE2A
:1085500008B1F8F7B9FD1548694600904FF48670E8
:1085600001900A48F8F7AAFE08B1F8F7ADFD1048E7
:10857000694600904FF4897001900448F8F79EFE18
:1085800008B1F8F7A1FD0AB0B0BD00BFE043002478
:10859000002002400800900C1000C0102000F014D1
:1085A0008000501D000180210002B0250004002A37
:1085B0000008302E70B588B001A81C21F7F7C0FE66
:1085C0001E481F494FF4E012102301240426002501
:1085D00080E85E000221057544754FF4805200F179
:1085E0002C03816103210577C0E9095526C380F872
:1085F0003850F8F7EDFF08B1F8F766FD114801A90A
:1086000001900620CDE9020540F2FF70CDE9040695
:108610000A4806958DF81D50F8F750FE08B1F8F796
:1086200053FD094801A901900C2002900348F8F776
:1086300045FE08B1F8F748FD08B070BD4444002479
:10864000002102400040C03A0080F03EE0B5AA4858
:108650004FF48062016841F400110160006800F489
:108660000010019001980B49094801600121416007
:108670000021C0E902110162C0E90611C0E904212C
:10868000FAF754F918B1BDE88C40F8F71DBD8CBD60
:10869000BC4400240854025880B58AB001A82421A3
:1086A000F7F74EFE104811490160F9F78DFB08B14C
:1086B000F8F70AFD002001210022CDE90100039016
:1086C000CDE90410084801A9F9F7D6FA08B1F8F77E
:1086D000FBFC054801A91022F9F7CEFA08B1F8F71A
:1086E000F3FC0AB080BD00BFA84400240074004021
:1086F000BCB52748834C0022016841F001010160AC
:10870000016801F0010101910199016841F0020144
:1087100001600021006800F00200009000980B202A
:10872000A047794D0B20A8470D2000210022A0472B
:108730000D20A8470E2000210022A0470E20A847A8
:108740000F2000210022A0470F20A8471020002161
:108750000022A0471020A847112000210022A04796
:108760001120A847382000210022A0473820A84720
:108770003A2000210022A0473A20A8473C200021AF
:108780000022A0473C202946BDE8BC40084700BF66
:10879000D84402582DE9F04F87B04FF0000800226E
:1087A0004FF4DC74CDF818805348016841F0100193
:1087B0000160016801F0100101910199016841F027
:1087C00080010160016801F0800101910199016857
:1087D00041F004010160016801F004010191019977
:1087E000016841F001010160016801F0010101919E
:1087F0000199016841F002010160016801F0020184
:1088000001910199016841F0080101604FF4DC71A8
:10881000006800F0080001900198384D05F54069A6
:108820004846FCF7F8FE05F5806740F6C87100225F
:1088300040F6C87B3846FCF7EEFE0294304C02AEA0
:108840004FF0010A48463146CDE903A8CDF814801F
:10885000A04738463146CDE902BACDE90488A047A1
:108860004FF6FC704FF4881B0227314602902846D1
:10887000CDF80CB00497A0474FF6777005F500656A
:108880003146CDE9020828460497A047882002A96E
:1088900081E8010528463146A04748463146CDE9E2
:1088A000027B0497A047174C072002210122A04712
:1088B000154D0720A847082002210122A0470820C3
:1088C000A847092002210122A0470920A8470A2021
:1088D00002210122A0470A20A847172002210122D5
:1088E000A0471720A847282002210122A0472820BE
:1088F000A84707B0BDE8F08FE044025800040258D2
:108900007D540008395700081D570008B0B59AB0CB
:108910000CAC00251C2120461995CDE91755CDE951
:108920001555CDE91355F7F70BFD01A82C21F7F7E5
:1089300007FD364836490122032380E82600C0E9B6
:108940000335C0E90555FEF76DFC08B1F8F7BCFB2F
:108950004FF4805016A916902C48FEF71BFE08B164
:10896000F8F7B2FB2948FEF7E3FF08B1F8F7ACFBD4
:10897000102013A913904FF48010149080201590AC
:108980002248FEF707FC08B1F8F79EFB602014218F
:108990000C9001200D9004F10800F7F7D1FC1B4862
:1089A00021460422FEF766FF08B1F8F78DFB002090
:1089B0000CA908220D901548FEF75CFF08B1F8F7E6
:1089C00083FB12480CA90C22FEF754FF08B1F8F7FC
:1089D0007BFB01AC14212046F7F7B2FC4FF40050AA
:1089E0004FF0007106900020CDE90700CDE9091095
:1089F0000B9006482146FEF785FB08B1F8F764FBAB
:108A00000248FEF7F9FE1AB0B0BD00BF344500249D
:108A10000000014010B58EB0002468461C210D9462
:108A2000CDE90B44CDE90944CDE90744F7F788FCCB
:108A300022484FF08041012280E816008021C0E9E1
:108A400003248161FEF7EEFB08B1F8F73DFB4FF41C
:108A500080500AA90A901948FEF79CFD08B1F8F762
:108A600033FB1648FEF764FF08B1F8F72DFB102022
:108A700007A90790802009901048FEF78BFB08B1EA
:108A8000F8F722FB60206946002200900120019047
:108A90000020029004900948FEF7ECFE08B1F8F7B8
:108AA00013FB064869460422FEF7E4FE08B1F8F716
:108AB0000BFB0248FEF7A0FE0EB010BD804500245F
:108AC00080B588B00021174844F61F6340F2CF7C80
:108AD0000791CDE90511CDE90311CDE90111124A44
:108AE000C0E90023C0E9021C01618161FEF79AFB25
:108AF00008B1F8F7E9FA4FF4805004A90490094846
:108B0000FEF748FD08B1F8F7DFFA002001A901904F
:108B100003900448FEF73EFB08B1F8F7D5FA08B019
:108B200080BD00BFCC4500240004004010B588B0D3
:108B3000002417484CF24F320794CDE90544CDE9A3
:108B40000344CDE901441349C0E90014C0E90242DD
:108B500004618461FEF766FB08B1F8F7B5FA4FF4DB
:108B6000005004A9CDE904040948CDE90644FEF704
:108B700011FD08B1F8F7A8FA002001A901900390AF
:108B80000348FEF707FB08B1F8F79EFA08B010BDDE
:108B9000184600240008004080B588B0002117481E
:108BA00040F2CF734CF24F3C0791CDE90511CDE96E
:108BB0000311CDE90111124AC0E90023C0E9021CEA
:108BC00001618161FEF72EFB08B1F8F77DFA4FF4E1
:108BD000805004A904900948FEF7DCFC08B1F8F7BE
:108BE00073FA002001A9019003900448FEF7D2FA1D
:108BF00008B1F8F769FA08B080BD00BF64460024E8
:108C0000000C004010B5164C16484FF461210022AC
:108C10000C2384E8070004F118001421C4E903229E
:108C20006361F7F78DFB2046FFF77CFA08B1F8F790
:108C30004BFA0B480021FFF763F808B1F8F744FA44
:108C400007480021FFF736F808B1F8F73DFA044865
:108C5000FFF713F818B1BDE81040F8F735BA10BDAA
:108C600044470024004C004010B5164C16484FF401
:108C7000612100220C2384E8070004F1180014216C
:108C8000C4E903226361F7F75BFB2046FFF74AFA6A
:108C900008B1F8F719FA0B480021FFF731F808B1CD
:108CA000F8F712FA07480021FFF704F808B1F8F7BF
:108CB0000BFA0448FEF7E1FF18B1BDE81040F8F7E1
:108CC00003BA10BDB046002400100140FEE7FEE7E5
:108CD0007047000010B5B0B06C46982104F1280030
:108CE000F7F72EFB002001900F490091042102911B
:108CF000092103910221CDE904110691C0210791B8
:108D0000202108914FF44061099101211E91082111
:108D10001F9129902046FDF7ABF818B1EFF31080B2
:108D200072B6FEE730B010BD03000800F8B5D14FB1
:108D300005460C46B86A00F00300032801D1012063
:108D400076E0386820F080603860FCF76FFC0646FB
:108D5000386810F0006F05D0FCF768FC801B022813
:108D6000F6D962E0B86A29682B1D4FF47E46002CC4
:108D700020F47C3040EA0130B8620FCB06EB412191
:108D800000F2FF1089B26FF35F2040EA01004FF458
:108D9000FE0101EB024101F4FE0140EA01004FF047
:108DA000FE4101EB036101F0FE4140EA0100B863BE
:108DB000F86A696920F0C00040EA0100F862F86AC8
:108DC000A96920F0200040EA01004FF6F871F8622E
:108DD000F86A20F01000F862F86B20EA0100E969F7
:108DE00040EAC100F863F86A40F01000F86208D069
:108DF0004FF40010012C08BF4FF48010F96A0843AB
:108E000002E0F86A40F40020F862386840F08060C0
:108E10003860FCF70BFC0446386810F0006F06D190
:108E2000FCF704FC001B0328F6D3032000E000201D
:108E3000C0B201B0F0BD00BFF8B58E4F05460C467C
:108E4000B86A00F00300032801D1012076E03868F9
:108E500020F080503860FCF7E9FB0646386810F0D7
:108E6000005F05D0FCF7E2FB801B0228F6D962E028
:108E7000B86A29682B1D4FF47E46002C20F07C70C8
:108E800040EA0150B8620FCB06EB412100F2FF101F
:108E900089B26FF35F2040EA01004FF4FE0101EB5D
:108EA000024101F4FE0140EA01004FF0FE4101EBF6
:108EB000036101F0FE4140EA01003864F86A696923
:108EC00020F4406040EA0100F862F86AA96920F4E1
:108ED000007040EA01004FF6F871F862F86A20F479
:108EE0008070F862786C20EA0100E96940EAC1000C
:108EF0007864F86A40F48070F86208D04FF08070AF
:108F0000012C08BF4FF40000F96A084302E0F86A38
:108F100040F48000F862386840F080503860FCF718
:108F200085FB0446386810F0005F06D1FCF77EFB35
:108F3000001B0328F6D3032000E00020C0B201B0DC
:108F4000F0BD00BF7047FCF775BB0000B0B59CB02A
:108F500009A84C21F7F7F4F901A82021F7F7F0F957
:108F60000220FCF725FC1C48006810F4005FFAD0D2
:108F7000022001214024002509900C9104210D9428
:108F80001290139514913C21CDE91510CDE91700ED
:108F90000C20CDE9190509A81B95FDF7F9FD18B1BD
:108FA000EFF3108072B6FEE73F200021019003200E
:108FB000CDE902050820CDE904044FF48060069451
:108FC000CDE9070401A8FDF7EFFB18B1EFF310801E
:108FD00072B6FEE71CB0B0BD1848025823480168BD
:108FE00041F4700101602248016801F00F01062977
:108FF0009FBF0168072262F30301016010B51D499C
:109000000A6842F001020A6000220A610B681A4CE9
:1090100023400B60036813F0080F1FBF0368072489
:1090200064F3030303608A61CA610A62134B8B62B3
:10903000134BCB62134B0B634A638B63CA630B64A2
:109040004A640B6823F480230B600A660E490968A2
:10905000B2EB517FBDE8104002BF0C4901220A600B
:109060004FF4005143F2D2024250704788ED00E0C5
:1090700000200052004402587FEDF6EA000202028E
:109080000000FF01800201010010005C0881005116
:109090000148FEF713BB00BFCC4500240148FEF792
:1090A0000DBB00BF184600240148FEF707BB00BFF8
:1090B000644600240268B0F1804F0ED02B4B9842DA
:1090C0001CBF2B4B984208D02A4B98421CBFC54B63
:1090D000984202D0DE4B984203D14B6822F07002D6
:1090E0001A43B0F1804F1CBF204B984214D0204B44
:1090F00098421CBF1F4B98420ED0D54B98421CBFC4
:10910000D44B984208D0D44B98421CBFD34B9842C2
:1091100002D0D34B984203D1CB6822F440721A4359
:109120004B6922F080021A4302608A68C2620A68B0
:109130008262C74A90421CBFC64A904208D0C64AC3
:1091400090421CBFC54A904202D0C54A904201D10C
:109150000969016301214161016911F0010F1EBF1D
:10916000016921F001010161704700BF0004004066
:1091700000080040000C0040B0B5D0F820C0026AE2
:1091800022F0010202622CF00202D0F804E08569AC
:109190008C680B6814435E4A2A4042EA030CAC4ACE
:1091A00090421CBFAB4A904208D0AB4A90421CBFD1
:1091B000AA4A904202D0AA4A904206D1CB6824F033
:1091C0000C0223F0040343EA0204A14A90421CBFAC
:1091D000A04A904208D0A04A90421CBF9F4A9042A9
:1091E00002D09F4A904206D1D1E905232EF4407562
:1091F0002A4342EA030EC0F804E0C0F818C04968E8
:1092000041630462B0BD00BFB0B5D0F820C0036AAE
:1092100023F010032CF020020362D0F804E08369ED
:109220008C680D6842EA0414534A1A40894B42EA9A
:10923000052C40F480629A4201BFCA686FF04F0368
:1092400003EA021224F0C00308BF42EA0304804A82
:1092500090421CBF7F4A904208D07F4A90421CBF78
:109260007E4A904202D07E4A904207D1D1E905233E
:109270002EF4406545EA820242EA830EC0F804E01B
:10928000C0F818C0496881630462B0BDB0B5D0F8B9
:1092900020C0036A23F480732CF400720362D0F8B8
:1092A00004E0C3698C680D6842EA0424184A1A4035
:1092B000684B42EA050C40F480629A4208D1CA68C1
:1092C00040F2FF4312029A4324F4406342EA03044B
:1092D0005F4A90421CBF5F4A904208D05E4A90426B
:1092E0001CBF5E4A904202D05D4A904207D1D1E94C
:1092F00005232EF4405545EA021242EA031EC0F847
:1093000004E0C0F81CC04968C1630462B0BD00BF7E
:109310008CFFFEFFB0B5D0F820C0036A23F4805361
:1093200003622CF40053D0F804E0C5698A680C6825
:1093300043EA023C104A464B984202EA05021CBF2F
:10934000444B984242EA042208D0434B98421CBF47
:10935000424B984202D0424B984204D14B692EF4C2
:10936000804545EA831EC0F804E0C2614968016493
:10937000C0F820C0B0BD00BFFF8CFFFEB0B5D0F874
:1093800020C0036A23F4803303622CF40033D0F846
:1093900004E0456D8A680C6843EA024C104A2C4B85
:1093A000984202EA05021CBF2A4B984242EA040294
:1093B00008D0294B98421CBF284B984202D0284B1A
:1093C000984204D14B692EF4803545EA032EC0F84B
:1093D00004E0426549688165C0F820C0B0BD00BFA7
:1093E0008FFFFEFF00040140B0B5D0F820C0036A33
:1093F00023F4801303622CF40013D0F804E0456DCD
:109400008A680C6843EA025C104A114B984202EAEF
:1094100005021CBF0F4B984242EA042208D00E4BB3
:1094200098421CBF0D4B984202D00D4B984204D17C
:109430004B692EF4802545EA832EC0F804E042658E
:109440004968C165C0F820C0B0BD00BFFF8FFFFEF6
:10945000000001400004014000400140004801407C
:1094600000440140D0F820C0036A23F001030362E6
:10947000836923F0F00343EA021282612CF00A02AE
:10948000114301627047D0F820C0036A23F0100333
:109490000362836923F4704343EA023282612CF051
:1094A000A00242EA0111016270470000416ED9B189
:1094B00080B502680FF2400C0FF2440E9168C1F3C0
:1094C000426192681CF801301EF80110520F090128
:1094D000B1FBF3F11CF802301EF802201201B2FBBE
:1094E000F3F2BDE8804001E001220121A0F86A20EA
:1094F000A0F86810704700BF0804020408010101C9
:109500000101010307010000816A11F0080F08D072
:1095100002685368D0F838C023F4004343EA0C03D0
:109520005360CA0708D002685368D0F82CC023F4EF
:10953000003343EA0C0353608A0708D50268536876
:10954000D0F830C023F4803343EA0C0353604A0759
:1095500008D502685368D0F834C023F4802343EA66
:109560000C035360CA0608D502689368D0F83CC063
:1095700023F4805343EA0C0393608A0608D50268FB
:109580009368D0F840C023F4005343EA0C0393607F
:1095900080B54A0615D5D0F800E0DEF804C0436C6B
:1095A0002CF48012B3F5801F42EA0302CEF80420A7
:1095B00007D1DEF80420836C22F4C0021A43CEF8EF
:1095C00004200906BDE8804058BF704701684A681A
:1095D000C06C22F40022104348607047BCB50446BA
:1095E0000020C4F89000FCF721F8054620680168C7
:1095F00011F0080F18D027484FF4001100222B4615
:109600000090204600F066FA68B1206850E8000F2C
:10961000216820F0800041E80002002AF5D12020D6
:10962000C4F8880025E02068006810F0040F22D0FC
:1096300018484FF4800100222B460090204600F08D
:1096400049FAC0B1206850E8000F216820F49070FA
:1096500041E80002002AF5D1206850E8020F216895
:1096600020F0010041E80202002AF5D12020C4F8D0
:109670008C00032007E02020C4F88800C4F88C0088
:109680000020E06620670021C0B284F8841002B098
:10969000B0BD00BFFFFFFF01806B0021A0F85E108E
:1096A000A0F85610FEF754BB016851E8001F02688D
:1096B00021F4907142E80013002BF5D1016851E8C4
:1096C000021F0D4A1140026842E80213002BF5D137
:1096D000C16E012909D1016851E8001F026821F01B
:1096E000100142E80013002BF5D12021C0F88C10A6
:1096F0000021C16641677047FEFFFFEF2DE9F04191
:1097000086B004462168A068D4E90423E5691043C3
:109710000A681843A14B28431A4010430860486860
:10972000E26820F44050104348609D48A0F50E3692
:109730008646A0699B4FB1421CBF226A10438A68CB
:10974000994B1A4010438860C86AD4F824C020F0AE
:109750000F0040EA0C00C862944880469448954B3C
:10976000994228D0944B994231D0944B99423AD0A7
:10977000934B994243D0934B994200F04B80924BCC
:10978000994200F05280914B994200F05980904BE1
:10979000994200F060808F4B994240F069803B68AD
:1097A000C3F3C203052B00F263800127DFE803F057
:1097B000695E626466683A6802F00703052B00F28E
:1097C00057800027DFE803F05D5256585A5C3A682C
:1097D00002F00703052B00F24B800027DFE803F0BF
:1097E00051464A4C4E503A6802F00703052B00F2EE
:1097F0003F800027DFE803F0453A3E4042443A68A4
:1098000002F00703052B33D80027DFE803F03A2FD7
:10981000333537393A6802F00703052B28D800277B
:10982000DFE803F02F24282A2C2E3A6802F00703E1
:10983000052B1DD80027DFE803F024191D1F212365
:109840007A6802F00703052B12D80227DFE803F03D
:10985000190E121416183A68C2F3C203052B07D862
:109860000127DFE803F00E0307090B0D042708E0CA
:10987000802706E0082704E0102702E0202700E008
:109880004027B14213D00121B5F5004F20D1082F58
:109890002AD8DFE817F009005800000100015B003A
:1098A0000001000100016000FDF7ACF857E0402F17
:1098B00030D0042F31D0082F34D0102F3CD0202F9F
:1098C00000F0C180022F40F0E580FBF797FF2DE00C
:1098D000082F14D8DFE807F00580DFDF83DFDFDF44
:1098E0008800FDF78FF883E0102F00F09880202F7C
:1098F0003AD0402F40F0CF804FF4004034E0102F9A
:1099000000F09480202F77D0402F40F0C4804FF497
:10991000004071E04FF4004095E003A8FCF72EF8FA
:10992000049803E06846FCF7D3F80198002800F09B
:10993000AF80D4F824C086E0DEF8000010F0200FDD
:109940007BD140467FE0FDF76BF808E003A8FCF709
:1099500015F8049803E06846FCF7BAF80198002867
:1099600000F09680D4F824C0584931F81C10B0FBA0
:10997000F1F061684A0802EB40004FF6EF72B0FB6D
:10998000F1F0A0F11001914200F284804FF6F071E5
:109990000140C0F34200084378E000BFF369FFCF05
:1099A0000044025854440258FFF4FF110090D003C1
:1099B00000093D000044004000480040004C0040C9
:1099C0000050004000780040007C0040000C00582F
:1099D0000014014000100140FDF722F808E003A840
:1099E000FBF7CCFF049803E06846FCF771F8019898
:1099F00000284DD0D4F824C034494FF6EF7231F826
:109A00001C10B0FBF1F0616800EB5100B0FBF1F00D
:109A1000A0F1100191423DD8216880B237E0DEF814
:109A2000000010F0200F42D140469DE7DEF8000014
:109A300010F0200F42D14046DEE7DEF80000C0F310
:109A4000C10028FA00F02149656831F81C2005EBB7
:109A500045070121B0FBF2F3BB421CD32F03BB42ED
:109A600019D800210023F6F733FC09022A46002307
:109A700041EA1061000210EB550041F10001F6F7D8
:109A800027FC134AA0F54071914203D82168C860B1
:109A9000002100E001210120A4F86A00A4F8680078
:109AA0000020C4E91D00084606B0BDE8F081DEF8DC
:109AB0000000C0F3C10028FA00F055E7DEF800000E
:109AC000C0F3C10028FA00F096E700BF80D000087C
:109AD000FFFC0F002DE9F8430446DDF8209098467E
:109AE00016460F46206809F10105C1693940C91BB6
:109AF000B1FA81F14909B1422AD1002DF5D0FBF725
:109B000095FD0321B9F1000F23D0A0EB08004845D3
:109B10001FD82068016811F0040FE6D0402F18BF4D
:109B2000802FE2D0C16911F0080F16D1C16911F47C
:109B3000006FDAD04FF4006101622046FFF7B4FDF8
:109B400020200321C4F89000002084F8840000E065
:109B50000021C8B201B0BDE8F083082505622046A7
:109B6000FFF7A2FD0020C4F89050012184F8840082
:109B7000EFE700000148FEF7EDB800BFB046002453
:109B8000FEE700000000000090ED000A9FED121BB0
:109B90000022B8EEC00BB0EE402B0CE000EB8203CD
:109BA000013293ED003AB8EEC33B82FE432B80FEB8
:109BB000030B31EE031B8A42F0DB31EE421B881EA1
:109BC00031EE400B01EE100AB8EEC11B80EE010B26
:109BD000704700BF00BF00BF000000000000000091
:109BE000B0B5DFF810CDDFF868EC002200240023C8
:109BF0000AE00CEB4205B5F960592B440EEB420527
:109C00000132B5F960592C441BB224B2C82AF0D1F4
:109C100002886FF0C70C94FBFCF42244803202806F
:109C200093FBFCF00A88104480300880B0BD00BF70
:109C30002DE9F8432DED086BDFF8D48A9FED268BD4
:109C4000DFF8D09A0024BFEE009B3BE000EE100A44
:109C5000B8EEC00B02F06CF8002280EE080B214633
:109C600007E001F0010230EE090BC1F34E0160F391
:109C70004F02B5EEC00B90B2F1EE10FAF1DCB84233
:109C80001FD909EB07113F010D1D2CCD59F80760B5
:109C9000CDE90235CDE9006209EB00120001D2E9FD
:109CA00001C6D56859F8003049F80730C1E901C646
:109CB000CD609DE88A00039E49F80010C2E9013793
:109CC000D6600134D8F80000A7B2B842BEDCBDECC3
:109CD000086B01B0BDE8F083EF39FAFE422EE63F93
:109CE000C0F5C070B7EE080B01EE100AB8EEC11B4C
:109CF00081EE000BBCEEC00B10EE100A00F004BFAA
:109D0000C0F5C070B7EE080B01EE100AB8EEC11B2B
:109D100081EE000BBCEEC00B10EE100A00F01CBF71
:109D20002DE9F0412DED0A8B5149524B5248DFF895
:109D30004C810A681F6900F1280400F1500540F8C1
:109D400022705F699B6944F8227045F82230013225
:109D50000A2A08BF00220A600A21C0479FED3C9BE7
:109D60009FED3D8BBDEEC01B454E9FED3DAB454F7E
:109D700045A0B8EEC11BBDEEC00B21EE091B86ED60
:109D8000160A21EE081B21EE0A0B86ED1A1B53EC76
:109D9000102BB84796ED1A0B3FA020EE0A0B53ECA0
:109DA000102BB84728460A21C047BDEEC01B9FEDC7
:109DB0002EBBB9EE0CABB0EE08CB3CA0B8EEC11B8D
:109DC000BDEEC00B21EE091B86ED160A21EE081B25
:109DD00021EE0A2B86ED1A1B82EE0C2B22EE0B0BCA
:109DE00053EC102BB84796ED1A0B33A020EE0A0B5C
:109DF00080EE0C0B20EE0B0B53EC102BB8472046DB
:109E00000A21C047BDEEC01B30A0B8EEC11BBDEE9D
:109E1000C00B21EE091BB1EE009B86ED160A21EE68
:109E2000081B21EE090B86ED1A1B53EC102BB847CB
:109E300096ED1A0B29A0394620EE090B53EC102B96
:109E4000BDEC0A8BBDE8F041084700BF00BF00BF72
:109E5000000000000000F03E6666666666660A4026
:109E6000000000000040AF400000000000408F40B4
:109E7000D44300247806002400050024899B0008B0
:109E80001000002431BC00084C4344593D252E32BB
:109E900066FFFFFF000000007435342E7478743DB7
:109EA00022252E30666D4122FFFFFF0048544A3DB7
:109EB000252E3066FFFFFF007435362E7478743D12
:109EC00022252E31666D5422FFFFFF005350464479
:109ED0003D252E3266FFFFFF000000007435352E51
:109EE0007478743D22252E32665622FFFFFF000053
:109EF0002DE9F843DFF8E8C5DFF8E855DFF8E8E5D5
:109F0000DFF8E88500228021B7EE040B46E03CF83C
:109F1000120000F1800301EB1020C0B2DBB2E52893
:109F2000C5E90D3001D9E52002E0192801D8192032
:109F3000A8638038E52B01EE100AB8EEC11B21EEB4
:109F4000001BBDEEC11B11EE100A00F180004FEAAC
:109F5000E07600EB166606F47F46A0EB06002EF8CE
:109F6000120001D9E52302E0192B01D819236B63F4
:109F7000A3F1800001EE100AB8EEC11B21EE001B18
:109F8000BDEEC11B11EE100A8030C31700EB136346
:109F900003F47F43C01A28F812000132B2F52F6F84
:109FA000B5D10022734641462EE00027002000264E
:109FB000C5E90D7708E033F91640274431F916401A
:109FC0000136AF6320446863012EF4D12EF812707D
:109FD0003F0428F81200B7F57F0F01DDFF2703E0EB
:109FE000B7F1FF3F02DC00272EF8127000B2FF2805
:109FF00001DDFF2003E0B0F1FF3F02DC002028F884
:10A000001200023302310132B2F52F6FCDD1A87A9E
:10A01000411EC448042900F28E80DFE801F00323CA
:10A02000436389002978B5F91A20DFF8BC344FF072
:10A03000000C0126114440F2B2420EE01F18B7F99D
:10A040009E7FB94203DC33F91270B9426BDC10B960
:10A0500085F80DC0AE7402300132941E27097C2FA2
:10A06000ECD95EE02978B5F91A20DFF87C344FF09E
:10A07000000C0126114440F2B2420EE01F18B7F95D
:10A080009E7FB94203DB33F91270B9424BDB10B942
:10A0900085F80DC0AE7402300132941E27097C2F62
:10A0A000ECD93EE02978B5F91A20DFF840344FF0BA
:10A0B000000C0126114440F2B2420EE01F18B7F91D
:10A0C0009E7FB94203DA33F91270B9422BDA10B924
:10A0D00085F80DC0AE7402300132941E27097C2F22
:10A0E000ECD91EE02978B5F91A20DFF800344FF0DA
:10A0F000000C0126114440F2B2420EE01F18B7F9DD
:10A100009E7FB94203DB33F91270B9420BDB10B901
:10A1100085F80DC0AE7402300132941E27097C2FE1
:10A12000ECD96C8507E001206C852C83687302E014
:10A130004FF47A7028836878002800F08080E86BFC
:10A1400000287CD1287B022828D001284FD0002865
:10A1500075D10120E8740FF2983001F069FD642098
:10A16000F8F712FF288BA98CDFF87C6340F28A2471
:10A17000084400216885A9850CE0D84980B206EB27
:10A180004000405E02F0BEFEA88D411CA985688D8E
:10A190000130688589B2A142EFD94DE0687B012882
:10A1A00004BFA87C01284AD10120E874D0A001F0A6
:10A1B0003FFD3220F8F7E8FE288BA98CCA4E40F20A
:10A1C0008A24084400216885A9850CE0CE4980B224
:10A1D00006EB4000405E02F095FEA88D411CA9856B
:10A1E000688D0130688589B2A142EFD924E0687B8F
:10A1F000012824D10120E874BDA001F019FD32200E
:10A20000F8F7C2FE288BA98CB74E40F28A24084486
:10A2100000216885A9850CE0BB4980B206EB4000AF
:10A22000405E02F06FFEA88D411CA985688D01304B
:10A23000688589B2A142EFD9B1A001F0F9FC3220C2
:10A24000F8F7A2FEA878002800F08180E86B0028CB
:10A250007DD1287B022826D001284ED0002876D137
:10A2600001202875A9A001F0E3FC6420F8F78CFE1A
:10A27000288BA98C9D4E40F28A24084400216885D1
:10A28000A9850CE0A04980B206EB4000405E02F0D8
:10A2900039FEA88D411CA985688D0130688589B279
:10A2A000A142EFD950E0687B012804BFA87C0128B7
:10A2B0004DD100240120AC74287594A001F0B8FCA5
:10A2C0003220F8F761FE288BA98C884F40F28A264D
:10A2D00008446885AC850CE08B4980B207EB4000F0
:10A2E000405E02F00FFEA88D441CAC85688D0130E5
:10A2F0006885A1B2B142EFD926E0687B012826D15A
:10A300000120287581A001F093FC3220F8F73CFE73
:10A31000288BA98C754E40F28A2408440021688558
:10A32000A9850EE0C2F9FFFF774980B206EB400035
:10A33000405E02F0E7FDA88D411CA985688D0130C3
:10A34000688589B2A142EFD96DA001F071FC0520AA
:10A35000F8F71AFEE878002800F0A780287B02288A
:10A3600068D001282ED0002840F09F80288BA98C2F
:10A37000DFF878815C4E40F2811772A40844002116
:10A380006885A9851AE0604980B201EB400038F980
:10A390000010305E01EB410100EB400001EBD17198
:10A3A00000EBD070A7EB61024110204601F040FCA9
:10A3B000A88D411CA985688D0130688589B2632903
:10A3C000E1D92DE0687B01286FD1288BA98CDFF8BB
:10A3D0001C81454E40F281175AA40844002168852B
:10A3E000A9851AE0484980B201EB400038F9001015
:10A3F000305E01EB410100EB400001EBD17100EB5D
:10A40000D070A7EB61024110204601F011FCA88D2D
:10A41000411CA985688D0130688589B26329E1D91D
:10A420006420F8F7B1FD3DA001F002FC42A001F06C
:10A43000FFFB3AE0687B012804BFA87C012834D1E7
:10A44000002736A0AF7401F0F3FB3BA001F0F0FB56
:10A45000288BA98CDFF89480234E40F2811939A40F
:10A4600008446885AF851AE0274980B201EB4000B7
:10A4700038F90010305E01EB410100EB400001EBC8
:10A48000D17100EBD070A9EB61024110204601F0C0
:10A49000CFFBA88D471CAF85688D01306885B9B2A8
:10A4A0006329E1D96420F8F76FFD287910B1287A83
:10A4B00000F05AF8294C00212046FDF76BFA20469F
:10A4C0000421FDF767FA26482649054A4FF42F6311
:10A4D00001B0BDE8F043F8F727BC00BF76FDFFFFF1
:10A4E000D84700241000002410180024F02D002468
:10A4F0006164647420312C302C363531FFFFFF004D
:10A5000001FFFFFF0000000076FDFFFF616464743F
:10A5100020312C312C363531FFFFFF0066696C6C21
:10A5200020302C302C3635312C3338352C424C41F0
:10A53000434BFFFFFF0000007265662031FFFFFF05
:10A540000000000066696C6C2025642C25642C31A9
:10A550002C312C524544FFFFFF00000080450024B1
:10A5600080050024100C025829494FF4007200287D
:10A570000A602849284AB1F90010B2F900201BD01E
:10A58000881826490022002301EB40002449A0F24C
:10A590008A2C08310CE03CF913000133803800EEBE
:10A5A000100AB8EEC00B01ED020BC1E90022103118
:10A5B000B3F5007FEFD11AE088181A490022002372
:10A5C00001EB40001649A0F28A2C08310CE03CF95E
:10A5D00013000133803800EE100AB8EEC00B01ED15
:10A5E000020BC1E900221031B3F5007FEFD180B535
:10A5F00001F0DCFA00F01CF800F0D8FA9FED0A0A2E
:10A600004FF4807002210122BDE88040F6F760BD62
:10A61000800000243400002428000024F02D0024B1
:10A62000C85D0024101800244260653C0000000052
:10A630002DE9F84F2DED067BFFF7FAFA34489FED30
:10A64000328B0024006846E00120DFF8BCB54FF0F3
:10A65000000A019400FA04F12D484FEA411C0B0155
:10A660004FEA410ED0E9000631E000225D464FF08E
:10A67000000828E002EBD279EC18024408F1010846
:10A680004FEA690794EC040B97FBF1F706EB071709
:10A69000B7EC042B95EC044B20EE026B20EE030B81
:10A6A00001EE436B01EE020B35EE002B34EE061B80
:10A6B00034EE463B35EE400B85EC041B84ED003B4D
:10A6C00084ED020B10358845D4DBE344F244824527
:10A6D000CBDB019C013400EE100A01EE104AB8EE0B
:10A6E000C00BB8EEC19B01F023FB80EE080BB4EE6B
:10A6F000C90BF1EE10FAA7DCBDEC067B01B0BDE89A
:10A70000F08F00BF00BF00BFEF39FAFE422EE63FD8
:10A7100080000024C85D0024DFF834C1002000223E
:10A72000B0F5487F04BFD0B270470CEB4003D1B204
:10A730000130B3F960398B42C8BF1A46F0E700BF59
:10A74000DFF8B0C100200022B0F5487F04BFD0B2CE
:10A7500070470CEB4003D1B20130B3F960398B4242
:10A76000C8BF1A46F0E700BFDFF8E4C0FF200021B1
:10A77000B1F5487F04BFC0B270470CEB4103C2B2D1
:10A780000131B3F960399342B8BF1846F0E700BF12
:10A79000DFF860C1FF200021B1F5487F04BFC0B2DF
:10A7A00070470CEB4103C2B20131B3F960399342F7
:10A7B000B8BF1846F0E700BF2DE9F043DFF890C0BE
:10A7C000DFF834E14D4A4FF4966300250CF516642A
:10A7D00014E09EF80060B2F900703E44B4F90070D5
:10A7E000BE4203DBB4F90470BE420BDBA3F21F369A
:10A7F00002340133B6F5966F08BF0580B3F5FA6FE2
:10A80000E7DB00E00380B0F9003040F2CA794FF096
:10A81000000805E04B4503F1010308BFA0F80080E4
:10A820005E1DB6F5FA6FA8BFBDE8F0839EF8005034
:10A83000B2F900702F440CEB4305B5F90A40A7426A
:10A84000E8DBB5F90E40A742E4DA0E80BDE8F083FC
:10A85000101800242DE9F043DFF898C0DFF898E0E5
:10A86000264A4FF4966300250CF5166415E09EF811
:10A870000060B2F900703E44B4F90070BE4203DBE0
:10A88000B4F90470BE420CDBA3F21F36023401336C
:10A89000B6F5966F04BF0D800580B3F5FA6FE6DB61
:10A8A00000E00380B0F9003040F2CA784FF00009B0
:10A8B00007E0434503F1010304BFA1F80090A0F8AD
:10A8C00000905E1DB6F5FA6FA8BFBDE8F0839EF854
:10A8D0000040B2F9007027440CEB4304B4F90A506D
:10A8E000AF42E6DBB4F90E40A742E2DA0E80BDE8E3
:10A8F000F08300BFF02D0024100000242A00002463
:10A900000349C2B2CA600A6812F0400FFBD0704718
:10A910001C10014080B5FAF793FEFEF717FBFEF717
:10A92000D9F9FDF737FFFDF7E3FEFDF78FFEFEF7E0
:10A93000C7F8FEF799F9FDF7AFFEFDF78FFDFEF7BB
:10A9400061F9FDF737FEFDF7E1FFFEF763F8FEF76B
:10A95000EDF8FEF721F9FDF7B3FCFEE7000000007B
:10A96000674A684B081A9FED0A0B9FED0B1B127884
:10A9700053F82220504302EE100AB8EE422B82EE2A
:10A98000000B80EE010BB7EEC00B704700BF00BF9D
:10A9900000000000000049400000000080842E41BB
:10A9A000574A584B081A9FED0A0B9FED0B1B127864
:10A9B00053F82220504302EE100AB8EE422B82EEEA
:10A9C000000B80EE010BB7EEC00B704700BF00BF5D
:10A9D00000000000000049400000000000408F40DF
:10A9E00080B5FFF7BDFF9FED021A81EE000A80BD22
:10A9F00000007A440000000041491B4A9FED080B0B
:10AA0000097852F82110484301EE100AB8EE411BB4
:10AA100081EE000BB7EEC00B704700BF00BF00BF58
:10AA2000000000000000494035490F4A9FED0A0B25
:10AA30009FED0B1B097852F82110484302EE100AD3
:10AA4000B8EE422B82EE000B80EE010BB7EEC00B8E
:10AA5000704700BF00BF00BF000000000000494079
:10AA60000000000000408F40A400002480B5FFF7E4
:10AA700097FF9FED021A81EE000A80BD00007A4424
:10AA80001F49204A9FED0A0B9FED0B1B097852F8D6
:10AA90002110484302EE100AB8EE422B82EE000B62
:10AAA00080EE010BB7EEC00B704700BF00BF00BFC8
:10AAB00000000000000049400000000080842E419A
:10AAC0000F49104A9FED0A0B9FED0B1B097852F8B6
:10AAD0002110484302EE100AB8EE422B82EE000B22
:10AAE00080EE010BB7EEC00B704700BF00BF00BF88
:10AAF00000000000000049400000000000408F40BE
:10AB000019000024FC000024022904D0012918BFE8
:10AB10007047244900E022490978234A80389FED94
:10AB20000A0B9FED0B1B32F81110484302EE100A7E
:10AB3000B8EEC22B82EE000B20EE010BB7EEC00B7D
:10AB4000704700BF00BF00BF0000000000408F4002
:10AB5000000000000000A03F022904D0012918BF16
:10AB60007047104900E00E4909780F4A9FED080B25
:10AB70009FED091B32F81110484302EE100AB8EE9F
:10AB8000C22B82EE000B20EE010BB7EEC00B70471C
:10AB90000000000000408F40000000000000A03FC7
:10ABA000510100245001002452010024F8B52DED7C
:10ABB000028B1548154E164F002500F108041CE0C5
:10ABC00094ED001B14ED020B21EE018B00EE008BC7
:10ABD000B0EE480B01F018FAB4EE400BF1EE10FAAB
:10ABE00003D0B0EE480B01F00FFABDEEC00B1034ED
:10ABF00010EE100A47F82500013530688542DFDB8A
:10AC0000BDEC028B01B0F0BDC85D002480000024C3
:10AC10000C08002470B52DED048BDFF8DC6A0020F1
:10AC2000A6F81300F07B03286CD8DFE800F00220C0
:10AC300045CADFF87C0BDFF8C44AA047DFF8740B85
:10AC4000A047DFF8740BA047DFF8700BA047DFF8D0
:10AC5000700BA047DFF86C0BA047DFF86C0BA04728
:10AC6000DFF8680BA0470FF66830A0474AE0DFF82E
:10AC70008C4A0FF68C20A0470FF69420A0470FF6C1
:10AC8000A020A0470FF6A820A0470FF6B420A047A9
:10AC90000FF6BC20A0470FF6C820A0470FF6D02023
:10ACA000A0470FF6DC20A047307C002814BFDFF857
:10ACB000F80ADFF8F80A23E0DFF8404A0FF64020F0
:10ACC000A0470FF64C20A0470FF65420A0470FF6E0
:10ACD0006020A0470FF66820A0470FF67420A04719
:10ACE0000FF67C20A0470FF68820A0470FF6902093
:10ACF000A047707C002814BFDFF8A40ADFF8A40A7C
:10AD000000F096FFDFF8D80ADFF8F059A847DFF81F
:10AD1000D40AA847DFF8D00AA847DFF8D00AA84726
:10AD2000DFF8CC0AA847DFF8CC0AA847F07800285B
:10AD300014BFDFF8C40ADFF8C40A00F079FF307BE3
:10AD4000022805D0012806D048B9DFF8BC0A04E083
:10AD5000DFF8AC0A01E0DFF8AC0A00F069FF3079F7
:10AD600000280CBFDFF8A80ADFF8A00A00F060FF97
:10AD7000707D002814BFDFF89C0ADFF89C0A00F001
:10AD800057FFDFF8980A00F053FFF07A06286DD8D5
:10AD9000DFE800F00442454D58606800DFF8AC0A77
:10ADA000A847DFF8AC0AA847DFF8A80AA847DFF8E9
:10ADB000A80AA847DFF8A40AA847DFF8A40AA8470A
:10ADC00054E0DFF838490FF63810A0470FF640106E
:10ADD000A0470FF64C10A0470FF65410A0470FF6EF
:10ADE0006010A0470FF66810A0470FF67410A04738
:10ADF0000FF67C10A0470FF68810A047317C707CBE
:10AE0000002900F06480002800F0698401287FF4A4
:10AE100079AFDFF87C0973E7DFF82C0A24E0F078DB
:10AE2000002814BFDFF8180ADFF8180A1CE0307B8E
:10AE3000022800F05784012800F05784B0B9DFF8E9
:10AE4000FC0911E0307900280CBFDFF8E409DFF8D5
:10AE5000DC0909E0707D00280CBFDFF8CC09DFF8C1
:10AE6000C40901E0DFF8B80900F0E2FEDFF8F409F8
:10AE700000F0DEFEDFF8F00900F0DAFE307918B1FC
:10AE8000DFF8E80900F0D4FEDFF8E409A847DFF8AE
:10AE9000E409A847DFF8E009A847DFF8E009A84778
:10AEA000DFF8DC09A847DFF8DC09A847707901382A
:10AEB0000F284FD8DFE800F008141D202326292C86
:10AEC0002F323B3E4144474ADFF8000A40E0002869
:10AED00000F00E8401287FF415AFDFF8BC080FE7FF
:10AEE000DFF8E00900F0A4FE307998B3DFF8D80964
:10AEF0002EE0DFF8CC092BE0DFF8C00928E0DFF80E
:10AF0000B80925E0DFF8AC0922E0DFF8A4091FE06A
:10AF1000DFF898091CE0DFF8900919E0DFF88009F4
:10AF200000F086FE3079A8B1DFF8780910E0DFF88C
:10AF30006C090DE0DFF860090AE0DFF8580907E066
:10AF4000DFF84C0904E0DFF8440901E0DFF83809D4
:10AF500000F06EFEB6F92400FFF7B2FD9FEDB69A41
:10AF6000B08CB4EEC90A00B2F1EE10FA08DDFFF7BA
:10AF700087FDDFF86409B7EEC00A53EC102B14E02C
:10AF8000FFF79EFDB6F92400B0EE408AFFF798FD6A
:10AF9000B5EEC08AB7EEC00AF1EE10FA53EC102BF2
:10AFA000B4BFDFF83009DFF8280900F041FE307A3D
:10AFB000A24C30B3308D0221803080B2FFF7A4FD67
:10AFC000308D0221B0EE408A803080B2FFF79CFDC8
:10AFD000B5EEC08AB7EEC00AF1EE10FA53EC102BB2
:10AFE000ACBFDFF8F808DFF8F80800F021FEF079D0
:10AFF00078B3DFF8F00800F01BFE20464FF4006144
:10B0000025E0F08C0121803080B2FFF77DFDF08CCF
:10B010000121B0EE408A803080B2FFF775FDB5EEB9
:10B02000C08AB7EEC00AF1EE10FA53EC102BACBF99
:10B03000DFF8A808DFF8A80800F0FAFDB07980B1C1
:10B04000DFF8A00800F0F4FD20464FF480610022F4
:10B050000FE0DFF8940800F0EBFD20464FF40061AC
:10B0600006E0DFF8840800F0E3FD20464FF480613D
:10B070000122FAF7D0FA708B317A8030002980B241
:10B0800007D00221FFF740FD708BB0EE408A02210D
:10B0900006E00121FFF738FD708BB0EE408A0121F8
:10B0A000803080B2FFF730FDB5EEC08AB7EEC00A3F
:10B0B000F1EE10FA53EC102BACBFDFF83008DFF8DC
:10B0C000300800F0B5FD707A112800F2C380DFE887
:10B0D00000F009141F2A35404A545E68727C858E40
:10B0E00097A0A9B7DFF8940800F0A2FD30790028F6
:10B0F00000F0B080DFF88808AAE0DFF8780800F0F8
:10B1000097FD3079002800F0A580DFF86C089FE0FB
:10B11000DFF8580800F08CFD3079002800F09A80A4
:10B12000DFF84C0894E0DFF83C0800F081FD30794E
:10B13000002800F08F80DFF8300889E0DFF81C0875
:10B1400000F076FD3079002800F08480DFF81008E8
:10B150007EE0DFF8000800F06BFD3079002879D040
:10B16000DFF8F40774E0DFF8E40700F061FD307900
:10B1700000286FD0DFF8D8076AE0DFF8C80700F0D2
:10B1800057FD3079002865D0DFF8BC0760E0DFF8B4
:10B19000AC0700F04DFD307900285BD0DFF8A00748
:10B1A00056E0DFF8900700F043FD3079002851D0D9
:10B1B000DFF884074CE0DFF8740700F039FD3079E0
:10B1C000002847D0DFF8680742E0DFF8580700F0B2
:10B1D0002FFD3079F0B3DFF8500739E0DFF83C0796
:10B1E00000F026FD3079A8B3DFF8340730E0DFF84F
:10B1F000240700F01DFD307960B3DFF81C0727E05D
:10B20000DFF8080700F014FD307918B3DFF8000705
:10B210001EE0DFF8F00600F00BFD3079D0B1DFF86A
:10B22000E80615E0DFF8D40600F002FD307988B1B9
:10B23000DFF8CC060CE000BF00007A44000802589A
:10B24000DFF8B00600F0F4FC307918B1DFF8A8069A
:10B2500000F0EEFCB07B01284AD1DFF88C07A8474C
:10B26000DFF88807A847DFF88807A847DFF88407D2
:10B27000A847DFF88407A847DFF88007A847DFF86A
:10B280008007A847DFF87C07A847DFF87C07A847B6
:10B29000DFF87807A847DFF87807A847DFF87407D2
:10B2A000A847DFF87407A847DFF87007A847DFF85A
:10B2B0007007A847DFF86C07A847DFF86C07A847B6
:10B2C000DFF86807A847DFF86807A847DFF86407D2
:10B2D000A847DFF86407A847DFF86007A847DFF84A
:10B2E0006007A847DFF85C07A847DFF85C0749E07C
:10B2F000DFF89006A847DFF89006A847DFF88C062D
:10B30000A847DFF88C06A847DFF88806A847DFF8CB
:10B310008806A847DFF88406A847DFF88406A84710
:10B32000DFF88006A847DFF88006A847DFF87C062C
:10B33000A847DFF87C06A847DFF87806A847DFF8BB
:10B340007806A847DFF87406A847DFF87406A84710
:10B35000DFF87006A847DFF87006A847DFF86C062C
:10B36000A847DFF86C06A847DFF86806A847DFF8AB
:10B370006806A847DFF86406A847DFF86406A84710
:10B38000DFF86006A847DFF8C406A847DFF8C00664
:10B39000A847DFF8C006A847DFF8BC06A847DFF8D3
:10B3A000BC06A847DFF8B806A847308C0121FEF795
:10B3B00097FC308C0121B0EE408AFEF791FCB5EE8F
:10B3C000C08AB7EEC00AF1EE10FA53EC102BACBFF6
:10B3D000DFF89006DFF8900600F02AFC708C02215E
:10B3E000FEF77EFC708C0221B0EE408AFEF778FCFE
:10B3F000B5EEC08AB7EEC00AF1EE10FA53EC102B8E
:10B40000ACBFDFF86806DFF8680600F011FC3079A1
:10B4100008B3DFF86006A847DFF85C06A847DFF846
:10B420005C06A847DFF85806A847308C0121FEF7D4
:10B4300067FCDFF83006B7EEC00A53EC102BA847C4
:10B44000708C0221FEF75CFCDFF82006B7EEC00A24
:10B4500053EC102BA847B6F91C00FFF731FBB08B5B
:10B46000B4EEC90AF1EE10FA00B204DDFFF708FBF2
:10B47000DFF8140603E0FFF723FBDFF80806B7EE5A
:10B48000C00A53EC102B00F0D3FBB6F91E00FFF7F7
:10B4900017FBF08BB4EEC90AF1EE10FA00B204DD2E
:10B4A000FFF7EEFADFF8E80503E0FFF709FBDFF846
:10B4B000DC05B7EEC00A53EC102B00F0B9FB307975
:10B4C00098B3B6F91C00FFF797FAB08BB4EEC90A2F
:10B4D000F1EE10FA00B204DAFFF78EFADFF8B805E1
:10B4E00003E0FFF7A1FADFF8AC05B7EEC00A53ECB2
:10B4F000102B00F09DFBB6F91E00FFF77DFAF08BD4
:10B50000B4EEC90AF1EE10FA00B204DAFFF774FAE9
:10B51000DFF88C0503E0FFF787FADFF88005B7EE68
:10B52000C00A53EC102B00F083FB06F12E0406F149
:10B53000300520462946FFF73FF9B6F92E00B6F947
:10B540003010FFF72DFA318EF08DB4EEC90AF1EE0E
:10B5500010FA00B209B204DAFFF722FADFF8480560
:10B5600003E0FFF7FDF9DFF83C05B7EEC00A53EC46
:10B57000102B00F05DFBB6F92E00B6F93010FFF786
:10B5800075FA318EF08DB4EEC90AF1EE10FA00B200
:10B5900009B204DAFFF76AFADFF8140503E0FFF7EF
:10B5A0001FFADFF80805B7EEC00A53EC102B00F0C5
:10B5B0003FFB20462946FFF74DF9B6F92E00B6F9B4
:10B5C0003010FFF7EDF9318EF08DB4EEC90AF1EECF
:10B5D00010FA00B209B204DAFFF7E2F9DFF8D80492
:10B5E00003E0FFF7BDF9DFF8CC04B7EEC00A53EC77
:10B5F000102B00F01DFBB6F92E00B6F93010FFF746
:10B6000035FA318EF08DB4EEC90AF1EE10FA00B2BF
:10B6100009B204DAFFF72AFADFF8A40403E0FFF71F
:10B62000DFF9DFF89804B7EEC00A53EC102B00F0F6
:10B63000FFFAFFF771F8DFF88C440121A04786ED8F
:10B64000100AFFF791F80121A04786ED110AFFF7D4
:10B6500077F80221A04786ED120AFFF799F8022138
:10B66000A04786ED130ADFF8600496ED101A96EDF8
:10B67000112A96ED143A016831EE421A33EE011A9E
:10B6800086ED141A96ED122A96ED153A0131142919
:10B69000016032EE400A33EE000A86ED150A1BD136
:10B6A0000024B3EE048A0460DFF8200481EE080A67
:10B6B000B7EEC00A53EC102B00F0BAFA96ED150A5B
:10B6C000DFF80C0480EE080AB7EEC00A53EC102B2A
:10B6D00000F0AEFAC6E91444BDEC048B70BD2D48F1
:10B6E000FFF70EBB5348FFF7BFBB5348FFF7BCBB88
:10B6F0002A48FFF705BB00BF1000002431BC00083A
:10B70000766973207431362C31FFFFFF0000000092
:10B71000766973207431372C31FFFFFF0000000081
:10B72000766973207431382C31FFFFFF0000000070
:10B73000766973207431392C31FFFFFF000000005F
:10B74000766973207432302C31FFFFFF0000000057
:10B75000766973207432312C31FFFFFF0000000046
:10B76000766973207432322C31FFFFFF0000000035
:10B77000766973207432332C31FFFFFF0000000024
:10B78000766973207432342C31FFFFFF0000000013
:10B79000F4D00008AFD000080BD10008C6D00008D4
:10B7A000DDD0000898D0000860DA000878DA0008D8
:10B7B000E9DB00082ADC00086BDC00089FDC0008DD
:10B7C000BEDA0008F2DA000826DB00085ADB0008BF
:10B7D000766973207432342C30FFFFFF00000000C4
:10B7E0006FDD0008A3DD0008D7DD000866DE000875
:10B7F00018DE00089CD80008A0D20008BCD10008C0
:10B8000042D100086CD1000896D10008C1D60008CA
:10B810000EDA0008E9D6000836DA000890DA0008E7
:10B82000A6DA0008FDD600084ADA0008D4D60008D7
:10B8300021DA000856D1000880D10008A8D10008FC
:10B84000B1D20008CDD10008B2D800089BDB0008B7
:10B85000CFDB000810DC0008C6DC0008E5DA0008D1
:10B860005EDC00080FD900085AD8000818D8000874
:10B87000D6D7000887D9000845D9000813D7000893
:10B88000CAD80008C9D90008F6D90008F7D80008B6
:10B8900040D7000870D90008B2D9000801D80008C4
:10B8A00085D8000843D8000832D90008DFD900083D
:10B8B000E0D8000829D700085AD900089CD9000808
:10B8C000EBD700086FD800082DD8000820D9000851
:10B8D000BDD4000896D400089BD300088DD2000880
:10B8E0003FD2000822D1000832D1000851D200080E
:10B8F000E0D10008D6D2000806D50008C4D200085E
:10B9000019D500080AD30008E3D40008F9D20008CA
:10B910002AD50008E8D20008F4D400083BD3000878
:10B92000D1D400082BD30008BED500081BD30008D3
:10B9300085D50008E5D3000874D50008D3D30008E6
:10B9400098D50008C1D30008ACD5000819D4000868
:10B950004FD5000808D40008D2D50008F7D3000856
:10B9600061D500084AD400083CD500083AD4000844
:10B970005DD600082AD400084AD60008AFD30008D4
:10B9800039D60008F1DD000825DE00084CDE00088D
:10B99000D3DC0008EDDC000814DD00083BDD000806
:10B9A00062DD000896DD0008CADD0008FEDD000843
:10B9B00032DE000859DE0008E0DC0008FADC00088E
:10B9C00021DD000848DD000851DC000892DC000899
:10B9D00019DB00084DDB000881DB0008A8DB00084C
:10B9E000DCDB00081DDC000837DC000878DC000820
:10B9F000ACDC0008CBDA0008FFDA000833DB000813
:10BA000067DB00088EDB0008C2DB000803DC0008EF
:10BA100044DC000885DC0008B9DC0008D8DA00083E
:10BA20000CDB000840DB000874DB00080BDE0008BC
:10BA30003FDE000807DD00082EDD000855DD0008A8
:10BA40007CDD0008B0DD0008E4DD000858D7000800
:10BA500097D7000882D70008C1D7000889DD000801
:10BA6000BDDD000865D20008F3D1000879D20008D6
:10BA700006D20008B5DB0008F6DB00086DD7000829
:10BA8000ACD700085AD400084BD300086ED4000885
:10BA90005FD30008E5D5000871D60008FAD5000884
:10BAA00085D6000873D3000882D40008ADD60008FC
:10BAB00024D6000887D30008A9D4000899D6000826
:10BAC0000FD6000809AB0008B85D002419D20008A1
:10BAD0002CD20008000000009FED0F0B9FED101B03
:10BAE0009FED112B03EE100A9FED114B9FED125BA2
:10BAF0002D4800210822B8EEC33B03EE001B21EEC7
:10BB0000020B80EE040B20EE050BBCEEC00B10EE1A
:10BB1000103AF6F79DB900BFFCA9F1D24D62703F13
:10BB2000666666666666F63FD245175D7451534099
:10BB300000000000008046400000000000004D4072
:10BB40009FED0F0B9FED101B9FED112B03EE100AC5
:10BB50009FED114B9FED125B134810210822B8EEA8
:10BB6000C33B03EE001B21EE020B80EE040B20EE24
:10BB7000050BBCEEC00B10EE103AF6F769B900BF2A
:10BB8000FCA9F1D24D62703F666666666666F63F56
:10BB9000D245175D745153400000000000804640BC
:10BBA0000000000000004D40A8440024F8B52DED31
:10BBB000028B1E4C2768380101F06EF9002508261B
:10BBC00060602CE094ED020B01EE107A02EE105A48
:10BBD000B8EEC11BB8EEC28B30EE000B80EE010B4D
:10BBE00020EE080B00F04CF86068304400ED020BCA
:10BBF00094ED021B94ED000AB8EEC00B31EE011B70
:10BC000081EE000B20EE080B00F0A6F96068B1EEA3
:10BC1000400B01353044103680ED000B2768BD42E3
:10BC2000D0DBBDEC028B01B0F0BD00BF8000002472
:10BC30000FB4054B10B503A9044A029800F088FD23
:10BC400010BC5DF814FB000001A9000800000024EE
:10BC500003B401984100009850EAC12018BF0420A5
:10BC60004A0D18BF40F0010040F2FF72B2EB515F85
:10BC700008BF40F00200012808BF052002B070474D
:10BC800010B529499FED261B2DED020B84B00598B8
:10BC900020F000408842D8BF9DED040B2DDD2349E4
:10BCA000884209D1049840B94FF0010000F088FCA7
:10BCB00000F05EFC06B010BD05DB9DED040B30EE20
:10BCC000000B06B010BD68469DED040B00F0D0F9E6
:10BCD00010F0030004BF9DED021B9DED000B0CD086
:10BCE00001280ED09DED021B9DED000B022810D007
:10BCF000012000F0DDFB06B010BD00F03DFB06B0FA
:10BD000010BD9DED021B9DED000B012000F0D0FB4E
:10BD100001E000F031FBB1EE400B06B010BD0000B9
:10BD20000000000000000000FB21E93F0000F07F60
:10BD300070B5DFF8DCC100222DED020B2DED108B6C
:10BD4000DDE91010604505DA20F00043634501D8B5
:10BD500009D141B19DED100BBDEC108B02B0BDE8D7
:10BD6000704000F001BCB0F5801F24DA19430BD0FD
:10BD7000002814DA012000F023FCBDEC108B02B087
:10BD8000BDE8704000F0F4BB022000F019FC00F0A8
:10BD9000DFFBB1EE400BBDEC108B02B070BD9DED32
:10BDA000100B6FF035029FED5C1B20EE010B10EEC7
:10BDB000900A8DED100B02EB2051A1F2FF32584991
:10BDC000C0F31300014401F4801181F07F6383F01C
:10BDD0004053034311939DED100B02EB2154B7EE3A
:10BDE000001B30EE418B811CC1F313019FED4EBB54
:10BDF0009FED4FCB032931D24F48784490ED000B93
:10BE0000B4EE408BF1EE10FA0ED1002C02BFBDEC67
:10BE1000108B02B070BD00EE104AB8EEC01B21EED0
:10BE20000B0B01EE0C0BB6E728EE081B9FED442B25
:10BE3000B6EE000B08EE420B21EE000B002C08BF03
:10BE400038EE400BA7D001EE104AB8EEC11B01EE50
:10BE50004C0B30EE480B11EE0B0B9CE7B0EE000BD9
:10BE600038EE000B88EE009B00EE104AB8EEC0AB37
:10BE700029EE09DB344945182DEE0DEBC0F15106D2
:10BE800006F5D726B0EE4E0B30480321784400F07B
:10BE9000D5FA20EE0EFBB0EE4E0B2D48042178446F
:10BEA00000F0CCFA20EE0D0B45EA060030EE0F1B39
:10BEB00000281ADDB6EE000B28EE000B20EE080B72
:10BEC000002C30EE011B04BF09EE410B38EE400B95
:10BED0003FF461AF21EE091B0AEE0C1B30EE410B63
:10BEE00030EE480B1AEE0B0B55E754B138EE410B10
:10BEF00020EE090B0AEE4C0B30EE480B1AEE0B0B42
:10BF000049E738EE411BB0EE480B09EE410B42E722
:10BF10000000F07F0000000000000000000050431F
:10BF2000645F0900000000000000E0FE422EE63FD2
:10BF3000763C7935EF39EA3D7A11000000000000C7
:10BF4000555555555555D53F86EBF9FF80100000E6
:10BF5000861000000000000010B529499FED261B47
:10BF60002DED020B84B0059820F000408842DCBF24
:10BF700000209DED040B2EDD2249884209D1049852
:10BF800040B94FF0010000F01BFB00F0F1FA06B0E1
:10BF900010BD05DB9DED040B30EE000B06B010BDAF
:10BFA00068469DED040B00F063F810F003000DD01F
:10BFB000012814D09DED021B9DED000B022816D028
:10BFC00000F0DAF9B1EE400B06B010BD9DED021B9A
:10BFD0009DED000B012000F06BFA06B010BD9DED49
:10BFE000021B9DED000B00F0C7F906B010BD01204B
:10BFF00000F05EFAE6E7000000000000000000002C
:10C00000FB21E93F0000F07F00B52DED028B83B0EE
:10C01000B1EEC08B18EE100A18EE901A8DED008B61
:10C02000002818BF0120084320F00040C0F17F60C5
:10C0300000F1E040C00F14D010EE101A10EE900A7C
:10C040008DED000B002918BF0121084320F00040AE
:10C05000C0F17F6000F1E040C00F04BF012000F09C
:10C06000AFFAB0EE480B03B0BDEC028B00BD000090
:10C070002DE9F14F04462DED020B2DED048B94B00C
:10C080009FED9D0B80ED020B199E9D4826F000450B
:10C0900085420ADC9DED180B002084ED000B14B0E6
:10C0A000BDEC048B03B0BDE8F08F96489FED969BE6
:10C0B0009FED978BA84225DD97489FED991B9FED3B
:10C0C0009A2B9DED180B002E0DDD30EE490B8542AD
:10C0D00012BF30EE480B30EE410B30EE420B84EDD8
:10C0E000000B0120DBE730EE090B854212BF30EE7A
:10C0F000080B30EE010B30EE020B84ED000B4FF01D
:10C10000FF30CCE78A48A84253DB9DED180B51EC79
:10C11000100B00F0B4FE41EC100BB0EE401B9FED95
:10C12000862BB6EE000B01EE020BFDEEC00B10EEFF
:10C13000903A00EE903AB8EEE02BB0EE410B02EEF2
:10C14000490B22EE081BDFF8F8C1290D0120FC4441
:10C1500030EE411B84ED001B03281DD011EE902A08
:10C1600000EB4015113DC2F30A528A1A954213DAC8
:10C17000B0EE403B0CEB001292ED000B20EE021BE8
:10C1800033EE410B33EE403B33EE411B92ED023B6D
:10C1900012EE031B401CDBE7002EA8BF1846BFF6BB
:10C1A0007EAF94ED000BB1EE400B84ED000B5842D6
:10C1B00075E7C6F3130040F4801EC6F30A50A0F2E0
:10C1C000F530471100F01F05C5F12000DDF860B023
:10C1D000139000200890099005200DF1080C594992
:10C1E000002D07EB0002794408BF51F8221009D056
:10C1F00051F8223001EB8201AB404A68139922FAD0
:10C2000001F11943A1FB0E26A1FB0B131A449A421C
:10C2100034BF0123002303EB06080CEB8003D3E9B2
:10C2200001A60E448E4234BF0121002192448A446B
:10C2300011B1924502D903E0924501D2012100E0FB
:10C240000021C3E901A641444CF82010011EA0F1D1
:10C250000100C4DC04989DED050A00F10050810F37
:10C260000498DDED060A80009DED072A01EE100A14
:10C27000B8EEC13BB8EE401B9FED334B21EE041BE3
:10C28000B8EE600B9FED324B20EE040BB8EE422B64
:10C290009FED314B22EE042B30EE024B34EE014B7E
:10C2A00034EE034B8DED004B002000909DED004BD4
:10C2B00034EE433B33EE411B31EE400B32EE401B7C
:10C2C0009DED000B9FED262B20EE020B9FED262B04
:10C2D00001EE020B9DED001B9FED252B01EE020BE5
:10C2E000199810F0004F1CBF4942B1EE400B84ED8D
:10C2F000000B0846D3E6000000000000000000002C
:10C30000FB21E93F7CD9024000004054FB21F93F6A
:10C310003163621A61B4D03DFB21F93F0000000097
:10C320000000601A61B4D03D7370032E8A19A33BDC
:10C33000FB2139410000000083C8C96D305FE43F34
:10C340002E0E0000C60D0000000000000000103E90
:10C35000000000000000103C000000000000103A47
:10C360003326A611460B113C182D4454FB21F93DF0
:10C3700000000054FB21F93D10B52DED040B2DED0F
:10C38000048B82B0B0EE419B079820F00044B4F1DA
:10C39000795F0FDA9DED060BBDEEC00B10EE100AB3
:10C3A000002801BFB7EE000B02B0BDEC048B04B057
:10C3B00008BF10BD9DED060B20EE008BB0EE480BC4
:10C3C0001B480621784400F039F820EE080B28EECF
:10C3D000000B9DED061B01EE490BB6EE001B28EE8F
:10C3E000011B1448B7EE002B8442BCBF31EE400B5A
:10C3F00032EE400B16DB1048A042BCBFB5EE023B4C
:10C400008DED003B06DBA4F50010019000200090AC
:10C410009DED003B31EE431B32EE432B31EE400BE2
:10C4200032EE400B02B0BDEC048B04B010BD000036
:10C43000800B00003333D33F0000E93FB0EE401BD8
:10C44000491E00EBC10292ED000B31F006020DD047
:10C45000491E00EBC10292ED002BB0EE403BB0EE66
:10C46000420B03EE010B31F00602F1D1022914D088
:10C4700004290AD0062918BF704790ED0A2B00EE58
:10C48000012B90ED080B02EE010B90ED062B00EE58
:10C49000012B90ED040B02EE010B90ED022B00EE50
:10C4A000012B90ED000B02EE010B70470000000025
:10C4B00031B504462DED040B2DED068BB0EE419BFE
:10C4C00007989DED060B20F00040B0F1795F0DDA82
:10C4D00051EC100BFFF7BCFB042808BF00F054F828
:10C4E0009DED060BBDEC068B05B030BD20EE008B3C
:10C4F00028EE00ABB0EE480B114805217844FFF759
:10C500009DFF9FED111B8CB1B6EE002B29EE022B87
:10C510000AEE402B18EE029B0AEE419B9DED060BA6
:10C5200030EE490BBDEC068B05B030BD08EE001BAC
:10C530009DED060B0AEE010BBDEC068B05B030BD80
:10C54000480B000000000000495555555555C5BF22
:10C550009FED031BB7EE002B82EE010B704700002E
:10C56000000000000000000030EE000B70470000EB
:10C570009FED031B81EE010B7047000000000000DF
:10C5800000000000000000009FED030B20EE000BF8
:10C5900070470000000000000000000000000010D4
:10C5A00002E008C8121F08C1002AFAD1704770477C
:10C5B000002001E001C1121F002AFBD170470000DA
:10C5C00001490860704700000C0000242DE9FF5F5E
:10C5D00082B00021DDE90430020DDDF840B00343F4
:10C5E00018D044F61050A2F2FF32424315141198AD
:10C5F00001281FD0A5EB0B00401C5FEA000A4FF09A
:10C6000000064E4FDFF83891B046504615D5CAF1B6
:10C61000000413E0119801244AA3012801D16FEA14
:10C620000B010298119AC0E90031C0E9024206B03C
:10C63000BDE8F09FCBF10000DFE704460021404A4F
:10C64000491842EB0450CDE9001012E0E00707D092
:10C6500032463B4640464946F3F759FF80468946F5
:10C6600032463B4610461946F3F751FF06460F4641
:10C670006410002CEAD1DDE90401DDE90023BAF100
:10C68000000F06DAF3F743FF42464B46F3F73FFF4E
:10C6900005E0F3F7AEFF42464B46F3F7AAFF044628
:10C6A0000E460022284BF4F72BF803D84FF0FF304A
:10C6B000014607E00022254B20463146F3F780FE75
:10C6C000F4F706F8102409E0002C0ADB0A22002304
:10C6D000F3F7FEFD039B30321A55641E50EA010247
:10C6E000F2D1641C039AC4F111031444119A012A73
:10C6F00003D0012208430DD10AE0084304D00020F2
:10C700004FF0110B119072E7A3EB0B056D1E0DE0BE
:10C710005B4504DD4FF0000205F1010504E003DA9A
:10C720004FF00002A5F10105002AECD00298119902
:10C73000C0E90231C0E9004579E70000000014407B
:10C740000000F03F300000000000F0430000E03F38
:10C750002DE9FF4F95B09B468946064600250FE21E
:10C76000252877D100242746F84A0121059400E0C6
:10C77000044316F8013F203B01FA03F01042F7D1C1
:10C7800030782A2811D06FF02F033078A0F13002D2
:10C79000092A16D8059A44F0020402EB820203EB40
:10C7A00042021044761C0590EFE759F8042B0592DD
:10C7B000002A03DA504244F40054059044F0020485
:10C7C000761C30782E2816D116F8010F44F0040498
:10C7D0002A280DD06FF02F023078A0F13003092BFA
:10C7E00009D807EB870302EB4303C718761CF3E76E
:10C7F00059F8047B761C30786C280FD006DC4C2866
:10C8000017D068280DD06A2814D104E0742810D0FD
:10C810007A280FD10DE044F400140AE044F48014A7
:10C8200001E044F440147278824202D104F580148D
:10C83000761C761C307866280BD013DC582877D00D
:10C8400009DC002875D04528F6D04628F4D04728C2
:10C850001AD19DE118E0632835D0642879D0652885
:10C8600012D195E1702873D008DC6728F1D06928CF
:10C870006FD06E280DD06F2806D1B5E073282CD06C
:10C88000752875D0782874D05A46179990476D1C32
:10C8900075E1C4F30250022809D003280DD0D9F85D
:10C8A000001004280DD00D6009F1040967E1D9F8E2
:10C8B0000010EA17C1E90052F6E7D9F800100D8020
:10C8C000F2E70D70F0E719F8041B8DF80010002056
:10C8D0008DF80100EA46012003E059F804AB4FF05F
:10C8E000FF3061074FF0000102D40DE008F10101B3
:10C8F0008846B9420FDA8045F8DB1AF8081000299B
:10C90000F4D108E008F1010188468142FADB1AF807
:10C9100008100029F6D105985B46A0EB08072146D0
:10C920003846179A00F094FA284400EB080507E00F
:10C930004DE029E10DE01AF8010B5A46179990478E
:10C94000B8F10108F7D25B4621463846179A13E141
:10C9500042E00A220092C4F302524FF0000A022A77
:10C9600008D059F804CB032A4FEAEC710AD00DE045
:10C9700029E02AE009F1070121F00702F2E802C1EB
:10C98000914609E00FFA8CFC4FEAEC71042A03D1BE
:10C990004FFA8CFC4FEAEC71002907DA0A460021B5
:10C9A000DCF1000C61EB02012D2202E0220504D52E
:10C9B0002B228DF80420012203E0E20701D020227F
:10C9C000F7E7904659E00A2102E010220DE010211D
:10C9D0004FF0000A00910BE010224FF0000A44F0E3
:10C9E00004040827009203E008224FF0000A009296
:10C9F000C4F30252022A05D059F804CB0021032ABD
:10CA000008D009E009F1070121F00702F2E802C1AC
:10CA1000914605E01FFA8CFC042A01D10CF0FF0CB2
:10CA20004FF00008220728D5702806D0009B83F01D
:10CA3000100353EA0A0305D00EE040228DF80420CB
:10CA4000012208E05CEA010206D030228DF80420C1
:10CA50008DF8050002229046009B83F0080353EAFC
:10CA60000A030AD15CEA010201D1620705D530222E
:10CA70008DF804204FF001087F1E582804D034A000
:10CA800003900EA802900DE036A0F9E753466046E9
:10CA9000009AF3F71DFC84460398825C0298401EBE
:10CAA000029002705CEA0100F0D1029806A9081A0F
:10CAB00000F1200A600702D524F4803400E0012749
:10CAC000574502DDA7EB0A0000E0002000EB0A0159
:10CAD000009005984144401A0590E00306D45B4657
:10CAE0002146179A059800F0B3F90544002706E09F
:10CAF00001A85A46C05D179990476D1C7F1C474599
:10CB0000F6DBE0030CD55B462146179A059800F04A
:10CB10009FF9054404E030205A46179990476D1C50
:10CB20000099481E00900029F5DC08E0029802995F
:10CB30005A460078491C0291179990476D1CBAF12A
:10CB40000001AAF1010AF1DC65E1000009280100F9
:10CB50003031323334353637383961626364656673
:10CB60000000000030313233343536373839414235
:10CB7000434445460000000000F058F90544761C87
:10CB8000307800287FF4ECAD19B02846BDE8F08F6E
:10CB9000620700D4062709F1070222F0070CFCE81F
:10CBA0000223E14603F000485FEA080C02D00FF2CE
:10CBB000702C0DE05FEA045C02D50FF2682C07E0F0
:10CBC0005FEAC47C02D00FF2602C01E0AFF2700C7F
:10CBD0004FF0FF3823F00043CDF850C065280CD04B
:10CBE00006DC452809D046281DD047283DD13DE028
:10CBF000662818D067287ED138E00021112F01DB8C
:10CC0000112000E0781CCDE9000106A90EA8FFF76D
:10CC1000DDFCDDE90F010E9A03910021009207F17E
:10CC2000010A04914DE04FF000400097CDE901105A
:10CC300006A90EA8FFF7CAFCDDE90F0203920E9BBE
:10CC400011990022DDF80CA00093049211B9791C0F
:10CC500000EB010AB7EB0A0004D4C0F1FF3007F182
:10CC6000010A0490AAEB0700019044E0012F00DACA
:10CC700001270021112F01DD112000E03846CDE908
:10CC8000000106A90EA8FFF7A1FCDDE90F010E9A2D
:10CC90000391002104910092BA4621070CD4039914
:10CCA000514500DA8A46BAF1010F05DD009AAAF172
:10CCB0000101515C302908D0B84202DA10F1040FAA
:10CCC00006DA0121CDE9011015E0AAF10101E9E739
:10CCD000002805DC049901440491AAEB000102E05C
:10CCE000411C514500DD8A460499401A401C0190C0
:10CCF0004FF000400290200704D40198504501DB1A
:10CD0000CDF8048000208DF84F0002980DF14F07F8
:10CD1000B0F1004F25D02B200E9002984FF0020862
:10CD200000280CDA404202902D200E9007E00A21E4
:10CD30000298F3F710FB3031029007F8011DB8F1AB
:10CD40000001A8F10108F2DC02980028EFD1791E59
:10CD50000E980870307800F0200040F0450007F889
:10CD6000020D12A8C01B00F107081498007800B14A
:10CD7000012000EB0A01019801EBE07105984144A4
:10CD8000401A401E0590E00306D45B462146179AE0
:10CD9000059800F05DF805441498007818B15A46DB
:10CDA000179990476D1CE00324D55B462146179ADE
:10CDB000059800F04DF805441CE00498002807DBB6
:10CDC000DDE90301884203DD0098405C179901E02A
:10CDD000179930205A469047049805F10105401CE8
:10CDE00004900198401E019004D12E205A461799B4
:10CDF00090476D1CBAF10001AAF1010ADDDC05E0E3
:10CE000017F8010B5A46179990476D1CB8F10001AD
:10CE1000A8F10108F4DC5B462146179A0598ABE6B9
:10CE20002D0000002B000000200000002DE9F04143
:10CE3000044600251E461746880404D405E03946FA
:10CE40002020B0476D1C641EF9D52846BDE8F0814E
:10CE50002DE9F041044600251E469046C80301D541
:10CE6000302700E02027880404D505E041463846F5
:10CE7000B0476D1C641EF9D52846BDE8F08182B02C
:10CE8000CDE9000121F0004001909DED000B02B0C2
:10CE900051EC100B70470000F0B50B30154D20F031
:10CEA00007010024144A0FE003688B420BD38B4226
:10CEB00005D95E1A43184768C3E9006700E0436874
:10CEC000136002C004E0021D10680028ECD1204667
:10CED000002802D1286808B10020F0BD064A0748A2
:10CEE0001060074A121A22F00702C0E9002401204C
:10CEF0002860D7E70800002404000024CC9D00240B
:10CF0000C89F00240149FDF7FBBC0000000000247D
:10CF100004FA97999999D93FAF788E1DC571CC3F86
:10CF20009FC678D0099AC33F935555555555E53F4F
:10CF3000599322942449D23FDE03CB966446C73FDF
:10CF400044523EDF12F1C23F4C5555555555A53F51
:10CF50007751C1166CC156BF9015CB19A001FA3E8E
:10CF6000AD529C804F7E92BEC4B1B4BD9EEE213EB8
:10CF7000D43888BEE9FAA8BD000000000000000017
:10CF800000004054FB21F93F3163621A61B4D03D87
:10CF90000000601A61B4D03D7370032E8A19A33B60
:10CFA0000000002E8A19A33BC14920259A837B39B2
:10CFB00000000000000000006E83F9A22915444E15
:10CFC000D15727FCC0DD34F5999562DB4190433C95
:10CFD000AB6351FE61C5BBDE3A6E24B7E0D24D4271
:10CFE000EA2E49061C92D1091CEB1DFE3EA729B171
:10CFF000F53582E88444BB2E26709CE9417E5FB4FF
:10D0000039D69139F43953838B5F849C3B28F9BD21
:10D01000FF97F81F0F9805DE8B112FEF1F6D0A5A2F
:10D02000CF7E366DB709CB27663F464F2DEA5F9E10
:10D03000C7BA27757BF1E5EBF739073DEA92528ACB
:10D04000B15FFB6B085D8D1FA6F810111111813FB8
:10D05000D561C119A0012ABF7DFEB157E31DC73EAE
:10D06000EB9C2B8AE6E55ABE7CD5CF5A3AD9E53DF2
:10D07000000000000102030401020304060708097E
:10D08000010002000400060008000A000C00100065
:10D0900020004000800000017432342E7478743D0A
:10D0A00022D1A1CDA8B5C0A3BA3122FFFFFF0074E1
:10D0B00032342E7478743D22D1A1D6D0A3BAD7DDF4
:10D0C0003122FFFFFF007432342E7478743D22D178
:10D0D000A1D6D0A3BABAE13122FFFFFF00743234E7
:10D0E0002E7478743D22D1A1CDA8B5C0A3BA322246
:10D0F000FFFFFF007432342E7478743D22D1A1D624
:10D10000D0A3BAD7DD3222FFFFFF007432342E7471
:10D1100078743D22D1A1D6D0A3BABAE13222FFFF62
:10D12000FF007431332E7478743D22414322FFFF97
:10D13000FF007431332E7478743D22444322FFFF84
:10D14000FF007434362E7478743D2253494E474C98
:10D150004522FFFFFF007434362E7478743D222D73
:10D160003E53494E474C4522FFFFFF007434362E94
:10D170007478743D224E524F4D414C22FFFFFF0008
:10D180007434362E7478743D222D3E4E524F4D41EC
:10D190004C22FFFFFF007434362E7478743D224118
:10D1A00055544F22FFFFFF007434362E7478743DBF
:10D1B000222D3E4155544F22FFFFFF007434352E7F
:10D1C0007478743D22592D5422FFFFFF00743435CA
:10D1D0002E7478743D222D3E592D5422FFFFFF00FE
:10D1E0007431312E7478743D22252E32665622FF1A
:10D1F000FFFF007433312E7478743D22252E326681
:10D200005622FFFFFF007433322E7478743D2225BE
:10D210002E32665622FFFFFF007434322E7478746B
:10D220003D22252E32665622FFFFFF007434332E36
:10D230007478743D22252E32665622FFFFFF00745B
:10D24000392E7478743D22252E32665622FFFFFF58
:10D25000007431312E7478743D222B252E3266569F
:10D2600022FFFFFF007433312E7478743D222B258A
:10D270002E32665622FFFFFF007433322E7478740C
:10D280003D222B252E32665622FFFFFF0074392ED9
:10D290007478743D222B252E32665622FFFFFF0044
:10D2A0007434352E7478743D22582D5922FFFFFFB7
:10D2B000007434352E7478743D222D3E582D592239
:10D2C000FFFFFF0074332E7478743D223130306DCF
:10D2D0007322FFFFFF0074332E7478743D223230C6
:10D2E000306D7322FFFFFF0074332E7478743D227B
:10D2F00031306D7322FFFFFF0074332E7478743D5C
:10D300002232306D7322FFFFFF0074332E74787465
:10D310003D2235306D7322FFFFFF0074332E747889
:10D32000743D22316D7322FFFFFF0074332E747839
:10D33000743D22326D7322FFFFFF0074332E747828
:10D34000743D22356D7322FFFFFF007433332E745A
:10D3500078743D22252E32666D7322FFFFFF007424
:10D3600033342E7478743D22252E32666D7322FF7D
:10D37000FFFF007433372E7478743D22252E3266F9
:10D380006D7322FFFFFF007433392E7478743D22D1
:10D39000252E32666D7322FFFFFF0074372E7478DE
:10D3A000743D222B252E32666D7322FFFFFF007421
:10D3B000332E7478743D223530306E7322FFFFFFB8
:10D3C0000074332E7478743D22313030757322FF2F
:10D3D000FFFF0074332E7478743D22323030757341
:10D3E00022FFFFFF0074332E7478743D22353030F5
:10D3F000757322FFFFFF0074332E7478743D223161
:10D4000030757322FFFFFF0074332E7478743D2251
:10D410003230757322FFFFFF0074332E7478743D31
:10D42000223530757322FFFFFF0074332E74787439
:10D430003D2231757322FFFFFF0074332E74787420
:10D440003D2232757322FFFFFF0074332E7478740F
:10D450003D2235757322FFFFFF007433332E74783D
:10D46000743D22252E3266757322FFFFFF00743350
:10D47000342E7478743D22252E3266757322FFFF98
:10D48000FF007433372E7478743D22252E32667572
:10D490007322FFFFFF0074372E7478743D22252E0F
:10D4A0003266757322FFFFFF007433392E7478746F
:10D4B0003D22252E3266757322FFFFFF0074372E42
:10D4C0007478743D222B252E3266757322FFFFFF80
:10D4D0000074332E7478743D22353030487A22FF40
:10D4E000FFFF0074332E7478743D223530487A2261
:10D4F000FFFFFF0074332E7478743D2232353048BC
:10D500007A22FFFFFF0074332E7478743D2231328B
:10D510002E35487A22FFFFFF0074332E7478743D55
:10D52000223235487A22FFFFFF0074332E7478745C
:10D530003D22313235487A22FFFFFF0074332E74CA
:10D5400078743D223530304B487A22FFFFFF00745B
:10D55000332E7478743D2235304B487A22FFFFFF1A
:10D560000074332E7478743D223235304B487A2261
:10D57000FFFFFF0074332E7478743D22354B487AD8
:10D5800022FFFFFF0074332E7478743D22322E3553
:10D590004B487A22FFFFFF0074332E7478743D22CB
:10D5A00031322E354B487A22FFFFFF0074332E7440
:10D5B00078743D2232354B487A22FFFFFF007433E6
:10D5C0002E7478743D22312E32354B487A22FFFF7B
:10D5D000FF0074332E7478743D223132354B487A13
:10D5E00022FFFFFF007433332E7478743D22252E02
:10D5F00030664B487A22FFFFFF007433342E747874
:10D60000743D22252E30664B487A22FFFFFF0074BE
:10D6100034302E7478743D22252E32664B487A229F
:10D62000FFFFFF007433382E7478743D22252E32AC
:10D63000664B487A22FFFFFF0074332E7478743DE6
:10D6400022354D487A22FFFFFF0074332E74787420
:10D650003D22322E354D487A22FFFFFF0074332ED3
:10D660007478743D22312E32354D487A22FFFFFF07
:10D67000007433332E7478743D22252E3066487A38
:10D6800022FFFFFF007433342E7478743D22252E60
:10D690003066487A22FFFFFF007434302E747874AD
:10D6A0003D22252E3266487A22FFFFFF0074333870
:10D6B0002E7478743D22252E3266487A22FFFFFFB1
:10D6C000007434392E7478743D22464654BFAA2221
:10D6D000FFFFFF007434392E7478743D222D3E46CE
:10D6E0004654BFAA22FFFFFF007435302E747874B1
:10D6F0003D22B2E2C6B5BFAA22FFFFFF007435305B
:10D700002E7478743D222D3EB2E2C6B5BFAA22FF28
:10D71000FFFF007431302E7478743D22B4A5B7A297
:10D72000E3D0D6B522FFFFFF007431302E74787439
:10D730003D222AB4A5B7A2E3D0D6B522FFFFFF0051
:10D740007431302E7478743D222D3EB4A5B7A2E317
:10D75000D0D6B522FFFFFF007432372E7478743DA7
:10D7600022B5E7D1B931A3BA22FFFFFF00743239E5
:10D770002E7478743D22C6B5C2CA31A3BA22FFFF07
:10D78000FF007432392E7478743D22CAB1BCE43182
:10D79000A3BA22FFFFFF007432382E7478743D2242
:10D7A000B5E7D1B932A3BA22FFFFFF007433302EA0
:10D7B0007478743D22C6B5C2CA32A3BA22FFFFFFF5
:10D7C000007433302E7478743D22CAB1BCE432A3A5
:10D7D000BA22FFFFFF0074342E7478743D22B4B96E
:10D7E000D6B1B5B5CEBB22FFFFFF0074342E7478DE
:10D7F000743D222AB4B9D6B1B5B5CEBB22FFFFFF26
:10D800000074342E7478743D222D3EB4B9D6B1B56F
:10D81000B5CEBB22FFFFFF0074322E7478743D2218
:10D82000C6B5C2CAB5B5CEBB22FFFFFF0074322E0B
:10D830007478743D222AC6B5C2CAB5B5CEBB22FFE4
:10D84000FFFF0074322E7478743D222D3EC6B5C29F
:10D85000CAB5B5CEBB22FFFFFF0074322E747874B8
:10D860003D22CAB1BCE4B5B5CEBB22FFFFFF0074B8
:10D87000322E7478743D222ACAB1BCE4B5B5CEBB51
:10D8800022FFFFFF0074322E7478743D222D3ECAB1
:10D89000B1BCE4B5B5CEBB22FFFFFF007434342E1B
:10D8A0007478743D22C1E3B5E3D0A3D7BC22FFFF57
:10D8B000FF007434342E7478743D222D3EC1E3B5DC
:10D8C000E3D0A3D7BC22FFFFFF007431322E74785F
:10D8D000743D22F1EEBACFB7BDCABD22FFFFFF00F3
:10D8E0007431322E7478743D222AF1EEBACFB7BD6E
:10D8F000CABD22FFFFFF007431322E7478743D22BE
:10D900002D3EF1EEBACFB7BDCABD22FFFFFF0074B6
:10D91000302E7478743D22CDA8B5C022FFFFFF00E1
:10D9200074302E7478743D222ACDA8B5C022FFFF32
:10D93000FF0074302E7478743D222D3ECDA8B5C002
:10D9400022FFFFFF0074382E7478743D22B4B9D6DC
:10D95000B1C6ABD2C622FFFFFF0074382E747874B4
:10D960003D222AB4B9D6B1C6ABD2C622FFFFFF0012
:10D9700074382E7478743D222D3EB4B9D6B1C6AB3E
:10D98000D2C622FFFFFF0074362E7478743D22CB7E
:10D99000AEC6BDC6ABD2C622FFFFFF0074362E74E2
:10D9A00078743D222ACBAEC6BDC6ABD2C622FFFFDD
:10D9B000FF0074362E7478743D222D3ECBAEC6BD6A
:10D9C000C6ABD2C622FFFFFF007431342E747874C8
:10D9D0003D22B4A5B7A2C0E0D0CD22FFFFFF007466
:10D9E00031342E7478743D222AB4A5B7A2C0E0D099
:10D9F000CD22FFFFFF007431342E7478743D222D48
:10DA00003EB4A5B7A2C0E0D0CD22FFFFFF00743422
:10DA1000392E7478743D22464654B9D822FFFFFF50
:10DA2000007434392E7478743D222D3E464654B924
:10DA3000D822FFFFFF007435302E7478743D22B277
:10DA4000E2C6B5B9D822FFFFFF007435302E7478D6
:10DA5000743D222D3EB2E2C6B5B9D822FFFFFF00C9
:10DA60007432342E7478743D22D1A1BAE1D7DDA38B
:10DA7000BAD7DD22FFFFFF007432342E7478743D74
:10DA800022D1A1BAE1D7DDA3BABAE122FFFFFF009C
:10DA90007435372E7478743D22C7D0BBBBB2CECA62
:10DAA000FD22FFFFFF007435372E7478743D222D60
:10DAB0003EC7D0BBBBB2CECAFD22FFFFFF007669D6
:10DAC00073207432302C30FFFFFF007669732074AE
:10DAD00033302C30FFFFFF00766973207434302C14
:10DAE00030FFFFFF00766973207435302C30FFFF64
:10DAF000FF00766973207432312C30FFFFFF00760F
:10DB00006973207433312C30FFFFFF007669732076
:10DB10007434312C30FFFFFF007669732074353187
:10DB20002C30FFFFFF00766973207432322C30FFF7
:10DB3000FFFF00766973207433322C30FFFFFF0043
:10DB4000766973207434322C30FFFFFF00766973DE
:10DB5000207435322C30FFFFFF0076697320743259
:10DB6000332C30FFFFFF00766973207433332C3081
:10DB7000FFFFFF00766973207434332C30FFFFFF02
:10DB800000766973207435332C30FFFFFF0076690F
:10DB900073207433342C30FFFFFF007669732074D8
:10DBA00034342C30FFFFFF00766973207435342C39
:10DBB00030FFFFFF00766973207432352C30FFFF91
:10DBC000FF00766973207433352C30FFFFFF007639
:10DBD0006973207434352C30FFFFFF0076697320A1
:10DBE0007435352C30FFFFFF0076697320743136B1
:10DBF0002C30FFFFFF00766973207432362C30FF23
:10DC0000FFFF00766973207433362C30FFFFFF006E
:10DC1000766973207434362C30FFFFFF0076697309
:10DC2000207435362C30FFFFFF0076697320743185
:10DC3000372C30FFFFFF00766973207432372C30A9
:10DC4000FFFFFF00766973207433372C30FFFFFF2E
:10DC500000766973207434372C30FFFFFF0076693B
:10DC600073207435372C30FFFFFF00766973207402
:10DC700031382C30FFFFFF00766973207432382C66
:10DC800030FFFFFF00766973207433382C30FFFFBC
:10DC9000FF00766973207434382C30FFFFFF007664
:10DCA0006973207431392C30FFFFFF0076697320CF
:10DCB0007432392C30FFFFFF0076697320743339DA
:10DCC0002C30FFFFFF00766973207434392C30FF4D
:10DCD000FFFF00766973207433302C31FFFFFF00A3
:10DCE000766973207434302C31FFFFFF007669733E
:10DCF000207433312C31FFFFFF00766973207434B8
:10DD0000312C31FFFFFF00766973207435312C31DF
:10DD1000FFFFFF00766973207433322C31FFFFFF61
:10DD200000766973207434322C31FFFFFF0076696E
:10DD300073207435322C31FFFFFF00766973207435
:10DD400033332C31FFFFFF00766973207434332C9A
:10DD500031FFFFFF00766973207435332C31FFFFEC
:10DD6000FF00766973207433342C31FFFFFF007697
:10DD70006973207434342C31FFFFFF0076697320FF
:10DD80007435342C31FFFFFF00766973207432350F
:10DD90002C31FFFFFF00766973207433352C31FF7F
:10DDA000FFFF00766973207434352C31FFFFFF00CC
:10DDB000766973207435352C31FFFFFF0076697367
:10DDC000207432362C31FFFFFF00766973207433E4
:10DDD000362C31FFFFFF00766973207434362C3106
:10DDE000FFFFFF00766973207435362C31FFFFFF8B
:10DDF00000766973207432372C31FFFFFF0076699B
:10DE000073207433372C31FFFFFF00766973207461
:10DE100034372C31FFFFFF00766973207435372CBF
:10DE200031FFFFFF00766973207432382C31FFFF19
:10DE3000FF00766973207433382C31FFFFFF0076C2
:10DE40006973207434382C31FFFFFF00766973202A
:10DE50007432392C31FFFFFF007669732074333937
:10DE60002C31FFFFFF00766973207434392C31FFA9
:10DE7000FFFF0074312E7478743D2243483122FF35
:10DE8000FFFF0074312E7478743D2243483222FF24
:10DE9000FFFF0074352E7478743D2231305622FF16
:10DEA000FFFF0074352E7478743D22315622FFFF37
:10DEB000FF0074352E7478743D22325622FFFFFF26
:10DEC0000074352E7478743D22355622FFFFFF0012
:10DED00074352E7478743D223130306D5622FFFF38
:10DEE000FF0074352E7478743D223230306D562226
:10DEF000FFFFFF0074352E7478743D223530306D8D
:10DF00005622FFFFFF0074352E7478743D223130A5
:10DF10006D5622FFFFFF0074352E7478743D223257
:10DF2000306D5622FFFFFF0074352E7478743D2249
:10DF300035306D5622FFFFFF0074332E7478743D28
:10DF400022313030487A22FFFFFF0074332E74787C
:10DF5000743D223235304D487A22FFFFFF00743382
:10DF60002E7478743D2235304B4D487A22FFFFFFE6
:10DF7000007431352E7478743D22434831CFC2226B
:10DF8000FFFFFF007431352E7478743D2243483210
:10DF9000CFC222FFFFFF007431352E7478743D220A
:10DFA000434831C9CF22FFFFFF007431352E74780A
:10DFB000743D22434832C9CF22FFFFFF00766973C8
:10DFC000207432342C30FFFFFF006D6F76652074B3
:10DFD00032322C25642C302C25642C302C302C3300
:10DFE00030FFFFFF006D6F7665207432332C25649F
:10DFF0002C302C25642C302C302C3330FFFFFF00CC
:10E000006D6F7665207431362C25642C302C256498
:10E010002C302C302C3330FFFFFF006D6F766520E5
:10E020007432362C25642C302C25642C302C302C6A
:10E030003330FFFFFF006D6F7665207431372C257C
:10E04000642C302C25642C302C302C3330FFFFFF17
:10E05000006D6F7665207432302C302C25642C30A6
:10E060002C25642C302C3330FFFFFF006D6F76655C
:10E07000207432312C302C25642C302C25642C302B
:10E080002C3330FFFFFF006D6F7665207432352C26
:10E09000302C25642C302C25642C302C3330FFFFA1
:10E0A000FF006D6F7665207431382C302C25642C80
:10E0B000302C25642C302C3330FFFFFF006D6F7641
:10E0C00065207431392C302C25642C302C25642C9F
:10E0D000302C3330FFFFFF00766973207432302C10
:10E0E00031FFFFFF00766973207435302C31FFFF5C
:10E0F000FF00766973207432312C31FFFFFF007608
:10E100006973207432322C31FFFFFF00766973206F
:10E110007432332C31FFFFFF007669732074323480
:10E120002C31FFFFFF00766973207431362C31FFEC
:10E13000FFFF00766973207431372C31FFFFFF0039
:10E14000766973207431382C31FFFFFF00766973D4
:10E15000207431392C31FFFFFF00636C6520312CB6
:10E16000323535FFFFFF006368616E67616EFFFF48
:10E17000FF006475616EFFFFFF000000A0E1000872
:10E1800000000024700100003208000860E200086E
:10E190007001002458A20000B0C500080000000073
:10E1A000011174800101430601A20133E8030955FE
:10E1B000C800900164002C014A6F1283C0CA210973
:10E1C000400192109890D0030090D0032CD01213ED
:10E1D0000020A1070090D0033748E8010050C33366
:10E1E000A86133D43033881333C40933E20433F4E1
:10E1F0000142FA427D4232421902100C420A33F4C3
:10E200000133E80333D00733881333102733204E0C
:10E210003350C32CA0860100400D030020A1072C21
:10E2200040420F0080841E00404B4C348096982C56
:10E230002D310180F0FA0200E1F505D4C2EB0B2C80
:10E2400006060A00140032006400C8BBF401E803AB
:10E25000D007881310270000000000000000000015
:040000050800029954
:00000001FF
