:020000040800F2
:10000000A0700024AD020008037F000845690008C5
:10001000017F0008410A0008B195000800000000B7
:10002000000000000000000000000000CD8100087A
:100030004514000800000000057F0008CF8100087B
:10004000C7020008C7020008C7020008C70200086C
:10005000C7020008C7020008C7020008C70200085C
:10006000C7020008C7020008C7020008AD0E00085A
:10007000DD0E0008C7020008C7020008C70200081A
:10008000E90E0008F50E0008290A0008C70200085A
:10009000C7020008C7020008C7020008C70200081C
:1000A000C7020008C7020008C7020008C70200080C
:1000B00045830008518300085D830008C7020008DB
:1000C000C7020008C7020008C7020008C7020008EC
:1000D000C7020008A5950008C7020008C70200086B
:1000E000C7020008C702000800000000C70200089D
:1000F000C7020008C7020008C7020008C7020008BC
:10010000C7020008C702000869830008C702000888
:10011000C1870008C702000875830008C7020008ED
:10012000C7020008C7020008C7020008C70200088B
:10013000C7020008C7020008C7020008C70200087B
:1001400000000000000000000000000000000000AF
:10015000C7020008C7020008C7020008C70200085B
:10016000C7020008C7020008C7020008C70200084B
:10017000C7020008C7020008C7020008C70200083B
:10018000C7020008C7020008C7020008C70200082B
:10019000C7020008C7020008C7020008C70200081B
:1001A000C7020008C7020008C7020008C70200080B
:1001B000C7020008C7020008C702000871690008EA
:1001C00069690008C7020008C7020008C7020008E2
:1001D000C7020008C7020008C7020008C7020008DB
:1001E000C7020008C7020008C7020008C7020008CB
:1001F000C7020008C7020008C7020008C7020008BB
:10020000C7020008C7020008C7020008C7020008AA
:10021000C7020008C7020008C7020008C70200089A
:10022000C7020008C7020008C7020008000000005B
:10023000C7020008C702000800000000C70200084B
:10024000C7020008C7020008350A0008C7020008F4
:10025000C7020008C7020008C7020008C70200085A
:10026000C7020008C7020008C7020008C70200084A
:10027000C7020008C7020008C7020008000000000B
:10028000C7020008C7020008C702000800000000FB
:1002900000000000C7020008DFF80CD000F05AFA96
:1002A00000480047D59F0008A070002406488047FA
:1002B00006480047FEE7FEE7FEE7FEE7FEE7FEE74B
:1002C000FEE7FEE7FEE7FEE79182000899020008DC
:1002D0002DE9F05F0546002092469B46884606467B
:1002E000814640241BE0284641464746224600F00E
:1002F00069F853465A46C01A914110D31146184620
:10030000224600F050F82D1A67EB01084F462246AE
:100310000120002100F047F817EB00094E41201E94
:10032000A4F10104DFDC484631462A464346BDE8D5
:10033000F09F40EA01039B0703D009E008C9121FA0
:1003400008C0042AFAD203E011F8013B00F8013B8F
:10035000521EF9D27047D2B201E000F8012B491EBB
:10036000FBD270470022F6E710B513460A46044652
:100370001946FFF7F0FF204610BD30B50B46014689
:1003800000202022012409E021FA02F59D4205D334
:1003900003FA02F5491B04FA02F52844151EA2F1DE
:1003A0000102F1DC30BD202A04DB203A00FA02F120
:1003B000002070479140C2F1200320FA03F3194353
:1003C00090407047202A04DB203A21FA02F00021F5
:1003D000704721FA02F3D040C2F120029140084355
:1003E000194670472DE9FE4F804681EA0300C00F91
:1003F0000C46009021F0004123F00045B8EB0200CC
:10040000A94105D24046214690461C460B4602466D
:1004100023F00040104347D0270DC7F30A00C3F371
:100420000A510290401A019040286BDAC3F313007E
:1004300040F4801B0098924620B10023D2EB030ABF
:1004400063EB0B0B01985946C0F140025046FFF791
:10045000AAFF06460D4650465946019A00F08CF90F
:1004600010EB08006141002487EA115284EAE77327
:100470001A4340D0009A62B3019A012A4FEA075208
:1004800015DC001B61EB02014FF0004202EA07524B
:10049000CDE90042001C41F5801132462B4600F0A8
:1004A0008CF903B0BDE8F08F40462146F9E7001B08
:1004B00061EB0201001C41F5801300185B4120181C
:1004C000A2F5001747EB030140EAD570B6196D415C
:1004D00011E06D084FEA360645EAC0754FEA07524B
:1004E000001B61EB0201001C41F5801149084FEA35
:1004F00030000019514132462B4603B0BDE8F04FA1
:1005000000F04CB90098012240000023D0EB020219
:1005100063EBE073009821464FEAE074B8EB00000B
:1005200061EB0401E9E783F000435BE781F0004100
:1005300058E72DE9FE4F81EA030404F0004421F05E
:10054000004100944FF0000B23F0004350EA0104F7
:100550005ED052EA03045BD0C3F30A54C1F30A55D8
:100560002C44A4F2F3340194A0FB0254C1F3130110
:1005700041F48011C3F3130343F4801301FB0244DD
:1005800000FB034E840A970A44EA815447EA8357E2
:10059000A4FB076802958D0A05FB07854FEA932C9B
:1005A00004FB0C542705029D4FEA065847EA16370C
:1005B000B5EB08056EEB070C870E920E47EA811724
:1005C00042EA8312A7FB0201B6EB0B0164EB0004C5
:1005D0002B0D43EA0C335E1844EB1C50DA465146AF
:1005E000E7FB0201C5F313044FEA0B3343EA14534C
:1005F0004FEA0432019C43EA0603A4F10C0402947E
:10060000009CCDE900B400F0D8F803B0BDE8F08F4D
:1006100000200146F9E72DE9F04D81EA030404F0DA
:10062000004B21F0004514464FF0000A23F0004132
:1006300050EA050220D054EA01021DD0C5F30A5742
:100640000246C5F31303C1F31300C1F30A5640F485
:10065000801543F48013A7EB0608101BD64608F25A
:10066000FD3873EB050002D308F1010801E0921890
:100670005B41B8F1000F03DA00200146BDE8F08DC0
:1006800000204FF48011064684460EE0171B73EBE2
:10069000050705D3121B63EB050306434CEA010C67
:1006A00049084FEA300092185B4150EA0107EDD14A
:1006B00052EA030012D082EA040083EA05010843EB
:1006C00005D0101BAB4106D20122002306E0002218
:1006D0004FF0004302E06FF0010253101AEB0600E6
:1006E0004CEB085110EB0A0041EB0B01BDE8F04D5B
:1006F00000F054B8C1F30A52C1F3130140F2FF33C2
:1007000041F480119A4202DA00200146704740F21B
:1007100033439A42A2F2334202DC5242FFF752BE06
:10072000FFF741BE30B5041E71F1000404DB4FF049
:100730000044404264EB0101141E73F1000405DB28
:100740001C464FF00043524263EB0403994208BF3A
:10075000904230BD064C074D06E0E06840F00103D2
:1007600094E8070098471034AC42F6D3FFF798FDA1
:10077000A8C00008C8C00008202A06DBCB17203A12
:1007800041FA02F043EAE07306E041FA02F3D04096
:10079000C2F12002914008431946704710B5141E5B
:1007A00073F1000408DA401C41F1000192185B412A
:1007B0001A4301D120F0010010BD2DE9F04D924601
:1007C0009B4611B1B1FA81F202E0B0FA80F2203218
:1007D0009046FFF7E8FD04460F4640EA0A0041EA6A
:1007E0000B0153465A46084313D0114653EA010001
:1007F00019D0C8F140025046FFF7E4FD05460E4609
:10080000504659464246FFF7CEFD084305D0012029
:1008100004E020463946BDE8F08D0020054346EA55
:10082000E0762C4337430A986305E40AA0EB0800FE
:100830000022FD0A44EA47540A3002D5002001464E
:10084000E9E7010510196941DDE908450019694129
:10085000BDE8F04DA2E770B58C1810F8015B15F0FB
:10086000070301D110F8013B2A1106D110F8012B22
:1008700003E010F8016B01F8016B5B1EF9D12B0747
:1008800005D40023521E0DD401F8013BFAE710F8FD
:10089000013BCB1A921C03E013F8015B01F8015BEA
:1008A000521EF9D5A142D8D3002070BDB0B5044680
:1008B0002068394940F48070884214BF384837486E
:1008C000006810F4403F10D004F00EFA054660684E
:1008D000B0F5803F05D0B0F5403F22D0B0F5003FE5
:1008E00020D1000CB5FBF0F51CE04FF400200021F6
:1008F00003F02AFB05466068A0F580214FEAB1416C
:100900000A290FD8DFE801F00606060606063D3F75
:100910004143450047F6FE7101EA5040B5FBF0F552
:1009200000E0AD0802F0D0FD216841F203029042E0
:1009300009D888681E4B20F480729D4288BF40F41D
:1009400080728A60B0BD1748854204D851F8080FFC
:1009500020F4407013E01448854205D851F8080F80
:10096000012262F309200AE051F8082F0223104601
:1009700063F309200D4B9D4228BF42F4407008608C
:10098000B0BD2D09CEE76D09CCE7AD09CAE7ED0989
:10099000C8E72D0AC6E700BF002102400823024035
:1009A0000863025821BCBE0041787D0182F0FA0242
:1009B000002D3101B0B50446002021688B688A689B
:1009C00013F0020F2DD112F0010208BFB0BD8868EC
:1009D00000F00D0001281BD18868124A104040F039
:1009E000020088600320086002F074FD054620685C
:1009F000806810F0010F04BF0020B0BD02F06AFD56
:100A0000401B0328F3D32068806810F0010FEED05C
:100A1000606D40F010006065A06D40F00100A065C1
:100A20000120B0BDC0FFFF7F014800F0D5BF00BF6F
:100A3000FC410024014801F00BBE00BFEC42002441
:100A4000FEE7000007489FED080A9FED081A40885E
:100A500002EE100AB8EE422A22EE000A80EE010AE7
:100A6000704700BFD00000243333534000FF7F475E
:100A700070B52DED068B78489FED710B90ED008AD7
:100A8000B7EEC81A81EE000B0AF08AF97348B7EE88
:100A9000C00B9FED741A7449B6EE006BDFF8DCC32F
:100AA000724CB7EEC05A80ED000A6D48B1EE400AB4
:100AB000B7EEC00A90ED002AEB4882EE011A9FEDD6
:100AC000622B80ED001AE948B7EEC11A21EE021B35
:100AD000B0F800E01E2031EE052BBEF11E0F38BF2E
:100AE00032200880E34991ED014A91ED003AE24954
:100AF000B7EEC44AB7EEC33AB0EE447BB0EE449BC7
:100B0000B0EE44AB02EE037B35EE412B27EE065BE5
:100B10009FED4F7B02EE039B85EE045B30EE412B95
:100B200031EE000B29EE069B02EE03AB25EE072B00
:100B300089EE045BB0EE449B2AEE061BBCEEC22B92
:100B400000EE039B81EE040B25EE075B12EE102AEC
:100B5000BCEEC51B29EE062B20EE070B0A8011EE1A
:100B6000101A82EE041B21EE071BBCEEC11BACF871
:100B70000010511AC44ABCEEC00B11EE103A23808B
:100B8000C04B10EE104A1180C0491C800978C04A41
:100B9000C04C022906D8C90040F20125CD40BE490B
:100BA0000D7001E0BC490D78BC49B5EEC08A002645
:100BB000EDB2F1EE10FAA8BF0126002D0E7012D092
:100BC000012D24D0022D37D144F61F6180B211606F
:100BD00011680131B4FBF1F1B1FBFEF1B1FBF0F0B2
:100BE0000138506028E044F61F6180B2116011683E
:100BF0000131B4FBF1F1B1FBFEF1B1FBF0F00138D2
:100C00005060BDEC068BBDE8704000F061BC44F65E
:100C10001F6580B2156015680135B4FBF5F4B4FBAF
:100C2000FEF6B6FBF0F00138506008789E490028C7
:100C300008BF634618880880BDEC068B70BD00BFF6
:100C40000000000000408F4039B4C876BE9FE63FE8
:100C5000000000000000B04074000024780300246D
:100C60007C00002400007A44F2000024FE000024EE
:100C7000F8B52DED068B78489FED710B90ED008A4D
:100C8000B7EEC81A81EE000B0AF08AF87348B7EE87
:100C9000C00B9FED741A7649B6EE006BDFF8DCC12D
:100CA000774CB7EEC05A80ED000A6D48B1EE400AAD
:100CB000B7EEC00A90ED002A6B4882EE011A9FED54
:100CC000622B80ED001A6948B7EEC11A21EE021BB3
:100CD000B0F800E01E2031EE052BBEF11E0F38BF2C
:100CE00032200880634991ED014A91ED003A624952
:100CF000B7EEC44AB7EEC33AB0EE447BB0EE449BC5
:100D0000B0EE44AB02EE037B35EE412B27EE065BE3
:100D10009FED4F7B02EE039B85EE045B30EE412B93
:100D200031EE000B29EE069B02EE03AB25EE072BFE
:100D300089EE045BB0EE449B2AEE061BBCEEC22B90
:100D400000EE039B81EE040B25EE075B12EE103ADA
:100D5000BCEEC51B29EE062B20EE070B0B8011EE17
:100D6000101A82EE041B21EE071BBCEEC11BACF86F
:100D70000010591A444BBCEEC00B11EE102A228011
:100D8000404A10EE104A1980404914800978404BBF
:100D9000404C022906D8C90040F20125CD403E4909
:100DA0000D7001E03C490D783C49B5EEC08A002742
:100DB0000026EDB2F1EE10FAA8BF0127002D0F704A
:100DC000374F3E80374F3E800FD0012D1FD0022D70
:100DD0002FD1196880B20131B4FBF1F1B1FBFEF102
:100DE000B1FBF0F00138586023E0196880B201319E
:100DF000B4FBF1F1B1FBFEF1B1FBF0F0013858604A
:100E0000BDEC068B01B0BDE8F04000F061BB1D6891
:100E100080B20135B4FBF5F4B4FBFEF7B7FBF0F09C
:100E20000138586008782049002808BF62461088B9
:100E30000880BDEC068B01B0F0BD00BF00BF00BF55
:100E40000000000000408F4039B4C876BE9FE63FE6
:100E5000000000000000B04074000024780300246B
:100E60007C00002400007A447403002468000024FD
:100E7000F2000024E4000024F6000024F80000241E
:100E8000FE00002400010024F40000246700002478
:100E90002810004000C2EB0B70030024F100002476
:100EA000FA00002402010024FC00002410B50848C8
:100EB00001F0CEFB0748084C0121016020460021CB
:100EC00004F0C2FF20460421BDE8104004F0BCBF7E
:100ED000644300244C0000244C460024014801F0E7
:100EE000B7BB00BFF0010024014801F0B1BB00BF57
:100EF00070020024014801F0ABBB00BFF0020024E7
:100F00000168254A91422CD0244A91421CBF244AB0
:100F1000914226D0234A91421CBF234A914220D0BD
:100F2000224A91421CBF224A91421AD0214A914240
:100F30001CBF214A914214D0204A91421CBF204A32
:100F400091420ED01F4A91421CBF1F4A914208D0C5
:100F50001E4A91421CBF1E4A914202D01D4A914234
:100F600017D16FF00F02182352FA81F2B2FBF3F39C
:100F70005F2A03F0070C18A313F80C30C36540F286
:100F8000FF3321EA030188BF41F00401816508466F
:100F9000704721F0FF01F9E71000024028000240ED
:100FA00040000240580002407000024088000240A9
:100FB000A0000240B8000240100402402804024091
:100FC0004004024058040240700402408804024079
:100FD000B8040240A00402400006101600061016D5
:100FE00010B502681E4CB44B9A421CBFB34B9A42D8
:100FF0000ED0B34B9A421CBFB24B9A4208D0B24BB0
:101000009A421CBFB34B9A4202D0B04B9A4211D1C4
:10101000D3B2A3F108011422B1FBF2F304EB830174
:1010200004F1800203F01F030124603004FA03F38B
:101030000EC010BDA4F55B71D3B28A42E9D0094C51
:10104000A3F110011823B1FBF3F10B46A24204F106
:10105000AA0488BF0833A24228BF0B46024CDDE732
:10106000005802580F04024000080240017901397B
:10107000072988BF7047B0B502681A4D1A4C8E4BCD
:101080004FF0010C9A421CBF8C4B9A4216D08C4BED
:101090009A421CBF8B4B9A4210D08B4B9A421CBF7A
:1010A0008A4B9A420AD08B4B9A424FF001031FBFE2
:1010B0000E4B1A44B2FA82F2530900E00123002BCE
:1010C00004F1400218BF2C46002B04EB810418BF2A
:1010D00005F140020CFA01F1C0E91B424167BDE88D
:1010E000B040704700590258000902406CABFDA7A0
:1010F000B0B5D0F800C0D0F858E05F4CA44544D05B
:101100005E4CA4451CBF5E4CA4453ED05D4CA4453E
:101110001CBF5D4CA44538D05C4CA4451CBF5C4C46
:10112000A44532D05B4CA4451CBF5B4CA4452CD0DD
:101130005A4CA4451CBF5A4CA44526D0594CA44532
:101140001CBF594CA44520D0584CA4451CBF584C3A
:10115000A4451AD0574CA4451CBF574CA44514D0E5
:10116000564CA4451CBF564CA4450ED0554CA44526
:101170001CBF554CA44508D0544CA4451CBF544C2E
:10118000A44502D0534CA44574D1D0E919456560FB
:10119000C46E14B1D0E91C456560374CA44545D0F8
:1011A000364CA4451CBF364CA4453FD0354CA44515
:1011B0001CBF354CA44539D0344CA4451CBF344C1D
:1011C000A44533D0334CA4451CBF334CA4452DD08B
:1011D000324CA4451CBF324CA44527D0314CA44509
:1011E0001CBF314CA44521D0304CA4451CBF304C11
:1011F000A4451BD0364CA4451CBF2F4CA44524D07D
:101200002E4CA4451CBF2E4CA4451ED02D4CA445ED
:101210001CBF2D4CA44518D02C4CA4451CBF2D4CF4
:10122000A44512D0234CA44518BFB0BDC46D3F25C2
:1012300004F01F0405FA04F4CEF80840DCF800506E
:1012400025F48025CCF8005007E0C46D012504F09A
:101250001F0405FA04F4CEF80440CCF8043080688A
:101260004028084608BF1046CCF8080008BF0A46C8
:10127000CCF80C20B0BD00BF100002402800024096
:1012800040000240580002407000024088000240C6
:10129000A0000240B80002401004024028040240AE
:1012A0004004024058040240700402408804024096
:1012B000A0040240B8040240085402581C540258CA
:1012C0003054025844540258585402586C5402582E
:1012D0009454025880540258B0B500F027F8584C86
:1012E000002504E050B1012008F058FA01352046ED
:1012F000802102F0DFF8E9B2C729F3D9C72901D963
:10130000012011E0002504E050B9012008F046FA60
:1013100001352046802102F0CDF8E9B2EF29F3D95A
:101320000020EF2988BF0220C0B2B0BDFEB58020EA
:1013300001A9019000200290414801F0F1FF06B0A0
:1013400080BD00BFFEB5802001A901900120029060
:10135000022004903A4801F0E3FF06B080BD00BFD0
:10136000FEB5802001A901900120CDE902000220F4
:101370000490334801F0D4FF00F004F8FFF7ACFF0D
:1013800006B080BD10B5FFF7DDFF2D4C8021002297
:10139000204602F094F840F28A2008F0FFF9204637
:1013A0008021012202F08BF80F20BDE8104008F0E8
:1013B000F5B900BF10B5FFF7E5FF0A4CCC20A047F8
:1013C0004E20A0477F20A0478020A0471F20A04795
:1013D000FFF7D8FFCC20A04748202146BDE81040A9
:1013E000084700BFE9130008F8B50446FFF7AAFF55
:1013F0000126F0B2082888BFF8BD114D80210022D7
:10140000284602F05CF8C4F3460714F0010F09D136
:101410003C2008F0C3F928468021012202F04FF851
:10142000022008E0022008F0B9F9284680210122B4
:1014300002F045F83C2008F0B1F901363C46D8E707
:10144000000002587047EFF3108072B6FEE700000C
:10145000F8B50C46054602F03DF806466F1C1348E9
:10146000016811F0040F09D0002FF8D002F032F813
:101470000321C5B1801BA842F1D914E0012C11D180
:1014800001680B4A114006D00A4A93690B439361E5
:101490004160012107E0016811F4803F1CBF4FF457
:1014A000803141600021C8B201B0F0BD102000526F
:1014B0000000EE17F4680024034804490022C0E944
:1014C0000021C0E902217047D00100240000F0BFD4
:1014D000F8B52DED028B184D9FED158B174E00249E
:1014E0001CE000EE104A01EE100AB8EEC00BB8EE98
:1014F000411BAF8820EE080B80EE010B09F05CFC6D
:10150000780801EE100AB8EE411B20EE010BBDEE8B
:10151000C00B10EE100A26F81400013468888442CB
:10152000DFDBBDEC028B01B0F0BD00BF00BF00BF30
:101530004AD8124DFB211940F00000241069002404
:101540007CB50446002016460D46019094F85000E4
:10155000012801D1022039E0012084F85000204602
:10156000FFF728FA616D10B141F010012AE041F255
:10157000021021EA000005F4803140F002006065AD
:1015800006F08040014320688268114B1A401143E5
:1015900041F0004181608168B1F1FF3F0DDC0199AC
:1015A000013101910B49019A8A42F4D3606D20F018
:1015B000120040F01001012004E0616D012060F391
:1015C000010100206165002184F8501002B070BD57
:1015D000C0FFFE3F00F8C325704770477047704753
:1015E0007047000090F85020012A01D1022132E01A
:1015F0007CB5012280F850200022019200920368FD
:10160000E44A93421DD1D2F80851946825436D07EE
:1016100017D4D1F800C0D2F80853224E25F4404424
:10162000BCF1000F19D04D6843F480732543C2F814
:101630000853DA4CA3421CD19368D2F808613343B3
:1016400018E0416D41F0200141650121002280F840
:101650005020BDE87C40C8B27047C2F8084343F44C
:101660008071CE4B994211D19168D2F8083119435B
:101670000DE03368DB0713D1D2F80833896840F6F0
:101680001F76B34343EA0C03194307E03168C907E7
:1016900006D1D2F8081340F61F739943C2F8081315
:1016A0000021D3E7086002582DE9FC4104460020E0
:1016B0000D46019094F85000012801D1022331E138
:1016C000012084F850002068816811F0040F40F078
:1016D00021812968AA4BB1F1FF3F11DD91FAA1F2F6
:1016E000194298464FF00103B2FA82F208BF8A0EFF
:1016F00002F01F0203FA02F2C3691A43C26100E05A
:1017000098466A68890E1F2601F01F0102F01F0328
:10171000C2F3012200EB82029E409940176BB7434F
:101720003943116381688268D20842EA9101C9078E
:101730006FD12968AA6805F0F5FF92480368206810
:101740006969C26803F07043B3F1805F02D102F0AF
:101750001C0306E0D2064FF0100258BF1C22C368DB
:1017600013402A69042A27D1026E2B6802F0F8423E
:101770009906B2EB836F02BF026E22F0004202664E
:10178000426E02F0F8428A4202BF426E22F00042EC
:101790004266826E02F0F8428A4202BF826E22F0F6
:1017A00000428266C26E02F0F8428A4202BFC16EF7
:1017B00021F00041C1662CE0734E06EA53039940C4
:1017C0002B6803F0F843194300F1600353F82270CB
:1017D00007F00047394343F822102A69697E53F81D
:1017E0002270012927F0004708BF47F0004743F85F
:1017F00022700022297E012908BF4FF40062296966
:1018000001F01F0102FA01F1026922F4F0421143D2
:101810000161816811F0010F41D1D5F800C0EB687A
:101820005A4ED0F8C01003F0180746EA0C060CEA2E
:10183000080228FA07F786EA0806174031403943BC
:10184000C0F8C01052498B4226D19CFAACF1002A54
:101850004FF08067B1FA81F108BF4FEA9C614A1CE2
:1018600007EB8161012702F01E0301F0F84102F04D
:101870001F020A2B07FA02F728BF41F000710A2B5A
:1018800028BF0A3A394302EB420241EA0251AA68F0
:1018900005F048FFD5F800C0BCF1FF3F01DD002393
:1018A0003DE02268E24D3C4805F5807105F5407346
:1018B0008A42194618BF00F54071AA4208BF19466E
:1018C0008B68364E42F48071B14205D1A968D5F8D3
:1018D000087147EA010600E08668F1071AD103F0B3
:1018E000E076190229D42E498C4526D18242D6D1E0
:1018F000D0F8081321F0E071314341F40001C0F841
:1019000008132A4800682A49B0FBF1F0022101EBD4
:1019100040000DE0606D012340F020006065002074
:1019200084F85000D8B202B0BDE8F08101980138C7
:10193000019001980028F9D1B1E7D9010CD41949D7
:101940008C4509D18242AAD1D0F8081321F0E07168
:10195000314341F080710FE059024FF00003DED4B3
:1019600011498C4508BF8242D9D1D0F8081321F023
:10197000E071314341F48001C0F808138FE700BFE4
:10198000FFFF0F000010005CFEFFFF7F0000F0FF74
:101990000000FF4700200240006002580021024082
:1019A000000084CB000052C70000B8CF140100240F
:1019B000400D030080B5044800F00BF8034948804F
:1019C0000120087080BD00BFFC410024D00000242D
:1019D00070470068006C70472DE9F84F0446206896
:1019E000934E944906F5807806F540798B4640453C
:1019F00008BF4946B04208BF4946026843688F683D
:101A000002EA0305A9070DD5606D10F0100F02BFA3
:101A1000606D40F4006060652046FFF7DDFD2068E2
:101A200002210160690707F01F0A58BF5FEA0571CC
:101A300049D5214651F8542F12F0100F02BF0A6801
:101A400042F400720A60C26812F4406F35D140451A
:101A5000024608BF3246824218BF1246BAF1000F52
:101A600008BF0246BAF1050F08BF0246BAF1090FD6
:101A700008BF0246D26812F4005F1ED1026812F05D
:101A8000080F1AD0826812F0040F0CD1426822F0BD
:101A90000C024260086820F480700860086810F446
:101AA000805F06D009E0606D04F1580140F010003D
:101AB0006065086840F0010008602046FFF77AFF83
:101AC00020680C210160A90658BF5FEA456125D551
:101AD00021464AF0010351F8542F12F0100F02BFB3
:101AE0000A6842F400520A604045024608BF324686
:101AF000824218BF1246BAF1000F08BF0246072BF8
:101B000008BF0246C76CC368D26817F4C07F3DD0D7
:101B10002046FFF762FD206860210160290609D593
:101B2000606D40F480306065204600F07FF92068E9
:101B300080210160E9050AD5606D40F400306065E0
:101B40002046FFF74CFD20684FF480710160A90525
:101B50000AD5606D40F4802060652046FFF740FDA7
:101B600020684FF400710160E90642D5216B91B302
:101B7000BAF1000F29D040454FF4404208BFCB4690
:101B8000B04208BFCB460BF1080121E0970105D513
:101B900003F4406302F400573B43B9D10368920257
:101BA000B6D413F04002B3D0826812F0080F34D1DB
:101BB000426822F060024260086820F480500860A9
:101BC000086810F4807FA3D12DE000F10C010322FE
:101BD000096811420BD0606D40F480606065A06DB3
:101BE00040F00200A0652046FFF7F2FE20681021B9
:101BF0000160690558BFBDE8F88F616D41F480410F
:101C00006165A16D41F00801A1654FF4806101603B
:101C10002046BDE8F84FFFF7E1BC606D04F15801C4
:101C200040F010006065086840F0010008606FE750
:101C30000020024000630258F8B504460020002C42
:101C4000009037D0606D30B9204600F0F1F80020E8
:101C5000A06584F85000206882686B4912F0005F2C
:101C60001EBF82680A408260826812F0805F13D1D2
:101C7000826801F18051114041F0805181606349D7
:101C80000968634AB1FBF2F1013101E000990139C1
:101C9000009100990029F9D1816811F0805F0BD182
:101CA000616D012541F010016165A16D41F00101F7
:101CB000A16502E00125A3E000258168C1F3800150
:101CC000626D02F010021143616D03D041F010000B
:101CD000012594E021F4817141F002016165816880
:101CE00011F0010F20D16B494A4A4B4E40F48073EA
:101CF000B34204D18B68D1F80861334300E0136824
:101D0000DB0711D101F5807301F540769842334627
:101D100018BF02F53E73884208BF33466068996871
:101D200021F47C110843986001F0CEFBA168226B7E
:101D3000637D41F203060A43102942EA4332237FBE
:101D400042EA0342114608BF41F00C01B04298BF7D
:101D50001146012B01BF206A304A02EB404001438B
:101D6000606A20B100F478700843A16A01432068DA
:101D7000C2682B4B1A401143C16081688268D20847
:101D800042EA9101C9072CD1217DE26A44F20303A2
:101D900042EA8131C2689A431143C16094F8382005
:101DA0000169012A10D104F13C0C9CE84C101D4F34
:101DB00007EB02421C4F394019431143314341EABA
:101DC0000C0141F0010101E021F001010161016913
:101DD000626B21F07041114301612046FEF766FD00
:101DE0002068E268016B21F00F01012A02BFA2699D
:101DF000013A114301630121606D61F301006065E7
:101E0000284601B0F0BD00BFC0FFFF5F14010024F1
:101E1000400D030008600258002102400000FEFF50
:101E200003C0F0FF0000FFFF1EF800FC7047000039
:101E300010B586B0044601A81421FEF793FA206875
:101E40001449884224D11448016841F020010160FE
:101E5000016801F0200100910099816841F00401BE
:101E6000816001A9806800F00400009000981020B3
:101E700001900320029000200390084801F050FADE
:101E800012200021002201F0E9FD122001F0D8FD0E
:101E900006B010BD00200240D84402580008025885
:101EA000704700002DE9F04104460D46904601219F
:101EB000002C00F09980002D00F0968060790221BE
:101EC000012800F0918001206071217128680428A8
:101ED0002AD101F0FFFA0746B8F1000F0FD02168B0
:101EE000486BB0F1FF3F22DC01F0F4FAC01B02287E
:101EF000F5D32068406BB0F1FF3FF0DC0DE02168C6
:101F0000486B3B4E304215D001F0E4FAC01B02286A
:101F1000F5D32068406B3042F1D02069032140F0B6
:101F20000800206121715FE008F0100019E0A86945
:101F3000486401E0A86908648B6C08F0100040F266
:101F4000FF32824023EA0202EB6983401A438A642B
:101F5000FF22CB6C824023EA02022B6A83401A43A1
:101F6000CA6429692268012908D1936B1F21814025
:101F700023EA01016B69834019439163D36BEF68D6
:101F80000721814023EA010C0021012F03D0022FF9
:101F900003D1012705E0002703E0AF68B7FA87F710
:101FA0007F092E68AB6837433B43834043EA0C0309
:101FB000D3634FF480431768834027EA0303136019
:101FC00040F6FE731768834027EA03036F68874073
:101FD0003B431360C02303FA00F0136823EA0000B8
:101FE0001060012020716171C8B2BDE8F08100BFAE
:101FF000008000207047B0B5044620680168426B3D
:1020000001EA0205A9040FD504212171216941F0DB
:10201000010121614FF400514163016821F48051B5
:1020200001602046FFF7E6FFA80058BFB0BD0420BE
:102030004FF000512071206940F0020020612068BB
:102040004163016821F0805101602046BDE8B04045
:10205000FFF726BF10B504466CB1207920B90020E7
:102060006071204600F00AF8022001212071002052
:102070002061217110BD012010BD000010B586B097
:10208000044601A81421FEF76DF92068144988421E
:1020900024D11448816841F000518160816801F0C9
:1020A000005100910099016841F00101016001A90E
:1020B000006800F00100009000983020019003209B
:1020C000029000200390084801F02AF936200221EE
:1020D000002201F0C3FC362001F0B2FC06B010BDB6
:1020E00000740040E04402580000025881B04FF0F4
:1020F000000C0028CDF800C00CD00068002900902A
:102100000098104414BF1430083000900098036009
:10211000002000E0012001B0704708B3437902229B
:10212000012B2DD080B54FF0010C01F0100E0029CD
:1021300080F805C002710CFA0EFC0268136843EACD
:102140000C031360D2F800C00CD002210CF47813F9
:1021500001FA0EF18B420DD1516841F0020108E005
:1021600001220DE00CF03E01022903D1516841F03B
:10217000010151600121002201714271BDE88040DE
:10218000D0B27047F8B5044601F0A4F90546002C1A
:1021900000F0A08094F83500022840F09D80276868
:1021A000A34EA44887421CBFA348874227D0A34818
:1021B00087421CBFA248874221D0A24887421CBF49
:1021C000A14887421BD0A14887421CBFA048874234
:1021D00015D0A04887421CBF9F4887420FD09F4818
:1021E00087421CBF9E48874209D09E4887421CBF39
:1021F0009D48874203D09D48874240F0048138685B
:1022000020F01E003946386051F8140F20F080008D
:102210000860F548874244D0F44887421CBFF44820
:1022200087423ED0F34887421CBFF348874238D0EC
:10223000F24887421CBFF248874232D0F1488742B9
:102240001CBFF14887422CD0F04887421CBFF048A1
:10225000874226D0EF4887421CBFEF48874220D0F4
:10226000EE4887421CBFEF4887421AD0EC488742AD
:102270001CBFED48874214D0EC4887421CBFEC4895
:1022800087420ED0EB4887421CBFEB48874208D0FC
:10229000EA4887421CBFEA48874202D0E9488742A1
:1022A00004D1206E016821F480710160386820F04B
:1022B00001003860386810F0010F11D001F00AF900
:1022C000401B0628F6D320206065032084F83500E3
:1022D000012093E0012094E08020606501208DE0E2
:1022E0002068C14988421CBFC049884226D0C049E5
:1022F00088421CBFBF49884220D0BF4988421CBFCA
:10230000BE4988421AD0BE4988421CBFBD49884296
:1023100014D0BD4988421CBFBC4988420ED0BC497C
:1023200088421CBFBB49884208D0BB4988421CBFB9
:10233000BC49884202D0B94988426CD1D4E916120E
:1023400002F01F023F2303FA02F28A60A649884284
:1023500044D0A64988421CBFA54988423ED0A54921
:1023600088421CBFA449884238D0A44988421CBF77
:10237000A349884232D0A34988421CBFA24988425F
:102380002CD0A24988421CBFA149884226D0A1492D
:1023900088421CBFA049884220D0A04988421CBF67
:1023A000A04988421AD09E4988421CBF9E49884253
:1023B00014D09E4988421CBF9D4988420ED09D4939
:1023C00088421CBF9C49884208D09C4988421CBF57
:1023D0009B49884202D09B4988420BD1D4E919011C
:1023E0004160E06E30B1016821F480710160D4E990
:1023F0001C014160012084F835000020002184F890
:10240000341001B0F0BD3868B7423FF4F9AE20F0A7
:102410000E003946FCE6D4E91612B04202F01F0263
:102420003FF490AF012303FA02F24A608EE700BF47
:10243000B804024010000240280002404000024060
:10244000580002407000024088000240A000024094
:10245000B800024010040240280402404004024038
:102460005804024070040240A00402408804024064
:1024700000286ED090F83510022968D101685A4AB8
:1024800091422CD0594A91421CBF594A914226D0C0
:10249000584A91421CBF584A914220D0574A914213
:1024A0001CBF574A91421AD0564A91421CBF564A05
:1024B000914214D0554A91421CBF554A91420ED0C8
:1024C000544A91421CBF544A914208D0534A914207
:1024D0001CBF534A914202D0524A91423CD104223D
:1024E00080F83520404881421CBF4048814228D0B6
:1024F0003F4881421CBF3F48814222D03E48814232
:102500001CBF3E4881421CD03D4881421CBF3D4813
:10251000814216D03C4881421CBF3C48814210D0C9
:102520003B4881421CBF3B4881420AD03A48814225
:102530001CBF3A48814204D0394881421CBF394807
:102540008142086820F001000860002102E080213B
:1025500041650121084670470A6822F00E020A60B0
:102560000A6822F001020A602F4A914214D02F4AD1
:1025700091421CBF2E4A91420ED02E4A91421CBF5E
:102580002D4A914208D02D4A91421CBF2C4A9142BB
:1025900002D02C4A914218D1016E01230A6822F41C
:1025A00080720A60D0E9161202F01F0203FA02F2EA
:1025B0004A60D0E919124A60C16E31B10A6822F44A
:1025C00080720A60D0E91C124A60012180F835103F
:1025D000002180F83410026D002ABBD080B59047EE
:1025E0000021BDE88040B5E710000240280002400D
:1025F0004000024058000240700002408800024043
:10260000A0000240B800024010040240280402402A
:102610004004024058040240700402408804024012
:10262000B8040240A0040240085402581C54025846
:102630003054025844540258585402586C540258AA
:10264000945402588054025890F8350070470000A6
:102650002DE9FC41044600200190DFF83005A56D0E
:10266000D0F800802F6829682068D44A904249D069
:10267000D34A90421CBFD34A904243D0D24A9042A0
:102680001CBFD24A90423DD0D14A90421CBFD14A91
:10269000904237D0D04A90421CBFD04A904231D0AD
:1026A000CF4A90421CBFCF4A90422BD0CE4A904294
:1026B0001CBFCE4A904225D0CD4A90421CBFCD4A85
:1026C00090421FD0CC4A90421CBFCC4A904200F0AE
:1026D0002581CB4A90421CBFCA4A904200F01E811D
:1026E000C94A90421CBFC94A904200F01781C84AAB
:1026F00090421CBFC74A904200F01081C6498842F0
:1027000040F03382E16D082201F01F018A403A4215
:102710003DD0AA4B98422DD0A94B98421CBFA94B43
:10272000984227D0A84B98421CBFA84B984221D072
:10273000A74B98421CBFA74B98421BD0A64B984270
:102740001CBFA64B984215D0A54B98421CBFA54B69
:1027500098420FD0A44B98421CBFA44B984209D07A
:10276000A34B98421CBFAC4B984203D0A14B98425C
:1027700040F0FD81042306681E4208D0036823F060
:1027800004030360AA60626D42F0010262650122E7
:102790008A403A423BD0894B98422DD0884B984290
:1027A0001CBF884B984227D0874B98421CBF874B51
:1027B000984221D0864B98421CBF864B98421BD032
:1027C000854B98421CBF854B984215D0844B98424C
:1027D0001CBF844B98420FD0834B98421CBF834B45
:1027E000984209D0824B98421CBF8B4B984203D031
:1027F000804B984240F0BD8100F11406802336687A
:102800001E421FBFAA60626D42F00202626504228E
:102810008A403A4239D0694B98422DD0684B984251
:102820001CBF684B984227D0DC4B98421CBFDC4B46
:10283000984221D0DB4B98421CBFDB4B98421BD007
:10284000DA4B98421CBFDA4B984215D0D94B9842CC
:102850001CBFD94B98420FD0D84B98421CBFD84BC5
:10286000984209D0D74B98421CBFD84B984203D00E
:10287000D54B984240F08081022306681E421FBF5C
:10288000AA60626D42F004026265102202FA01F150
:10289000394200F0C780BE4A90422DD0BD4A9042D6
:1028A0001CBFBD4A904227D0BC4A90421CBFBC4AC4
:1028B000904221D0BB4A90421CBFBB4A90421BD0E1
:1028C000BA4A90421CBFBA4A904215D0B94A9042C7
:1028D0001CBFB94A90420FD0B84A90421CBFB84AB8
:1028E000904209D0B74A90421CBFB84A904203D0E8
:1028F000B54A904240F0428108220368134200F03A
:102900009180A9600268016812F4802F3BD1C9054B
:102910005EBF016821F00801016036E00268E36DE6
:1029200003F01F0312F0040F1EBF04279F4017EA95
:10293000010609D011046F601FD491065EBF0168C3
:1029400021F0040101601CE0970720D502279F4079
:1029500017EA01061BD011046F6000F11181910686
:1029600000F11281016821F00A010160012084F860
:102970003500002084F8340006E1D00301D4A16CB6
:10298000EDE0216CEBE0080348D4216C47E012072E
:1029900040F1EB8008229A40114000F0E680016887
:1029A00021F00E0101600121E06D00F01F0001FA2D
:1029B00000F06860616584F83510CCE010000240DA
:1029C00028000240400002405800024070000240CF
:1029D00088000240A0000240B800024010040240FB
:1029E000280402404004024058040240700402409F
:1029F00088040240A004024094540258085402582B
:102A00001C54025830540258445402585854025826
:102A10006C54025880540258B8040240A16C09B1A9
:102A200020468847E06D00F01F01202000FA01F2E7
:102A30003A426DD02068564E1023B0422DD0554EEC
:102A4000B0421CBF544EB04227D0544EB0421CBFBF
:102A5000534EB04221D0534EB0421CBF524EB042F2
:102A60001BD0524EB0421CBF514EB04215D0514EF9
:102A7000B0421CBF504EB0420FD0504EB0421CBFAF
:102A80004F4EB04209D04F4EB0421CBF4E4EB042E6
:102A900003D04E4EB04218BF022307681F4237D002
:102AA000AA6094F835300268042B19D122F016027E
:102AB0000260426922F080024261226C0AB9A26C73
:102AC0001AB1026822F0080202603F208840A86024
:102AD000012084F83500002084F83400216D3EE0A8
:102AE000016852030CD4C9050ED4016821F010010D
:102AF0000160012084F83500002084F8340003E0F0
:102B0000080301D4616C00E0E16B09B120468847FD
:102B1000606D50B3606D10F0010F1FD04FF4165070
:102B2000B8FBF0F1042084F835002068026822F038
:102B300001020260019A01328A42019203D80268BE
:102B400012F0010FF6D10068012100F0010041EA06
:102B5000400084F83500002084F83400E16C00293E
:102B600008BFBDE8FC8120468847BDE8FC810823FA
:102B700001E60023064642E600237EE60422BCE688
:102B8000D00301D4616CEAE7E16BE8E714010024AB
:102B9000100002402800024040000240580002405D
:102BA0007000024088000240A0000240B8000240CD
:102BB000100402402804024040040240580402402D
:102BC0007004024088040240A0040240B80402409D
:102BD0002DE9F041044600F07DFC0546002C00F094
:102BE00006812068DD49884248D0DD4988421CBF03
:102BF000DC49884242D0DC4988421CBFDB4988421C
:102C00003CD0DB4988421CBFDA49884236D0DA49D9
:102C100088421CBFD949884230D0D94988421CBF5C
:102C2000D84988422AD0D84988421CBFD74988420F
:102C300024D0D74988421CBFD64988421ED0D649E5
:102C400088421CBFD549884200F09280D44988420E
:102C50001CBFD449884200F08B80D34988421CBFF6
:102C6000D249884200F08480D14988421CBFD149B2
:102C700088427DD0D049884240F0B480022184F857
:102C80003510002184F83410B44988421CBFB4497F
:102C9000884228D0B34988421CBFB349884222D019
:102CA000B24988421CBFB24988421CD0B14988420F
:102CB0001CBFB149884216D0B04988421CBFB049F8
:102CC000884210D0AF4988421CBFAF4988420AD021
:102CD000AE4988421CBFAE49884204D0B6498842FA
:102CE0001CBFAC498842016821F00101016005E088
:102CF00000F0F0FB401B052872D82068016811F035
:102D0000010FF5D10168AE4A04F1100C01EA020886
:102D1000D4E902259CE84810D4E90771D4F824E0EE
:102D200042EA0802BEF1040F42EA050242EA030247
:102D300042EA060242EA0C0242EA070241EA0201C2
:102D400002BFD4E90B23114319439E4A1268B2F122
:102D5000005F55D36568A5F13F02132A4AD80123C5
:102D600003FA02F2984B1A4244D041F4801147E032
:102D7000022184F83510002184F834100268D4E967
:102D80000237D4E90465D4E906CED4F82080802B3C
:102D90006FF3101208BF4FF48041402B42EAD70274
:102DA00008BF1021114341EAD60141EAD50141EAA9
:102DB000DC0141EADE0141EA181101607F49084463
:102DC0001421B0FBF1F08000E0652046FEF798F892
:102DD000E16D012201F01F0102FA01F141604CE0B6
:102DE000202000E040206065032084F835000120A9
:102DF000BDE8F081A5F12902062A38BF41F480110F
:102E00000160BEF1040F416921F0070141EA0E01A2
:102E100028D1D4E90A53294323B3BCF5005F08D075
:102E2000BCF1000F11D1022D12D0012D07D07DB1C0
:102E300018E0032D16D8DFE805F00E0B0E02A3F103
:102E4000C072B2FA82F2520904E0032D03D309D111
:102E5000C3F3006232B140206065012084F8350080
:102E6000BDE8F08141612046FEF74AF8E16D3F225E
:102E700001F01F0102FA01F181602068D349884204
:102E800044D0D34988421CBFD24988423ED0D2495F
:102E900088421CBFD149884238D0D14988421CBFE2
:102EA000D049884232D0D04988421CBFCF4988429D
:102EB0002CD0CF4988421CBFCE49884226D0CE496B
:102EC00088421CBFCD49884220D0CE4988421CBFD1
:102ED000CB4988421AD0CC4988421CBFCB49884292
:102EE00014D0CB4988421CBFCA4988420ED0CA4977
:102EF00088421CBFC949884208D0C94988421CBFC2
:102F0000C849884202D0C84988421FD12046FEF7EE
:102F100067F8A068802806BF002060606068216EA6
:102F2000C2B201380A600728D4E919124A6009D8E8
:102F30002046FEF79BF8E06E00210160D4E91C01F9
:102F4000416003E00020C4E91B006067002001210C
:102F5000606584F83510BDE8F08100BF10000240C4
:102F60002800024040000240580002407000024029
:102F700088000240A0000240B80002401004024055
:102F800028040240400402405804024070040240F9
:102F900088040240A0040240945402580854025885
:102FA0001C54025830540258445402585854025881
:102FB0006C54025880540258B8040240F8ABFDA784
:102FC0003F8010FE0010005C0F030F00B0B50546F7
:102FD000002D00F0E78095F83400012801D102208F
:102FE000E1E0012085F8340095F83500012840F033
:102FF000D380022085F835000020686528680468C1
:1030000024F0010404602846FEF772F828686F492E
:1030100088421CBF6E49884227D06E4988421CBF37
:103020006D49884221D06D4988421CBF6C49884255
:103030001BD06C4988421CBF6B49884215D06B4934
:1030400088421CBF6A4988420FD06A4988421CBF27
:103050006949884209D0694988421CBF6849884249
:1030600003D06849884240F0A08001680B2262F3D7
:1030700044010160296C19B1016841F00801016047
:103080005249884244D0524988421CBF5149884223
:103090003ED0514988421CBF5049884238D05049DF
:1030A00088421CBF4F49884232D04F4988421CBFDA
:1030B0004E4988422CD04E4988421CBF4D49884217
:1030C00026D04D4988421CBF4C49884220D04D49EA
:1030D00088421CBF4A4988421AD04B4988421CBFCB
:1030E0004A49884214D04A4988421CBF494988420B
:1030F0000ED0494988421CBF4849884208D04849F7
:1031000088421CBF4749884202D0474988423DD186
:10311000296E0A6812F4803F1EBF0A6842F480726A
:103120000A60E96E19B10A6842F480720A602749A0
:1031300088421CBF2649884228D0264988421CBFA5
:103140002549884222D0254988421CBF244988420B
:103150001CD0244988421CBF2349884216D02349E9
:1031600088421CBF2249884210D0224988421CBF95
:10317000214988420AD0214988421CBF21498842FE
:1031800004D0214988421CBF1D498842016841F092
:1031900001010160002006E04FF400606865002036
:1031A00085F834000120C0B2B0BD0168164A9042D3
:1031B0003FF45CAF052262F343010160296C0029F2
:1031C0003FF45EAF016841F0040158E7100002408F
:1031D00028000240400002405800024070000240B7
:1031E00088000240A0000240B800024010040240E3
:1031F0002804024040040240580402407004024087
:10320000A004024088040240B80402400854025856
:103210001C5402583054025844540258585402580E
:103220006C540258945402588054025870B50546A4
:103230006E1C00F04FF904461EB1A8480078054402
:1032400001E04FF0FF3500F045F9001BA842FAD32A
:1032500070BD00BF2548016841F0010101600121F6
:10326000006821EA000070472DE9F0411E4E144627
:103270000D46307D012804BF0220BDE8F0812946BB
:1032800001206FF310013075B1F1006F18BFBDE878
:10329000F0814FF000084CF250300121C6F8188040
:1032A000FEF7D6F8E0B9114F386840F002003860F8
:1032B0000820BFF36F8FBFF34F8F02CC013810F09F
:1032C000FF0F02C5F9D1BFF36F8F4CF250300121CF
:1032D000BFF34F8FFEF7BCF8396821F00201396067
:1032E00086F81480BDE8F081F46800240C200052B8
:1032F0000848816811F0010F09D0074901600749AA
:103300000160806810F0010F1CBF01207047002091
:10331000704700BF0420005223016745AB89EFCD01
:103320002DE9FC4F5D4A0A274FF0000B4FF0010ECC
:103330004FF0030A4FF00F094FF0000C904208BF06
:103340000927574A02444FEAB223092B38BF4FEAF4
:10335000B227009700270A6832FA07F308BFBDE8D2
:10336000FC8F0EFA07F312EA030400F090804D6818
:1033700005F00302A2F10108B8F1010F18D8D0F846
:103380000890CE680AFA0CF829EA080806FA0CF642
:103390004FF00F0946EA08068660C5F3001606FAE4
:1033A00007F8466826EA030343EA0803436001E09E
:1033B000032A1DD0C6680AFA0CF3022A26EA030380
:1033C0008E6806FA0CF643EA0603C36010D1354D49
:1033D0000BF01C0209FA02F305EA570505442E6AB0
:1033E00026EA03030E6906FA02F21A432A624D68BE
:1033F000066805F003020AFA0CF315F4403F02FADE
:103400000CF226EA030342EA030202603FD0264A96
:103410000BF00C0609FA06F5136843F0020313607B
:10342000126802F002020192019A204B27F0030277
:1034300052F8038028EA0508009D05FA06F648EAD6
:103440000605D5504FF0B0452A684B68A24313F4E7
:10345000801F18BF224313F4001F2A60144A156806
:1034600025EA040518BF254313F4003F1560D2F880
:10347000805025EA040518BF254313F4803FC2F8A5
:103480008050D56F25EA040518BF2543D5670BF199
:10349000040B0CF1020C01375DE700BF0024025859
:1034A0000000FEA7FCFFFF7FF44402580804005808
:1034B000040000580069084018BF01207047002A26
:1034C00008BF09048161704701480068000C70471B
:1034D0000010005C01488068704700BF08010024AC
:1034E00090F84120202A03D190F84020012A01D1F0
:1034F000022118E0242280F841200268136823F09A
:1035000001031360136823F4805313601368194395
:103510001160116841F001011160202180F8411013
:10352000002180F84010C8B2704790F84120202A4E
:1035300003D190F84020012A01D1022117E0242272
:1035400080F841200268136823F0010313601368B8
:1035500023F4706343EA01211160116841F0010115
:103560001160202180F84110002180F84010C8B27D
:1035700070477047704701688B690A6802F0800CD9
:1035800013F4807F0AD0BCF1000F1FBF426C42F0E1
:10359000010242644FF4807218BFCA615A050AD50D
:1035A000BCF1000F1FBF426C42F0080242644FF4AE
:1035B000806218BFCA619A050AD5BCF1000F1FBF0F
:1035C000426C42F0020242644FF4007218BFCA61BA
:1035D000416C11F00B0F18BF03F06ABA7047026814
:1035E00091691268436B1BB180B59847BDE8804074
:1035F0007047704710B50446002C4BD094F841003A
:1036000028B9002084F84000204600F005F9242065
:103610004FF4044384F841002068016821F001015F
:103620000160616821F070610161816821F40041ED
:103630008160D4E90212012A08BF4FF40043022A34
:1036400041EA03018160416821F4006308BF41F44D
:103650000063436004F1100341680F4A1143416065
:10366000C16821F40041C1600ECB114341EA03213E
:10367000C160D4E9071211430160016841F0010102
:10368000016000202021606484F84110206384F8E8
:10369000420010BD012010BD0080000270470000F4
:1036A0002DE9F84F04461D461746884694F8410018
:1036B000202803D194F84000012804D10226F0B25A
:1036C00001B0BDE8F08F012684F84060FFF702FFEB
:1036D000834620464FF4004101221923CDF800B063
:1036E00003F03FFD0028EAD1212084F8410010209A
:1036F00084F8420000206064676265856063608DC5
:10370000424EB0F5807F06D3FF2025464FF08073F0
:1037100025F8280F07E0608D04F128050028208592
:103720005ED04FF00073216817F8012B8A62676240
:10373000C2B2618D01396185411E20462185009606
:10374000414603F0DFFC0A9F3046C146FF266FF377
:103750009F2900F17C2A38E0204639465A4603F07A
:1037600068FDD8BB616A206811F8012B8262616232
:10377000608D01386085288801382880618D21B3EB
:10378000000422D12046802100223B46CDF800B023
:1037900003F0E7FC10BB608DB0F5807F0AD32E806C
:1037A000206841681A4A01EA0A0141EA0901114305
:1037B00041600AE0608D00214FF000732880009185
:1037C000C2B22046414603F09DFC608D0028C3D163
:1037D000204639465A4603F002FD40B101266EE705
:1037E0002046414600224FF000730096A9E720686A
:1037F00020210026C1614268064B1A40426084F8CD
:10380000411084F8426084F8406058E7002000804E
:103810000000FF0100E800FEF0B5B7B0044632A892
:103820001421FCF79FFD02A8C021FCF79BFD206836
:10383000434D444E444988422DD0444988427CD16E
:10384000002408200394029002A8239400F0A2FC14
:1038500008B1FDF7F8FD306832A940F00200306091
:10386000306800F0020001900198C02032901220D0
:1038700033900120CDE93404042036902846FFF728
:103880004FFDB06840F40010B060B06800F4001064
:103890000190019851E0002710200397029002A8A0
:1038A000289700F077FC08B1FDF7CDFD306832A90C
:1038B00040F002003060306800F002000190019892
:1038C0004FF440703290122033900120CDE934073C
:1038D000062036902846FFF723FD70691C4D40F006
:1038E00080007061706900F08000019001981948B3
:1038F00028600E2068604020C5E902074FF4806010
:103900002F62C5E90677C5E904072846FFF760F985
:1039100008B1FDF798FD5F2000210022A563AC638C
:1039200000F09CF85F2000F08BF86020002100225E
:1039300000F094F8602000F083F837B0F0BD00BFCD
:1039400000040258E0440258001C00580054004093
:10395000EC4200241C5402587047704727480178F5
:10396000826811448160704780B5032000F0A2F89E
:1039700001F0FAF90F49724B0A68C2F30322096891
:103980009A5C01F00F01595C02F01F02D0400A4A14
:1039900001F01F0120FA01F11160194908600720A8
:1039A00000F00CF808B1012080BD00F02BF80020D9
:1039B00080BD00BF184402581801002470B50F4E96
:1039C00004463078B0B14FF47A71B1FBF0F00C4995
:1039D0000968B1FBF0F001F00FFD01250F2C0AD8AA
:1039E00048B94FF0FF3021460022002500F036F89C
:1039F000746000E00125284670BD00BF0801002466
:103A000014010024E0B50D48016841F00201016095
:103A1000016801F0020101910199016841F400413E
:103A20000160006800F400400090009801F0D4FCB0
:103A30000220BDE88C4001F0D5BC00BFF444025820
:103A4000002808DB00F01F010122400902FA01F101
:103A5000014A42F82010704700E100E0B0B5144C74
:103A60001A4D00F00F03B0F1FF3FA3F104032B4404
:103A700003F10C03C8BF03192868C0F30220051D19
:103A8000C41E80F00700072D4FF0010538BF002449
:103A9000042828BF042005FA00F00138084005FA80
:103AA00004F10F31A0401140084300011870B0BD6F
:103AB00000E400E005494FF6FF030A681A4060F38E
:103AC0000A22034810430860704700BF0CED00E075
:103AD0000000FA05B0B5114D2A68296812F0040FEC
:103AE00005D101F00701081A18BF0120B0BD21F06F
:103AF000070108432860FFF7EDFC044655F8080C61
:103B000010F4005F1CBF0020B0BDFFF7E3FC001BFA
:103B1000B0F57A7F84BF0120B0BDEFE70C480258B2
:103B200080B501F0E1F80549054A0968C1F30211C1
:103B3000515C01F01F01C84080BD00BF2044025805
:103B400090BD000810B5504CD4F828C0A26AE36AB2
:103B5000616B03F00103C2F305125B42002A03EA22
:103B6000D1016FF35F3100EE101AB8EE400A20D099
:103B70000CF00303022B20D0012B22D02BBB02EE32
:103B8000102A9FED431AB8EE422A216820EE010A5E
:103B900011F0200F61D1216B9FED401A6FF35F216F
:103BA00081EE022A03EE101AB8EE433A30EE031A01
:103BB0001EE00021C0E900114DE0216B9FED332A8A
:103BC00006E0216B9FED332A02E0216B9FED332A43
:103BD00001EE102A6FF35F219FED2D3AB8EE414AB6
:103BE00001EE101AB8EE411A82EE042A00EE031A12
:103BF000216BB7EE000A31EE001A22EE011AC1F372
:103C0000462103EE101AB8EE433A33EE002A81EE55
:103C1000022ABCEEC22A80ED002A216BC1F30641C4
:103C200002EE101AB8EE422A32EE002A81EE022A83
:103C3000BCEEC22A80ED012A216BC1F3066102EEBF
:103C4000101AB8EE422A32EE000A81EE000ABCEEEB
:103C5000C00A10EE101A816010BD2168C1F3C101C5
:103C60000D4A22FA01F1226B03EE101A6FF35F2264
:103C700001EE102AB8EE411AB8EE433A30EE011ABE
:103C800083EE022AB4E700BF0044025820BCBE4BBA
:103C9000000000390024744A0090D0030024744CC2
:103CA00010B54E4CD4F828C0A26AE36AE16BC3F3A6
:103CB0000013C2F305325B42002A03EAD1016FF31D
:103CC0005F3100EE101AB8EE400A20D00CF003036A
:103CD000022B24D0012B1ED0EBB902EE102A9FED4F
:103CE000411AB8EE422A216820EE010A11F0200F95
:103CF0005DD1A16B9FED3E1A6FF35F2181EE022A29
:103D000003EE101AB8EE433A30EE031A1AE000211F
:103D1000C0E9001149E0A16B9FED332A02E0A16BDD
:103D20009FED2F2A01EE102A6FF35F219FED2D3AB0
:103D3000B8EE414A01EE101AB8EE411A82EE042A9A
:103D400000EE031AA16BB7EE000A31EE001A22EE64
:103D5000011AC1F3462103EE101AB8EE433A33EECE
:103D6000002A81EE022ABCEEC22A80ED002AA16B55
:103D7000C1F3064102EE101AB8EE422A32EE002AD2
:103D800081EE022ABCEEC22A80ED012AA16BC1F3AA
:103D9000066102EE101AB8EE422A32EE000A81EEF7
:103DA000000ABCEEC00A10EE101A816010BD216836
:103DB000C1F3C1010D4A22FA01F1A26B03EE101A00
:103DC0006FF35F2201EE102AB8EE411AB8EE433AC3
:103DD00030EE011A83EE022AB4E700BF0044025815
:103DE00020BCBE4B000000390024744A0090D00370
:103DF0000024744C10B54E4CD4F828C0A26AE36A73
:103E0000616CC3F30023C2F305525B42002A03EA4C
:103E1000D1016FF35F3100EE101AB8EE400A20D0E6
:103E20000CF00303022B24D0012B1ED0EBB902EEC1
:103E3000102A9FED411AB8EE422A216820EE010AAD
:103E400011F0200F5DD1216C9FED3E1A6FF35F21C1
:103E500081EE022A03EE101AB8EE433A30EE031A4E
:103E60001AE00021C0E9001149E0216C9FED332ADE
:103E700002E0216C9FED2F2A01EE102A6FF35F21E3
:103E80009FED2D3AB8EE414A01EE101AB8EE411AF4
:103E900082EE042A00EE031A216CB7EE000A31EE1E
:103EA000001A22EE011AC1F3462103EE101AB8EEF1
:103EB000433A33EE002A81EE022ABCEEC22A80ED9C
:103EC000002A216CC1F3064102EE101AB8EE422A14
:103ED00032EE002A81EE022ABCEEC22A80ED012ACF
:103EE000216CC1F3066102EE101AB8EE422A32EEDE
:103EF000000A81EE000ABCEEC00A10EE101A8160C2
:103F000010BD2168C1F3C1010D4A22FA01F1226CF2
:103F100003EE101A6FF35F2201EE102AB8EE411A79
:103F2000B8EE433A30EE011A83EE022AB4E700BF3E
:103F30000044025820BCBE4B000000390024744AE3
:103F40000090D0030024744CF0B589B002468C4D2B
:103F500082F4002008438B488B4F8C4E8C4B00F032
:103F6000728082F400740C4330D082F480640C437D
:103F700000F0758082F400640C4334D082F48054E5
:103F80000C4300F0778082F400540C4300F0A980C9
:103F900082F480440C4331D082F400440C433BD083
:103FA00082F480340C4345D082F48072114340F097
:103FB000DF80196D01F00701042900F2D980DFE8E4
:103FC00011F064006D009D00D8007600196DC1F3FA
:103FD0008211042900F2CC80DFE811F05700600064
:103FE0009000CB006900996DC1F30261042900F2D1
:103FF000BF80DFE801F04A5383BE5C00986DC0F3D8
:104000000270052800F2B480DFE800F00381969F7B
:10401000A98AFFF785FDACE0186D00F04050B0F1C3
:10402000005F00F07480B0F1805F2ED0002800F0B7
:1040300077809DE0D96C186811F4803F40F075805E
:10404000800126D494E0986D00F44030B0F5003F34
:104050002DD0B0F5803F00F08780F8B188E0996DF1
:10406000C1F34251042900F28380DFE801F00E170A
:1040700047822000196DC1F30231042900F27880D3
:10408000DFE801F0030C3C771500186810F0007FA2
:104090006ED006A8FFF756FD07986AE0186810F082
:1040A000006F65D003A8FFF7FBFD039861E0D96CB2
:1040B0001A68186811F0405102D112F0040249D177
:1040C000B1F1805F03D110F48070284651D1186897
:1040D00010F4003018BF3846B1F1005F18BF00205F
:1040E00047E0186DC0F30240052841D8DFE800F032
:1040F000030F242D371800F017FE3AE0186810F06F
:10410000005F35D06846FFF775FE009831E018680B
:1041100010F0006F2CD003A8FFF7C2FD049828E030
:104120001868800307EAE07023E0000120D503A8A7
:10413000FFF7B6FD05981CE0186810F0005F17D077
:104140006846FFF757FE019813E0186810F0040F57
:104150000ED01868C0F3C10026FA00F009E0186814
:10416000C00505EAE07004E0186810F0005F02D1B5
:10417000002009B0F0BD6846FFF73CFE0298F8E762
:1041800000093D000080BB0040787D010090D00315
:10419000004402582DE9F0470446E078A84F000794
:1041A00022D5A06E4FEA3051032908D8DFE801F08C
:1041B00002090F17F96941F40031F9610FE0012696
:1041C00013E004F10800022103F0CAFE04E004F148
:1041D0002800022103F04AFF064636B9A06E396C6A
:1041E00021F440110843386400266078BA46C007BD
:1041F00001D1354628E0A06D04280BD83546DFE80C
:1042000000F0030C12181800F869354640F400302D
:10421000F8610EE00125012717E004F108000021F4
:1042200003F09EFE04E004F12800002103F01EFFCD
:104230000546002D2F4608D152460025106CA16D71
:1042400020F007000843106437466078800729D5BE
:10425000E06D4FEAB01004280AD8DFE800F0030C44
:10426000121818005146C86940F40030C8610EE0C9
:104270000125012617E004F10800002103F070FE7B
:1042800004E004F12800002103F0F0FE0546002DB3
:104290002E4608D152460025106CE16D20F4E070E6
:1042A000084310643E466078400702D4B046574643
:1042B0002CE0D4F8A80057464FEA7050042809D8DB
:1042C000DFE800F0030C12181800F86940F4003021
:1042D000F8610FE001254FF0010817E004F1080034
:1042E000002103F03DFE04E004F12800002103F06A
:1042F000BDFE0546002DA84608D1B86CD4F8A8101C
:104300000025B04620F460000843B86460780007D8
:104310002AD5D4F8AC004FEA3060042809D8DFE889
:1043200000F0030B11171700F86940F40030F86132
:104330000EE00125012718E004F10800002103F038
:104340000FFE04E004F12800002103F08FFE054673
:10435000002D2F4609D152460025906CD4F8AC10A0
:1043600020F0E060084390644746E078800722D55B
:10437000E06C4FEA3010032809D8DFE800F01102A2
:104380000B115146C86940F40030C86108E00125AE
:10439000012611E004F10800022103F0E1FD0546C9
:1043A000002D2E4608D152460025D06BE16C20F03E
:1043B00030000843D0633E466078C00629D5206EA1
:1043C0004FEA303004280AD8DFE800F0030C121856
:1043D00018005146C86940F40030C8610EE001255C
:1043E000012717E004F10800002103F0B9FD04E003
:1043F00004F12800002103F039FE0546002D2F4668
:1044000008D152460025106C216E20F4E04008438C
:10441000106437466078800625D5606E4FEA3040DC
:1044200005280AD8DFE800F014030E14141404F170
:104430000800012103F094FD09E00125012613E0A5
:104440001044025804F12800012103F00FFE054634
:10445000002D2E4608D152460025106C616E20F4C6
:10446000E020084310643E466078400625D5D4F825
:10447000B0004FEA307005280AD8DFE800F01203D8
:104480000C12121204F10800012103F069FD07E08B
:104490000125012712E004F12800012103F0E6FDC7
:1044A0000546002D2F4609D152460025906CD4F8C0
:1044B000B01020F0E0400843906437466078000672
:1044C0001ED5206F88B1B0F1005F08D0B0F1805FD9
:1044D0002AD15146C86940F40030C86105E004F1B2
:1044E0000800012103F03CFD0546002D2E4608D1B1
:1044F00052460025106C216F20F040500843106494
:104500003E46E078C00702D1B046574624E0A06C92
:10451000574603280BD8DFE800F014020E14F869A0
:1045200040F40030F8610CE001250126E9E701259F
:104530004FF0010810E004F10800022103F010FD23
:104540000546002DA84607D1F86BA16C0025B046A2
:1045500020F003000843F863A078400601D44746E2
:1045600018E0D7F8F00340F48070C7F8F003FEF7C6
:10457000B1FF0646D7F8F00310F4807F07D1FEF7AD
:10458000A9FF801B6428F5D90325032702E0002D2D
:104590002F4612D02078C0074ED0E06F4FEAF000CF
:1045A000052835D8DFE800F03D03373D3D3D04F1F7
:1045B0000800012103F0D4FC32E05346196ED4F810
:1045C000B400414011F4407F0BD0196E1A6E42F4D2
:1045D000803221F440711A661A6E22F480321A6613
:1045E0001966B0F5807F40F05A82FEF773FF0646E9
:1045F00041F28839032503275346186E10F0020F45
:1046000040F04B82FEF766FF801B4845F4D9C1E7B6
:104610000125012611E004F12800012103F026FD07
:104620000546002D2E4608D152460025506CE16FFC
:1046300020F03800084350643E462078800721D59A
:10464000A06F05280AD8DFE800F012030C1212123E
:1046500004F10800012103F083FC07E00125012794
:1046600011E004F12800012103F000FD0546002DB2
:104670002F4608D152460025506CA16F20F007004C
:104680000843506437462078400723D5D4F8940077
:1046900005280AD8DFE800F012030C12121204F108
:1046A0000800012103F05CFC07E00125012612E06F
:1046B00004F12800012103F0D9FC0546002D2E4607
:1046C00009D152460025906CD4F8941020F00700D0
:1046D000084390643E462078800625D5D4F89000A3
:1046E0004FEA307005280AD8DFE800F012030C12F8
:1046F000121204F10800002103F032FC07E001254A
:10470000012712E004F12800022103F0AFFC054666
:10471000002D2F4609D152460025506CD4F8901038
:1047200020F0E0400843506437462078400625D505
:10473000D4F89C004FEAB02005280AD8DFE800F042
:1047400012030C12121204F10800002103F008FCFD
:1047500007E00125012612E004F12800022103F000
:1047600085FC0546002D2E4609D152460025906C49
:10477000D4F89C1020F4E050084390643E46207822
:10478000000625D5D4F8A0004FEA703005280AD8D5
:10479000DFE800F012030C12121204F108000021ED
:1047A00003F0DEFB07E00125012712E004F12800F9
:1047B000022103F05BFC0546002D2F4609D152462D
:1047C0000025906CD4F8A01020F460400843906459
:1047D0003746206810F0080F15D0D4F88410B1F5D2
:1047E000805F0AD104F12800022103F03FFC002879
:1047F00018BF01272068D4F8841053465A6C22F45D
:10480000405211435964C10615D5D4F89810B1F53A
:10481000807F0AD104F12800022103F027FC002840
:1048200018BF01272068D4F8981053469A6C22F4D8
:10483000407211439964000320D5D4F8A400B0F568
:10484000003F0FD0B0F5803F06D068BB04F10800F0
:10485000002103F085FB04E004F12800022103F0AD
:1048600005FC0546002D2E4609D152460025906CC8
:10487000D4F8A41020F44030084390643E46A07859
:10488000400726D5D4F88800B0F5401F15D0B0F504
:10489000001F0CD0B0F5801F40F0FA805146C86967
:1048A00040F40030C86108E001250126E7E704F183
:1048B0002800012103F0DAFB0546002D2F4609D11F
:1048C00052460025506CD4F8881020F4401008435C
:1048D00050643746A078C00701D13E461EE0206DE7
:1048E000B0F5803F06D0B8B95146C86940F40030F1
:1048F000C86105E004F10800022103F031FB054620
:10490000002D2E460AD152460025D06B216D20F491
:1049100080300843D063E0E701250126216811F0CB
:10492000005F01D1606809E004F12800022103F072
:104930009DFB002818BF0126D4E900108A031BD56F
:10494000D4F880206FF0010303EB3223022B0BD34A
:104950004FEA322343B1012B40F09D80DAF81C303E
:1049600043F40033CAF81C303DB9DAF8443023F47C
:1049700040731A43CAF844203546CA0207D5DAF80C
:104980004020636F22F000421A43CAF84020CA0058
:1049900008D5DAF80020D4F8B83022F480421A435F
:1049A000CAF800208A0207D5DAF84020E36E22F028
:1049B00080721A43CAF840204A000CD5DAF8002069
:1049C00022F40042CAF80020D4F8BC20DAF8003003
:1049D0001A43CAF80020B1F1FF3F07DCDAF83C20A7
:1049E000636D22F040521A43CAF83C20090208D5F0
:1049F000DAF84410D4F88C2021F440011143CAF8AD
:104A00004410C10708D004F10800002103F0A8FAFF
:104A1000002818BF05466068810708D504F1080022
:104A2000012103F09DFA002818BF05466068410780
:104A300008D504F10800022103F092FA002818BFFB
:104A400005466068010708D504F12800002103F03D
:104A50000DFB002818BF05466068C10608D504F1A3
:104A60002800012103F002FB002818BF05466068FA
:104A7000800607D504F12800022103F0F7FA002888
:104A800018BF0546002D18BF01252846BDE8F08750
:104A9000012501271EE701256FE7D4F8B400196846
:104AA00000F440720025B2F5407F21F47C5102BF32
:104AB000054A02EA101211436FF31F301960196E94
:104AC000084318664BE500BFCFFFFF002DE9F84310
:104AD00004468846002C00F0FE80814B186800F0E8
:104AE0000F0040450BD2186820F00F0040EA080084
:104AF0001860186800F00F00404540F0EC80206816
:104B0000E44F10F0040F0AD02169BA6902F0700274
:104B1000914281BFBA6922F070021143B961010765
:104B20000AD56169FA6902F07002914281BFFA699F
:104B300022F070021143F961C1060AD5A169FA6930
:104B400002F4E062914281BFFA6922F4E06211430B
:104B5000F96181060AD5E1693A6A02F07002914270
:104B600081BF3A6A22F070021143396281070AD587
:104B7000E168BA6902F00F02914281BFBA6922F07E
:104B80000F021143B961C10738D0B869A16820F498
:104B900070600843B8616068032806D0022809D114
:104BA000396811F4003F0ED195E0396811F0007FAB
:104BB00009D190E03968012802D1C90503D48AE0FF
:104BC000490740F188803969994621F00701084377
:104BD0003861FEF77FFC064641F288353869616826
:104BE00000F03800B0EBC10F06D0FEF773FC801B5D
:104BF000A842F3D903206FE020684B4681070AD50D
:104C0000E168BA6902F00F0291423FBFBA6922F02F
:104C10000F021143B961196801F00F0141450AD92A
:104C2000196821F00F0141EA08011960196801F0C3
:104C30000F0141454FD141070AD52169BA6902F0F8
:104C4000700291423FBFBA6922F070021143B9610C
:104C500001070AD56169FA6902F0700291423FBF0B
:104C6000FA6922F070021143F961C1060AD5A169FF
:104C7000FA6902F4E06291423FBFFA6922F4E0620D
:104C80001143F96180060AD5E069396A01F07001C3
:104C900088423FBF396A21F070010843386200F052
:104CA00063F8B9692F4AC1F30321515C01F01F0178
:104CB000C840B96901F00F01515C194A01F01F01A8
:104CC00020FA01F111601749086006480068BDE844
:104CD000F443FEF773BE0120C0B201B0BDE8F0831B
:104CE000002000520C01002480B500F03DF80B4973
:104CF0001C4B0A68C2F303229A5C02F01F0220FADE
:104D000002F20868064900F00F00185C00F01F006E
:104D100022FA00F0086003490A6080BD1844025876
:104D2000180100241401002480B5FFF7DDFF0C49B1
:104D30000C4A0968C1F30211515C01F01F01C8401F
:104D400080BD00BF80B5FFF7CFFF0549054A096860
:104D5000C1F30221515C01F01F01C84080BD00BFBA
:104D60001C44025890BD00084A490869C0F3C203B8
:104D700049484A4A032B10D0022B04BF48487047C9
:104D800053B9086810F0200F10461FBF0868C0F321
:104D9000C10022FA00F07047704780B5D1F828C0F2
:104DA000D1F828E0CB6A486B03F001035B4203EAC9
:104DB000D003CEF305106FF35F33002800EE103AF6
:104DC000B8EE400ABDE8804004BF002070470CF0F8
:104DD0000303022B20D0012B1AD0CBB902EE100A0C
:104DE0009FED311AB8EE422A086820EE010A10F051
:104DF000200F39D1086B9FED2E1A6FF35F2081EEE3
:104E0000022A03EE100AB8EE433A30EE031A16E017
:104E10000A6B9FED262A02E00A6B9FED222A01EE23
:104E2000100A6FF35F229FED203AB8EE414A01EE7F
:104E3000102AB8EE411A82EE042A00EE031A086B1B
:104E4000B7EE000A31EE000A22EE000AC0F3462057
:104E5000013001EE100AB8EE411A80EE010ABCEEF4
:104E6000C00A10EE100A70470868C0F3C10022FAA9
:104E700000F00A6B03EE100A6FF35F2201EE102AB6
:104E8000B8EE411AB8EE433A30EE011A83EE022A28
:104E9000D5E700BF0044025800093D000090D00350
:104EA00040787D0120BCBE4B000000390024744ACC
:104EB0000024744CF8B50446002C00F09D81207845
:104EC000CE4EC0074CD03169B06A01F038011029CC
:104ED00015D0182904BF00F0030002280FD0606825
:104EE000A0B1B0F5803F06D03168B0F5A02F23D136
:104EF00041F480203060306840F4803022E0306837
:104F000010F4003F2CD0606850BB75E1306820F48D
:104F100080303060306820F480203060FEF7DAFAAC
:104F20000546306810F4003F1AD0FEF7D3FA411B53
:104F300003206429F5D94BE221F4803030603068D9
:104F400020F480203060FEF7C5FA0546306810F482
:104F5000003F05D1FEF7BEFA401B6428F6D962E196
:104F60002078800760D53169B06A11F0380118D017
:104F7000182908BF5FEA807013D0E0683168E0B399
:104F800021F0190108433060FEF7A4FA05463068A5
:104F900010F0040F20D1FEF79DFA401B0228F6D92D
:104FA00041E13168E06811F0040F02D0002800F000
:104FB0002381316821F0190108433060FEF78AFA35
:104FC0000546306810F0040F06D1FEF783FA411B46
:104FD00003200229F5D9FBE1FEF776FA216941F2B7
:104FE000030290421AD80803402908BF4FF400304A
:104FF000716821F47C31084315E021F00100306034
:10500000FEF768FA0546306810F0040F0CD0FEF782
:1050100061FA411B03200229F5D9D9E1706820F01B
:10502000FE4040EA016070602078C00644D53169D6
:10503000B06A01F0380108291BD0182904BF00F01C
:105040000300012815D0E1693068002900F01C81B7
:1050500040F080003060FEF73DFA0546306810F4FD
:10506000807F0ED1FEF736FA411B03200229F5D9C5
:10507000AEE1306810F4807F1CBFE069802840F00A
:10508000BB80FEF721FA216A41F2030290420BD85D
:105090008A062029304608BF4FF0804250F8041F8E
:1050A00021F0F841114306E0304650F80C2F22F071
:1050B0007C5242EA016101602078000723D56169D2
:1050C000706F79B140F001007067FEF703FA054692
:1050D000706F10F0020F16D1FEF7FCF9401B02288A
:1050E000F6D9A0E020F001007067FEF7F3F905465D
:1050F000706F10F0020F06D0FEF7ECF9411B032091
:105100000229F5D964E12078800623D5A1693068A9
:1051100079B140F480503060FEF7DCF90546306824
:1051200010F4005F16D1FEF7D5F9401B0228F6D91E
:1051300079E020F480503060FEF7CCF90546306805
:1051400010F4005F06D0FEF7C5F9411B03200229C9
:10515000F5D93DE12078400752D4676A002F00F06E
:105160001E81306900F0380018286DD1B16A306BAB
:10517000012F41D0A26A01F0030393423CD1E26ABD
:10518000C1F30511914237D1226B01466FF35F21C4
:10519000013A914230D1C0F34621626B013A91420B
:1051A0002AD1C0F30641A26B013A914224D1C0F347
:1051B0000660E16B013988421ED1706BA16CC0F3AF
:1051C000CC00814200F0EB80F06A20F00100F06238
:1051D000FEF780F90546FEF77DF9A842FBD0706B1B
:1051E0004FF6F8718843A16C40EAC1007063F06A21
:1051F00040F00100F062D2E00120E9E000440258F2
:10520000D6F8000440F48070C6F80004FEF762F996
:105210000546D6F8000410F4807F06D1FEF75AF94F
:10522000401B6428F5D90320D2E0A068F0B3012820
:1052300006D0316F052840F0B48041F0040030679B
:10524000306F40F00100B2E0306820F080703060D4
:10525000FEF740F90546022F0AD1306810F0007FB2
:105260003DD0FEF737F9411B03200229F5D9AFE005
:10527000306810F0007F00F09280FEF72BF9411BA0
:1052800003200229F4D9A3E020F080003060FEF76B
:1052900021F90546306810F4807F3FF40DAFFEF72A
:1052A00019F9411B03200229F4D991E0306F20F055
:1052B00001003067306F20F004003067FEF70AF914
:1052C000054641F28837306F10F0020F3FF445AFCA
:1052D000FEF700F9411B0320B942F4D978E0B06A27
:1052E00040F2F33104F130034FF47E478843D4E9B0
:1052F0000A12084340EA0210B0620FCB07EB4121CB
:1053000000F2FF1089B26FF35F2008434FF4FE01F3
:1053100001EB024101F4FE0108434FF0FE4101EBB5
:10532000036101F0FE4108434FF6F8713063F06A03
:1053300020F00100F062706B8843A16C40EAC1006C
:105340007063F06A216C20F00C000843F062F06A90
:10535000616C20F002000843F062F06A40F4803093
:10536000F062F06A40F40030F062F06A40F48020AD
:10537000F062F06A40F00100F062306840F0807046
:105380003060FEF7A7F80446306810F0007F06D1C1
:10539000FEF7A0F8011B03200229F5D918E0002030
:1053A00016E021F001003067306F20F00400306714
:1053B000FEF790F8054641F28837306F10F0020F83
:1053C0007FF4CBAEFEF786F8411B0320B942F4D937
:1053D000C0B201B0F0BD00000648016821F0010133
:1053E0000160704703490A6822F002021043086016
:1053F000704700BF003C0058411E0020B0EB116F09
:105400001CBF01207047044AF023516003490B7010
:10541000072190601160704710E000E023ED00E08C
:10542000704770477047000090F83C20012A01D176
:1054300002213BE070B5012280F83C20D1E900C395
:10544000D1E902E21A4C234022F47C522EF470542B
:1054500022431A432CF477231A430B6923F476234F
:105460001A434B691A438B6A22F4742223F4702383
:105470001A438B6942EA03430268BD4D42F48064DB
:10548000AC420DD1D1E90754496A0A4E23F07C732E
:1054900006EA0151194325F00073194341EA040358
:1054A0000021536480F83C10BDE87040C8B27047DA
:1054B000FF87F0FF0000F0FC90F83C300222012B47
:1054C0003DD010B5012380F83C3080F83D200268C3
:1054D0005368D2F808C0A64C42F4806EA64502BFBD
:1054E0004C6823F470032343B2F1804F0C6823F01F
:1054F000700343EA04035360BDE8104014D0964B98
:105500009A421CBF954B9A420ED0954B9A421CBFB3
:10551000944B9A4208D0944B9A421CBF934B9A42A8
:1055200002D0934B9A4204D189682CF0800319432E
:1055300091600121002280F83D1080F83C20D0B21B
:10554000704700BF10B5044654B394F83D0028B925
:10555000002084F83C00204600F024F80220211DA1
:1055600084F83D00206802F013FF012084F8480011
:1055700084F83E0084F83F0084F8400084F841003D
:1055800084F8420084F8430084F8440084F845001D
:1055900084F8460084F8470084F83D00002010BDE0
:1055A000012010BDBCB5044621684C48704A9142A8
:1055B00022D0694A914244D0684A914254D0684A04
:1055C000914264D0464A914274D0B1F1804F18BFE5
:1055D000BCBD0168002241F00101016002210068A8
:1055E00000F00100019001981C20FEF737FA1C2002
:1055F000BDE8BC40FEF724BA81683A4D00224FF462
:1056000080634FF4006C4FF4005E41F00201816052
:105610002F21806800F0020001900198324885E84F
:10562000070005F10C0080E80C502846C5E9072268
:105630006A62FDF7CDFA08B1FBF705FF6562AC635E
:10564000BCBD0168002241F0020101600321006835
:1056500000F00200019001981D20FEF7FFF91D20C7
:10566000BDE8BC40FEF7ECB90168002241F004013E
:1056700001600221006800F00400019001981E20E2
:10568000FEF7ECF91E20BDE8BC40FEF7D9B9016871
:10569000002241F0080101600121006800F00800CB
:1056A000019001983220FEF7D9F93220BDE8BC40C4
:1056B000FEF7C6B90168002241F010010160022125
:1056C000006800F01000019001983620FEF7C6F93E
:1056D0003620BDE8BC40FEF7B3B900BFE84402582D
:1056E00000100040644300241000024090F83D1078
:1056F00001291CBF01207047022180F83D1001687C
:10570000C868B1F1804F40F00100C86014D0124861
:1057100081421CBF114881420ED0114881421CBFFA
:105720001048814208D0A14881421CBF0F488142E5
:1057300002D00F48814208D188680E4A02400020FA
:10574000062A18BFB2F5803F04D0086840F0010077
:1057500008600020704700BF0004004000080040BF
:10576000000C0040001800400000014000400140D3
:105770000004014007000100B0B50446022094F87F
:105780003C20012A4BD0012284F83C2084F83D00C3
:10579000206882683C4B1A4082600A683B4D8AB39D
:1057A000102A2FD0202A18BF302A2BD0402A3AD0D6
:1057B000502A43D0602A4CD0354B9A4222D0B2F5C1
:1057C000805F25D0B2F5005F4ED0B2F5801F18BFC4
:1057D000B2F1101F16D02F4B9A421CBF2E4B9A428B
:1057E00010D0702A1DD1D1E90123C9681A4342EAB9
:1057F0000121826822F47F4211438160816841F077
:10580000770104E081682940114341F0070181607C
:105810000020012184F83D10002184F83C10C0B222
:10582000B0BD0120F5E74B68CA68194602F088FF51
:1058300020688168294041F04701E8E74B68CA6861
:10584000194602F07DFF20688168294041F0570128
:10585000DDE74B68CA68194602F083FF206881685B
:10586000294041F06701D2E7D1E90123C9681A4311
:1058700042EA0121826822F47F42114381608168FB
:1058800041F48041C3E700BF8800CEFF88FFCFFF0F
:105890004000100020001000300010002DE9F84FEB
:1058A00004460D46002C4CD094F83D0028B9002049
:1058B00084F83C00204600F04BF8022084F83D00BC
:1058C00020688168214A11408160211D02F060FD3D
:1058D00020688168D0F818A0D0F820C0D5E9003E33
:1058E000D5E902B7D5E90489D5E9062619432B6A1B
:1058F0004BEA02224FF6FC4581604FF6FF71AA4346
:105900002AEA01013943114341EA062141EA08111B
:1059100041EA033181612CF0AA0141EA0E0141EA1A
:1059200009110162012084F8480084F83E0084F8DF
:105930003F0084F8440084F8450084F83D000020CE
:1059400000E0012001B0BDE8F08F00BFF8BFFEFF0E
:1059500010B586B0044601A81421FAF703FD2068AB
:105960001249884220D1A048016941F0010101613A
:10597000016901F0010100910099016841F01001F5
:10598000016001A9006800F01000009000984FF439
:1059900020600190022002900020CDE90300012048
:1059A00005900348FDF7BCFC06B010BD00000140A7
:1059B0000010025810B590F83E4090F83F3090F833
:1059C00044E090F845C0012204290BD0A9B9012C6C
:1059D00008BFBEF1010F41D1022180F83E1080F8CE
:1059E00044102CE0012B08BFBCF1010F36D102217D
:1059F00080F83F1080F845101DE0012C08BF012BF6
:105A00002CD1BEF1010F08BFBCF1010F26D102223B
:105A1000002980F83E2080F83F2080F8442080F85C
:105A200045200CD001680A6A22F001020A620A6A63
:105A300042F001020A6210216FF0100202E001211F
:105A40006FF001020068036A1A400262026A1143A1
:105A500000220162016841F001010160104610BDA1
:105A600070470000F8B504462068C768066907EA71
:105A70000605A90714D56FF0020101610121217704
:105A8000806910F0030F03D02046FFF7E9FF05E01F
:105A9000204600F0ADF8204600F03BF900202077CA
:105AA000680715D520686FF0040101610221217794
:105AB000806910F4407F03D02046FFF7D1FF05E056
:105AC000204600F095F8204600F023F900202077CA
:105AD000280715D520686FF008010161042121779E
:105AE000C06910F0030F03D02046FFF7B9FF05E0AF
:105AF000204600F07DF8204600F00BF900202077CA
:105B0000E80615D520686FF01001016108212177A2
:105B1000C06910F4407F03D02046FFF7A1FF05E0E5
:105B2000204600F065F8204600F0F3F800202077CA
:105B3000E80706D020686FF001010161204600F0FF
:105B4000EFF917F0800718BF16F4025005D020684F
:105B5000114901612046FFF764FC47B116F48070DB
:105B600005D020680D4901612046FFF759FC680601
:105B700006D520686FF040010161204600F0CEFAA2
:105B8000A80658BFF8BD20686FF0200101612046CB
:105B9000BDE8F840FFF746BC7FDFFFFFFFFEFFFFD9
:105BA00010B586B0044601A81421FAF7DBFB206883
:105BB000D749884216D10C48016841F004010160C0
:105BC00001A9006800F0040000900098C020019036
:105BD000022002900020CDE9030003200590034835
:105BE000FDF79EFB06B010BDE044025800080258C5
:105BF00070470000B0B504460D4694F83C000128FB
:105C000001D1022052E04FEAB2010120052984F8B7
:105C10003C0048D8DFE801F0030B131B2333206856
:105C2000294602F017FC206850F8181F1EE0206873
:105C3000294602F057FC206850F8181F26E020681B
:105C4000294602F091FC206850F81C1F0EE02068E5
:105C5000294602F0CDFC206850F81C1F16E0206891
:105C6000294602F0F9FC206850F8541F41F0080161
:105C70000160016821F00401016029690FE02068DA
:105C8000294602F01FFD206850F8541F41F40061BE
:105C90000160016821F480610160296909020268DC
:105CA000114301600020002184F83C10C0B2B0BD57
:105CB00010B5044654B394F83D0028B9002084F888
:105CC0003C00204600F024F80220211D84F83D000D
:105CD000206802F05DFB012084F8480084F83E0053
:105CE00084F83F0084F8400084F8410084F84200C2
:105CF00084F8430084F8440084F8450084F84600A2
:105D000084F8470084F83D00002010BD012010BD3C
:105D10007047704771B180B50B1F4FF0010C052221
:105D20004FEAB30EBEF1040F38BF0CEBB302BDE86F
:105D3000804000E00022024492F83E20012A1CBF6D
:105D40000120704761B10A1F4FEAB202032A0BD843
:105D5000DFE802F0020E1216022280F83F2012E065
:105D6000022280F83E200EE0022280F843200AE062
:105D7000022280F8402006E0022280F8412002E062
:105D8000022280F8422001F01F0101228A400168AE
:105D9000086AB1F1804F20EA02000862086A40EA0E
:105DA0000200086236D0234881421CBF224881424B
:105DB00030D0224881421CBF214881422AD053481A
:105DC00081421CBF5248814208D0524881421CBFC8
:105DD0005148814202D05148814224D1486CB1F1EE
:105DE000804F40F40040486414D0124881421CBFE8
:105DF000114881420ED0114881421CBF1048814297
:105E000008D0424881421CBF4248814202D04048EB
:105E1000814208D188680B4A02400020062A18BF38
:105E2000B2F5803F04D0086840F00100086000200F
:105E3000704700BF0004004000080040000C004014
:105E4000001800400700010001F01F02012303FABF
:105E500002FC0268136A23EA0C031362136A1362DA
:105E60002A4B9A421CBF2A4B9A4208D0294B9A428D
:105E70001CBF294B9A4202D0284B9A4211D1D2F82A
:105E800020C041F211131CEA030F0AD1D2F820C03E
:105E900040F244431CEA030F02BF536C23F4004357
:105EA0005364D2F820C041F211131CEA030F0AD147
:105EB000D2F820C040F244431CEA030F02BF13682B
:105EC00023F0010313604FEAB101042908D8DFE889
:105ED00001F0030B0F131700012180F83E1012E0B0
:105EE000012180F843100EE0012180F83F100AE004
:105EF000012180F8401006E0012180F8411002E005
:105F0000012180F842100020704700BF00000140CE
:105F100000040140004001400048014000440140AD
:105F2000F8B56249044620680968884240F09C80C0
:105F30005F4D287806281DD002283BD10320604AF7
:105F40005E4B2870688AA989081A00212883698312
:105F500001210BE0584E87B20130698302EB4707FD
:105F60002883BF5D5E18013106F8017CB1F5E27F40
:105F7000F0D11AE007204F4A504B2870688AA9894F
:105F8000081A00212883698301210BE04A4E87B259
:105F90000130698302EB47072883BF5D5E1801313A
:105FA00006F8017CB1F5E27FF0D1444840F2C3111C
:105FB00002F0EAFB686B01306863A96B0131B1F54F
:105FC0007A7FA96335D30020A863287870BBFAF7DD
:105FD00039FD3C4880ED000A04F0AEF83A483C4FE9
:105FE0003A4E80ED000A387808B1307810B93F4851
:105FF00090ED000AB7EEC00A36A053EC102B04F067
:10600000A7FE387820B13078012801D0384800E068
:106010003E4890ED000A37A0B7EEC00A53EC102BB3
:1060200004F096FE04F0D0F804F070FB04F046F89B
:10603000686B64280FD300206863E86B012802BFF7
:1060400033480088002806D1E87902281CBF0020C8
:10605000E86303F0B7FBB5F9140004F0D1FDB5F91E
:10606000160004F0FDFD20682A490968884218D10D
:1060700001F03CFA284C2168481C0929206060681E
:1060800000F10100606004DB0020206003F0E6FC0A
:1060900060680A28B8BFF8BD002060600448007836
:1060A00000B1F8BDBDE8F84003F0A6BD1C450024D2
:1060B00010000024BC2200243EFEFFFF00670024E5
:1060C0007C030024D8000024A06A0024600000247F
:1060D00066000024545F6C696768742E7478743DA0
:1060E00022252E3166A1E622FFFFFF006C0000246E
:1060F000A46A0024545F706F6F6C2E7478743D2214
:10610000252E3166A1E622FFFFFF0000700000246B
:10611000E4010024B445002468030024704790F88B
:106120008410012901D1022112E02421C0F8881035
:1061300002681368116821F0010123F00053116017
:106140000021416613602022C0F8882080F8841066
:10615000C8B2704770477047B0B5044694F88400E1
:10616000012801D102201BE0012084F884002420B2
:10617000C4F8880020680568026822F00102026005
:10618000826822F0606211438160204602F01EFBAB
:10619000206805602020C4F88800002084F884006E
:1061A000C0B2B0BDB0B5044694F88400012801D156
:1061B00002201BE0012084F884002420C4F8880019
:1061C00020680568026822F001020260826822F0FD
:1061D000604211438160204602F0F8FA20680560B1
:1061E0002020C4F88800002084F88400C0B2B0BD2C
:1061F0007047704770470000B0B5044640F62F0165
:106200002068C26902EA01030168D0F808E0202B87
:106210000DD101F020030EF080552B4307D0616FA4
:10622000002900F0AA812046BDE8B040084740F6AA
:106230000F0313401FBFD14B0B40D14D0EEA050C8D
:1062400018BF53EA0C0344D0D3070BD011F480736A
:106250001FBF01230362D4F8903043F0010318BF3D
:10626000C4F890300EF00105930708D53DB1022324
:106270000362D4F8903043F00403C4F8903053071D
:1062800008D53DB104230362D4F8903043F00203F3
:10629000C4F8903013070DD501F0200353EA0C0326
:1062A0001FBF08230362D4F8903043F0080318BFDF
:1062B000C4F8903013054ED511F080634BD04FF4E5
:1062C00000632546036255F8903F43F020032B609E
:1062D00043E002EA0105EB06E36E7CD5012B7AD19F
:1062E00010210162816811F0400F40F08680B4F8FF
:1062F0005C10B4F85E20B4F85E30002B00F03D81F5
:10630000891A89B209B938E1206850E8000F22687B
:1063100020F4907042E80003002BF5D1206850E88B
:10632000020FA84A1040226842E80203002BF5D170
:106330002020C4F88C000020E0666067206850E8E8
:10634000000F226820F0100042E80003002BF5D176
:1063500002202067E2E004F190052B68002B00F09A
:106360000C8112F020020BD001F020010EF08052BF
:1063700011431CBF616F002902D020468847206866
:106380002968806801F0280100F04000084374D0BB
:10639000204602F067FB2068816811F0400F01D1B0
:1063A00026E0206850E8020F216820F0400041E814
:1063B0000202002AF5D1D4F88000C8B17149016504
:1063C000FCF756F8002800F0D880D4F88000016D62
:1063D000BDE8B0400847D30244D51EF4800341D045
:1063E0004FF4801101622046BDE8B040FFF701BFC5
:1063F0002046BDE8B040FFF7FDBED4F880100A6823
:10640000614B9A4240D0DD4B9A421CBF5F4B9A428F
:106410003AD05F4B9A421CBF5E4B9A4234D05E4BDF
:106420009A421CBF5D4B9A422ED05D4B9A421CBFD4
:106430005C4B9A4228D05C4B9A421CBF5B4B9A4201
:1064400022D05B4B9A421CBF5A4B9A421CD05A4BEB
:106450009A421CBF594B9A4216D0594B9A4208BFD8
:106460000A6812E013065ED501F0800C0EF40003FA
:1064700053EA0C0357D0A16FD2E62046FFF7BAFECD
:106480000020C4F8900078E00A68043213689DB2D6
:10649000002D72D0B4F85C2095426ED2A4F85E3024
:1064A000C969B1F5807F01D132E0206850E8000F62
:1064B000216820F4807041E80002002AF5D12068AC
:1064C00050E8020F216820F0010041E80202002A92
:1064D000F5D1206850E8020F216820F0400041E823
:1064E0000202002AF5D12020C4F88C000020E066CA
:1064F000206850E8000F216820F0100041E80002F9
:10650000002AF5D1D4F88000FBF73CFEB4F85C20FB
:1065100002202067B4F85E00101A81B22046BDE860
:10652000B040FFF717BE6B060AD410021BD511F05E
:10653000804018D02046BDE8B040FFF759BE206823
:1065400050E8000F216820F0400041E80002002AD6
:10655000F5D12020C4F888000020A0672046BDE8BF
:10656000B04000F0EDB9D00107D5B1F1FF3F04DC38
:106570002046BDE8B040FFF7EEBDB0BD20010004ED
:1065800001000010B98900081000024040000240DC
:10659000580002407000024088000240A000024003
:1065A000B8000240100402402804024040040240A7
:1065B000580402407004024088040240B8040240BB
:1065C000A0040240FEFFFFEF10B50446D4B1D4F89A
:1065D000880028B9002084F88400204600F026F8BE
:1065E0002420C4F888002068016821F001010160BE
:1065F000A06A10B1204602F017F9204602F000FD13
:10660000012801D1012010BD2068416821F490418A
:106610004160816821F02A018160016841F0010137
:1066200001602046BDE8104002F068B92DE9F0474E
:1066300086B0044601A81421F9F794FE22684F4E53
:106640004F485049504B9A423FD08F4B9A4240F0AE
:1066500091808A68002742F400228A608A6802F4E6
:1066600000220092009A0A6842F001020A6009685A
:1066700001F00101009100994FF4C05101910221F4
:1066800002910621CDE90377059101A9FCF748FEA7
:10669000404D40204FF48061C5E90060C5E9020724
:1066A000296105F114001421F9F75CFE2846FCF776
:1066B0008FFA08B1FAF7C7FE342000210022E567FF
:1066C000AC63FDF7CBF9342052E00A69002742F0B1
:1066D00010020A610A6902F010020092009A0A6828
:1066E00042F001020A60096801F00101009100997D
:1066F0004FF4C0610191022102910721CDE9037796
:10670000059101A9FCF70CFE204D06F1600029213E
:106710004FF480684FF400694FF4005A85E8830015
:1067200005F10C0080E880072846C5E907776F620D
:10673000FCF74EFA08B1FAF786FEC4F88050AC6355
:10674000134D06F178002A21402285E88707284664
:10675000C5E907776F62FCF73BFA08B1FAF773FEF9
:10676000252000210022E567AC63FDF777F925209D
:10677000FDF766F906B0BDE8F08700BF28000240CB
:1067800000000258E044025800100140700200244A
:10679000F0020024F0010024D0F88C30202B1FD10F
:1067A0000123F1B1EAB110B50023C36603680E4CB2
:1067B000A3421CBF5C6814F4000F0BD000E0036818
:1067C00053E8003FD0F800C043F080634CE8003449
:1067D000002CF4D102F000FE0023BDE8104000E0E0
:1067E0000223D8B2704700BF000C00580068264949
:1067F000884218BF704770B5244D286C023018BF0E
:106800000120B0B1286C033018BF012098BB287854
:10681000072819D003282ED11D4804F099FA042026
:1068200040F2C31128701FA004F092FA05202870CE
:1068300021E02878052804D0012804BF0220287010
:1068400019E00620287016E0114804F081FA114C76
:1068500008200021002628702046FFF75BFA20461A
:106860000421FFF757FA0C480C490D4A4FF47A639C
:10687000FCF7ACFB2E700F4805F140010422FFF736
:106880008BFFBDE870407047004C004010000024B2
:10689000B8BD00084C46002464430024100C025884
:1068A000C0470024616464742033322C312C256489
:1068B000FFFFFF002C47002410B504461346D4F810
:1068C0008800202823D101B3FBB14FF0000C212018
:1068D0002165A4F85430A4F85630C4F890C0C4F828
:1068E0008800E06FB0B1134AC263134A0264134ACE
:1068F000C0E9132C22682832FCF768FB50B1102045
:10690000C4F890002020C4F88800012000E0022094
:10691000C0B210BD20684021016200E0206850E84C
:10692000020F216840F0800041E80202002AF5D100
:106930000020EDE71F8A00085D8A0008C989000869
:1069400070477047BFF34F8F05480168054A01F44F
:10695000E06111430160BFF34F8F00BFFDE700BF4F
:106960000CED00E00400FA050348FCF704BE00BF8C
:106970000148FCF734BE00BF30440024806B816BBB
:1069800009B100220A65C16B09B100220A6500F055
:10699000D5BB11F0010F01D1002207E090F8412092
:1069A00002F02803F222282B08BF42228B0709D5C8
:1069B00090F8413003F0280CF423BCF1280F08BFF5
:1069C00044231A430B0448BF42F0B802102908BF01
:1069D00042F09002202908BF42F02002402908BF5F
:1069E00042F040020068016891430160704700680E
:1069F000816911F0020F1CBF00218162816911F0D1
:106A0000010F02BF816941F001018161704770B5DA
:106A1000044694F84110206801F0280128291FD16C
:106A20008169C1F3004581690E0C8168C268E36821
:106A3000022B1BD186EAD11313F0060F21D020467A
:106A40004FF4004102F0FE06FFF7A3FF00202946A5
:106A5000324684F840002046BDE87040FCF78ABD0D
:106A60000821C161002084F8400070BD20464FF429
:106A70000041FFF78EFF002006F0FE0284F8400080
:106A80000FE0A26C0132A264A26C022A18BF70BD92
:106A900000226FF39F210823A264C36184F8402081
:106AA0008AB220462946BDE87040FCF763BD00006D
:106AB00010B50446002294F8410084F84220ED4BC2
:106AC0002838E3626285C0B2626C022841EA0201A2
:106AD000616408D820460321FFF75BFF282084F873
:106AE0004100354820E0204648F20301FFF751FFFE
:106AF0002046FFF77CFF94F84100602813D0202047
:106B000084F841002068816911F0200F0BD0816961
:106B100011F0100F05D01021C161616C41F004012A
:106B200061642021C16100206063216BA06BD8B13A
:106B3000212918BF112917D121680A6812F4804F42
:106B40001EBF0A6822F480420A60FBF77DFD01281F
:106B50001DD0A06B19490165002184F84010FBF796
:106B600087FC38B3A06B21E0E06B80B1222918BF0D
:106B700012290CD121680A6812F4004F1EBF0A685E
:106B800022F400420A60FBF75FFD012804D1204691
:106B9000BDE8104000F0D2BAE06B08490165002161
:106BA00084F84010FBF764FC20B1E06B016DBDE898
:106BB0001040084710BD00BF057000087D6900083F
:106BC000B0B50446AB480025E0622020256384F878
:106BD0004100480784F84250656311D52068406A37
:106BE000616A0870606A01306062208D40B10138CE
:106BF0002085608D01386085606C40F00400606421
:106C0000204648F20301FFF7C4FE20681021C1614D
:106C100084F840502046BDE8B040FCF73FBD00BFBF
:106C2000F8B504460D46202220680768E66A94F805
:106C30004110C261A1F12102092A1ED848F20101C6
:106C4000DFE802F0050C1B1B1B1B1B13050C204669
:106C500048F20101FFF79DFE21200CE0481C81B2A3
:106C60002046FFF796FE222005E0881C81B22046D0
:106C7000FFF78FFE002020632068416841F4004147
:106C800041604168DE4A114041602046FFF7AFFE97
:106C9000780408D4380443D52068016821F4004101
:106CA0000160E06B05E02068016821F4804101602B
:106CB000A06BA8B301685F4A91422DD05E4A914211
:106CC0001CBF5E4A914227D05D4A91421CBF5D4A7B
:106CD000914221D05C4A91421CBF5C4A91421BD038
:106CE0005B4A91421CBF5B4A914215D05A4A91427D
:106CF0001CBF5A4A91420FD0594A91421CBF594A6F
:106D0000914209D0584A91421CBF584A914203D03F
:106D1000574A914240F08C800068043000686085DA
:106D200068070FD5206825F00405406A616A08707D
:106D3000606A01306062208D20B101382085608D4D
:106D400001386085608D18B1606C40F004006064AB
:106D500007EA0500EA4FC0062DD5608D80B1206896
:106D60001021C161606C40F00400606446F08070E6
:106D7000B0F1807F1FD1616C2046FFF799FE1AE0C9
:106D800094F84100B6F1007F08BF282804D12046BE
:106D90002946FFF715FF0EE094F841002168102204
:106DA000BE42CA6107D0292805D12046FFF71FFE41
:106DB000204600F061F8002084F842006063606CB7
:106DC00070B1616C2046FFF773FE94F841002828EB
:106DD00018BFF8BD20462946BDE8F840FFF7F0BED1
:106DE000E06AB8420FD194F84100202184F84110A4
:106DF0000021216384F84010222814D12046BDE8E8
:106E0000F840FCF7A9BD204600F036F82020E762E4
:106E100084F841000020206384F840002046BDE84B
:106E2000F840FCF73BBC2046BDE8F840FCF795BDB8
:106E3000081D73E710000240280002404000024095
:106E4000580002407000024088000240A00002404A
:106E5000B8000240100402402804024040040240EE
:106E6000580402407004024088040240B804024002
:106E7000A00402400000FFFF10B504460021206876
:106E8000026884F842101A4912F4804F02D11104AA
:106E9000184902D502681140016094F84100292880
:106EA00010D12820012184F84100212020632046B0
:106EB000FFF76FFD002084F840002046BDE8104039
:106EC000FCF74BBD94F841002A2818BF10BD2820BC
:106ED000022184F84100222020632046FFF759FD5B
:106EE000002084F840002046BDE81040FCF734BD87
:106EF000FFBFFFFFFF7FFFFF2DE9F04704460D4670
:106F000092462068816911F0100F02D100250021FE
:106F100043E010214FF001094FF000086F1CC161E0
:106F200089F001062068816946EA5111C9072CD110
:106F3000002FF7D0FCF7CEFA1DB1A0EB0A00A84253
:106F4000F0D92068426894F842308169202B0CD037
:106F500012F4804209D111F4004106D0416841F495
:106F600080414160FCF7B6FA82462068806910F0E3
:106F7000200FD7D1FCF7AEFAA0EB0A001A28F4D301
:106F800048F020084FF00009CAE75FEAC97148F0ED
:106F900004051CBF2021C1610121826912F4807F98
:106FA0001FBF4FF48071C16145F0010501215305F8
:106FB00041BF4FF48061C16145F008050121920590
:106FC00003D439B90020BDE8F0874FF4007145F0D3
:106FD0000205C1612046FFF70AFD20684168084AA2
:106FE00011404160606C28436064202084F84100B7
:106FF000002084F8420084F840000120BDE8F087BA
:1070000000E800FE10B50446E06A94F84030012B19
:1070100001D102200CE0012384F8403001EA020390
:107020009A0607D52046FFF7FBFD002084F84000B4
:10703000C0B210BDDA06324A12D5638D33B321686F
:10704000102240F08070B0F1807FCA61616C41F025
:1070500004016164E9D1616C2046FFF729FDE4E792
:1070600059071ED5618D61B12168496A636A19703B
:10707000616A01316162218D01392185618D01399A
:107080006185618D9042D0D0F1B1CEE794F8413066
:10709000B0F1007F08BF282B09D12046FFF790FDF3
:1070A000C3E7190714D52046FFF7B1FCBDE794F8F4
:1070B00041C0236810219042D961B6D0BCF1290F9C
:1070C000B3D12046FFF793FC2046FFF7D5FEACE78F
:1070D0009907AAD5618D61B1616A206811F8012B09
:1070E00082626162608D01386085208D0138208563
:1070F0009BE740F08070B0F1807F7FF496AFE3E7CC
:107100000000FFFF10B5DDF808C00B4C00684FF41D
:10711000806E6FF39F21194341EA02410EEA5C5EE3
:1071200041EA0C018EEA040E446821F0004104EAB1
:107130000E042143416010BD009C00FC90F84110FA
:10714000602908D1202180F841100021016380F8D6
:107150004010FCF70EBA0021016380F84010FCF7E4
:1071600048BA2DE9F843DDF820801D4616460F4643
:10717000044605F10109206880693840C01BB0FA57
:1071800080F04009B04226D1204629464246FFF70A
:10719000B3FEF0B9B9F1000FEDD0FCF79BF91DB1CA
:1071A000A0EB0800A842E6D9206880693840C01BDF
:1071B000B0FA80F04009B042DDD1606C40F02000B0
:1071C0006064202084F84100002084F8420084F8A4
:1071D0004000012000E0002001B0BDE8F08370B560
:1071E00015460E4604462068806910F0200F1CBF2B
:1071F000002070BD204631462A46FFF77DFEB0B91B
:10720000FCF768F916B1401BB042ECD920688069E0
:1072100010F0200FE7D1606C40F020006064202067
:1072200084F84100002084F8420084F840000120E6
:1072300070BDF8B50E4615460446771C2068806977
:1072400010F0020F20D1204631462A46FFF754FEA7
:10725000C0B9002FF2D0FCF73DF916B1401BB04287
:10726000ECD92068806910F0020FE7D1606C40F023
:1072700020006064202084F84100002084F842004F
:1072800084F84000012000E0002001B0F0BD0000C3
:107290002DE9F047FAF710F96E48002140F2FF722D
:1072A000FAF74EF9DFF8B0816C4C00214046A04758
:1072B00040460421A0476A48FEF718FA6949C720EA
:1072C000C1F800088A4642F20F71674801606748BA
:1072D000FEF70CFA66480421A047DFF89891B9F947
:1072E000140003F08DFCB9F9160003F0B9FC624CF0
:1072F00000212046FAF711FF20461021FAF70DFF72
:107300005E4C5F4D4FF40061012204F5006630468B
:10731000A84730464FF480510022A847204602215A
:107320000122A847204601210122A8472046082122
:107330000122A847204604210122A84704F58057CE
:10734000082101223846A847384610210122A847C3
:10735000384620210022A84730464FF40051012230
:10736000A84730464FF480410122A84730464FF4E9
:1073700000410122A847D8F80000C16841F400711B
:10738000C160404801684048404A91421CBF404AA1
:10739000914229D03F4A91421CBF3F4A914223D09B
:1073A0003E4A91421CBF3E4A91421DD03D4A914205
:1073B0001CBF3D4A914217D03C4A91421CBF3C4AF7
:1073C000914211D03B4A91421CBF3B4A91420BD0A3
:1073D0003A4A91421CBF3A4A914205D0394A9142F9
:1073E0001CBF394A914231D16FF008020B681A4034
:1073F0000A6040F2F311042201609F2141600221E2
:10740000C1600161632009F14001CAF80000C72092
:10741000CAF804002D48FFF7BFF92D4D4FF4487608
:1074200003E0284603F094FC013E002EF9D129A088
:1074300003F08EFC03F064FA2A482B4A04F54161FC
:107440004FF47A63BDE8F047FBF7C0BD6FF004026C
:10745000CCE700BFFC4100244C460024155D000829
:107460001C450024280400402C0C0040B445002496
:1074700084440024100000246042002400000258CC
:10748000BF340008F001002428040140100002402D
:1074900028000240400002405800024070000240B4
:1074A00088000240A0000240B800024010040240E0
:1074B0002804024040040240580402407004024084
:1074C00088040240B8040240A00402402C47002473
:1074D000B8BD0008636C652033322C323535FFFFB0
:1074E000FF00000064430024C047002470B58A4EAA
:1074F00030788A4C022837D0012871D0002840F01B
:107500000981A4F540654FF400612846FBF7D2FFDE
:1075100018B328464FF48061FBF7CCFFE8B1204652
:107520004FF40041FBF7C6FFB8B120464FF480414D
:10753000FBF7C0FF88B120464FF40051FBF7BAFFBC
:1075400058B120464FF48051FBF7B4FF28B12046D4
:107550004FF48071FBF7AEFF08B90120307070481E
:1075600000214160017070BDA4F540654FF40061D9
:107570002846FBF79FFF002800F0CC8028464FF4F8
:107580008061FBF797FF002800F0C48020464FF48D
:107590000041FBF78FFF002800F0BC8020464FF42D
:1075A0008041FBF787FF002800F0B48020464FF4AD
:1075B0000051FBF77FFF002800F0AC8020464FF41D
:1075C0008051FBF777FF002800F0A48020464FF49D
:1075D0008071FBF76FFF002800F09C80002034E0F2
:1075E000A4F540654FF400612846FBF763FF70B3D4
:1075F00028464FF48061FBF75DFF40B320464FF40F
:107600000041FBF757FF10B320464FF48041FBF7D2
:1076100051FFE0B120464FF40051FBF74BFFB0B1F2
:1076200020464FF48051FBF745FF80B120464FF4D0
:107630008071FBF73FFF50B139490020B0800978D5
:10764000012902BF0120B0700220307062E028469C
:107650004FF40061FBF72EFF28B328464FF48061FA
:10766000FBF728FF08B320464FF40041FBF722FF49
:10767000E8B120464FF48041FBF71CFFC8B120461B
:107680004FF40051FBF716FFA8B120464FF480518C
:10769000FBF710FF88B120464FF48071FBF70AFF1B
:1076A00068B907200AE0012008E0022006E0032074
:1076B00004E0042002E0052000E006207070184875
:1076C000017809B90121017041684A1C0121426019
:1076D0004170B188212A08D339B90221B170002143
:1076E000416001700120B08070BD4B1E9BB2082B21
:1076F00006D90A2928BF052A0CD30221B1702FE729
:10770000112A07D30222B270002242600270481C84
:10771000B08070BD70BD00BFE001002400100258B1
:1077200068020024C1F3045CC1F34061072300EB4D
:10773000810003FA0CF302FA0CF2416999431143F8
:1077400041617047B0B58AB0002568461C21099593
:10775000CDE90755F8F706FE1B4C1C480421C4E987
:1077600000050120C4E902552161257565751521C3
:10777000A06104F124002577F8F7F4FD2046FAF71C
:107780005BFA08B1F9F75FFE0F4807A90795F9F70B
:1077900029FF08B1F9F757FE0D4840F2FF7100903C
:1077A000062001900020029003910421CDE90410ED
:1077B0008DF8190004486946F9F776FF08B1F9F722
:1077C00042FE0AB0B0BD00BFFC41002400200240D0
:1077D0001000C010E0B59B484FF48062016841F48E
:1077E00000110160006800F40010019001980F4939
:1077F0000D480160012141600021C0E902110162D0
:10780000C0E90611C0E90421FBF7E2F908B1F9F774
:107810001AFE822000210022FCF720F98220BDE818
:107820008C40FCF70DB900BF744200240854025884
:1078300080B58AB001A82421F8F794FD10481149B9
:107840000160FAF707FC08B1F9F7FDFD00200121FE
:107850000022CDE901000390CDE90410084801A9F8
:10786000FAF720FB08B1F9F7EEFD054801A910224F
:10787000FAF718FB08B1F9F7E6FD0AB080BD00BFC2
:107880006042002400740040BCB51348134C002231
:10789000016841F0010101600021006800F0010071
:1078A000019001980B20A0470D4D0B20A8470C20FC
:1078B00000210022A0470C20A84710200021002210
:1078C000A0471020A847112000210022A047112026
:1078D0002946BDE8BC400847D84402585D3A000834
:1078E000413A00082DE9F04F87B04FF00009574E9C
:1078F00000223825CDF818905248016841F0100157
:107900000160016801F0100101910199016841F0E5
:1079100004010160016801F004010191019901680D
:1079200041F080010160016801F08001019101993D
:10793000016841F001010160016801F0010101915C
:107940000199016841F002010160016801F0020142
:1079500001910199016841F0080101603821006836
:1079600000F0080001900198374C04F5805840461B
:10797000B04704F5006B4FF4784100225846B047F9
:1079800020460F210022B0472046802101224FF0DF
:10799000010AB04704F580674FF440510022384691
:1079A000B047CDE9025A2A4D02AE4046CDE90499CE
:1079B0003146A8474FF478403146CDE9020A58468F
:1079C000CDE90499A8470F203146CDE9020A2046A7
:1079D000CDE90499A84780203146CDE9020A204626
:1079E000CDE904A9A8474FF4714002A981E8010636
:1079F00040463146A8474FF4406002A981E801069D
:107A000038463146A8474FF440503146CDE9020A86
:107A10003846CDE90499A8474FF6777004F54064DD
:107A20003146CDE90209022004902046A84788206B
:107A300002A981E8010620463146A84707B0BDE803
:107A4000F08F00BFE044025800000258BF34000825
:107A50002133000810B5124C124814212060274829
:107A600060600020A0600120E06004F11000F8F7E1
:107A700079FC2046FBF7BEFD08B1F9F7E4FC0848A5
:107A80000021FBF72DFD08B1F9F7DDFC04480021CA
:107A9000FBF74BFD18B1BDE81040F9F7D4BC10BDA1
:107AA000DC4300240054004010B5124C124814214D
:107AB0002060124860600020A0600120E06004F1B6
:107AC0001000F8F74FFC2046FBF794FD08B1F9F7DA
:107AD000BAFC08480021FBF703FD08B1F9F7B3FC35
:107AE00004480021FBF721FD18B1BDE81040F9F76B
:107AF000AABC10BD30440024001C0058FFECC0108C
:107B000010B58CB00024154801224FF6FF73029483
:107B1000CDE90044124980E816000F21C0E9033482
:107B2000C0E90544CDE90324CDE90524CDE90714D6
:107B3000CDE909240B9103A9FDF7B0FE08B1F9F7CF
:107B400082FC06486946CDE900440294FDF7B4FC86
:107B500008B1F9F778FC0CB010BD00BF84440024D4
:107B60000000014080B588B0174800214FF08042E6
:107B700044F61F634FF0630C0791CDE90511CDE981
:107B80000311CDE90111C0E90023C0E9021C016124
:107B90008161FDF7D7FC08B1F9F755FC4FF480502F
:107BA00004A904900848FDF7E7FD08B1F9F74BFC7C
:107BB000002001A9019003900348FDF77DFC08B166
:107BC000F9F741FC08B080BDD044002480B588B0EE
:107BD0000021174844F61F6340F2CF7C0791CDE99E
:107BE0000511CDE90311CDE90111124AC0E90023C5
:107BF000C0E9021C01618161FDF7A4FC08B1F9F73D
:107C000022FC4FF4805004A904900948FDF7B4FD0C
:107C100008B1F9F718FC002001A90190039004486D
:107C2000FDF74AFC08B1F9F70EFC08B080BD00BFB3
:107C30001C4500240004004080B588B0002117488E
:107C400044F61F634FF0630C0791CDE90511CDE9B0
:107C50000311CDE90111124AC0E90023C0E9021C59
:107C600001618161FDF76EFC08B1F9F7ECFB4FF49F
:107C7000805004A904900948FDF77EFD08B1F9F78A
:107C8000E2FB002001A9019003900448FDF714FCD9
:107C900008B1F9F7D8FB08B080BD00BF68450024E3
:107CA0000008004080B588B0002116484FF0FF332F
:107CB0000791CDE90511CDE90311CDE90111124A72
:107CC000C0E90021C0E9021301618161FDF73AFCBE
:107CD00008B1F9F7B8FB4FF4805004A904900948A3
:107CE000FDF74AFD08B1F9F7AEFB002001A90190AC
:107CF00003900448FDF7E0FB08B1F9F7A4FB08B0D6
:107D000080BD00BFB4450024000C00401FB5002416
:107D10000D48C7224FF6FF730394CDE901440B4988
:107D200080E81600C3608461FDF70CFC08B1F9F728
:107D30008AFB054801A901940394FDF7BDFB08B136
:107D4000F9F781FB1FBD00BF004600240010004072
:107D5000B0B59AB00CAC00251C2120461995CDE990
:107D60001755CDE91555CDE91355F8F7FBFA01A8DC
:107D70002C21F8F7F7FA2E482E494FF6FF72C0E98A
:107D80000015C0E90252C0E904558561FDF7DAFB30
:107D900008B1F9F758FB4FF4805016A91690244803
:107DA000FDF7EAFC08B1F9F74EFB2148FDF780FF2B
:107DB00008B1F9F748FB002013A9CDE9130015908D
:107DC0001B48FDF779FB08B1F9F73DFB602018214E
:107DD0000C90201DF8F7C6FA154821460022FDF741
:107DE00009FF08B1F9F72FFB11480CA90422FDF790
:107DF00001FF08B1F9F727FB01AC14212046F8F781
:107E0000B1FA4FF400504FF0007106900020CDE918
:107E10000700CDE909100B9005482146FDF704FB4A
:107E200008B1F9F710FB0248FDF7BAFE1AB0B0BD71
:107E30004C4600240004014010B5164C16484FF47F
:107E4000612100220C2384E8070004F118001421AA
:107E5000C4E903226361F8F785FA2046FEF7B4FB14
:107E600008B1F9F7F0FA0B480021FEF79BF908B1C9
:107E7000F9F7E9FA07480021FEF76EF908B1F9F7BA
:107E8000E2FA0448FEF74BF918B1BDE81040F9F7E3
:107E9000DABA10BD2C470024004C004010B5164C37
:107EA00016484FF4E13100220C2384E8070004F166
:107EB00018001421C4E903226361F8F753FA20463D
:107EC000FEF782FB08B1F9F7BEFA0B480021FEF776
:107ED00069F908B1F9F7B7FA07480021FEF73CF94C
:107EE00008B1F9F7B0FA0448FEF719F918B1BDE87E
:107EF0001040F9F7A8BA10BD9846002400100140C0
:107F0000FEE7FEE77047000010B5B0B06C46982160
:107F100004F12800F8F726FA002001900F4900919B
:107F200004210291092103910221CDE90411069156
:107F3000C0210791202108914FF44061099101214E
:107F40001E9108211F9129902046FCF723F918B1B2
:107F5000EFF3108072B6FEE730B010BD03000800EA
:107F6000F8B5F14F05460C46B86A00F00300032847
:107F700001D1012076E0386820F080603860FBF79E
:107F8000A9FA0646386810F0006F05D0FBF7A2FA90
:107F9000801B0228F6D962E0B86A29682B1D4FF4CD
:107FA0007E46002C20F47C3040EA0130B8620FCBD2
:107FB00006EB412100F2FF1089B26FF35F2040EA27
:107FC00001004FF4FE0101EB024101F4FE0140EA21
:107FD00001004FF0FE4101EB036101F0FE4140EA78
:107FE0000100B863F86A696920F0C00040EA010046
:107FF000F862F86AA96920F0200040EA01004FF613
:10800000F871F862F86A20F01000F862F86B20EA64
:108010000100E96940EAC100F863F86A40F0100025
:10802000F86208D04FF40010012C08BF4FF4801004
:10803000F96A084302E0F86A40F40020F862386800
:1080400040F080603860FBF745FA0446386810F06D
:10805000006F06D1FBF73EFA001B0328F6D303207E
:1080600000E00020C0B201B0F0BD00BFF8B5AE4FD7
:1080700005460C46B86A00F00300032801D1012030
:1080800076E0386820F080503860FBF723FA064627
:10809000386810F0005F05D0FBF71CFA801B02283F
:1080A000F6D962E0B86A29682B1D4FF47E46002C91
:1080B00020F07C7040EA0150B8620FCB06EB412102
:1080C00000F2FF1089B26FF35F2040EA01004FF425
:1080D000FE0101EB024101F4FE0140EA01004FF014
:1080E000FE4101EB036101F0FE4140EA010038640A
:1080F000F86A696920F4406040EA0100F862F86AB1
:10810000A96920F4007040EA01004FF6F871F862A6
:10811000F86A20F48070F862786C20EA0100E9695E
:1081200040EAC1007864F86A40F48070F86208D0D0
:108130004FF08070012C08BF4FF40000F96A08432B
:1081400002E0F86A40F48000F862386840F080503D
:108150003860FBF7BFF90446386810F0005F06D1BD
:10816000FBF7B8F9001B0328F6D3032000E000203A
:10817000C0B201B0F0BD00BF70B505460D480C4659
:108180000068013018BF70BD05EB8206FBF7B0F840
:1081900007E0012029462246FBF766F820B9203483
:1081A0002035B542F5D302E003A002F0D1FDFBF784
:1081B00051F870BD0090010874332E7478743D221C
:1081C0006572726F7222FFFFFF0000007047FBF7BD
:1081D000C5BB0000B0B59CB009A84C21F8F7C2F8A7
:1081E00001A82021F8F7BEF80220FBF773FC00205D
:1081F00000902548016821F001010160006800F04D
:10820000010000902148016841F44041016001688B
:1082100001F4404100910099016811F4005FFBD026
:10822000022001214024002509900C9104210D9485
:108230001290139514913221CDE91510CDE9170054
:108240000C20CDE9190509A81B95FCF733FE18B1E0
:10825000EFF3108072B6FEE73F2002210190032069
:10826000CDE902050820CDE904044FF480600694AE
:10827000CDE9070401A8FCF729FC18B1EFF3108041
:1082800072B6FEE71CB0B0BD2C0400581848025866
:108290002348016841F4700101602248016801F03F
:1082A0000F0106299FBF0168072262F303010160E5
:1082B00010B51D490A6842F001020A6000220A61F5
:1082C0000B681A4C23400B60036813F0080F1FBFA4
:1082D0000368072464F3030303608A61CA610A62C6
:1082E000134B8B62134BCB62134B0B634A638B6351
:1082F000CA630B644A640B6823F480230B600A662C
:108300000E490968B2EB517FBDE8104002BF0C492D
:1083100001220A604FF4005143F2D20242507047EA
:1083200088ED00E000200052004402587FEDF6EA9C
:10833000000202020000FF01800201010010005C47
:10834000088100510148FDF78DBB00BFD0440024D7
:108350000148FDF787BB00BF1C4500240148FDF71D
:1083600081BB00BF684500240148FDF77BBB00BF0F
:10837000B445002480B50448F9F73DFE0348BDE844
:108380008040FDF76FBB00BF604200240046002420
:108390000268B0F1804F0ED02B4B98421CBF2B4B84
:1083A000984208D02A4B98421CBFC54B984202D035
:1083B000DE4B984203D14B6822F070021A43B0F1B1
:1083C000804F1CBF204B984214D0204B98421CBFBA
:1083D0001F4B98420ED0D54B98421CBFD44B9842AD
:1083E00008D0D44B98421CBFD34B984202D0D34BF9
:1083F000984203D1CB6822F440721A434B6922F0B1
:1084000080021A4302608A68C2620A688262C74AAE
:1084100090421CBFC64A904208D0C64A90421CBF38
:10842000C54A904202D0C54A904201D10969016310
:1084300001214161016911F0010F1EBF016921F0A5
:1084400001010161704700BF0004004000080040C6
:10845000000C0040B0B5D0F820C0026A22F0010242
:1084600002622CF00202D0F804E085698C680B6887
:1084700014435E4A2A4042EA030CAC4A90421CBFB5
:10848000AB4A904208D0AB4A90421CBFAA4A9042E5
:1084900002D0AA4A904206D1CB6824F00C0223F005
:1084A000040343EA0204A14A90421CBFA04A90423E
:1084B00008D0A04A90421CBF9F4A904202D09F4AD7
:1084C000904206D1D1E905232EF440752A4342EAB1
:1084D000030EC0F804E0C0F818C0496841630462A4
:1084E000B0BD00BFB0B5D0F820C0036A23F01003C0
:1084F0002CF020020362D0F804E083698C680D68D8
:1085000042EA0414534A1A40894B42EA052C40F4CB
:1085100080629A4201BFCA686FF04F0303EA0212F9
:1085200024F0C00308BF42EA0304804A90421CBF03
:108530007F4A904208D07F4A90421CBF7E4A9042B8
:1085400002D07E4A904207D1D1E905232EF440653E
:1085500045EA820242EA830EC0F804E0C0F818C07F
:10856000496881630462B0BDB0B5D0F820C0036A29
:1085700023F480732CF400720362D0F804E0C36922
:108580008C680D6842EA0424184A1A40684B42EA93
:10859000050C40F480629A4208D1CA6840F2FF4359
:1085A00012029A4324F4406342EA03045F4A904271
:1085B0001CBF5F4A904208D05E4A90421CBF5E4A90
:1085C000904202D05D4A904207D1D1E905232EF4B2
:1085D000405545EA021242EA031EC0F804E0C0F822
:1085E0001CC04968C1630462B0BD00BF8CFFFEFFC0
:1085F000B0B5D0F820C0036A23F4805303622CF492
:108600000053D0F804E0C5698A680C6843EA023C6C
:10861000104A464B984202EA05021CBF444B98425E
:1086200042EA042208D0434B98421CBF424B984276
:1086300002D0424B984204D14B692EF4804545EA62
:10864000831EC0F804E0C26149680164C0F820C01C
:10865000B0BD00BFFF8CFFFEB0B5D0F820C0036AEC
:1086600023F4803303622CF40033D0F804E0456D2A
:108670008A680C6843EA024C104A2C4B984202EA82
:1086800005021CBF2A4B984242EA040208D0294B3B
:1086900098421CBF284B984202D0284B984204D1E4
:1086A0004B692EF4803545EA032EC0F804E042659C
:1086B00049688165C0F820C0B0BD00BF8FFFFEFFD4
:1086C00000040140B0B5D0F820C0036A23F4801341
:1086D00003622CF40013D0F804E0456D8A680C683E
:1086E00043EA025C104A114B984202EA05021CBFA1
:1086F0000F4B984242EA042208D00E4B98421CBF0E
:108700000D4B984202D00D4B984204D14B692EF488
:10871000802545EA832EC0F804E042654968C165BA
:10872000C0F820C0B0BD00BFFF8FFFFE00000140B9
:108730000004014000400140004801400044014065
:10874000D0F820C0036A23F001030362836923F099
:10875000F00343EA021282612CF00A021143016223
:108760007047D0F820C0036A23F0100303628369C6
:1087700023F4704343EA023282612CF0A00242EA01
:108780000111016270470000B0B50C460146B4F516
:10879000FA7F84BF0120B0BD0748084D0022027057
:1087A00028462246F7F7C5FD074829462246BDE878
:1087B000B040FEF781B800BFA86A0024AC6A00246C
:1087C0000148FDF719BD00BF2C470024416ED9B107
:1087D00080B502680FF2400C0FF2440E9168C1F3AD
:1087E000426192681CF801301EF80110520F090115
:1087F000B1FBF3F11CF802301EF802201201B2FBAB
:10880000F3F2BDE8804001E001220121A0F86A20D6
:10881000A0F86810704700BF0804020408010101B5
:108820000101010307010000816A11F0080F08D05F
:1088300002685368D0F838C023F4004343EA0C03BD
:108840005360CA0708D002685368D0F82CC023F4DC
:10885000003343EA0C0353608A0708D50268536863
:10886000D0F830C023F4803343EA0C0353604A0746
:1088700008D502685368D0F834C023F4802343EA53
:108880000C035360CA0608D502689368D0F83CC050
:1088900023F4805343EA0C0393608A0608D50268E8
:1088A0009368D0F840C023F4005343EA0C0393606C
:1088B00080B54A0615D5D0F800E0DEF804C0436C58
:1088C0002CF48012B3F5801F42EA0302CEF8042094
:1088D00007D1DEF80420836C22F4C0021A43CEF8DC
:1088E00004200906BDE8804058BF704701684A6807
:1088F000C06C22F40022104348607047BCB50446A7
:108900000020C4F89000FAF7E5FD054620680168EC
:1089100011F0080F18D027484FF4001100222B4601
:108920000090204600F0EEFD68B1206850E8000F8E
:10893000216820F0800041E80002002AF5D12020C3
:10894000C4F8880025E02068006810F0040F22D0E9
:1089500018484FF4800100222B460090204600F07A
:10896000D1FDC0B1206850E8000F216820F490705C
:1089700041E80002002AF5D1206850E8020F216882
:1089800020F0010041E80202002AF5D12020C4F8BD
:108990008C00032007E02020C4F88800C4F88C0075
:1089A0000020E06620670021C0B284F8841002B085
:1089B000B0BD00BFFFFFFF01806B0021A0F85E107B
:1089C000A0F85610FDF716BCB0B5846BD4F888201B
:1089D000D4F88C5020688168212A09D111F08001D7
:1089E00006D00020A4F85600204600F063F8206866
:1089F0008068222D08D110F0400005D00020A4F896
:108A00005E00204600F02EF8D4F8900040F01000F0
:108A1000C4F890002046BDE8B040FDF7EBBBC1694B
:108A2000806BB1F5807F08BFFDF78ABF0021A0F8F9
:108A30005610016851E8021F026821F0800142E8E7
:108A40000213002BF5D1016851E8001F026841F0C4
:108A5000400142E80013002BF5D17047806BFDF711
:108A600070BF0000016851E8001F026821F4907196
:108A700042E80013002BF5D1016851E8021FBA4A01
:108A80001140026842E80213002BF5D1C16E0129A2
:108A900009D1016851E8001F026821F0100142E885
:108AA0000013002BF5D12021C0F88C100021C166E5
:108AB00041677047016851E8001F026821F0C0015A
:108AC00042E80013002BF5D1016851E8021F02684B
:108AD00021F4000142E80213002BF5D12021C0F857
:108AE00088107047B0F86020D0F88C300168222BD5
:108AF00059D14B6A1A40836D23F8022B8365B0F875
:108B00005E20013AA0F85E20B0F85E20002A18BF6F
:108B1000704700E0016851E8001F026821F490717D
:108B200042E80013002BF5D1016851E8021F0268EA
:108B300021F0010142E80213002BF5D12021C0F8F9
:108B40008C100021416701670168BB4A91421CBF3C
:108B50004A6812F4000F0AD000E0016851E8001FD3
:108B6000026821F0806142E80013002BF5D1C16E4C
:108B7000012918BFFDF73ABE0021C166016851E81E
:108B8000001F026821F0100142E80013002BF5D10C
:108B90000168CA6912F0100F1CBF10220A62B0F8F7
:108BA0005C10FDF7D7BA886940F00800886170470B
:108BB0002DE9F84F04462068B4F86050D0F81CB096
:108BC00001688268D4F88C30222B40F0C580B4F85C
:108BD000687002F0010601F480784FF020094FF030
:108BE000000A95E01BF0200000F095802068416AA3
:108BF000A26D294022F8021BA265B4F85E1001396B
:108C0000A4F85E10D0F81CB01BF0070F30D0B8F1FC
:108C1000000F0BD01BF001011FBF01210162D4F82E
:108C2000901041F0010118BFC4F890105EB11BF024
:108C300002011FBF02210162D4F8901041F004012B
:108C400018BFC4F890105EB11BF004011FBF0421CF
:108C50000162D4F8900040F0020018BFC4F8900000
:108C6000D4F8900020B12046FDF7C4FAC4F890A0D3
:108C7000B4F85E0000284BD1206850E8000F21684E
:108C800020F4807041E80002002AF5D1206850E805
:108C9000020FD9490840216841E80202002AF5D1B3
:108CA000C4F88C90C4F874A0C4F870A02068D349AC
:108CB00088421CBF416811F4000F0AD000E0206810
:108CC00050E8000F216820F0806041E80002002A8F
:108CD000F5D1E06E012818D1C4F86CA0206850E8E6
:108CE000000F216820F0100041E80002002AF5D1B1
:108CF0002068C16911F0100F1CBF102101622046CD
:108D0000B4F85C10FDF726FA02E02046FDF76EFD90
:108D1000002F7FF467AFB4F85E00D8B1B4F86810E4
:108D2000884228BFBDE8F88F206850E8020F21680C
:108D300020F0805041E80202002AF5D1094860671E
:108D4000206850E8000F216840F0200041E8000250
:108D5000002AF5D1BDE8F88F816941F008018161F1
:108D6000BDE8F88FE58A0008FEFFFFEFB0F860204D
:108D7000D0F88C300168222B59D1496A1140826D9C
:108D80001170816D01318165B0F85E100139A0F874
:108D90005E10B0F85E10002918BF7047016851E8F6
:108DA000001F026821F4907142E80013002BF5D1F6
:108DB000016851E8021F026821F0010142E8021334
:108DC000002BF5D12021C0F88C10002141670167EC
:108DD00001688A4A91421CBF4A6812F4000F0AD007
:108DE00000E0016851E8001F026821F0806142E85C
:108DF0000013002BF5D1C16E012918BFFDF7F6BC99
:108E00000021C166016851E8001F026821F01001CD
:108E100042E80013002BF5D10168CA6912F0100F67
:108E20001CBF10220A62B0F85C10FDF793B9886984
:108E300040F0080088617047000C00582DE9F84F99
:108E400004462068B4F86050D0F81CB0016882680D
:108E5000D4F88C30222B40F0C780B4F8687002F050
:108E6000010601F480784FF020094FF0000A97E0E6
:108E70001BF0200000F097802068406AA16D284018
:108E80000870A06D0130A065B4F85E000138A4F848
:108E90005E002068D0F81CB01BF0070F30D0B8F18E
:108EA000000F0BD01BF001011FBF01210162D4F89C
:108EB000901041F0010118BFC4F890105EB11BF092
:108EC00002011FBF02210162D4F8901041F0040199
:108ED00018BFC4F890105EB11BF004011FBF04213D
:108EE0000162D4F8900040F0020018BFC4F890006E
:108EF000D4F8900020B12046FDF77CF9C4F890A08A
:108F0000B4F85E0000284BD1206850E8000F2168BB
:108F100020F4807041E80002002AF5D1206850E872
:108F2000020F35490840216841E80202002AF5D1C4
:108F3000C4F88C90C4F874A0C4F870A02068E44908
:108F400088421CBF416811F4000F0AD000E020687D
:108F500050E8000F216820F0806041E80002002AFC
:108F6000F5D1E06E012818D1C4F86CA0206850E853
:108F7000000F216820F0100041E80002002AF5D11E
:108F80002068C16911F0100F1CBF1021016220463A
:108F9000B4F85C10FDF7DEF802E02046FDF726FC91
:108FA000002F7FF465AFB4F85E00D8B1B4F8681054
:108FB000884228BFBDE8F88F206850E8020F21687A
:108FC00020F0805041E80202002AF5D1094860678C
:108FD000206850E8000F216840F0200041E80002BE
:108FE000002AF5D1BDE8F88F816941F0080181615F
:108FF000BDE8F88F6D8D0008FEFFFFEF000C0058F4
:109000002DE9F04186B004462168A068D4E9042324
:10901000E56910430A681843A14B28431A401043DE
:1090200008604868E26820F44050104348609D485A
:10903000A0F50E368646A0699B4FB1421CBF226A3E
:1090400010438A68994B1A4010438860C86AD4F864
:1090500024C020F00F0040EA0C00C862944880460B
:109060009448954B994228D0944B994231D0944BD7
:1090700099423AD0934B994243D0934B994200F096
:109080004B80924B994200F05280914B994200F0F4
:109090005980904B994200F060808F4B994240F08C
:1090A00069803B68C3F3C203052B00F2638001278C
:1090B000DFE803F0695E626466683A6802F00703FD
:1090C000052B00F257800027DFE803F05D52565869
:1090D0005A5C3A6802F00703052B00F24B80002728
:1090E000DFE803F051464A4C4E503A6802F007035D
:1090F000052B00F23F800027DFE803F0453A3E40B1
:1091000042443A6802F00703052B33D80027DFE812
:1091100003F03A2F333537393A6802F00703052B4D
:1091200028D80027DFE803F02F24282A2C2E3A68BD
:1091300002F00703052B1DD80027DFE803F02419F0
:109140001D1F21237A6802F00703052B12D802277E
:10915000DFE803F0190E121416183A68C2F3C203BE
:10916000052B07D80127DFE803F00E0307090B0DD5
:10917000042708E0802706E0082704E0102702E023
:10918000202700E04027B14213D00121B5F5004F60
:1091900020D1082F2AD8DFE817F009005800000175
:1091A00000015B000001000100016000FBF7BCFD55
:1091B00057E0402F30D0042F31D0082F34D0102F5B
:1091C0003CD0202F00F0C180022F40F0E580FAF75C
:1091D000A7FC2DE0082F14D8DFE807F00580DFDFBB
:1091E00083DFDFDF8800FBF79FFD83E0102F00F0B7
:1091F0009880202F3AD0402F40F0CF804FF400408D
:1092000034E0102F00F09480202F77D0402F40F0D2
:10921000C4804FF4004071E04FF4004095E003A893
:10922000FAF73EFD049803E06846FAF7E3FD01987B
:10923000002800F0AF80D4F824C086E0DEF80000FB
:1092400010F0200F7BD140467FE0FBF77BFD08E06C
:1092500003A8FAF725FD049803E06846FAF7CAFD6B
:109260000198002800F09680D4F824C0584931F8BD
:109270001C10B0FBF1F061684A0802EB40004FF6A9
:10928000EF72B0FBF1F0A0F11001914200F2848086
:109290004FF6F0710140C0F34200084378E000BF90
:1092A000F369FFCF0044025854440258FFF4FF1101
:1092B0000090D00300093D000044004000480040F9
:1092C000004C00400050004000780040007C00400E
:1092D000000C00580014014000100140FBF732FD63
:1092E00008E003A8FAF7DCFC049803E06846FAF704
:1092F00081FD019800284DD0D4F824C034494FF6A0
:10930000EF7231F81C10B0FBF1F0616800EB510016
:10931000B0FBF1F0A0F1100191423DD8216880B27C
:1093200037E0DEF8000010F0200F42D140469DE704
:10933000DEF8000010F0200F42D14046DEE7DEF8F4
:109340000000C0F3C10028FA00F02149656831F837
:109350001C2005EB45070121B0FBF2F3BB421CD3F7
:109360002F03BB4219D800210023F6F7B1FF0902F1
:109370002A46002341EA1061000210EB550041F13A
:109380000001F6F7A5FF134AA0F54071914203D8FA
:109390002168C860002100E001210120A4F86A00D2
:1093A000A4F868000020C4E91D00084606B0BDE826
:1093B000F081DEF80000C0F3C10028FA00F055E7A4
:1093C000DEF80000C0F3C10028FA00F096E700BF05
:1093D000A0BD0008FFFC0F0081650021A0F85C2003
:1093E000A0F85E204167816871B1B1F1805F13D050
:1093F000B1F5805F18D10169FF23002908BF40F251
:10940000FF13A0F8603012E001697F23002908BF34
:10941000FF23A0F860300AE001693F23002908BF5C
:109420007F23A0F8603002E00021A0F86010002146
:10943000C0F890102221C0F88C10016851E8021F7A
:10944000D0F800C041F001014CE80213002BF4D128
:10945000436E8168B3F1005F03D1B0F86830934286
:1094600016D90269B1F5805F03D1CAB123494167BA
:1094700003E02249002A416714D0016851E8001F27
:10948000026841F4907142E80013002BF5D12FE0FF
:109490000269B1F5805F10D1F2B11649416710E061
:1094A00017494167016851E8001F026841F0200137
:1094B00042E80013002BF5D11AE00E49002A41675B
:1094C0000CD0016851E8001F026841F4807142E845
:1094D0000013002BF5D101E007494167016851E80D
:1094E000021F026841F0805142E80213002BF5D1BF
:1094F000002070473D8E0008B18B00086D8D00087C
:10950000E58A00082DE9F8430446DDF820909846E6
:1095100016460F46206809F10105C1693940C91B8B
:10952000B1FA81F14909B1422AD1002DF5D0F9F7FC
:10953000D1FF0321B9F1000F23D0A0EB080048456B
:109540001FD82068016811F0040FE6D0402F18BF23
:10955000802FE2D0C16911F0080F16D1C16911F452
:10956000006FDAD04FF4006101622046FFF77AFA0B
:1095700020200321C4F89000002084F8840000E03B
:109580000021C8B201B0BDE8F0830825056220467D
:10959000FFF768FA0020C4F89050012184F8840095
:1095A000EFE700000148FCF727BE00BF9846002403
:1095B000FEE7000000000000BCB533480078411E03
:1095C000062988BFBCBD4FF69C70DFE801F0040B94
:1095D000122B313A44002D4800210180BD2000901B
:1095E0002BA047E02948642101802720009028A073
:1095F00024E026499FED220BBFEE082B08802C4863
:109600005321B0F9000001EE100A40F25310B8EEF9
:10961000C11B01EE020BBDEEC00B00901CA010EEB2
:10962000102A29E0224800210180BD20009020E07E
:109630001F4864210180272000901EA0532127226B
:109640001AE01B4940F25312088040F25310532194
:10965000009018A010E00D480024BD255321BD2224
:109660005323009504800AA001F072FB1048009576
:10967000048010A05321BD22532301F069FBBCBD1F
:109680000000000000A067406100002424000024C6
:109690006D6F7665207A65726F312C25642C256498
:1096A0002C25642C25642C302C3330FFFFFF000068
:1096B000260000246D6F7665207A65726F322C2546
:1096C000642C25642C25642C25642C302C3330FF2D
:1096D000FFFF000010B518480021194C0160174821
:1096E000017020460021FCF715FB20460421FCF701
:1096F00011FB14481449D04A4FF47A63F9F766FC19
:1097000024480068013018BF10BD21480178112994
:109710001CBF11210170417839B1013911F0FF0FDF
:10972000417004BF0021017001E001214170BDE8DA
:109730001040FFF741BF00BF4C0000241000002480
:109740004C46002464430024100C02581048017851
:10975000022914D0112918BF01F06AB941780729EC
:1097600012D180B50021018000F0EAFB09480A49C6
:109770000422FEF701FDBDE88040FFF71DBF81799F
:1097800081F001018171704701314170FFF714BF11
:109790006000002400900108900100244FF4C8717B
:1097A0004143074841600021816005210160016853
:1097B00011F4803FFBD0016821F001010160704786
:1097C00010E000E02DE9F041DFF86CE29B4CDFF89F
:1097D00070C2DFF8708200228021B7EE040B46E0F1
:1097E0003EF8120000F1800301EB1020C0B2DBB2A2
:1097F000E528C4E90B3001D9E52002E0192801D899
:10980000192020638038E52B01EE100AB8EEC11B49
:1098100021EE001BBDEEC11B11EE100A00F180000D
:109820004FEAE07500EB156505F47F45A0EB0500F8
:109830002CF8120001D9E52302E0192B01D81923D5
:10984000E362A3F1800001EE100AB8EEC11B21EE25
:10985000001BBDEEC11B11EE100A8030C31700EBD8
:10986000136303F47F43C01A28F812000132B2F5E3
:109870007A6FB5D10022634641462EE000250020D4
:109880000026C4E90B5508E033F916703D4431F960
:109890001670013625633844E062012EF4D12E049F
:1098A0002CF8125028F81200B6F57F0F01DDFF26C4
:1098B00003E0B6F1FF3F02DC00262CF8126000B294
:1098C000FF2801DDFF2003E0B0F1FF3F02DC0020B4
:1098D00028F81200023302310132B2F57A6FCDD18D
:1098E000A079411E5848042900F29680DFE801F073
:1098F0000325476788006178B4F91420504B4FF472
:1099000080751144B4F90E20114400F5967240F2AE
:10991000F7300CE09E18B6F99E6FB14203DC33F9C4
:109920001060B14270DC02B9258102320130A0F131
:109930000F073E097C2EEDD960E06178B4F9142060
:109940003F4B4FF480751144B4F90E20114400F5DB
:10995000967240F2F7300CE09E18B6F99E6FB14255
:1099600003DB33F91060B1424EDB02B925810232CC
:109970000130A0F10F073E097C2EEDD93EE0617861
:10998000B4F916202F4B4FF480751144B4F9102010
:109990000A4440F261310CE01E18B6F99E6FB242E3
:1099A00003DA33F91160B24231DA00B925810230AD
:1099B0000131A1F10F073E097C2EEDD91EE061783F
:1099C000B4F916201F4B4FF480751144B4F91020E0
:1099D0000A4440F261310CE01E18B6F99E6FB242A3
:1099E00003DD33F91160B24211DD00B92581023087
:1099F0000131A1F10F073E097C2EEDD927830BE041
:109A00004FF47A70A08107E00738278301E02783AD
:109A1000C81FA08101202072A07858B12078E17978
:109A20000843000606D109A040F2C31101F090F9E5
:109A300001202070BDE8F081C04700241000002400
:109A40007C030024BC22002406F7FFFF61646474D9
:109A50002033322C302C2564FFFFFF0070B5394DC8
:109A60006878013806286BD8DFE800F0041A0C2269
:109A7000122B3D00A878022818BF012860D101F000
:109A800023F958E0A878022835D0012842D057E0C1
:109A9000A878022818BF012852D1FFF757FE4AE0E4
:109AA000A878022818BF01284AD100F053F842E0F4
:109AB000A878022831D0012818BF70BD00F0B8FF87
:109AC00039E04FF4487620A403E0204601F040F945
:109AD000013E002EF9D1A878012818BF02282FD105
:109AE000FFF7F8FD27E0A878022818BF012827D142
:109AF00000F080F81FE0A8880A280BD314480078EB
:109B0000052807D80A2402E000F0D2F8013C002C16
:109B1000FAD110E000F0CCF80DE0A8880A28CDD3E7
:109B20000B4800780528C9D80A2402E000F080FF1D
:109B3000013C002CFAD100F0E9FD0020A5F801005D
:109B400070BD00BFE001002401FFFFFF0000000026
:109B500060000024C048017810290DD011290DD1D2
:109B600040780138052888BF7047DFE800F0030A15
:109B70000C0F121DEE480AE0002100E001310170D7
:109B80007047ED4806E00E48EB490FE0E9480D4903
:109B900001E0EA480A4991ED000A90ED001A31EE21
:109BA000400A80ED000A70470548E44991ED000A3B
:109BB00090ED001A31EE000A81ED000A704700BFF7
:109BC000B0010024B401002410B5274C3C212046EC
:109BD000FBF7F0FE206847F23051416210BD00BF34
:109BE0000349C2B2CA600A6812F0400FFBD0704746
:109BF0001C4C0040FFF7AEBF10B51B481B4A006865
:109C00000168C1F30011518047F23351406A10805E
:109C100080B2884207D30A2402E000F009FF013C29
:109C2000002CFAD118E047F23151884202D300F0FB
:109C3000FFFE11E0C21C47F230518A4207D80A24C5
:109C400002E000F035F8013C002CFAD104E00130CC
:109C5000884203D800F02CF800F058FD044847F281
:109C60003051016010BD00BF844400240401002471
:109C70002400014010B50A4C4FF4805100222046C8
:109C8000F9F71DFC20464FF400510022F9F717FCAC
:109C90000448FBF72BFD0448BDE81040FBF726BD48
:109CA00000040258D044002468450024000000004D
:109CB00069480178102900F2C880DFE801F00964E2
:109CC000C61E788D35A2A9B0B73D44464BBEC00034
:109CD00090ED030AB3EE041AB4EEC10AF1EE10FAE5
:109CE00040F3B3809FED5A1BB7EEC00A30EE010B74
:109CF000B7EEC00B80ED030A70479FED611A90ED3F
:109D0000050AB4EEC10AF1EE10FAD8BFF6F7B0BFFB
:109D10009FED4F1BB7EEC00A30EE010BB7EEC00B44
:109D200080ED050AF6F7A4BFC1790222002918BF09
:109D30004A1EC271F6F79CBF41790322002918BF61
:109D40004A1E427170474D4800E04B480188013976
:109D5000018070474348018843480078434A0138EE
:109D6000C3B24FF68070012B94BFDFF808C1DFF853
:109D700000C1BCF80030591A0B049342A8BF084632
:109D8000ACF80000704790ED040AB3EE041AB4EE8C
:109D9000C10AF1EE10FA58DD9FED2D1BB7EEC00A97
:109DA00030EE010BB7EEC00B80ED040A70479FED5B
:109DB000341A90ED060AB4EEC10AF1EE10FAD8BFDB
:109DC00070479FED231BB7EEC00A30EE010BB7EED4
:109DD000C00B80ED060A704790ED070AB5EEC00A89
:109DE000F1EE10FAD8BFF6F743BF9FED191BB7EE9F
:109DF000C00A30EE010BB7EEC00B80ED070AF6F794
:109E000037BF0189062924BF01390181F6F730BF28
:109E100081780222002918BF4A1E82707047C178DB
:109E20000822002918BF4A1EC27070470179082213
:109E3000002918BF4A1E02717047094800E0074810
:109E40000178B1FA81F149090170704700BF00BF84
:109E50009A9999999999B9BF600000241400002437
:109E600013000024B801002416000024000080FF25
:109E7000200000241E0000242600002424000024CA
:109E8000000048C30000000074484E4A9FED221BAA
:109E90009FED232B016811604168516081689160DA
:109EA000C168D160464990ED000AB8EEC00B30EEB3
:109EB000010B80EE020BB7EEC00B81ED000A4249A8
:109EC00090ED010AB8EEC00B30EE010B80EE020BF4
:109ED0009FED152BB7EEC00B81ED000A3B4990EDCD
:109EE000020AB8EEC00B30EE010B80EE020BB7EEAB
:109EF000C00B81ED000A90ED030A3548B8EEC00BA7
:109F000030EE010B80EE020BB7EEC00B80ED000AC5
:109F1000704700BF00BF00BF0000000000408FC0BE
:109F20000000000000408F4000000000006AF84080
:109F30002C000024300000243400002438000024C9
:109F40001F489FED1B1B204990ED000A1D48B0EEF5
:109F5000412BB0EE413BB7EEC00A00EE022BBCEE47
:109F6000C20BB0EE412B80ED000A91ED000A1749BB
:109F7000B7EEC00A00EE022BBCEEC20B9FED0E2B1B
:109F800080ED010A91ED000A1149B7EEC00A00EE1A
:109F9000023BBCEEC30B80ED020A91ED000AB7EE66
:109FA000C00A00EE021BBCEEC10B80ED030A704735
:109FB0000000000000408F4000000000006AF840F0
:109FC0002C000024900100243000002434000024E0
:109FD0003800002480B5F9F7C7FCFEF7FBF8FDF761
:109FE00093FF4FF47A70F9F721F9FDF77BFCFDF749
:109FF0004BFCFDF7EFFBFDF7E9FDFDF74FFFFDF72C
:10A0000017FCFDF719FFFDF77BFDFDF723FDFDF7BD
:10A010004BFDFDF797FBFDF745FEFDF799FEFDF7BC
:10A02000A1FDFDF709FEFDF771FEFFF7CDFDFDF780
:10A030002FF9FFF71FFE0848FBF758FBF7F790F9D9
:10A04000F6F716FD05480068013018BFFFF71CFF42
:10A05000F7F7B0F9FEE700BF0046002400900108C2
:10A06000022904D0012918BF7047124900E01049A5
:10A070000978114A80389FED0A0B9FED0B1B32F8CF
:10A080001110484302EE100AB8EEC22B82EE000B0C
:10A0900020EE010BB7EEC00B704700BF00BF00BF42
:10A0A0000000000000408F40000000000000A03FC2
:10A0B0001A00002415000024BA010024E0B5194854
:10A0C00019499FED1A3A0DF10502032391ED000A9B
:10A0D00090ED001A90ED012A402021EE000A9FED3C
:10A0E000141A80EE030AB6EE003A32EE000A20EEB1
:10A0F000030A80EE020A20EE010ABCEEC00A8DF8C7
:10A10000050010EE100A010900018DF806108DF807
:10A1100007004FF0FF30C02100900648F9F7C0FA61
:10A120008CBD00BFE40000247800002400007AC445
:10A1300000008045DC43002421489FED172B9FED54
:10A14000183BBFEE004B90ED010A90ED021A81EE34
:10A15000000A9FED151BB7EEC00A30EE022B33EE5E
:10A16000400B22EE011B81EE000B9FED111BB7EEA1
:10A17000C02B9FED110BB7EEC23A80ED032A83EEA0
:10A18000011B31EE041B81EE000BB7EEC00B80ED1E
:10A19000040A704700BF00BF999999999999F13FB6
:10A1A000999999999999014000000000000069402F
:10A1B0000000000000005940D200DE02098A6F3F13
:10A1C000D000002400000000F8B52DED067BDFF87C
:10A1D0006004DFF86064007870710828C84C00F2F1
:10A1E0007780DFE800F0050B111C222D3D4D61004A
:10A1F000DFF8447420460121012226E0DFF838749C
:10A2000020460121012230E0DFF82C742046012194
:10A210000122B84704F58055082100224EE0DFF8FE
:10A22000187420460121012243E0DFF80C74204617
:10A2300001210122B84704F580550821012209E0D7
:10A24000DFF8F473204601210022B84704F5805559
:10A25000082100222846B84728461021002232E073
:10A26000DFF8D473204601210022B84704F5805559
:10A27000082100222846B8472846102101220EE076
:10A28000DFF8B473204601210022B84704F5805559
:10A29000082100222846B847284610210022B84746
:10A2A00028462021012212E0DFF88C73204601218C
:10A2B0000022B84704F58055082101222846B847F6
:10A2C000284610210122B847284620210022B847FD
:10A2D000DFF8680300780928B07200F28B80DFE8AD
:10A2E00000F0051A1F2A2F34414C7362D24F2046CA
:10A2F00004210122B84704F500654FF40051002203
:10A300002846B84728464FF480410122B8472846DE
:10A310004FF4004145E0C84F20460421012225E0CA
:10A32000C54F204604210122B84704F500654FF4CB
:10A330000051002252E0C04F20460421012247E094
:10A34000BD4F20460421012231E0BB4F04F50065DA
:10A350004FF4005100222846B84728464FF4804168
:10A36000012216E0B44F204604210022B84704F52C
:10A3700000654FF4005100221FE0AF4F04F5006567
:10A380004FF4005100222846B84728464FF4804138
:10A390000022B84728464FF400410022B847204623
:10A3A0000421002225E0A44F204604210022B847C2
:10A3B00004F500654FF4005101222846B8472846AD
:10A3C0004FF4804100220FE09B4F204604210022E1
:10A3D000B84704F500654FF4005101222846B847FC
:10A3E00028464FF480410122B84728464FF40041E7
:10A3F0000122B847924800780130F072C0B20E28AE
:10A4000008D890A19E4A51F8201011609DA151F8E2
:10A4100020005060B08A0121803080B2FFF720FE1A
:10A42000B08A0121B0EE408A803080B2FFF718FE7A
:10A43000B5EEC08AB7EEC00AF1EE10FA53EC102B5D
:10A44000ACBF9F489F4800F083FCF08A0221803017
:10A4500080B2FFF705FEF08A0221B0EE408A80301C
:10A4600080B2FFF7FDFDB5EEC08AB7EEC00AF1EE8F
:10A4700010FA53EC102BACBF9348944800F068FCE2
:10A48000B6F914009FED668BB7EE089B532153235A
:10A4900000EE100AB0EE481B8D48B8EEC00B00EE7F
:10A4A000491BBDEEC10BBDEEC11B11EE102A8DED97
:10A4B000000A00F04DFCB6F916005321532300EEBC
:10A4C000100A8448B8EEC00B00EE498BBDEEC80BF5
:10A4D000BDEEC81B11EE102A8DED000A00F038FC0D
:10A4E000B079411EC9B201290CD8F0890121803010
:10A4F00080B2FFF7B5FDF089B0EE408A01210FE090
:10A50000000002580338C0B201281AD8308A02214C
:10A51000803080B2FFF7A4FD308AB0EE408A02217D
:10A52000803080B2FFF79CFDB5EEC08AB7EEC00A5E
:10A53000F1EE10FA53EC102BACBF6748674800F0FF
:10A5400007FC67480078411CB17140F00101012906
:10A550001DD16B48644DA8476A48A847B6F90E005C
:10A56000B6F914109FED300BBFEE082B084401EE36
:10A57000100A6548B8EEC11B01EE020BBDEEC01B10
:10A58000BDEEC00B8DED001A10EE102A20E000F099
:10A59000FE0002281FD15348534DA84753A0A84797
:10A5A000B6F91000B6F916109FED1F0BBFEE082B81
:10A5B000084401EE100A5148B8EEC11B01EE020B2F
:10A5C000BDEEC01BBDEEC00B10EE102A8DED001AC3
:10A5D00053215323A847F078012804D040B92046DE
:10A5E0000221012202E0204602210022F8F767FF43
:10A5F0003079012804D068B920460821012202E000
:10A60000204608210022BDEC067B01B0BDE8F040E9
:10A61000F8F755BFBDEC067B01B0F0BD00BF00BF31
:10A620000000000000A067400000000000806940BA
:10A630006300002410000024BF34000864000024DC
:10A6400062000024F3010000F3010000F3010000A8
:10A65000F3010000F3010000F3010000F30100002A
:10A6600001000000010000000100000001000000E6
:10A6700001000000010000000100000001000000D6
:10A68000280401401F0300008F0100009F0000000C
:10A690004F000000270000000F000000070000002E
:10A6A000E70300008F010000C70000006300000006
:10A6B0002700000013000000090000000300000054
:10A6C00028BE0008D7BD000843BE0008F1BD000841
:10A6D0009DBE0008DBBE00080DBE0008BDBD000821
:10A6E0006500002460BE000851AD00087669732043
:10A6F00074726967322C31FFFFFF0000BCBE000896
:10A700006FBE0008FABE00087EBE0008F8B5524EC3
:10A71000307811280CBF55A050A000F019FB574D00
:10A72000002757A408E0874205D005EB8700816A1F
:10A73000204600F00DFB01373078122FF3D105EBE6
:10A740008000816A52A000F003FB307811283FD8C6
:10A75000DFE800F0090D14585C1E2228696F2F34C1
:10A760003E3E3E3F424E96ED030AA96A02E096ED58
:10A77000040AE96AB7EEC00A53484DE0B079296B84
:10A7800000280CBF4F484E48BDE8F84000F0E0BA42
:10A7900096ED070AE96B3CE0F079296C06EB800046
:10A7A000026A10E03289696C4348BDE8F84000F065
:10A7B000CFBA3079296D55F820203FE07079696D66
:10A7C00006EB8000826B3748BDE8F84000F0C0BA65
:10A7D000F8BD696E364801E0A96E3148007800285E
:10A7E00030480CBF31A230A2BDE8F84000F0B0BA4A
:10A7F0007178481EC0B2052825D83BA0BDE8F840B6
:10A8000000F0A6BA96ED050A696B02E096ED060A1D
:10A81000A96BB7EEC00A294853EC102B01B0BDE874
:10A82000F04000F095BAB078A96C06EB8000C26ADF
:10A8300004E0F078E96C06EB8000826C1D48BDE80E
:10A84000F84000F085BA072918BFF8BD1FA0BDE881
:10A85000F84000F07DBA00BF6000002476697320E4
:10A86000737465702C30FFFFFF0000007669732061
:10A87000737465702C31FFFFFF000000200100247D
:10A8800025732E62636F3D3530373739FFFFFF0088
:10A8900025732E62636F3D3631323737FFFFFF007D
:10A8A0001400002436C00008414300004443000067
:10A8B0001300002445C0000858C0000823C0000849
:10A8C0007EC0000869C0000893C0000873746570FA
:10A8D0002E7478743D22B0B4C8B7B6A8B1A3B4E65C
:10A8E00022FFFFFF00000000737465702E747874FF
:10A8F0003D22D0A3D7BC25642F3622FFFFFF0000E6
:10A900002DE9F0413D4F3E4E3E4C97ED030AB16AB2
:10A910002046B7EEC00A53EC102B00F019FA97ED61
:10A92000040AF16A2046B7EEC00A53EC102B00F07F
:10A930000FFAB879316B002814BF3348334800F060
:10A9400007FA97ED050A324D716B324CB7EEC00A2B
:10A95000284653EC102BA04797ED060AB16B28460A
:10A96000B7EEC00A53EC102BA04797ED070AF16B26
:10A970002846B7EEC00A53EC102BA047F879DFF851
:10A980009880316C07EB8000026A4046A0473A8904
:10A99000716C2248A047B878214DB16C07EB80005C
:10A9A000C26A2846A047F878F16C07EB8000826CF9
:10A9B0002846A0473879316D56F820202846A04710
:10A9C0007879716D07EB8000826B4046A04715488F
:10A9D000716E00780028104814BF13A213A200F073
:10A9E000B7F97C48B16E007800280B4814BF0EA25E
:10A9F0000EA2BDE8F04100F0ABB900BF600000243A
:10AA00002001002493C000087EC0000869C000082F
:10AA100023C0000851AD000836C0000858C0000827
:10AA200045C00008130000244143000044430000D7
:10AA300067480178102900F2C480DFE801F0095E60
:10AA4000C21E7287359EA5ACB33D44464BBABC00CE
:10AA50009FED6A1A90ED030AB4EEC10AF1EE10FA06
:10AA600080F2AF809FED581BB7EEC00A30EE010BAD
:10AA7000B7EEC00B80ED030A70479FED5E1A90EDB4
:10AA8000050AB4EEC10AF1EE10FAA8BFF6F7F0B865
:10AA90009FED4D1BB7EEC00A30EE010BB7EEC00BB9
:10AAA00080ED050AF6F7E4B8C1790022022938BF23
:10AAB0004A1CC271F6F7DCB841790022032938BF7D
:10AAC0004A1C427170474A4800E0484801880131F9
:10AAD0000180704742494148097800880139C9B26C
:10AAE000012994BF40493F490A8810440204B2F545
:10AAF000FE0FC8BF7F20088070479FED3F1A90ED82
:10AB0000040AB4EEC10AF1EE10FA5ADA9FED2E1BD8
:10AB1000B7EEC00A30EE010BB7EEC00B80ED040AB1
:10AB200070479FED341A90ED060AB4EEC10AF1EEBB
:10AB300010FAA8BF70479FED241BB7EEC00A30EE95
:10AB4000010BB7EEC00B80ED060A70479FED291A86
:10AB500090ED070AB4EEC10AF1EE10FAA8BFF6F7BD
:10AB600087B89FED191BB7EEC00A30EE010BB7EEA8
:10AB7000C00B80ED070AF6F77BB8018931299CBF2D
:10AB800001310181F6F774B881780022022938BFBB
:10AB90004A1C82707047C1780022082938BF4A1CBD
:10ABA000C270704701790022082938BF4A1C02711F
:10ABB0007047094800E007480178B1FA81F1490976
:10ABC0000170704700BF00BF9A9999999999B93F50
:10ABD000600000241400002413000024B8010024A5
:10ABE00016000024200000241E000024260000245B
:10ABF00024000024000048430000A0420000DC4282
:10AC00002F499FED112B9FED123B9FED135B04EE3F
:10AC1000100A2C48002291ED070A91ED091AB8EEAE
:10AC2000C44B0021B7EEC11AB7EEC00A31EE021BC9
:10AC300030EE030B01EE040B20EE050BBCEEC00B57
:10AC400010EE103AF7F752BA1361C3D32B65693F80
:10AC5000AE47E17A14AEF33F65934D36D964934025
:10AC600017499FED112B9FED123B9FED135B04EEF7
:10AC7000100A1448002291ED080A91ED0A1AB8EE64
:10AC8000C44B1021B7EEC11AB7EEC00A31EE021B59
:10AC900030EE030B01EE040B20EE050BBCEEC00BF7
:10ACA00010EE103AF7F722BA1361C3D32B65693F50
:10ACB000AE47E17A14AEF33F65934D36D9649340C5
:10ACC00010000024604200241A48017871B1112953
:10ACD0000ED140780138052888BF7047DFE800F0C2
:10ACE000030B0E10131E164818490EE0102100E049
:10ACF0000139017070471148134906E012480EE00F
:10AD00000F48104901E00D480B4991ED000A90ED04
:10AD1000001A31EE000A81ED000A70470648074923
:10AD200090ED001A91ED000A31EE400A80ED000A24
:10AD3000704700BF6000002438000024B0010024E8
:10AD4000B401002430000024340000242C0000242E
:10AD50000FB4054B10B503A9044A029800F0E4FBB8
:10AD600010BC5DF814FB0000E19B0008000000240B
:10AD700003B401984100009850EAC12018BF042094
:10AD80004A0D18BF40F0010040F2FF72B2EB515F74
:10AD900008BF40F00200012808BF052002B070473C
:10ADA0002DED020B019820F0004001909DED000B6D
:10ADB00002B070470000000010B529499FED261B26
:10ADC0002DED020B84B0059820F000408842DCBFD6
:10ADD00000209DED040B2EDD2249884209D1049804
:10ADE00040B94FF0010000F0D7FA00F0ADFA06B01C
:10ADF00010BD05DB9DED040B30EE000B06B010BD61
:10AE000068469DED040B00F02FF810F003000DD004
:10AE1000012814D09DED021B9DED000B022816D0D9
:10AE200000F0A6F9B1EE400B06B010BD9DED021B7F
:10AE30009DED000B012000F037FA06B010BD9DED2E
:10AE4000021B9DED000B00F093F906B010BD012030
:10AE500000F02AFAE6E70000000000000000000011
:10AE6000FB21E93F0000F07F2DE9F14F04462DED75
:10AE7000020B2DED048B94B09FED9D0B80ED020B2A
:10AE8000199E9D4826F0004585420ADC9DED180B71
:10AE9000002084ED000B14B0BDEC048B03B0BDE8C2
:10AEA000F08F96489FED969B9FED978BA84225DDEE
:10AEB00097489FED991B9FED9A2B9DED180B002E47
:10AEC0000DDD30EE490B854212BF30EE480B30EEFF
:10AED000410B30EE420B84ED000B0120DBE730EE3E
:10AEE000090B854212BF30EE080B30EE010B30EE3D
:10AEF000020B84ED000B4FF0FF30CCE78A48A842EC
:10AF000053DB9DED180B51EC100B00F0A4FE41EC4F
:10AF1000100BB0EE401B9FED862BB6EE000B01EE42
:10AF2000020BFDEEC00B10EE903A00EE903AB8EE38
:10AF3000E02BB0EE410B02EE490B22EE081BDFF8CE
:10AF4000F8C1290D0120FC4430EE411B84ED001BAB
:10AF500003281DD011EE902A00EB4015113DC2F3DD
:10AF60000A528A1A954213DAB0EE403B0CEB0012FB
:10AF700092ED000B20EE021B33EE410B33EE403B13
:10AF800033EE411B92ED023B12EE031B401CDBE74C
:10AF9000002EA8BF1846BFF67EAF94ED000BB1EEB1
:10AFA000400B84ED000B584275E7C6F3130040F4E4
:10AFB000801EC6F30A50A0F2F530471100F01F05BD
:10AFC000C5F12000DDF860B01390002008900990D2
:10AFD00005200DF1080C5949002D07EB00027944BA
:10AFE00008BF51F8221009D051F8223001EB82013C
:10AFF000AB404A68139922FA01F11943A1FB0E26CE
:10B00000A1FB0B131A449A4234BF0123002303EB24
:10B0100006080CEB8003D3E901A60E448E4234BF30
:10B020000121002192448A4411B1924502D903E0E2
:10B03000924501D2012100E00021C3E901A641446B
:10B040004CF82010011EA0F10100C4DC04989DED15
:10B05000050A00F10050810F0498DDED060A80001A
:10B060009DED072A01EE100AB8EEC13BB8EE401B79
:10B070009FED334B21EE041BB8EE600B9FED324B7E
:10B0800020EE040BB8EE422B9FED314B22EE042B49
:10B0900030EE024B34EE014B34EE034B8DED004BA2
:10B0A000002000909DED004B34EE433B33EE411BFE
:10B0B00031EE400B32EE401B9DED000B9FED262B39
:10B0C00020EE020B9FED262B01EE020B9DED001BE7
:10B0D0009FED252B01EE020B199810F0004F1CBFBD
:10B0E0004942B1EE400B84ED000B0846D3E6000068
:10B0F0000000000000000000FB21E93F7CD9024075
:10B1000000004054FB21F93F3163621A61B4D03D25
:10B11000FB21F93F000000000000601A61B4D03D3F
:10B120007370032E8A19A33BFB21394100000000F4
:10B1300083C8C96D305FE43F560D0000EE0C00007F
:10B14000000000000000103E000000000000103C65
:10B15000000000000000103A3326A611460B113CF7
:10B16000182D4454FB21F93D00000054FB21F93D0A
:10B1700010B52DED040B2DED048B82B0B0EE419B8C
:10B18000079820F00044B4F1795F0FDA9DED060BCB
:10B19000BDEEC00B10EE100A002801BFB7EE000B89
:10B1A00002B0BDEC048B04B008BF10BD9DED060BD2
:10B1B00020EE008BB0EE480B1B480621784400F0CF
:10B1C00039F820EE080B28EE000B9DED061B01EE72
:10B1D000490BB6EE001B28EE011B1448B7EE002BFE
:10B1E0008442BCBF31EE400B32EE400B16DB104800
:10B1F000A042BCBFB5EE023B8DED003B06DBA4F5E3
:10B2000000100190002000909DED003B31EE431BAB
:10B2100032EE432B31EE400B32EE400B02B0BDEC70
:10B22000048B04B010BD0000B00A00003333D33FDC
:10B230000000E93FB0EE401B491E00EBC10292ED59
:10B24000000B31F006020DD0491E00EBC10292ED59
:10B25000002BB0EE403BB0EE420B03EE010B31F0A1
:10B260000602F1D1022914D004290AD0062918BFF8
:10B27000704790ED0A2B00EE012B90ED080B02EECB
:10B28000010B90ED062B00EE012B90ED040B02EE6E
:10B29000010B90ED022B00EE012B90ED000B02EE66
:10B2A000010B70470000000031B504462DED040B82
:10B2B0002DED068BB0EE419B07989DED060B20F01F
:10B2C0000040B0F1795F0DDA51EC100BFFF750FD43
:10B2D000042808BF00F044F89DED060BBDEC068B7A
:10B2E00005B030BD20EE008B28EE00ABB0EE480B71
:10B2F000114805217844FFF79DFF9FED111B8CB18C
:10B30000B6EE002B29EE022B0AEE402B18EE029B24
:10B310000AEE419B9DED060B30EE490BBDEC068B12
:10B3200005B030BD08EE001B9DED060B0AEE010BCB
:10B33000BDEC068B05B030BD700A000000000000B7
:10B34000495555555555C5BF9FED031B81EE010B62
:10B350007047000000000000000000000000000036
:10B360009FED030B20EE000B704700000000000073
:10B37000000000000000001002E008C8121F08C111
:10B38000002AFAD170477047002001E001C1121F66
:10B39000002AFBD170470000014908607047000097
:10B3A000040000242DE9FF5F82B00021DDE90430B4
:10B3B000020DDDF840B0034318D044F61050A2F25D
:10B3C000FF3242431514119801281FD0A5EB0B0042
:10B3D000401C5FEA000A4FF000064E4FDFF838913C
:10B3E000B046504615D5CAF1000413E01198012467
:10B3F0004AA3012801D16FEA0B010298119AC0E912
:10B400000031C0E9024206B0BDE8F09FCBF1000078
:10B41000DFE704460021404A491842EB0450CDE9D9
:10B42000001012E0E00707D032463B46404649464E
:10B43000F5F77FF88046894632463B461046194666
:10B44000F5F777F806460F466410002CEAD1DDE9DF
:10B450000401DDE90023BAF1000F06DAF5F769F817
:10B4600042464B46F5F765F805E0F5F7D4F8424655
:10B470004B46F5F7D0F804460E460022284BF5F768
:10B4800051F903D84FF0FF30014607E00022254B69
:10B4900020463146F4F7A6FFF5F72CF9102409E011
:10B4A000002C0ADB0A220023F4F712FF039B303240
:10B4B0001A55641E50EA0102F2D1641C039AC4F1C9
:10B4C00011031444119A012A03D0012208430DD11B
:10B4D0000AE0084304D000204FF0110B119072E7EE
:10B4E000A3EB0B056D1E0DE05B4504DD4FF0000284
:10B4F00005F1010504E003DA4FF00002A5F10105B2
:10B50000002AECD002981199C0E90231C0E9004547
:10B5100079E70000000014400000F03F3000000018
:10B520000000F0430000E03F2DE9FF4F95B09B463F
:10B530008946064600250FE2252877D100242746B4
:10B54000F84A0121059400E0044316F8013F203B2E
:10B5500001FA03F01042F7D130782A2811D06FF0A9
:10B560002F033078A0F13002092A16D8059A44F04A
:10B57000020402EB820203EB42021044761C0590A7
:10B58000EFE759F8042B0592002A03DA504244F4FD
:10B590000054059044F00204761C30782E2816D111
:10B5A00016F8010F44F004042A280DD06FF02F0282
:10B5B0003078A0F13003092B09D807EB870302EBA1
:10B5C0004303C718761CF3E759F8047B761C3078E0
:10B5D0006C280FD006DC4C2817D068280DD06A28BC
:10B5E00014D104E0742810D07A280FD10DE044F46F
:10B5F00000140AE044F4801401E044F4401472782A
:10B60000824202D104F58014761C761C30786628BC
:10B610000BD013DC582877D009DC002875D04528DA
:10B62000F6D04628F4D047281AD19DE118E06328C7
:10B6300035D0642879D0652812D195E1702873D06F
:10B6400008DC6728F1D069286FD06E280DD06F28EC
:10B6500006D1B5E073282CD0752875D0782874D021
:10B660005A46179990476D1C75E1C4F302500228A1
:10B6700009D003280DD0D9F8001004280DD00D6092
:10B6800009F1040967E1D9F80010EA17C1E900528D
:10B69000F6E7D9F800100D80F2E70D70F0E719F821
:10B6A000041B8DF8001000208DF80100EA460120EF
:10B6B00003E059F804AB4FF0FF3061074FF0000191
:10B6C00002D40DE008F101018846B9420FDA804545
:10B6D000F8DB1AF808100029F4D108E008F101019C
:10B6E00088468142FADB1AF808100029F6D105983D
:10B6F0005B46A0EB080721463846179A00F094FAFB
:10B70000284400EB080507E04DE029E10DE01AF8B8
:10B71000010B5A4617999047B8F10108F7D25B46DA
:10B7200021463846179A13E142E00A220092C4F3F8
:10B7300002524FF0000A022A08D059F804CB032A1B
:10B740004FEAEC710AD00DE029E02AE009F1070187
:10B7500021F00702F2E802C1914609E00FFA8CFCE1
:10B760004FEAEC71042A03D14FFA8CFC4FEAEC71DA
:10B77000002907DA0A460021DCF1000C61EB020126
:10B780002D2202E0220504D52B228DF8042001226F
:10B7900003E0E20701D02022F7E7904659E00A21B2
:10B7A00002E010220DE010214FF0000A00910BE0A2
:10B7B00010224FF0000A44F004040827009203E02E
:10B7C00008224FF0000A0092C4F30252022A05D068
:10B7D00059F804CB0021032A08D009E009F1070138
:10B7E00021F00702F2E802C1914605E01FFA8CFC45
:10B7F000042A01D10CF0FF0C4FF00008220728D5D5
:10B80000702806D0009B83F0100353EA0A0305D08A
:10B810000EE040228DF80420012208E05CEA0102DB
:10B8200006D030228DF804208DF8050002229046C3
:10B83000009B83F0080353EA0A030AD15CEA010281
:10B8400001D1620705D530228DF804204FF00108A0
:10B850007F1E582804D034A003900EA802900DE05B
:10B8600036A0F9E753466046009AF4F731FD844666
:10B870000398825C0298401E029002705CEA01000C
:10B88000F0D1029806A9081A00F1200A600702D533
:10B8900024F4803400E00127574502DDA7EB0A00BD
:10B8A00000E0002000EB0A01009005984144401A96
:10B8B0000590E00306D45B462146179A059800F0F0
:10B8C000B3F90544002706E001A85A46C05D179960
:10B8D00090476D1C7F1C4745F6DBE0030CD55B46AB
:10B8E0002146179A059800F09FF9054404E030209E
:10B8F0005A46179990476D1C0099481E00900029E0
:10B90000F5DC08E0029802995A460078491C029139
:10B91000179990476D1CBAF10001AAF1010AF1DCF8
:10B9200065E1000009280100303132333435363703
:10B93000383961626364656600000000303132337B
:10B94000343536373839414243444546000000001B
:10B9500000F058F90544761C307800287FF4ECADEF
:10B9600019B02846BDE8F08F620700D4062709F118
:10B97000070222F0070CFCE80223E14603F000482E
:10B980005FEA080C02D00FF2702C0DE05FEA045C55
:10B9900002D50FF2682C07E05FEAC47C02D00FF2F8
:10B9A000602C01E0AFF2700C4FF0FF3823F0004341
:10B9B000CDF850C065280CD006DC452809D04628B3
:10B9C0001DD047283DD13DE0662818D067287ED19C
:10B9D00038E00021112F01DB112000E0781CCDE9B7
:10B9E000000106A90EA8FFF7DDFCDDE90F010E9AA4
:10B9F00003910021009207F1010A04914DE04FF0FC
:10BA000000400097CDE9011006A90EA8FFF7CAFC77
:10BA1000DDE90F0203920E9B11990022DDF80CA0C4
:10BA20000093049211B9791C00EB010AB7EB0A00EC
:10BA300004D4C0F1FF3007F1010A0490AAEB07001B
:10BA4000019044E0012F00DA01270021112F01DDD0
:10BA5000112000E03846CDE9000106A90EA8FFF745
:10BA6000A1FCDDE90F010E9A0391002104910092DF
:10BA7000BA4621070CD40399514500DA8A46BAF137
:10BA8000010F05DD009AAAF10101515C302908D0AF
:10BA9000B84202DA10F1040F06DA0121CDE90110F3
:10BAA00015E0AAF10101E9E7002805DC0499014449
:10BAB0000491AAEB000102E0411C514500DD8A46D9
:10BAC0000499401A401C01904FF00040029020075A
:10BAD00004D40198504501DBCDF8048000208DF896
:10BAE0004F0002980DF14F07B0F1004F25D02B20E9
:10BAF0000E9002984FF0020800280CDA40420290A3
:10BB00002D200E9007E00A210298F4F736FC303120
:10BB1000029007F8011DB8F10001A8F10108F2DC5C
:10BB200002980028EFD1791E0E980870307800F046
:10BB3000200040F0450007F8020D12A8C01B00F1DC
:10BB400007081498007800B1012000EB0A01019861
:10BB500001EBE07105984144401A401E0590E00356
:10BB600006D45B462146179A059800F05DF8054417
:10BB70001498007818B15A46179990476D1CE00345
:10BB800024D55B462146179A059800F04DF80544E8
:10BB90001CE00498002807DBDDE90301884203DD8F
:10BBA0000098405C179901E0179930205A46904759
:10BBB000049805F10105401C04900198401E019075
:10BBC00004D12E205A46179990476D1CBAF10001F6
:10BBD000AAF1010ADDDC05E017F8010B5A461799B6
:10BBE00090476D1CB8F10001A8F10108F4DC5B4638
:10BBF0002146179A0598ABE62D0000002B000000A7
:10BC0000200000002DE9F041044600251E4617469D
:10BC1000880404D405E039462020B0476D1C641E1A
:10BC2000F9D52846BDE8F0812DE9F041044600250C
:10BC30001E469046C80301D5302700E0202788041F
:10BC400004D505E041463846B0476D1C641EF9D561
:10BC50002846BDE8F08182B0CDE9000121F0004026
:10BC600001909DED000B02B051EC100B70470000ED
:10BC70004C5555555555A53F7751C1166CC156BF0A
:10BC80009015CB19A001FA3EAD529C804F7E92BE1A
:10BC9000C4B1B4BD9EEE213ED43888BEE9FAA8BD39
:10BCA00000004054FB21F93F3163621A61B4D03D7A
:10BCB0000000601A61B4D03D7370032E8A19A33B53
:10BCC0000000002E8A19A33BC14920259A837B39A5
:10BCD00000000000000000006E83F9A22915444E08
:10BCE000D15727FCC0DD34F5999562DB4190433C88
:10BCF000AB6351FE61C5BBDE3A6E24B7E0D24D4264
:10BD0000EA2E49061C92D1091CEB1DFE3EA729B163
:10BD1000F53582E88444BB2E26709CE9417E5FB4F1
:10BD200039D69139F43953838B5F849C3B28F9BD14
:10BD3000FF97F81F0F9805DE8B112FEF1F6D0A5A22
:10BD4000CF7E366DB709CB27663F464F2DEA5F9E03
:10BD5000C7BA27757BF1E5EBF739073DEA92528ABE
:10BD6000B15FFB6B085D8D1FA6F810111111813FAB
:10BD7000D561C119A0012ABF7DFEB157E31DC73EA1
:10BD8000EB9C2B8AE6E55ABE7CD5CF5A3AD9E53DE5
:10BD90000000000001020304010203040607080971
:10BDA000010002000400060008000A000C00100058
:10BDB000200040008000000101FFFFFF0074726955
:10BDC000675F76616C75652E7478743D22252E321E
:10BDD000665622FFFFFF006D61675F6F66667365E1
:10BDE000742E7478743D22252E32665622FFFFFF92
:10BDF000006C696768745F6F66667365742E74782B
:10BE0000743D22252E32665622FFFFFF00747269B0
:10BE1000675F76616C75652E7478743D222B252ED4
:10BE200032665622FFFFFF006D61675F6F666673C3
:10BE300065742E7478743D222B252E32665622FFAF
:10BE4000FFFF006C696768745F6F66667365742EC8
:10BE50007478743D222B252E32665622FFFFFF0098
:10BE60007669732074726967312C30FFFFFF0076AA
:10BE700069732074726967322C30FFFFFF006D6FA9
:10BE800076652074726967312C25642C25642C2515
:10BE9000642C25642C302C3330FFFFFF006D6F764F
:10BEA00065207A65726F312C25642C25642C2564FD
:10BEB0002C25642C302C3330FFFFFF006D6F76652E
:10BEC0002074726967322C25642C25642C25642C1F
:10BED00025642C302C3330FFFFFF006D6F7665201A
:10BEE0007A65726F322C25642C25642C25642C25F0
:10BEF000642C302C3330FFFFFF007669732074729E
:10BF00006967312C31FFFFFF003130560031560098
:10BF10003256003556003130306D56003230306DBB
:10BF200056003530306D560031306D560032306D70
:10BF3000560035306D5600747269675F6D6F6465C9
:10BF4000006D61675F7363616C65006C696768743D
:10BF50005F7363616C65006D61675F636F75706CC3
:10BF600065006C696768745F636F75706C650074F9
:10BF7000696D65007363616E5F73686170650074FD
:10BF80007269675F76616C756500495F686F726999
:10BF900000545F706F6F6C006374726C00495F7364
:10BFA00063616E0073746570006672657100313094
:10BFB0006D730032306D730035306D73006D6167E5
:10BFC0005F6F6666736574006C696768745F6F663F
:10BFD0006673657400545F6C6967687400495F76C6
:10BFE00065727400B7BDB2A800C8FDBDC7B2A80095
:10BFF000D5FDCFD2B2A800B4C5C2B7CFC2BDB5D1AE
:10C00000D800B9E2C2B7CFC2BDB5D1D800B4C5C25D
:10C01000B7C9CFC9FDD1D800B9E2C2B7C9CFC9FDF0
:10C02000D1D80025732E7478743D22252E31666D8B
:10C030004122FFFFFF0025732E7478743D22257383
:10C0400022FFFFFF0025732E7478743D2225732F85
:10C0500044697622FFFFFF0025732E7478743D2219
:10C060002564487A22FFFFFF0025732E7478743D03
:10C0700022BFAACABCBFD8CEC222FFFFFF002573D1
:10C080002E7478743D22BDE1CAF8BFD8CEC222FF1B
:10C09000FFFF0025732E7478743D22252E3166A192
:10C0A000E622FFFFFF000000D0C0000800000024CF
:10C0B000D001000056080008B0C10008D0010024DB
:10C0C000D06E000088B300080000000000000000EF
:10C0D00001112380011A0604310344E8032B0101F6
:10C0E0004E520A23B4421A700481154842E9BF1B1C
:10C0F00008E4041AF0041AB8041AB3041AAE0413BC
:10C100000DC01B08F7081A18081A02041A090C1A9D
:10C1100013042A101C19041A22041A1C041A1604E7
:10C120001A32041A2D041A280441DDDF7B0F41D591
:10C13000464033335340123202111E1B1027A629EA
:10C1400008813C90D00304310926781AD5041A914D
:10C15000041A98041A8A041ADD041A9D041A740435
:10C160001AA9041A6F041A41041A4B041A37041A44
:10C17000BD041AC8041A7F041A57041A62041AA4C8
:10C18000041AAA011ABB011ACC011ADD012910A94F
:10C1900001180AACC5A7376F12033B01B6100A8815
:10C1A00013D007E803F401C81A64D81214320A0045
:040000050800029954
:00000001FF
