:020000040800F2
:10000000E0170020ED010008136D00082B2B0008FD
:10001000116D0008FD140008377200080000000090
:10002000000000000000000000000000BF70000899
:100030003715000800000000BD700008C1700008FE
:10004000070200080702000807020008070200086C
:100050000702000807020008391500080702000817
:10006000070200080702000807020008011500083F
:10007000070200080702000807020008070200083C
:10008000070200080702000807020008070200082C
:1000900007020008070200080702000847150008C9
:1000A000070200080702000807020008070200080C
:1000B00007020008070200080702000807020008FC
:1000C00007020008070200080702000807020008EC
:1000D00007020008070200080702000807020008DC
:1000E0003F15000807020008070200080702000881
:1000F00007020008070200080702000807020008BC
:1001000007020008070200080702000807020008AB
:10011000070200080702000807020008070200089B
:10012000070200080702000807020008070200088B
:1001300000F002F800F04AF80AA090E8000C8244AF
:100140008344AAF10107DA4501D100F03FF8AFF28C
:10015000090EBAE80F0013F0010F18BFFB1A43F0A5
:100160000103184730C9000050C90000103A24BFED
:1001700078C878C1FAD8520724BF30C830C144BF0C
:1001800004680C607047000000230024002500264E
:10019000103A28BF78C1FBD8520728BF30C148BFEA
:1001A0000B607047662908F07C80642900F052805B
:1001B000002070471FB500F0C1FB040000200021A3
:1001C00007F04AFAE0601FBD10B510BD00F0B6FCA4
:1001D0001146FFF7EFFF07F0C5F800F0D4FC03B4B9
:1001E000FFF7F2FF03BC00F017FD0000094880474D
:1001F00009480047FEE7FEE7FEE7FEE7FEE7FEE709
:10020000FEE7FEE7FEE7FEE704480549054A064B20
:10021000704700003F71000831010008E011002024
:10022000E0170020E0130020E01300200FB41CB5FD
:10023000074B06AA7B4469460090059800F065FBD1
:100240000020694600F074FB1CBC5DF814FB000044
:10025000F90600002DE9F0410646002410687529D2
:10026000314616A510D0AFF30080002802DA4042D4
:1002700013A507E031688A0701D512A502E04907F6
:1002800004D511A5012401E0AFF3008000210A226A
:1002900006F1240709E0B0FBF2FCB0FBF2F302FB2D
:1002A0001C00303078541846491C0028F3D12346EE
:1002B0002A463046BDE8F04100F0B9B80000000021
:1002C0002D0000002B000000200000002DE9F04769
:1002D0004FF0000A89460446C0F820A02046E16895
:1002E0008847002876D0252806D0D4E901219047F8
:1002F000206A401C2062F1E7E1682046002588471B
:10030000C4F81CA006460027C4F818A02A2E09D05D
:10031000304606F0B5FF38B304EB8708303EC8F826
:10032000186019E059F8041B204604EB870291611C
:10033000E1688847012F064618D1E069002820DAD5
:1003400025F020051DE0D8F8180000EB800006EB32
:1003500040003038C8F818002046E1688847064653
:1003600006F08EFF0028EED1012F0AD02E2E08D1E4
:100370002046E16888477F1C0646022F45F020058D
:10038000C4DBA069002803DA404245F00105A06102
:10039000E80701D025F01005B6B1A6F141001928F3
:1003A00002D8203645F400654A463146204625608D
:1003B0004D46FFF7F7FE58B1012806D0ED1D25F098
:1003C000070000F1080989E704E005F1040985E761
:1003D00030468AE7206ABDE8F0874FF0000200B59A
:1003E000134694469646203922BFA0E80C50A0E858
:1003F0000C50B1F12001BFF4F7AF090728BFA0E806
:100400000C5048BF0CC05DF804EB890028BF40F8D1
:10041000042B08BF704748BF20F8022B11F0804F13
:1004200018BF00F8012B70477047704770472DE9DF
:10043000F0470D4699469246044600F124080168AB
:10044000880604D5E06921F01001216000E0012058
:10045000A84201DD471B00E00027A1697A1902EBE1
:100460000900081AA0612078C00602D42046AFF324
:100470000080002608E0D4E901211AF80600904720
:10048000206A401C761C20624E45F4DB2078C006B2
:100490000AD52046AFF3008006E0D4E901213020E0
:1004A0009047206A401C2062381EA7F10107F4DC47
:1004B00007E0D4E9012118F805009047206A401CA4
:1004C0002062281EA5F10105F3DC2046AFF3008071
:1004D0002078000602D50220BDE8F0870120FBE766
:1004E00070472DE9FF4F0C461E464FF0FF378BB08B
:1004F000D2E90001DDF860800A908A46C1F30A550E
:1005000005B93D46002108464FF00000BAF1000F42
:1005100000F4400005DA00EB80004FF4400101EAEE
:1005200050004FEA9059B9F1010F00DDB9460A9821
:1005300050EA4A000ED044F61050A5F2FF3545436C
:100540002F14B8F1000F1ED07542291E1EDDC9F10F
:1005500000021CE0B8F1010F4FF0000001D0302183
:1005600003E0F24305E02154401CB042FBDB30467F
:100570000022002121540B99C1F80880C1E9002014
:100580000FB0BDE8F08FBD1B6D1CDEE74A4600DAF8
:10059000694206A800F05CFA06AB93E8070003ABDB
:1005A00083E8070050460A9900F03DFB8DE80700FC
:1005B000A0F500501F3800900398002D0ADD42F28C
:1005C0001F014A460844002303A90390684600F02F
:1005D000A6FD09E0A0F500504A461F38002303A9F4
:1005E0000390684600F0B0FD8DE807000004000CA1
:1005F00003D04FF0FF30410800E01046B8F1000F83
:1006000003D00022009215461EE0751E05D400F0AE
:1006100099F9303262556D1EF9D5B346012208436F
:1006200002D000227F1C04E02078302801D1002273
:100630007F1E002A099784D01DE0112D07DA00F0F3
:1006400081F9303262556D1C50EA0102F5D1084340
:1006500002D00098C8B10EE00021681E05E0235CBE
:10066000625C63542254401E491C8142F7DBAB4656
:10067000A81B401E0990002004F80B000B98099A53
:10068000C0F80880C0E9002B7AE711264FF0000877
:1006900057E72DE9F04F88460446D21D22F00701A6
:1006A00091B0D1E90001CDE90A0106F0C5FD02468D
:1006B0000B98C00F01D02D2007E02068810701D5DD
:1006C0002B2002E0202101EAC000032A099001D07A
:1006D000072A05DB03464146204600F079F90BE185
:1006E0002078800601D5E06900E00620B8F1650FAA
:1006F000814606D0B8F1660F18D0B8F1670F70D1F7
:1007000031E00020B9F1110F009001DB112301E06D
:1007100009F101030AAA01A90CA8FFF7E2FEDDE92D
:100720000C70002609F10105834647E001204B4685
:1007300000904FF000470AAA01A90CA8FFF7D1FECC
:10074000DDE90DB00C995D46002610B909F10100F4
:100750000D18B9EB050003D4C0F1FF3609F101050E
:10076000A5EB09002BE0B9F1010F01DA4FF0010907
:100770000020B9F1110F0090484601DD112300E07F
:1007800003460AAA01A90CA8FFF7ABFEDDE90C702D
:100790004D4600268346207800070AD4AB4500DA90
:1007A0005D4601A8012D04DD411911F8011C302915
:1007B00007D04F4502DA17F1040F04DA0120824610
:1007C0000FE06D1EEEE7002F02DCED1B3E4403E060
:1007D000781CA84200DD7D1CB81B00F1010A4FF017
:1007E00000472078000703D4AA4501DB4FF0FF3A09
:1007F0000021B7F1004F0DF143088DF8431024D0CC
:1008000002202B23002F01DA7F422D230A21021E12
:10081000A0F1010000DC5FB197FBF1FC97FBF1F266
:1008200001FB1C7C17460CF1300C08F801CDEEE7FB
:10083000A8F1010003702188090501D5452100E0D8
:100840006521A0F1010800F8011C09980FA9A1EB8E
:100850000807FF1D00B10120411901EBEA70A169F1
:100860003844081A401EA0612078C00602D42046F1
:10087000AFF30080099828B1D4E901219047206A9C
:10088000401C20622078C00622D52046AFF30080AD
:100890001EE0002E04DBB34502DD01A8805D00E010
:1008A0003020D4E901219047206A401C2062761C48
:1008B000AAF101005FEA000A0AD100F03FF8C0681F
:1008C0000168405CD4E901219047206A401C206205
:1008D000281EA5F10105DCDC07E0D4E9012118F8A8
:1008E000010B9047206A401C2062381EA7F10107C7
:1008F000F3DC2046AFF30080032011B041E6000096
:1009000001694A1C02610878704700B58FB0CDE9D3
:1009100001310021059105497944CDE903101146C3
:100920006846FFF7D3FC0FB000BD0000E5FFFFFFF6
:100930000A6802F8010B0A6070470000004870471F
:100940009C11002030B5B0F10A024FEA900E71F10F
:1009500000034EEA817EB0EB0E0061EB91014FEA9D
:10096000101E4EEA017E10EB0E0041EB11114FEA12
:10097000102E4EEA016E10EB0E0041EB11214FEAF2
:10098000104E4EEA014E10EB0E0041EB11414018A3
:1009900041F100014FEAD00040EA41704FEAD10135
:1009A00010EB80054FEA810444EA907444EB0104A3
:1009B0006D1944EB0404521BA3414FF0000348BFE0
:1009C0000A3200D530BD401C41F1000130BD0000AD
:1009D0002DE9F0411F46044603260168072A01F469
:1009E000006004DB08B116A505E016A503E008B118
:1009F00015A500E015A521F010002060A069C01E1B
:100A0000A0610FB1401EA0612046AFF300804FB13E
:100A1000D4E9012138469047206A401C2062C01C5E
:100A2000206206E0206AFAE7D4E9012115F8010BFB
:100A30009047761EF8D22046AFF30080BDE8F081E3
:100A40004E414E006E616E00494E4600696E660072
:100A50002DE9F047814616468AB0354878440DC8DE
:100A60008DE80D0032487844801C03AC0DC884E842
:100A70000D0041F69B300844372190FBF1F290FBCA
:100A8000F1F5A5F1800501FB12041B3C02D564427F
:100A9000012000E00020DFF898A080460027FA44FB
:100AA000AAF1BE0A0EE0E0070AD03246684607EB1C
:100AB000470101230AEB810100F046FB8DE80700A6
:100AC00064107F1C002CEED1194F7F44AE3F19E01B
:100AD000E80715D007EB04100DF1180A90E80E0096
:100AE0008AE80E00C068F04201D198190890324699
:100AF000012306A903A800F027FB03AB83E8070046
:100B00006D10641C002DE3D14FF00103324669469D
:100B1000B8F1000F03A802D000F001FB01E000F0E3
:100B200013FBC9E90001C9F808200AB0BDE8F08745
:100B30001CC00000004870477C1100207546FFF77C
:100B4000F9FFAE4605006946534620F0070085468A
:100B500018B020B5FFF758FBBDE820404FF0000665
:100B60004FF000074FF000084FF0000B21F0070195
:100B7000AC46ACE8C009ACE8C009ACE8C009ACE8D8
:100B8000C0098D46704710B50446AFF3008020467B
:100B9000BDE81040FFF723BB4FF0013C50F8042B99
:100BA00051F8043B9A4221D1A2EB0C03934313EA80
:100BB000CC1317D150F8042B51F8043B9A4215D1AD
:100BC000A2EB0C03934313EACC130BD150F8042B84
:100BD00051F8043B9A4209D1A2EB0C03934313EA68
:100BE000CC13DBD04FF00000704700BFD01A01BA21
:100BF000B1FA81F101F0180122FA01F0CB40C1F104
:100C00002001DBB2C0B2C01A2CFA01F3D11A914311
:100C100011EAC311E6D1704701491820ABBEFEE7C7
:100C20002600020070475FEA400C08BF91F0000FF9
:100C30004FEA8C234FEAC12243EA51514FEA1C503C
:100C400018BF00F5F0404FEA300018BF41F00041F6
:100C50005FEA6C5C00F02980BCF1FF3F08BF40F008
:100C600080407047130C06BF12044FF0100C4FF079
:100C7000000C130E04BF12020CF1080C130F04BF7A
:100C800012010CF1040C930F04BF92000CF1020C42
:100C9000D30F04BF52000CF1010C11464FF00002BB
:100CA000A0F11F00A0EB0C00704711F0004F08BF2F
:100CB000704731F000413FF4D5AF0B0C06BF09047B
:100CC0004FF0100C4FF0000C0B0E04BF09020CF19A
:100CD000080C0B0F04BF09010CF1040C8B0F04BFAF
:100CE00089000CF1020CCB0F04BF49000CF1010C80
:100CF000CCF12003A0EB0C0022FA03F302FA0CF271
:100D000041EA030100F10100704720F07F4C80EAC6
:100D1000030023F07F47ACEB070303F57C5300F09F
:100D2000004003F1FF032DE980494FEA154B09B458
:100D30004FEA144325EA0B4E24EA03480FF2042637
:100D400006EB132749083E785FEA320203FB066789
:100D5000C7F5000707FB06F64FEA54374FEAD646B9
:100D600006F1020607FB066CCCF1005C4FEA1C475B
:100D70002CEA074C07FB06F40CFB06F504EB1546C2
:100D80004FEA961634BF00204FF000404FEAD137AB
:100D900006FB07FC4FEA1C4C0CFB0BF7D21B03FBBA
:100DA0000CF761EB07010CFB0EF7B0EB074072EBA1
:100DB00017420CFB08F734BFA2EB0742B2EB074225
:100DC00061EB17414FEA0C444FEA910706FB07FC21
:100DD0004FEA1C4C0CFB0BF7B0EBC74072EB5732E1
:100DE00003FB0CF734BFA2EBC742B2EBC74261EB87
:100DF00057310CFB0EF7B0EBC70072EB57720CFBD0
:100E000008F734BFA2EBC702B2EBC70261EB577120
:100E1000039F4FEA816141EA921104EBCC044FEA4F
:100E2000D1374FEA826206FB07FC42EA90124FEA92
:100E300080604FEA1C4C0CFB0BF7D21B03FB0CF73A
:100E400061EB07010CFB0EF7B0EB074072EB1742AA
:100E50000CFB08F734BFA2EB0742B2EB074261EB91
:100E600017414FEA8C554FEA910704EB9C2406FB8F
:100E700007FC4FEA1C4C0CFB0BF7B0EBC74072EBC6
:100E8000573203FB0CF734BFA2EBC742B2EBC742A9
:100E900061EB57310CFB0EF7B0EBC70072EB5772EA
:100EA0000CFB08F734BFA2EBC702B2EBC70261EB41
:100EB000577115EB4C254FEA816141EA92114FEAD7
:100EC00082624FEAD13742EA901206FB07FC44F1F6
:100ED00000044FEA80604FEA1C4C0CFB0BF7D21B5E
:100EE00003FB0CF761EB07010CFB0EF7B0EB0740BF
:100EF00072EB17420CFB08F734BFA2EB0742B2EBD0
:100F0000074261EB174115EB1C154FEA813141EAAD
:100F100092414FEA823242EA90424FEA80304FEAF1
:100F20000C7644F1000448EA03434EEA0B484FF0C4
:100F3000000EB2EB080C71EB030724BF6246394682
:100F40004EEB0E0E4FF0000B0018524149414BEB97
:100F50000B0BB2EB080C71EB03077BF1000B24BF0A
:100F6000624639464EEB0E0E4FF0000B0018524110
:100F700049414BEB0B0BB2EB080C71EB03077BF118
:100F8000000B24BF624639464EEB0E0E51EA0207B3
:100F900018BF46F0010616EB0E7655F1000254F12B
:100FA000000103D5BDE88901BDE80088BDE88901DD
:100FB000BDE80048B619524141EB0101A3F101031C
:100FC000704780807F7E7D7C7B7A797877767675B6
:100FD0007473727171706F6E6E6D6C6C6B6A6A692E
:100FE0006868676666656464636362616160605FC8
:100FF0005F5E5E5D5D5C5C5B5B5A5A595958585741
:1010000057565655555554545353525252515150A8
:1010100050504F4F4F4E4E4D4D4D4C4C4C4B4B4BFB
:101020004A4A4A4949494848484747474746464641
:10103000454545444444444343434342424242417C
:101040004141002B9C4630D477002BD01CB54FEA91
:10105000370703B44FF010004FF01001BAF1000F42
:1010600006D0BCF1000FDCBF40F0080040F00801E2
:101070004FF000000FBCBDE810400BF1010BBBF1BD
:10108000010F08BF5FEA170722BF12F1010211F139
:1010900001014FF0004143F1000300F0004043EA3A
:1010A00000007047F9D35708D0E746EA064613F127
:1010B000400F4FEA16461FDD13F1200FDFBF164326
:1010C0000A46002120335B42BED0C3F1200746EA26
:1010D000064602FA07F74FEA164646EA0706C3F144
:1010E000200722FA03F201FA07F721FA03F14FF081
:1010F000000342EA0702A7E746EA020646EA064676
:101100004FEA164646EA0106BCBF46EA0646360CDA
:101110004FF000034FF000024FF0000194E72DE97B
:10112000804C9A46934670B491E8380007C831EA7B
:10113000400C48BF34EA430C03D5FFF7E6FDFFF748
:1011400080FFF0BCBDE8008C2DE9804C9A469346A8
:1011500070B491E8380007C810F0804F08BF13F052
:10116000804F03D100F005F8FFF76BFFF0BCBDE83E
:10117000008C20F07F4780EA030023F07F4C07EBD0
:101180000C03A3F57C5300F00040A3F1FE0392F0A2
:10119000000F00F0B38095F0000F00F077802DE98C
:1011A00001494FEA11404FEA144621EA004800FB8A
:1011B00006FC24EA064708FB06F607FB08F800FBD6
:1011C00007F718EB06484CEB164C4FEA124B18EB9E
:1011D00007484FEA15464CEB174022EA0B4E0BFB33
:1011E00006FC25EA06470EFB06F607FB0EFE0BFB88
:1011F00007F71EEB064E4CEB164C4FF000061EEBAD
:10120000074E4CEB174B18EB0B0840F1000018EBA6
:101210000E0B58EB000840F100008F1A4FF0000150
:101220003CBFC943661B14BFB5EB040C00213CBF97
:10123000C943F61B4FEA17444EEA8E0E27EA0445CF
:101240004FEA1C4704FB07622CEA074C05FB07F733
:101250000CFB05F604FB0CFC16EB074642EB1742B1
:1012600016EB0C4642EB1C421BEB060658EB020247
:10127000414146EA9E0601D5BDE80189B6195241B1
:1012800041EB0101A3F10103BDE801894FEA1445D7
:101290004FEA114724EA054621EA074C05FB07F40B
:1012A00006FB07F70CFB06F105FB0CFC11EB0741F5
:1012B00044EB17444FEA124711EB0C4144EB1C443A
:1012C00022EA074C05FB07F206FB07F70CFB06F6C4
:1012D00005FB0CFC16EB074642EB174216EB0C46DF
:1012E00042EB1C456A1854F1000148BF7047B6191B
:1012F000524141EB0101A3F10103704795F0000F4A
:1013000037D04FEA11424FEA144721EA024624EA55
:10131000074C02FB07F106FB07F70CFB06F402FB88
:101320000CFC14EB074441EB17414FEA154714EB53
:101330000C4441EB1C4125EA074C02FB07F506FB78
:1013400007F70CFB06F602FB0CFC16EB074645EB19
:10135000174516EB0C4645EB1C42121951F10001E2
:1013600048BF7047B619524141EB0101A3F1010397
:1013700070474FEA14454FEA114724EA054621EA2F
:10138000074C05FB07F106FB07F70CFB06F24FF0D5
:10139000000605FB0CFC12EB074241EB174112EB78
:1013A0000C4251EB1C4148BF7047921841EB0101C0
:1013B000A3F101037047000070B50446006881681E
:1013C000C943C90717D1816821F00101816000F08C
:1013D0007FFE05460AE000BF00F07AFE401B0228AF
:1013E00004D920688068C043C00706D020688068A0
:1013F000C043C007F0D0002070BDA06A40F01000CC
:10140000A062E06A40F00100E062012070BD10B50A
:101410000146406A826A12F0500F05D0006A026BE2
:10142000BDE8104008461047816A41F400718162AE
:1014300001688968C1F3424107290CD1017B51B988
:10144000816A21F480718162816AC90403D4816A4E
:1014500041F00101816200F065F910BD10B5406AEC
:10146000816A41F040018162C16A41F00401C162B8
:1014700000F0A1F910BD10B5406A00F09BF910BD55
:10148000F8B500260446009600688168C943C9077C
:101490002DD0816841F0010181601648164900682D
:1014A000B0FBF1F000E0401E00900028FBD100F0FE
:1014B0000FFE054616E000BF00F00AFE401B0228A2
:1014C00010D920688068C043C0070BD0A06A40F0E4
:1014D0001000A062E06A40F00100E06284F824603D
:1014E0000120F8BD20688068C043C007E4D1002017
:1014F000F8BD00000C00002040420F00FEE7000095
:10150000014800F0B9BA00007000002030B590F832
:1015100040500124AC40C56B6C6004686360436854
:10152000102B036803D099600068C26030BD9A60D8
:101530000068C16030BD7047012000F0B7BC4FF4B7
:10154000004000F0B3BC202000F0B0BC72B6FEE753
:10155000F8B500250446009590F82400012808D02D
:10156000012084F824002046FFF726FF060002D061
:1015700053E00220F8BDA06A20F4885040F0020039
:10158000A062022000F046FE26490968B1FBF0F097
:10159000400000E0401E00900028FBD12046FFF7ED
:1015A0006FFF2068816841F00801816000F090FDC4
:1015B000074608E000F08CFDC01B0A2803D920680C
:1015C0008068000715D4206880680007F2D420687E
:1015D000816841F00401816000F07AFD074612E065
:1015E00000F076FDC01B0A280DD9206880684007EE
:1015F00009D5A06A20F0020040F01000A06284F833
:1016000024500120F8BD206880684007E8D4A06A13
:1016100020F0020040F00100A06284F8245030461F
:10162000F8BD00000C000020F8B50024009490F8EC
:1016300024202546012A12D0012280F824204A685D
:101640001F23072A0DD20668776B521E02EB820217
:1016500093409F430B6893401F43776319E0022038
:10166000F8BD06680D2A0AD2376BD21F02EB820240
:1016700093409F430B6893401F43376309E0F76A29
:101680000D3A02EB820293409F430B6893401F4345
:10169000F7620A68072306680A2A0AD3F7680A3A33
:1016A00002EB420293409F438B6893401F43F760D5
:1016B00008E0376902EB420293409F438B689340F6
:1016C0001F4337610A68102A01D0112A20D1124B1A
:1016D00002689A4217D193681B0219D4936843F4A5
:1016E000000393600968102912D10C490C4A09685B
:1016F000B1FBF2F101EB8101490000E0491E0091CC
:101700000029FBD104E0816A41F0200181620124BB
:1017100080F824502046F8BD002401400C00002031
:1017200040420F0038B51A4801F040F919480078D6
:1017300001280DD04FF47840009017A378220121A2
:10174000F02005F001FEBDE83840114801F03CB939
:101750004FF6E070009013A378220121F02005F0ED
:10176000F3FD134D4FF4807400222146284600F00B
:10177000AAFC05F097FD05F027FF05F0F9FB05F041
:10178000EFFA01222146284600F09DFCDBE700002D
:10179000B40000201400002053746F7070696E67ED
:1017A0000000000052756E6E696E67200000000038
:1017B00000080140704770472DE9F04104004FF0E8
:1017C00000057FD0A06A002628B9E66284F824606C
:1017D000204600F081F82046FFF7EEFDA16AC90619
:1017E00000D420B1A06A40F01000A0626AE0A16AB3
:1017F00021F4885141F00201A162334923688B42F0
:10180000E16904D1B1F5402F01D14FF40021277BCC
:101810004FF4807C41EA470261680A43A168614550
:1018200008D0012906D0002194F814E0BEF1010F80
:1018300002D00AE06146F7E7C7B1A76A47F0200780
:10184000A762E76A47F00107E7625F6827F4694724
:101850000F435F60236899681C4F394011439960BA
:10186000A16861450BD0012909D00CE0DFF860E0E8
:10187000A7690EEB47370F4347F40061E5E7218A7C
:101880000D05A5F580152168CB6A23F470032B4361
:10189000CB62216889680F4B1940914208D1E662FA
:1018A000A16A21F0020141F00101A162BDE8F081CD
:1018B000A06A20F0020040F01000A062E06A40F050
:1018C0000100E0620120F1E7003C0140FDF7E1FF8B
:1018D00000E0FFFFFE0E1FFF70B586B00026054634
:1018E000009601960296039600681B49884230D103
:1018F0001A49886940F400708861886900F40070B2
:101900000490886940F0040088618869694600F0A5
:10191000040004900220009003200190104800F081
:10192000D1FA114C0F48C4E900068020C4E90260D6
:1019300040002061800060612020A0614FF4405091
:10194000E061204600F0BCF908B1FFF7FFFD2C6212
:10195000656206B070BD0000002401400010024026
:101960000008014008000240700000202DE9F04707
:10197000894604463B4900683B4F0E1D904688420D
:1019800001D0B84207D1306810F4702F03D0012580
:101990002846BDE8F08794F8240001280CD00120E7
:1019A00084F824002046FFF76BFD05004FF000008F
:1019B00004D084F82400EBE70220EAE7A16A40F6AD
:1019C0000162914341F48071A1622168B94218D14A
:1019D000326812F4702F14D0A16A41F48011A16210
:1019E0003168490505D5A16A21F4005141F48051BF
:1019F000A162A16AC9040AD5E16A21F00601E16287
:101A000006E0A26A22F48012A2624968E9E7E06275
:101A100084F82400216A15488862216A1448C86243
:101A2000216A1448086321686FF00200086020688A
:101A3000816841F480718160216843464A464C3197
:101A4000206A00F07BF920688168C1F342410729D0
:101A5000816803D041F48011816099E741F4A001CD
:101A6000FAE7000000240140002801400F1400089C
:101A7000771400085D1400082DE9F05FC16B0A6857
:101A800001680B68046C4FF0040808FA04F8844DF0
:101A9000844E854FDFF814C2DFF81492DFF814A2E9
:101AA000DFF814B2DFF814E218EA020F65D05FEA3B
:101AB000437862D50A68920603D40A6822F00402C9
:101AC0000A60DFF8F0814FF48062016808F11408C1
:101AD00013011402414524D9A9420DD0B1420FD0BF
:101AE000B9421AD0614515D0494515D0514501D1AB
:101AF000120312E0594501D104220EE0714501D1D3
:101B000040220AE06D4D1435A94206D06B4A2832B6
:101B1000914201D11A4600E022466749091F0A6036
:101B200029E0A94213D0B14215D0B94220D0614575
:101B30001BD049451BD0514502D14FF4800217E01C
:101B4000414502D14FF0806212E0594501D1042293
:101B50000EE0714501D140220AE0584D1435A942EA
:101B600006D0564A2832914201D11A4600E0224658
:101B70004B4908394A60C16A71E04FF0020808FA1F
:101B800004F818EA020F70D05FEA83786DD50A680E
:101B9000920606D40A6822F00A020A60012180F83F
:101BA0002110DFF810814FF40072016808F1140869
:101BB00013011402414524D9A9420DD0B1420FD0DE
:101BC000B9421AD0614515D0494515D0514501D1CA
:101BD000120312E0594501D102220EE0714501D1F4
:101BE00020220AE0354D1435A94206D0334A283266
:101BF000914201D11A4600E022462F49091F0A608E
:101C000029E0A94213D0B14215D0B94220D0614594
:101C10001BD049451BD0514502D14FF4001217E0AB
:101C2000414502D14FF0007212E0594501D1022224
:101C30000EE0714501D120220AE0204D1435A94261
:101C400006D01E4A2832914201D11A4600E02246AF
:101C5000134908394A60002180F82010816A002960
:101C60001CD0BDE8F05F0847FFE70825A5401542F6
:101C700014D01A0712D50A6822F00E020A6090F8F2
:101C80004020C36B012101FA02F25A60816380F89F
:101C90002110002180F82010016BE0E7BDE8F09FE3
:101CA000080002401C000240300002404400024094
:101CB000580002406C000240080402401C0402402C
:101CC00030B560B11A4B026814219A4209D2194BFF
:101CD0001344B3FBF1F18900016417490AE00120C4
:101CE00030BD134B5B421344B3FBF1F18900016437
:101CF0000F490839C163022180F82110136843F6A7
:101D0000F0718B43F0E901142143D0E902452C43E3
:101D100021430469214344692143846921431943D0
:101D2000116000214163012242770177084630BDEE
:101D300008040240F8FFFDBF0000024070B50446F1
:101D400090F82000002501280CD0012084F8200004
:101D500094F821600020012E06D084F8200002258E
:101D6000284670BD022070BD022684F82160A06361
:101D70002068066826F0010606602046FFF7C6FBCD
:101D8000E06A00282068016802D041F00E0106E0F8
:101D900021F0040101602068016841F00A0101603E
:101DA0002068016841F001010160D9E770B504467F
:101DB00000F08EF90546601C02D004480078044407
:101DC00000F086F9401BA042FAD370BD000000204D
:101DD0002DE9F041064600251420FFF7E7FF012713
:101DE0002F48304C012E0FD0202E34D0F9038E42D4
:101DF00010D100F063F900280CD1E078C8B30128B5
:101E000041D0022848D024E00121064600F056F9CE
:101E1000012808D0BDE8F0813220FFF7C7FF6D1C14
:101E2000EDB20B2D05D20121304600F047F9012813
:101E3000F2D00B2D04D0E078032808D3002007E06F
:101E4000207810B10020207003E00120FBE7401C47
:101E5000E0702771DEE72021134800F02FF90028F9
:101E6000D8D1E07830B1012808D00228F1D1012082
:101E700013E000E0012005F0EFFAEAE7E08802282D
:101E8000E7D3401E03E0E0880828E2D8401CE08049
:101E9000C0B205F07DFADCE7002005F0FDFAD8E7D6
:101EA000000801401400002000100140044910B552
:101EB0000A68024202D00860FFF78AFF10BD0000E6
:101EC000140401402DE9F84FDFF8C891002409F10E
:101ED000040A0AF1040B23460F270BF1040ED1E08C
:101EE0000125A54006EA0502AA4276D1DFF8A8C17D
:101EF0004E68A6EB0C0866452BD00DDC032E34D0C3
:101F000005DC36B3012E19D0022E2FD11BE0112E85
:101F100016D0122E2AD119E0B8F5881F19D006DC88
:101F2000B8F5803F15D0B8F5801F1FD111E0B8F586
:101F3000001F0ED0B8F5041F18D10AE0CB6815E0D9
:101F4000CB681B1D12E0CB6808330FE0CB680C3365
:101F50000CE08B682BB1012B4FF0080303D04561D7
:101F600004E0042302E0056100E00023FF2A01D819
:101F7000064601E000F104064FEA840501D9A5F107
:101F80002005D6F8008007FA05FC28EA0C0803FAB9
:101F900005F548EA0508C6F800804D68ED0070D5E3
:101FA0003E4DAE6946F00106AE61AD6924F0030610
:101FB00005F0010500953A4D06EB050CDCF80850DC
:101FC000A607360F07FA06F825EA0805DFF8D480D9
:101FD000404503D14FF0000825E052E0DFF8C8800B
:101FE000404502D14FF001081DE0DFF8C0804045B8
:101FF00002D14FF0020816E0DFF8B480404502D16C
:102000004FF003080FE0DFF8AC80404502D14FF0FD
:10201000040808E0DFF8A080404502D14FF0050831
:1020200001E04FF0060808FA06F848EA0508CCF87F
:1020300008804D68D9F80060ED034D4601D5164380
:1020400000E096432E604D68DAF80060AD03554617
:1020500001D5164300E096432E604D68DBF8006022
:10206000ED025D4601D5164300E096432E604D68B3
:10207000DEF80060AD02754601D5164300E09643D8
:102080002E60641C0A681646E2407FF429AFBDE862
:10209000F88F000000040140000011100010024001
:1020A0000000014000080140000C01400010014008
:1020B0000014014000180140001C014080680840E5
:1020C00000D0012070470AB1016170470904FBE7A5
:1020D00001488068704700000000002002488168C5
:1020E000027811448160704700000020074810B555
:1020F000016841F010010160032000F079F8002030
:1021000000F006F800F024F8002010BD0020024086
:1021100070B50D4D04464FF47A712878B1FBF0F09C
:102120000A490968B1FBF0F000F0C0FB48B9102C77
:1021300007D200222146501E00F03AF800206C60C1
:1021400070BD012070BD0000000000200C000020C8
:102150000E4808B5816941F001018161816901F092
:1021600001010091C16941F08051C161C06900F075
:1021700080500090052000F03BF80548416821F0B0
:10218000E06141F00071416008BD000000100240B4
:1021900000000140002809DB00F01F0201219140EE
:1021A0004009800000F1E020C0F8001170470000F5
:1021B000F0B40E4B1B680C46C3F30223C3F10705B2
:1021C000042D00D90425191D072901D2002300E0A0
:1021D000DB1E012606FA05F1491E214099409E406A
:1021E000761E16403143F0BC05F03AB80CED00E025
:1021F000064900F0070208684FF6FF03184040EA5E
:102200000220034A10430860704700000CED00E014
:102210000000FA0510B52CA401461DCC86B08DE84F
:102220001D002DA02D4C00680490002004292FD003
:102230000BDC01292FD0022928D100F061F9616857
:10224000C1F38131491C49001EE0082920D0102922
:102250001CD161682268D20118D5C1F38342C90339
:102260001DF8020009D5616804AAC1F34041515C20
:102270001B4AB2FBF1F1484301E01A494843616847
:10228000490203D440000321B0FBF1F006B010BDB9
:1022900000F046F9FAE7226AC2F30121012903D1CD
:1022A000920701D5C803F1E7022905D1626A9207B6
:1022B00002D549F64040E9E70329E7D121688903BF
:1022C000E4D54FF22440E1E70203040506070809BC
:1022D0000A0B0C0D0E0F101001020000001002403E
:1022E00000127A0000093D002DE9F8430546007808
:1022F000354CC00754D0E0690026C00008D4E0691E
:1023000040F08050E061E069012600F080500090CC
:102310002E480168C90512D40168804641F48071D5
:102320000160FFF7D5FE074605E000BFFFF7D0FECE
:10233000C01B642823D8D8F80000C005F6D5206A51
:1023400010F4407021D0A98801F4407181421CD062
:10235000206A1F49012220F440700A6000220A60AE
:102360002062C00711D0FFF7B3FE074641F288385C
:1023700008E000BFFFF7ACFEC11B414502D90320B6
:10238000BDE8F883206A8007F4D5206A696820F4E4
:102390004070084320621EB1E06920F08050E06187
:1023A0002878800705D56068A96820F44040084374
:1023B00060602878C00605D56068696920F48000EF
:1023C000084360600020DBE700100240007000401E
:1023D000400442422DE9F0470F46050061D0434ECC
:1023E000306800F00700B84209D2306820F00700DA
:1023F00038433060306800F00700B84251D1286897
:102400003B4C810712D5400703D5606840F4E0607B
:1024100060602878000703D5606840F46050606011
:102420006068A96820F0F000084360602878C00761
:1024300028D06868012810D02168022810D08907A8
:1024400000292EDA616821F0030101436160FFF782
:102450003FFE804641F288390DE021688903EFE7AD
:102460008901EDE7FFF734FEA0EB0801494502D9E9
:102470000320BDE8F0876068696800F00C00B0EBED
:10248000810FEFD1306800F00700B8420BD93068F7
:1024900020F0070038433060306800F00700B84291
:1024A00001D00120E5E72878400705D56068E96894
:1024B00020F4E060084360602878000706D5606873
:1024C000296920F4605040EAC100606000F028F8FB
:1024D0006168084AC1F30311515CC84006490860AD
:1024E00006480068FFF714FE0020C2E70020024003
:1024F00000100240A68200080C000020040000200A
:102500000448054900684968044AC1F3C221515C86
:10251000C84070470C00002000100240B68200083E
:1025200012A185B00FC98DE80F0014A0144A0068ED
:1025300004905168134801F00C03042B10D0082BB1
:102540000ED1C1F38343C9031DF803000AD55168B6
:1025500004AAC1F34041515C0A4A5043B0FBF1F078
:1025600005B0704708494843FAE700000203040534
:10257000060708090A0B0C0D0E0F101001020000CF
:102580000010024000127A0000093D002DE9F84FCA
:10259000040070D02078C04DC00749D06868C0F3EF
:1025A0008100012807D06868C0F38100022809D1A2
:1025B0006868C00306D52868800339D5606800289C
:1025C000E7D035E06068B0F5803F0BD010B1B0F5D2
:1025D000A02F11D0286820F480302860286820F4CB
:1025E000802002E0286840F480302860606890B164
:1025F000FFF76EFD06460AE0286840F48020286058
:10260000F0E700BFFFF764FD801B642873D82868DB
:102610008003F7D50CE0FFF75BFD064605E000BF41
:10262000FFF756FD801B6428F0D828688003F7D494
:1026300020789A4E80074FF001094FF0000839D5F5
:10264000686810F00C0F07D06868C0F3810002289A
:1026500009D16868C00306D42868800714D52069AA
:10266000012808D110E02069B0B1C6F80090FFF74A
:102670002FFD074605E00AE1FFF72AFDC01B0228EF
:10268000C4D828688007F7D52868616920F0F80069
:1026900040EAC10028600DE0C6F80080FFF718FD91
:1026A000074604E0FFF714FDC01B022823D8286862
:1026B0008007F7D4207800072CD57948A169D9B1D3
:1026C000C0F80090FFF704FD074604E0FFF700FDA7
:1026D000C01B02280FD8686A8007F7D571484FF4ED
:1026E000FA510068B0FBF1F0009000BF0098411E65
:1026F0000091FAD20EE080E0C0F80080FFF7E8FC1D
:10270000074604E0FFF7E4FCC01B022875D8686A9E
:102710008007F7D42078400760D5E8690027C0001B
:1027200008D4E86940F08050E861E869012700F0CA
:10273000805000905C480168C90513D40168834645
:1027400041F480710160FFF7C3FC824606E000BFE0
:10275000FFF7BEFCA0EB0A0064284ED8DBF80000AF
:10276000C005F5D5E06801280AD008B1052813D0C6
:10277000286A20F001002862286A20F0040002E0A4
:10278000286A40F001002862E06841F2883B98B175
:10279000FFF79EFC82460BE0286A40F004002862A6
:1027A000EEE700BFFFF794FCA0EB0A0159455AD8A9
:1027B000286A8007F6D50CE0FFF78AFC824605E020
:1027C000FFF786FCA0EB0A0159454CD8286A800720
:1027D000F6D41FB1E86920F08050E861E06988B361
:1027E0006968C1F38101022944D00228C6F86080DB
:1027F00004D0FFF76DFC044638E034E0FFF768FCD6
:10280000074604E0FFF764FCC01B02282BD82868A9
:102810008001F7D4206AB0F5803F05D16868A168CF
:1028200020F4003008436860D4E90801084369686F
:1028300021F4741108436860C6F86090FFF748FC03
:10284000044606E025E000BFFFF742FC001B02281B
:1028500009D828688001F7D51BE000BFFFF738FCD6
:10286000001B022802D90320BDE8F88F28688001E8
:10287000F4D40EE00128F7D06868226A00F48031B1
:10288000914204D1616A00F47010884201D00120A5
:10289000EAE70020E8E700000010024000004242A2
:1028A000800442420C0000200070004010B5401E21
:1028B000B0F1807F01D3012010BD4FF0E0246061B2
:1028C0000F21601704F0CCFC0020A06107202061DC
:1028D000002010BD70B590F83C20012A2CD00124B6
:1028E00080F83C40022280F83D2003685A689D68C9
:1028F00022F070060A6832435A60104B02689A420E
:102900000ED00F4B9A420BD0B2F1804F08D00D4B36
:102910009A4205D00C4B9A4202D00C4B9A4204D1F9
:10292000496825F080031943916080F83D400021FB
:1029300080F83C10084670BD022070BD002C01409C
:10294000003401400004004000080040000C00403A
:1029500010B5040003D094F83D0010B107E0012049
:1029600010BD002084F83C00204600F02DF8022025
:1029700084F83D00211D206804F0E2FB012084F86A
:10298000460084F83E0084F83F0084F8400084F854
:10299000410084F8420084F8430084F8440084F83D
:1029A000450084F83D00002010BD00000068044987
:1029B000884204D10348C16921F00201C161704716
:1029C000000400400010024008B500680649884233
:1029D00008D10648C16941F00201C161C06900F037
:1029E0000200009008BD00000004004000100240FA
:1029F00090F83D10012901D001207047022180F894
:102A00003D1000680E4988420ED00E4988420BD016
:102A1000B0F1804F08D00C49884205D00B4988425C
:102A200002D00B49884204D1816801F007010629D0
:102A300003D0016841F001010160002070470000EF
:102A4000002C014000340140000400400008004018
:102A5000000C004070B5044690F83C00012817D0E7
:102A6000012584F83C50022084F83D0020688268EB
:102A700022F0770222F47F4282600868502830D02A
:102A80000DDC20284DD005DC98B310283BD148E060
:102A9000022070BD302844D0402834D139E060286D
:102AA00028D0702806D0B0F5805F2CD0B0F5005F3C
:102AB00029D10AE0CB68D1E90121206804F086FB26
:102AC0002068816841F0770109E0CB68D1E90121F4
:102AD000206804F07BFB2068816841F480418160BC
:102AE00011E0CA684968206804F082FB5021206820
:102AF00007E016E0CA684968206804F08AFB602194
:102B0000206804F06DFB84F83D50002084F83C0000
:102B100070BDCA684968206804F06AFB40212068DB
:102B2000EFE7226801461046EBE7FEE72DE9F043A8
:102B3000164C81460025208866884643A088A0F56B
:102B4000D041043902D1A079012806D000210846DD
:102B500003F020FE03F0BEFF14E00020A0712A273E
:102B600067814FF02B08A4F80C80014603F012FE99
:102B70000120A071A4F80A80A781EBE7484603F082
:102B800085FF6D1CB542F9D3BDE8F083FC00002041
:102B90002DE9F04F4A492A242B25898845F2105AFD
:102BA0004FF4305B4FF4285E4FF448764FF0F00C52
:102BB00049F241394FF4A07345F210374FF4F072E7
:102BC00080B13F484FF00108494580F806800380F6
:102BD000A0F802C001D0B9423ED12C260681448122
:102BE000858157E036484FF00008494580F8068057
:102BF000A0F800C0438006D0A1F5D04CBCF1040C75
:102C000001D0B9420CD12C2606814481A1F5D044D3
:102C10008581043C01D0B94244D10380428041E027
:102C2000514507D1A0F808B0A0F80AE04FF42C51A4
:102C300081810EE0A1F5C853633B06D022210181BA
:102C400020214181212181812CE02C21018145819C
:102C500084810280468025E0A1F5D04CBCF1040CB3
:102C600009D051450BD1A0F808B0A0F80AE04FF404
:102C70002C54848121E02C260681458109E0A1F5B0
:102C8000C85CBCF1630C12D022240481212444814D
:102C900020248481A1F5D044043C01D0B94201D163
:102CA00002804380BDE8F04F002003F071BC4FF07C
:102CB0002C0CA0F808C04481858106804280E9E799
:102CC000FC0000202DE9FE4F161ACDE900104FF050
:102CD00000085D1A47464FF0FF30002E02DD4FF02E
:102CE000010102E003D14FF000018B4602E0834670
:102CF000C6F10006002D02DD4FF0010002E003D115
:102D00004FF00000824602E08246C5F10005AE4267
:102D100001DD344600E02C46601C4FF000090290B3
:102D200018E0009881B2019880B200F019F8B04420
:102D30002F44A04504DD0198A8EB040858440190F5
:102D4000A74203DD00983F1B5044009009F10100A9
:102D50001FFA80F902998945E3DDBDE8FE8F000086
:102D600000B503F017FD03F0B5FE034800885DF8D9
:102D700004EB03F08BBE000010000020F0B51C46F1
:102D800015460E4607460B46FFF79CFF3A4623467C
:102D900031461046FFF796FF23462A461946384625
:102DA000FFF790FF2A4623463146BDE8F040104623
:102DB000FFF788BF2DE9F043484D0E4604464FEA21
:102DC0001128A88829469146270A4A89A0F5134365
:102DD000413B17D0A0F5A641103913D0A0F5AA4168
:102DE000103914D02B46A0F5C85799791B881B1BA6
:102DF0005B1E633F25D0A0F5D047043F3DD001299D
:102E000051D051E0104603F053FE38463CE01046E6
:102E100003F04EFE384603F039FE6889401C80B24C
:102E200003F046FEE0B203F031FEA88903F040FE55
:102E3000404603F02BFEA889401C80B203F038FE08
:102E40002DE001B99CB2104603F032FE270A384645
:102E500003F01CFEE0B203F019FE384603F016FE44
:102E6000E0B203F013FEA88903F022FE404603F00F
:102E70000DFEF0B203F00AFE0EE0012900D19CB273
:102E8000104603F015FE200A03F000FEE0B203F046
:102E9000FDFDA88903F00CFE404603F0F7FDF0B2FB
:102EA00003F0F4FD08E09CB22146104603F018FE42
:102EB000A889314603F014FE09484FF4807141613E
:102EC00041154161074B2A891A60802242610261E3
:102ED00001614846BDE8F04303F0D8BDFC00002086
:102EE000001001400C0C01402DE9F05F3220FEF78C
:102EF0005DFF0121002003F0F3FD3220FEF756FFB5
:102F0000002003F017FBFE4C49F2413746F6040857
:102F1000A08045F2103945F210564FF6FF75FF2894
:102F200004D3A84202D0B0F5134F6BD1D32003F0E5
:102F3000BFFD03F0C7FA03F0C5FA03F0C3FA05EAD0
:102F40000020A08003F0BEFAA1880843A080B84208
:102F500058D0BF2003F0ACFD03F0B4FA03F0B2FA8E
:102F600003F0B0FA03F0AEFA05EA0020A08003F007
:102F7000A9FAA1880843A080404543D0D42003F09B
:102F800097FD03F09FFA03F09DFA03F09BFA05EA20
:102F90000020A08003F096FAA1880843A08048454D
:102FA00030D04FF45A4003F083FD03F08BFA4FF416
:102FB0005B4003F07DFD03F085FA05EA0020A08068
:102FC0004FF45C4003F074FD03F07CFAA1880843E1
:102FD000A080B0F5004F7DD0B04213D0A12003F007
:102FE00067FD03F06FFAA08003F06CFA05EA002099
:102FF000A08003F067FAA1880843A0F5AE41A08045
:10300000613968D080B2B84266D1CF2003F050FD5C
:10301000002003F03BFDC12003F038FD302003F019
:1030200035FDED2003F044FD642003F02FFD032067
:1030300003F02CFD122003F029FD812003F026FD72
:10304000E82003F035FD852003F020FD102003F07B
:103050001DFD7A2003F01AFDCB2003F029FD392055
:1030600003F014FD2C2003F011FD002003F00EFDF1
:10307000342003F00BFD022003F008FDF72003F0DD
:1030800017FD202003F002FDEA2003F011FD0020CF
:1030900003F0FCFC002003F0F9FCC02003F008FD65
:1030A0001B2003F0F3FCC12003F002FD012003F01C
:1030B000EDFCC52003F0FCFC302003F0E7FC3020E1
:1030C00003F0E4FCC72003F0F3FCB72003F0DEFCC0
:1030D000362002E0B1E0ABE0B2E003F0E9FC4820CA
:1030E00003F0D4FC3A2003F0E3FC552003F0CEFCBF
:1030F000B12003F0DDFC002003F0C8FC1A2003F02F
:10310000C5FCB62003F0D4FC0A2003F0BFFCA220CB
:1031100003F0BCFCF22003F0CBFC002003F0B6FC73
:10312000262003F0C5FC012003F0B0FCE02003F0F2
:10313000BFFC0F2003F0AAFC2A2003F0A7FC2820E4
:1031400003F0A4FC082003F0A1FC0E2003F09EFC79
:10315000082003F09BFC542003F098FCA92003F006
:1031600095FC432003F092FC0A2003F08FFC0F2013
:1031700003F08CFC002003F089FC002003F086FCA7
:10318000002003F083FC002003F080FCE12003F02A
:103190008FFC002003F07AFC152003F077FC172049
:1031A00003F074FC072003F071FC112003F06EFCA7
:1031B000062003F06BFC2B2003F068FC562003F084
:1031C00065FC3C2003F062FC052003F05FFC10204E
:1031D00003F05CFC0F2003F059FC3F2003F056FC89
:1031E0003F2003F053FC0F2003F050FC2B2003F092
:1031F0005FFC002003F04AFC002003F047FC0120A4
:1032000003F044FC3F2003F041FC2A2003F050FC73
:10321000002003F03BFC002003F038FC002003F00A
:1032200035FCEF2003F032FC112003F041FCB0E04C
:1032300041F66310A08003F075B8A68001F02DB8A8
:1032400040457CD1112003F033FC1420FEF7AEFD85
:10325000D02003F02DFC072003F018FC422003F0DF
:1032600015FC1D2003F012FCD12003F021FC0020EE
:1032700003F00CFC1A2003F009FC092003F006FC03
:10328000D22003F015FC012003F000FC222003F003
:10329000FDFBC02003F00CFC102003F0F7FB3B20EB
:1032A00003F0F4FB002003F0F1FB022003F0EEFB3F
:1032B000112003F0EBFBC52003F0FAFB032003F021
:1032C000E5FBC82003F0F4FB002003F0DFFB252022
:1032D00003F0DCFB212003F0D9FB052003F0D6FB33
:1032E000002003F0D3FB0A2003F0D0FB652003F09D
:1032F000CDFB252003F0CAFB772003F0C7FB01E0DC
:10330000FC000020502003F0C1FB0F2003F0BEFBA7
:10331000002003F0BBFBF82003F0CAFB012003F000
:10332000B5FBFE2003F0C4FB002003F0AFFB02203E
:1033300003F0ACFB202003F0BBFB362000E02EE0C6
:1033400003F0B6FB082003F0A1FB3A2003F0B0FB2A
:10335000552003F09BFB2B2003F0AAFB002003F079
:1033600095FB002003F092FB012003F08FFB3F2030
:1033700003F08CFB2A2003F09BFB002003F086FB6C
:10338000002003F083FB012003F080FBDF2003F02B
:103390007DFB7820FEF70AFD292001F0FCBE4845A0
:1033A0007ED1ED2003F084FB012003F06FFBFE20B3
:1033B00003F06CFBEE2003F07BFBDE2003F066FBEA
:1033C000212003F063FBF12003F072FB012003F0E6
:1033D0005DFBDF2003F06CFB102003F057FBC420E3
:1033E00003F066FB8F2003F051FBC62003F060FB67
:1033F000002003F04BFBE22003F048FBE22003F047
:1034000045FBE22003F042FBBF2003F051FBAA2062
:1034100003F03CFBB02003F04BFB0D2003F036FB28
:10342000002003F033FB0D2003F030FB002003F0FD
:103430002DFB112003F02AFB002003F027FB1920AD
:1034400003F024FB002003F021FB212003F01EFBEE
:10345000002003F01BFB2D2003F018FB002003F0DD
:1034600015FB3D2003F012FB002003F00FFB5D2055
:1034700003F00CFB002003F009FB5D2003F006FBCA
:10348000002003F003FBB12003F012FB802003F0C7
:10349000FDFA002003F0FAFA8B2003F0F7FA00E0BF
:1034A000FDE3002003F0F2FA962003F0EFFA00208B
:1034B00003F0ECFAB22003F0FBFA002003F0E6FA86
:1034C000002003F0E3FA022003F0E0FA002003F00A
:1034D000DDFA032003F0DAFA002003F0D7FAB32074
:1034E00003F0E6FA002003F0D1FA002003F0CEFA50
:1034F000002003F0CBFA002003F0C8FA002003F00C
:10350000C5FA002003F0C2FA002003F0BFFA002041
:1035100003F0BCFA002003F0B9FA002003F0B6FA79
:10352000002003F0B3FA002003F0B0FA002003F00B
:10353000ADFA002003F0AAFA002003F0A7FA002059
:1035400003F0A4FA002003F0A1FA002003F09EFA91
:10355000002003F09BFA002003F098FA002003F00B
:1035600095FA002003F092FA002003F08FFA002071
:1035700003F08CFAB42003F09BFA8B2003F086FA58
:10358000002003F083FA962003F080FA002003F075
:103590007DFAA12003F07AFA002003F077FAB52033
:1035A00003F086FA022003F071FA002003F06EFAAD
:1035B000032003F06BFA002003F068FA042003F004
:1035C00065FA002003F062FAB62003F071FA0020D9
:1035D00003F05CFA002003F059FAB72003F068FA10
:1035E000002003F053FA002003F050FA3F2003F0CC
:1035F0004DFA002003F04AFA5E2003F047FA00205B
:1036000003F044FA642003F041FA002003F03EFA8C
:103610008C2003F03BFA002003F038FAAC2003F0D2
:1036200035FA002003F032FADC2003F02FFA0020F4
:1036300003F02CFA702003F029FA002003F026FA98
:10364000902003F023FA002003F020FAEB2003F08F
:103650001DFA002003F01AFADC2003F017FA00200C
:1036600003F014FAB82003F023FA002003F00EFA56
:10367000002003F00BFA002003F008FA002003F00A
:1036800005FA002003F002FA002003F0FFF9002001
:1036900003F0FCF9002003F0F9F9BA2003F008FA6E
:1036A000242003F0F3F9002003F0F0F9002003F0E8
:1036B000EDF9002003F0EAF9C12003F0F9F9202028
:1036C00003F0E4F9002003F0E1F9542003F0DEF9FF
:1036D000002003F0DBF9FF2003F0D8F9002003F00D
:1036E000D5F9C22003F0E4F90A2003F0CFF9002055
:1036F00003F0CCF9042003F0C9F9002003F0C6F967
:10370000C32003F0D5F93C2003F0C0F9002003F0FA
:10371000BDF93A2003F0BAF9002003F0B7F93920D7
:1037200003F0B4F9002003F0B1F9372003F0AEF94B
:10373000002003F0ABF93C2003F0A8F9002003F0CF
:10374000A5F9362003F0A2F9002003F09FF93220FA
:1037500003F09CF9002003F099F92F2003F096F96B
:10376000002003F093F92C2003F090F9002003F0DF
:103770008DF9292003F08AF9002003F087F926202B
:1037800003F084F9002003F081F9242003F07EF98E
:10379000002003F07BF9242003F078F9002003F0E7
:1037A00075F9232003F072F9002003F06FF93C2033
:1037B00003F06CF9002003F069F9362003F066F994
:1037C000002003F063F9322003F060F9002003F0D9
:1037D0005DF92F2003F05AF9002003F057F92C204F
:1037E00003F054F9002003F051F9292003F04EF9B9
:1037F000002003F04BF9262003F048F9002003F0E5
:1038000045F9242003F042F9002003F03FF9242079
:1038100003F03CF9002003F039F9232003F036F9D6
:10382000002003F033F9C42003F042F9622003F0D2
:103830002DF9002003F02AF9052003F027F90020D4
:1038400003F024F9842003F021F9002003F01EF98D
:10385000F02003F01BF9002003F018F9182003F002
:1038600015F9002003F012F9A42003F00FF900204D
:1038700003F00CF9182003F009F9002003F006F911
:10388000502003F003F9002003F000F90C2003F0AE
:10389000FDF8002003F0FAF8172003F0F7F80020F5
:1038A00003F0F4F8952003F0F1F8002003F0EEF8AF
:1038B000F32003F0EBF8002003F0E8F8E62003F033
:1038C000E5F8002003F0E2F8C52003F0F1F832201B
:1038D00003F0DCF8002003F0D9F8442003F0D6F818
:1038E000002003F0D3F8652003F0D0F8002003F0A7
:1038F000CDF8762003F0CAF8002003F0C7F888203E
:1039000003F0C4F8002003F0C1F8C62003F0D0F89B
:10391000202003F0BBF8002003F0B8F8172003F0D4
:10392000B5F8002003F0B2F8012003F0AFF8002052
:1039300003F0ACF8C72003F0BBF8002003F0A6F8B2
:10394000002003F0A3F8002003F0A0F8002003F00B
:103950009DF8C82003F0ACF8002003F097F8002091
:1039600003F094F8002003F091F8002003F08EF8A3
:10397000C92003F09DF8002003F088F8002003F030
:1039800085F8002003F082F8002003F07FF8002083
:1039900003F07CF8002003F079F8002003F076F8BB
:1039A000002003F073F8002003F070F8002003F00B
:1039B0006DF8002003F06AF8002003F067F800209B
:1039C00003F064F8002003F061F8002003F05EF8D3
:1039D000002003F05BF8E02003F06AF8162003F003
:1039E00055F8002003F052F81C2003F04FF8002097
:1039F00003F04CF8212003F049F8002003F046F8CA
:103A0000362003F043F8002003F040F8462003F08E
:103A10003DF8002003F03AF8522003F037F8002078
:103A200003F034F8642003F031F8002003F02EF89E
:103A30007A2003F02BF8002003F028F88B2003F005
:103A400025F8002003F022F8992003F01FF8002049
:103A500003F01CF8A82003F019F8002003F016F872
:103A6000B92003F013F8002003F010F8C42003F08D
:103A70000DF8002003F00AF8CA2003F007F8002030
:103A800003F004F8D22003F001F8002002F0FEFF5A
:103A9000D92002F0FBFF002002F0F8FFE02002F046
:103AA000F5FF002002F0F2FFF32002F0EFFF00200C
:103AB00002F0ECFFE12002F0FBFF162002F0E6FF2F
:103AC000002002F0E3FF1C2002F0E0FF002002F0E3
:103AD000DDFF222002F0DAFF002002F0D7FF3620BF
:103AE00002F0D4FF002002F0D1FF452002F0CEFF0B
:103AF000002002F0CBFF522002F0C8FF002002F0AD
:103B0000C5FF642002F0C2FF002002F0BFFF7A2050
:103B100002F0BCFF002002F0B9FF8B2002F0B6FFDC
:103B2000002002F0B3FF992002F0B0FF002002F065
:103B3000ADFFA82002F0AAFF002002F0A7FFB920E5
:103B400002F0A4FF002002F0A1FFC42002F09EFFBB
:103B5000002002F09BFFCA2002F098FF002002F034
:103B600095FFD22002F092FF002002F08FFFD820B4
:103B700002F08CFF002002F089FFE02002F086FFB7
:103B8000002002F083FFF32002F080FF002002F00B
:103B90007DFFE22002F08CFF052002F077FF00207D
:103BA00002F074FF0B2002F071FF002002F06EFFA4
:103BB0001B2002F06BFF002002F068FF342002F0AF
:103BC00065FF002002F062FF442002F05FFF00204A
:103BD00002F05CFF4F2002F059FF002002F056FF78
:103BE000612002F053FF002002F050FF792002F024
:103BF0004DFF002002F04AFF882002F047FF00201E
:103C000002F044FF972002F041FF002002F03EFF47
:103C1000A62002F03BFF002002F038FFB72002F0A0
:103C200035FF002002F032FFC22002F02FFF0020FB
:103C300002F02CFFC72002F029FF002002F026FF2F
:103C4000D12002F023FF002002F020FFD62002F056
:103C50001DFF002002F01AFFDD2002F017FF0020F8
:103C600002F014FFF32002F011FF002002F00EFF1B
:103C7000E32002F01DFF052002F008FF002002F003
:103C800005FF0A2002F002FF002002F0FFFE1C20C8
:103C900002F0FCFE002002F0F9FE332000E0FAE220
:103CA00002F0F4FE002002F0F1FE442002F0EEFEED
:103CB000002002F0EBFE502002F0E8FE002002F0AF
:103CC000E5FE622002F0E2FE002002F0DFFE782036
:103CD00002F0DCFE002002F0D9FE882002F0D6FEC1
:103CE000002002F0D3FE972002F0D0FE002002F068
:103CF000CDFEA62002F0CAFE002002F0C7FEB720CB
:103D000002F0C4FE002002F0C1FEC22002F0BEFE9E
:103D1000002002F0BBFEC72002F0B8FE002002F037
:103D2000B5FED12002F0B2FE002002F0AFFED52099
:103D300002F0ACFE002002F0A9FEDD2002F0A6FE9B
:103D4000002002F0A3FEF32002F0A0FE002002F00B
:103D50009DFEE42002F0ACFE012002F097FE002060
:103D600002F094FE012002F091FE002002F08EFE8F
:103D7000022002F08BFE002002F088FE2A2002F0D2
:103D800085FE002002F082FE3C2002F07FFE002033
:103D900002F07CFE4B2002F079FE002002F076FE5D
:103DA0005D2002F073FE002002F070FE742002F02D
:103DB0006DFE002002F06AFE842002F067FE002003
:103DC00002F064FE932002F061FE002002F05EFE2D
:103DD000A22002F05BFE002002F058FEB32002F0A9
:103DE00055FE002002F052FEBE2002F04FFE0020E1
:103DF00002F04CFEC42002F049FE002002F046FE14
:103E0000CD2002F043FE002002F040FED32002F05D
:103E10003DFE002002F03AFEDD2002F037FE0020D9
:103E200002F034FEF32002F031FE002002F02EFEFC
:103E3000E52002F03DFE002002F028FE002002F006
:103E400025FE002002F022FE002002F01FFE0220CC
:103E500002F01CFE002002F019FE292002F016FEDE
:103E6000002002F013FE3C2002F010FE002002F0C1
:103E70000DFE4B2002F00AFE002002F007FE5D203E
:103E800002F004FE002002F001FE742002F0FEFDAC
:103E9000002002F0FBFD842002F0F8FD002002F07B
:103EA000F5FD932002F0F2FD002002F0EFFDA220CC
:103EB00002F0ECFD002002F0E9FDB32002F0E6FD87
:103EC000002002F0E3FDBE2002F0E0FD002002F041
:103ED000DDFDC42002F0DAFD002002F0D7FDCD2088
:103EE00002F0D4FD002002F0D1FDD32002F0CEFD7F
:103EF000002002F0CBFDDC2002F0C8FD002002F023
:103F0000C5FDF32002F0C2FD002002F0BFFDE62057
:103F100002F0CEFD112002F0B9FD002002F0B6FD46
:103F2000342002F0B3FD002002F0B0FD562002F074
:103F3000ADFD002002F0AAFD762002F0A7FD0020D2
:103F400002F0A4FD772002F0A1FD002002F09EFD0A
:103F5000662002F09BFD002002F098FD882002F010
:103F600095FD002002F092FD992002F08FFD0020C7
:103F700002F08CFDBB2002F089FD002002F086FDDE
:103F8000992002F083FD002002F080FD662002F0FF
:103F90007DFD002002F07AFD552002F077FD002023
:103FA00002F074FD552002F071FD002002F06EFD5C
:103FB000452002F06BFD002002F068FD432002F076
:103FC00065FD002002F062FD442002F05FFD00204C
:103FD00002F05CFDE72002F06BFD322002F056FD9E
:103FE000002002F053FD552002F050FD002002F0A9
:103FF0004DFD762002F04AFD002002F047FD6620CC
:1040000002F044FD002002F041FD672002F03EFD79
:10401000002002F03BFD672002F038FD002002F096
:1040200035FD872002F032FD002002F02FFD99209F
:1040300002F02CFD002002F029FDBB2002F026FD3D
:10404000002002F023FD992002F020FD002002F064
:104050001DFD772002F01AFD002002F017FD44201C
:1040600002F014FD002002F011FD562002F00EFDBA
:10407000002002F00BFD232002F008FD002002F0DA
:1040800005FD332002F002FD002002F0FFFC452078
:1040900002F0FCFC002002F0F9FCE82002F008FD30
:1040A000002002F0F3FC002002F0F0FC992002F066
:1040B000EDFC002002F0EAFC872002F0E7FC002083
:1040C00002F0E4FC882002F0E1FC002002F0DEFCBB
:1040D000772002F0DBFC002002F0D8FC662002F022
:1040E000D5FC002002F0D2FC882002F0CFFC00209A
:1040F00002F0CCFCAA2002F0C9FC002002F0C6FCB1
:10410000BB2002F0C3FC002002F0C0FC992002F0AA
:10411000BDFC002002F0BAFC662002F0B7FC0020D3
:1041200002F0B4FC552002F0B1FC002002F0AEFC1D
:10413000552002F0ABFC002002F0A8FC442002F065
:10414000A5FC002002F0A2FC442002F09FFC00200D
:1041500002F09CFC552002F099FC002002F096FC35
:10416000E92002F0A5FCAA2002F090FC002002F059
:104170008DFC002002F08AFC002002F087FC002069
:1041800002F096FCAA2002F081FCCF2002F090FC05
:10419000002002F07BFC002002F078FC002002F0FE
:1041A00075FC002002F072FC002002F06FFC002081
:1041B00002F06CFC002002F069FC002002F066FCBA
:1041C000002002F063FC002002F060FC002002F0FE
:1041D0005DFC002002F05AFC002002F057FC002099
:1041E00002F054FC002002F051FC002002F04EFCD2
:1041F000002002F04BFCF02002F05AFC002002F0FC
:1042000045FC502002F042FC002002F03FFC002060
:1042100002F03CFC002002F039FCF32002F048FCE4
:10422000002002F033FCF92002F042FC062002F0EC
:104230002DFC102002F02AFC292002F027FC00208F
:1042400002F024FC3A2002F033FC552002F01EFC60
:10425000112002F02DFC6420FDF7A8FD292002F0BA
:1042600027FC352002F024FC002002F00FFC512036
:1042700002F01EFCFF2002F009FC532002F018FCA3
:104280002C2002F003FC552002F012FC822002F0E8
:10429000FDFB2C20FEE3B0427ED14FF4704455214B
:1042A000204602F01DFC661CAA21304602F018FCD4
:1042B000A71C5221384602F013FC4FF203080821D4
:1042C000404602F00DFC4FF204090121484602F07D
:1042D00007FC0D214FF4304002F002FC0D214BF29F
:1042E000010002F0FDFB0D214BF2020002F0F8FB91
:1042F0004FF4364A3421504602F0F2FB34214BF29F
:10430000016002F0EDFB34214BF2026002F0E8FBA9
:104310004FF4314B0D21584602F0E2FB0D214BF2D8
:10432000011002F0DDFB0D214BF2021002F0D8FB70
:1043300034214FF4374002F0D3FB34214BF20170AB
:1043400002F0CEFB34214BF2027002F0C9FB0021D7
:104350004FF4324002F0C4FB00214BF2012002F086
:10436000BFFB00214BF2022002F0BAFB24214FF4E4
:10437000384002F0B5FB24214BF6010002F0B0FBFF
:1043800024214BF6020002F0ABFB01214FF43F4029
:1043900002F0A6FB0F2100E0FEE34FF4334002F0F1
:1043A0009FFB0F214BF2013002F09AFB0F214BF2E1
:1043B000023002F095FB34214FF4394002F090FBBB
:1043C00034214BF6011002F08BFB34214BF6021026
:1043D00002F086FB08214FF4354002F081FB0821F2
:1043E0004BF2015002F07CFB08214BF2025002F02C
:1043F00077FB03214FF4424002F072FB24214FF47B
:104400003A4002F06DFB24214BF6012002F068FBDC
:1044100024214BF6022002F063FB00214FF43C40C4
:1044200002F05EFB78214BF6014002F059FB0021BF
:104430004BF6024002F054FB00214FF43D4002F0E5
:104440004FFB78214BF6015002F04AFB00214BF65E
:10445000025002F045FB00214FF43E4002F040FBC9
:1044600064214BF6016002F03BFB00214FF4514008
:1044700002F036FB33214DF2011002F031FB002136
:104480004DF2021002F02CFB34214DF2031002F029
:1044900027FB00214DF2041002F022FB3A214DF2DD
:1044A000051002F01DFB00214DF2061002F018FB72
:1044B0004A214DF2071002F013FB00214DF20810C3
:1044C00002F00EFB5C214DF2091002F009FB002105
:1044D0004DF20A1002F004FB81214DF20B1002F0A4
:1044E000FFFA00214DF20C1002F0FAFAA6214DF26B
:1044F0000D1002F0F5FA00214DF20E1002F0F0FA64
:10450000E5214DF20F1002F0EBFA01214DF21010EF
:1045100002F0E6FA13214DF2111002F0E1FA012146
:104520004DF2121002F0DCFA54214DF2131002F099
:10453000D7FA01214DF2141002F0D2FA82214DF285
:10454000151002F0CDFA01214DF2161002F0C8FA52
:10455000CA214DF2171002F0C3FA02214DF21810D1
:1045600002F0BEFA00214DF2191002F0B9FA022150
:104570004DF21A1002F0B4FA01214DF21B1002F0B4
:10458000AFFA02214DF21C1002F0AAFA34214DF2CA
:104590001D1002F0A5FA02214DF21E1002F0A0FA41
:1045A00067214DF21F1002F09BFA02214DF22010FC
:1045B00002F096FA84214DF2211002F091FA0221C4
:1045C0004DF2221002F08CFAA4214DF2231002F0D9
:1045D00087FA02214DF2241002F082FAB7214DF23F
:1045E000251002F07DFA02214DF2261002F078FA31
:1045F000CF214DF2271002F073FA02214DF228105C
:1046000002F06EFADE214DF2291002F069FA022161
:104610004DF22A1002F064FAF2214DF22B1002F052
:104620005FFA02214DF22C1002F05AFAFE214DF2EF
:104630002D1002F055FA03214DF22E1002F050FA1F
:1046400010214DF22F1002F04BFA03214DF23010E1
:1046500002F046FA33214DF2311002F041FA032103
:104660004DF2321002F03CFA6D214DF2331002F09F
:1046700037FA00214FF4524002F032FA33214DF262
:10468000012002F02DFA00214DF2022002F028FA5A
:1046900034214DF2032002F023FA00214DF20420D0
:1046A00002F01EFA3A214DF2052002F019FA00211B
:1046B0004DF2062002F014FA4A214DF2072002F0D2
:1046C0000FFA00214DF2082002F00AFA5C214DF2A7
:1046D000092002F005FA00214DF20A2002F000FA4A
:1046E00081214DF20B2002F0FBF900214DF20C204C
:1046F00002F0F6F9A6214DF20D2002F0F1F90021A9
:104700004DF20E2002F0ECF9E5214DF20F2002F0FF
:10471000E7F901214DF2102002F0E2F913214DF2E8
:10472000112002F0DDF901214DF2122002F0D8F93A
:1047300054214DF2132002F0D3F901214DF214203F
:1047400002F0CEF982214DF2152002F0C9F90121C3
:104750004DF2162002F0C4F9CA214DF2172002F0E2
:10476000BFF902214DF2182002F0BAF900214DF2F2
:10477000192002F0B5F902214DF21A2002F0B0F929
:1047800001214DF21B2002F0ABF902214DF21C2059
:1047900002F0A6F934214DF21D2002F0A1F9022108
:1047A0004DF21E2002F09CF967214DF21F2002F00D
:1047B00097F902214DF2202002F092F984214DF266
:1047C000212002F08DF902214DF2222002F088F919
:1047D000A4214DF2232002F083F902214DF224207E
:1047E00002F07EF9B7214DF2252002F079F902217D
:1047F0004DF2262002F074F9CF214DF2272002F06D
:104800006FF902214DF2282002F06AF9DE214DF203
:10481000292002F065F902214DF22A2002F060F908
:10482000F2214DF22B2002F05BF902214DF22C20F7
:1048300002F056F9FE214DF22D2002F051F903212C
:104840004DF22E2002F04CF910214DF22F2002F0F3
:1048500047F903214DF2302002F042F933214DF2A5
:10486000312002F03DF903214DF2322002F038F9F7
:104870006D214DF2332002F033F900214FF4534003
:1048800002F02EF933214DF2013002F029F9002116
:104890004DF2023002F024F934214DF2033002F0DF
:1048A0001FF900214DF2043002F01AF93A214DF2BD
:1048B000053002F015F900214DF2063002F010F932
:1048C0004A214DF2073002F00BF900214DF2083079
:1048D00002F006F95C214DF2093002F001F90021E5
:1048E0004DF20A3002F0FCF881214DF20B3002F05B
:1048F000F7F800214DF20C3002F0F2F8A6214DF24B
:104900000D3002F0EDF800214DF20E3002F0E8F823
:10491000E5214DF20F3002F0E3F801214DF21030A5
:1049200002F0DEF813214DF2113002F0D9F8012126
:104930004DF2123002F0D4F854214DF2133002F04F
:10494000CFF801214DF2143002F0CAF882214DF265
:10495000153002F0C5F801214DF2163002F0C0F812
:10496000CA214DF2173002F0BBF802214DF2183087
:1049700002F0B6F800214DF2193002F0B1F8022130
:104980004DF21A3002F0ACF801214DF21B3002F06A
:10499000A7F802214DF21C3002F0A2F834214DF2AA
:1049A0001D3002F09DF802214DF21E3002F098F801
:1049B00067214DF21F3002F093F802214DF22030B2
:1049C00002F08EF884214DF2213002F089F80221A4
:1049D0004DF2223002F084F8A4214DF2233002F08F
:1049E0007FF802214DF2243002F07AF8B7214DF21F
:1049F000253002F075F802214DF2263002F070F8F1
:104A0000CF214DF2273002F06BF802214DF2283011
:104A100002F066F8DE214DF2293002F061F8022141
:104A20004DF22A3002F05CF8F2214DF22B3002F008
:104A300057F802214DF22C3002F052F8FE214DF2CF
:104A40002D3002F04DF803214DF22E3002F048F8DF
:104A500010214DF22F3002F043F803214DF2303097
:104A600002F03EF833214DF2313002F039F80321E3
:104A70004DF2323002F034F86D214DF2333002F055
:104A80002FF800214FF4544002F02AF833214DF260
:104A9000014000E07FE302F023F800214DF20240E4
:104AA00002F01EF834214DF2034002F019F8002103
:104AB0004DF2044002F014F83A214DF2054002F0A4
:104AC0000FF800214DF2064002F00AF84A214DF29B
:104AD000074002F005F800214DF2084002F000F80E
:104AE0005C214DF2094001F0FBFF00214DF20A402C
:104AF00001F0F6FF81214DF20B4001F0F1FF0021A2
:104B00004DF20C4001F0ECFFA6214DF20D4001F0FA
:104B1000E7FF00214DF20E4001F0E2FFE5214DF2EA
:104B20000F4001F0DDFF01214DF2104001F0D8FFF0
:104B300013214DF2114001F0D3FF01214DF212403B
:104B400001F0CEFF54214DF2134001F0C9FF0121C5
:104B50004DF2144001F0C4FF82214DF2154001F0E6
:104B6000BFFF01214DF2164001F0BAFFCA214DF2FC
:104B7000174001F0B5FF02214DF2184001F0B0FFDF
:104B800000214DF2194001F0ABFF02214DF21A4015
:104B900001F0A6FF012100E001E34DF21B4001F00E
:104BA0009FFF02214DF21C4001F09AFF34214DF28B
:104BB0001D4001F095FF02214DF21E4001F090FFD3
:104BC00067214DF21F4001F08BFF02214DF2204082
:104BD00001F086FF84214DF2214001F081FF022186
:104BE0004DF2224001F07CFFA4214DF2234001F060
:104BF00077FF02214DF2244001F072FFB7214DF200
:104C0000254001F06DFF02214DF2264001F068FFC2
:104C1000CF214DF2274001F063FF02214DF22840E1
:104C200001F05EFFDE214DF2294001F059FF022123
:104C30004DF22A4001F054FFF2214DF22B4001F0D9
:104C40004FFF02214DF22C4001F04AFFFE214DF2B0
:104C50002D4001F045FF03214DF22E4001F040FFB1
:104C600010214DF22F4001F03BFF03214DF2304067
:104C700001F036FF33214DF2314001F031FF0321C5
:104C80004DF2324001F02CFF6D214DF2334001F026
:104C900027FF00214FF4554001F022FF33214DF250
:104CA000015001F01DFF00214DF2025001F018FFEC
:104CB00034214DF2035001F013FF00214DF2045056
:104CC00001F00EFF3A214DF2055001F009FF0021DD
:104CD0004DF2065001F004FF4A214DF2075001F059
:104CE000FFFE00214DF2085001F0FAFE5C214DF26A
:104CF000095001F0F5FE00214DF20A5001F0F0FEDE
:104D000081214DF20B5001F0EBFE00214DF20C50D1
:104D100001F0E6FEA6214DF20D5001F0E1FE00216A
:104D20004DF20E5001F0DCFEE5214DF20F5001F086
:104D3000D7FE01214DF2105001F0D2FE13214DF2A9
:104D4000115001F0CDFE01214DF2125001F0C8FECC
:104D500054214DF2135001F0C3FE01214DF21450C5
:104D600001F0BEFE82214DF2155001F0B9FE012185
:104D70004DF2165001F0B4FECA214DF2175001F069
:104D8000AFFE02214DF2185001F0AAFE00214DF2B3
:104D9000195001F0A5FE02214DF21A5001F0A0FEBB
:104DA00001214DF21B5001F09BFE02214DF21C50DF
:104DB00001F096FE34214DF21D5001F091FE0221CA
:104DC0004DF21E5001F08CFE67214DF21F5001F094
:104DD00087FE02214DF2205001F082FE84214DF227
:104DE000215001F07DFE02214DF2225001F078FEAB
:104DF000A4214DF2235001F073FE02214DF2245004
:104E000001F06EFEB7214DF2255001F069FE02213E
:104E10004DF2265001F064FECF214DF2275001F0F3
:104E20005FFE02214DF2285001F05AFEDE214DF2C4
:104E3000295001F055FE02214DF22A5001F050FE9A
:104E4000F2214DF22B5001F04BFE02214DF22C507D
:104E500001F046FEFE214DF22D5001F041FE0321EE
:104E60004DF22E5001F03CFE10214DF22F5001F07A
:104E700037FE03214DF2305001F032FE33214DF266
:104E8000315001F02DFE03214DF2325001F028FE89
:104E90006D214DF2335001F023FE00214FF45640B6
:104EA00001F01EFE33214DF2016001F019FE0021D8
:104EB0004DF2026001F014FE34214DF2036001F066
:104EC0000FFE00214DF2046001F00AFE3A214DF27E
:104ED000056001F005FE00214DF2066001F000FEC4
:104EE0004A214DF2076001F0FBFD00214DF2086000
:104EF00001F0F6FD5C214DF2096001F0F1FD0021A9
:104F00004DF20A6001F0ECFD81214DF20B6001F0E1
:104F1000E7FD00214DF20C6001F0E2FDA6214DF20B
:104F20000D6001F0DDFD00214DF20E6001F0D8FDB5
:104F3000E5214DF20F6001F0D3FD01214DF210602B
:104F400001F0CEFD13214DF2116001F0C9FD0121E8
:104F50004DF2126001F0C4FD54214DF2136001F0D6
:104F6000BFFD01214DF2146001F0BAFD82214DF226
:104F7000156001F0B5FD01214DF2166001F0B0FDA4
:104F8000CA214DF2176001F0ABFD02214DF218600D
:104F900001F0A6FD00214DF2196001F0A1FD0221F2
:104FA0004DF21A6001F09CFD01214DF21B6001F0F1
:104FB00097FD02214DF21C6001F092FD34214DF26B
:104FC0001D6001F08DFD02214DF21E6001F088FD93
:104FD00067214DF21F6001F083FD02214DF2206038
:104FE00001F07EFD84214DF2216001F079FD022166
:104FF0004DF2226001F074FDA4214DF2236001F016
:105000006FFD02214DF2246001F06AFDB7214DF2DF
:10501000256001F065FD02214DF2266001F060FD82
:10502000CF214DF2276001F05BFD02214DF2286097
:1050300001F056FDDE214DF2296001F051FD022103
:105040004DF22A6001F04CFDF2214DF22B6001F08F
:1050500047FD02214DF22C6001F042FDFE214DF290
:105060002D6001F03DFD03214DF22E6001F038FD71
:1050700010214DF22F6001F033FD03214DF230601D
:1050800001F02EFD33214DF2316001F029FD0321A5
:105090004DF2326001F024FD6D214DF2336001F0DC
:1050A0001FFD5521204601F01BFDAA21304601F0CD
:1050B00017FD5221384601F013FD0821404601F04A
:1050C0000FFD0021484601F00BFDCC21584601F0B0
:1050D00007FD00214BF2011001F002FD05215046B1
:1050E00001F0FEFC70214FF4374001F0F9FC702113
:1050F0004BF2017001F0F4FC01214FF4384001F053
:10510000EFFC03214BF6010001F0EAFC03214BF612
:10511000020001F0E5FC03214BF6030001F0E0FC86
:1051200002214FF43C4001F0DBFC00214BF6014032
:1051300001F0D6FC00214BF6024001F0D1FCD02159
:105140004FF4494001F0CCFC02214CF6011001F073
:10515000C7FC50214CF6021001F0C2FC50214CF665
:10516000031001F0BDFC50214CF6041001F0B8FC16
:1051700000214FF4545001F0B3FC55214FF4685016
:1051800001F0AEFC4FF4885001F092FC0120FCF7D6
:105190000DFE4FF4245001F08BFC01F07BB9A0F51B
:1051A00013414FF480744FF4E06840F2022940F25A
:1051B0003F164FF4274B253932D0A0F513414FF459
:1051C000017A40F2077728397ED0A0F513414FF4D9
:1051D0001C5B203979D0A0F51341313976D0A0F588
:1051E000A841083973D0A0F5A851053970D0A0F5B1
:1051F000354105396DD0A0F5454105396AD0A0F596
:105200000941893967D0A0F58A4131397ED0A0F5AE
:105210008A4135397BD0A0F5C851633978D0BCE7D5
:1052200047F6F001E52001F05BFC2146012001F08A
:1052300057FC4146022001F053FC41F230010320AB
:1052400001F04EFC0021042001F04AFC49460820F0
:1052500001F046FC0021092001F042FC00210A2057
:1052600001F03EFC00210C2001F03AFC00210D2051
:1052700001F036FC00210F2001F032FC002110204B
:1052800001F02EFC0721112001F02AFC0021122040
:1052900001F026FC0021132001F022FC0021072050
:1052A00001F01EFC41F29061102001F019FC40F267
:1052B0002721112001F014FC9D21122001F010FC87
:1052C0004FF4C851132007E082E02BE1CFE1A1E2C7
:1052D0003CE3FDE3FDE3FDE301F002FC2521292091
:1052E00001F0FEFB0D212B2001F0FAFB07213020FD
:1052F00001F0F6FB40F20331312001F0F1FB032114
:10530000322001F0EDFB40F2062102E0FDE3FDE377
:10531000FDE3352001F0E4FB0821362001F0E0FB3D
:1053200040F20641372001F0DBFB4FF44171382099
:1053300001F0D6FB0721392001F0D2FB40F20261D7
:105340003C2001F0CDFB08213D2001F0C9FB0021EC
:10535000502001F0C5FBEF21512001F0C1FB0021DD
:10536000522001F0BDFB3146532001F0B9FB5946F4
:10537000602001F0B5FB0121612001F0B1FB0021AB
:105380006A2001F0ADFB0021802001F0A9FB002183
:10539000812001F0A5FB0021822001F0A1FB00216A
:1053A000832001F09DFB0021842001F099FB002166
:1053B000852001F095FB1021902001F091FB4FF426
:1053C000C061922001F08CFB40F233110720FCE316
:1053D00041F28F01EC2001F083FB41F23421EF20F8
:1053E00001F07EFB2146012001F07AFB41460220BC
:1053F00001F076FB41F23001032001F071FB002146
:10540000042001F06DFB4946082001F069FB0021F2
:10541000092001F065FB00210A2001F061FB012158
:105420000C2001F05DFB00210D2001F059FB002153
:105430000F2001F055FB0021102001F051FB072146
:10544000112001F04DFB0021122001F049FB002149
:10545000132001F045FB0121072001F041FB322020
:10546000FCF7A4FC41F29041102001F039FB40F21E
:105470002721112001F034FB3220FCF797FC8A2110
:10548000122001F02DFB3220FCF790FC4FF4D0519C
:10549000132001F025FB0621292001F021FB0D211D
:1054A0002B2001F01DFB3220FCF780FC0021202086
:1054B00001F016FB0021212001F012FB3220FCF745
:1054C00075FC0021302001F00BFB40F2046131201B
:1054D00001F006FB40F20531322001F001FB002112
:1054E000352001F0FDFA40F60941362001F0F8FAC6
:1054F0005146372001F0F4FA40F20131382001F032
:10550000EFFA3946392001F0EBFA00213C2001F096
:10551000E7FA40F60A213D2001F0E2FA3220FCF7DA
:1055200045FC3BE10021084601F0DAFA2146012062
:1055300001F0D6FA4146022001F0D2FA41F23001E0
:10554000032001F0CDFA0021042001F0C9FA4946F8
:10555000082001F0C5FA0021092001F0C1FA00215C
:105560000A2001F0BDFA01210C2001F0B9FA002156
:105570000D2001F0B5FA00210F2001F0B1FA322020
:10558000FCF714FC40F20111072001F0A9FA3220C7
:10559000FCF70CFC4FF48651102001F0A1FA072112
:1055A000112001F09DFA4FF488742146122001F079
:1055B00097FA4FF43061132001F092FA002129206C
:1055C00001F08EFA44F210012B2001F089FA00213B
:1055D000502001F085FAEF21512001F081FA0021DD
:1055E000522001F07DFA3146532001F079FA5946F4
:1055F000602001F075FA0121612001F071FA0021AB
:105600006A2001F06DFA0021802001F069FA002182
:10561000812001F065FA0021822001F061FA002169
:10562000832001F05DFA0021842001F059FA002165
:10563000852001F055FA1021902001F051FA002147
:10564000922001F04DFA0121932001F049FA214600
:10565000952001F045FA0021972001F041FA002140
:10566000982001F03DFA40F2731107207DE341F2EA
:105670001401E72001F034FA2146012001F030FA4C
:105680004FF40071022001F02BFA41F2380103209F
:1056900001F026FA4946082001F022FA00210920EB
:1056A00001F01EFA00210A2001F01AFA00210C2054
:1056B00001F016FA00210D2001F012FA00210F204E
:1056C00001F00EFA0021102001F00AFA0721112042
:1056D00001F006FA0021122001F002FA0021132045
:1056E00001F0FEF9C820FCF761FB41F29061102047
:1056F00001F0F6F940F22721112001F0F1F93220F2
:10570000FCF754FB0C21122001F0EAF93220FCF7DF
:105710004DFB4FF40061132001F0E2F91121292023
:1057200001F0DEF90B212B2001F0DAF93220FCF731
:105730003DFB0021202001F0D3F93146212001F06A
:10574000CFF90021302001F0CBF94FF483742146CA
:10575000312001F0C5F90021322001F0C1F9514694
:10576000352001F0BDF941F20A61362001F0B8F9A7
:105770003946372001F0B4F92146382001F0B0F95C
:105780003946392001F0ACF940F202413C2001F0E9
:10579000A7F940F60F413D2001F0A2F90021502069
:1057A00001F09EF9EF21512001F09AF900215220D9
:1057B00001F096F93146532001F092F959466020E4
:1057C00001F08EF90121612001F08AF900216A209F
:1057D00001F086F90021802001F082F9002181206A
:1057E00001F07EF90021822001F07AF90021832066
:1057F00001F076F90021842001F072F90021852062
:1058000001F06EF91021902001F06AF94FF4C061A7
:105810009220FDE32146012001F062F94146022079
:1058200001F05EF941F23001032001F059F9002145
:10583000042001F055F940F20721082001F050F949
:105840000021092001F04CF900210A2001F048F95B
:1058500000210C2001F044F900210D2001F040F955
:1058600000210F2001F03CF91420FCF79FFA41F2CF
:10587000B061102001F034F90121112001F030F95C
:105880000121172001F02CF94FF49C71122001F036
:1058900027F94FF40061132001F022F90921292092
:1058A00001F01EF909212A2001F01AF90021A42093
:1058B00001F016F90021502001F012F9EF215120DA
:1058C00001F00EF90021522001F00AF9314653206F
:1058D00001F006F95946602001F002F9012161202A
:1058E00001F0FEF800216A2001F0FAF80021802082
:1058F00001F0F6F80021812001F0F2F80021822069
:1059000001F0EEF80021832001F0EAF80021842064
:1059100001F0E6F80021852001F0E2F81321902043
:1059200001F0DEF80021922001F0DAF80321932043
:1059300001F0D6F84FF48871952001F0D1F840F2CB
:105940007311072001F0CCF8322010E1002107206C
:1059500001F0C6F83220FCF729FA4FF48E711220BC
:1059600001F0BEF80121A42001F0BAF80F210820AF
:1059700001F0B6F808210A2001F0B2F808210D2044
:1059800001F0AEF8BA463946302001F0A9F80721F7
:10599000312001F0A5F840F20361322001F0A0F8B7
:1059A00047464146332001F09BF84946342001F038
:1059B00097F80221352001F093F841F60F71362057
:1059C00001F08EF85146372001F08AF80021382086
:1059D00001F086F80021392001F082F851463A2082
:1059E00001F07EF800213B2001F07AF807213C20ED
:1059F00001F076F800213D2001F072F83220FCF72A
:105A0000D5F90121072001F06BF80121172001F0E1
:105A100067F83220FCF7CAF94FF4BD51102001F0AD
:105A20005FF840F21721112001F05AF84FF48F71FE
:105A3000122001F055F84FF47061132001F050F876
:105A400000212A2001F04CF80A21292001F048F811
:105A50004FF49F71122001F043F80021502001F013
:105A60003FF8EF21512001F03BF80021522001F0D6
:105A700037F83146532001F033F85946602001F0E1
:105A80002FF80121612001F02BF800216A2001F09C
:105A900027F80021802001F023F80021812001F067
:105AA0001FF80021822001F01BF80021832001F063
:105AB00017F80021842001F013F80021852001F05F
:105AC0000FF81321902001F00BF84FF4407102E021
:105AD00050E04BE113E2922001F002F805219320FF
:105AE00000F0FEFF0021952000F0FAFF0021972032
:105AF00000F0F6FF0021982000F0F2FF214601207F
:105B000000F0EEFF3946022002E0ACE260E3FDE384
:105B100000F0E6FF41F23801032000F0E1FF002130
:105B2000042000F0DDFF00210C2000F0D9FF00214F
:105B30000F2000F0D5FF0021202000F0D1FF002130
:105B4000212000F0CDFF2121072000F0C9FF142003
:105B5000FCF72CF96121072000F0C2FF1420FCF7AC
:105B600025F940F27311072000F0BAFF1420FCF76A
:105B70001DF92CE30021084600F0B2FF0021084681
:105B800000F0AEFF0021084600F0AAFF0021084601
:105B900000F0A6FF0121A42000F0A2FF1420FCF7D2
:105BA00005F95946602000F09BFF4F464946082002
:105BB00000F096FF4FF40571302000F091FF43F2A2
:105BC0001571312000F08CFF00E0CAE040F2046162
:105BD000322000F085FF40F61661332000F080FF90
:105BE00042F21121342000F07BFF4FF4A851352000
:105BF00000F076FF48F20751362000F071FF41F2C5
:105C00000741372000F06CFF41F20341382000F0DB
:105C100067FF2021392000F063FF1A21902000F057
:105C20005FFF0021102000F05BFF0721112000F032
:105C300057FF0021122000F053FF0021132000F035
:105C40004FFF1420FCF7B2F84FF4E661102000F08B
:105C500047FF40F23711112000F042FF1420FCF7FB
:105C6000A5F84FF4DC71122000F03AFF1420FCF785
:105C70009DF84FF47061132000F032FF80212A203C
:105C800000F02EFF4821292000F02AFF1420FCF705
:105C90008DF82146012000F023FF4146022000F04C
:105CA0001FFF41F23801032000F01AFF3946082097
:105CB00000F016FF00210A2000F012FF00210C2046
:105CC00000F00EFF00210D2000F00AFF30210E2011
:105CD00000F006FF0021502000F002FFEF215120CC
:105CE00000F0FEFE0021522000F0FAFE3146532063
:105CF00000F0F6FE5946602000F0F2FE012161201E
:105D000000F0EEFE00216A2000F0EAFE1121902052
:105D100000F0E6FE4FF4C061922000F0E1FE40F298
:105D20000241932000F0DCFE0221942000F0D8FE16
:105D30001420FCF73BF80121072000F0D1FE1420CD
:105D4000FCF734F86121072000F0CAFE40F273111D
:105D5000072000F0C5FE0021202000F0C1FE002138
:105D6000212000F0BDFE222100202EE20021084665
:105D700000F0B6FE0021084600F0B2FE1420FCF749
:105D800015F80021084600F0ABFE0021084600F09F
:105D9000A7FE0021084600F0A3FE0021084600F0FF
:105DA0009FFE0121A42000F09BFE1420FBF7FEFFC4
:105DB0005946602000F094FE40F60601082000F0ED
:105DC0008FFE40F203784146302000F089FE012129
:105DD000312000F085FE0421322000F081FE4FF4D6
:105DE0008171332000F07CFE4FF440773946342037
:105DF00000F076FE40F20311352000F071FE1F2105
:105E0000362000F06DFE4146372000F069FE01218A
:105E1000382000F065FE0421392000F061FE1521D4
:105E2000902000F05DFE4FF48261102000F058FEDB
:105E300040F24721112000F053FE4FF4DE71122092
:105E400000F04EFE4FF46061132000F049FE782010
:105E5000FBF7ACFF2146012000F042FE4FF4007139
:105E6000022000F03DFE41F23001032000F038FE38
:105E700008210A2000F034FE00210C2000F030FE42
:105E800020210E2000F02CFE00210F2000F028FE23
:105E90000021202000F024FE0021212000F020FE1F
:105EA0003D212A2000F01CFE1420FBF77FFF2D214E
:105EB000292000F015FE0021502000F011FE4DF2C7
:105EC000EF01512000F00CFE0021522000F008FEEE
:105ED0003146532000F004FE0021612000F000FE56
:105EE00000216A2000F0FCFD3946922000F0F8FD08
:105EF0000521932000F0F4FD2146FFF7B6BB0121F8
:105F0000002000F0EDFD4AF6A401032000F0E8FDBA
:105F100000210C2000F0E4FD40F60C010D2000F003
:105F2000DFFD4FF42C510E2000F0DAFDB0211E20D1
:105F300000F0D6FD42F63F31012000F0D1FD4FF4D4
:105F4000C061022000F0CCFD0021102000F0C8FD4F
:105F500046F27801112000F0C3FD0021052000F079
:105F6000BFFD0021062000F0BBFD4EF61C7116207F
:105F700000F0B6FD0321172000F0B2FD40F23321FE
:105F8000072000F0ADFD00210B2000F0A9FD00214D
:105F90000F2000F0A5FD0021412000F0A1FD00210F
:105FA000422000F09DFD0021482000F099FD31467F
:105FB000492000F095FD00214A2000F091FD0021CC
:105FC0004B2000F08DFD4FF46F41442000F088FD20
:105FD0000021452000F084FD3146462000F080FD80
:105FE0003946302000F07CFD54465146312000F007
:105FF00077FD2146322000F073FD40F20256314613
:10600000332000F06DFD711D342000F069FD00E0CB
:1060100083E12146352000F063FD2146362000F063
:106020005FFD3146372000F05BFD40F2023421462F
:106030003A2000F055FD21463B2000F051FD0021A3
:10604000232000F04DFD0021242000F049FD4FF4F5
:106050000041252000F044FD00214F2000F040FDCC
:1060600000214E20B1E00121002000F039FD0A207E
:10607000FBF79CFE41F22861102000F031FD0E215B
:10608000122000F02DFD40F63921132000F028FDEC
:106090000A20FBF78BFE4021112000F021FD50214A
:1060A000152000F01DFD0A20FBF780FE1E211220A6
:1060B00000F016FD0A20FBF779FE4FF4B1511020D5
:1060C00000F00EFD42F63921132000F009FD0A20F0
:1060D000FBF76CFE2146012000F002FD4FF44071F9
:1060E000022000F0FDFC41F23801032000F0F8FC32
:1060F0004946082000F0F4FC08210A2000F0F0FCDA
:106100000021302000F0ECFC40F20241312000F090
:10611000E7FC4FF48371322000F0E2FC40F20351BF
:10612000332000F0DDFC4FF48271342000F0D8FC05
:1061300040F20131352000F0D3FC3946362000F022
:10614000CFFC40F20531372000F0CAFC4FF4027159
:10615000382000F0C5FC40F60B71392000F0C0FC7F
:106160000221412000F0BCFC5946602000F0B8FC40
:106170000121612000F0B4FC4FF40471902000F084
:10618000AFFC4FF48571922000F0AAFC042193200B
:1061900000F0A6FC2146A02000F0A2FC012107206F
:1061A00000F09EFC2121072000F09AFC232107200B
:1061B00000F096FC3321072000F092FC40F23311EE
:1061C000072000F08DFC0021A02000F089FC61E197
:1061D0003021152000F084FC10219A2000F080FC72
:1061E0002021112000F07CFC43F22841102000F017
:1061F00077FC0221122000F073FC41F238011320D9
:1062000000F06EFC2820FBF7D1FD1221084600F0BB
:1062100067FC2820FBF7CAFD43F22041102000F064
:106220005FFC43F23801132000F05AFC4620FBF7D4
:10623000BDFD0021302000F053FC40F2024131202E
:1062400000F04EFC40F20731322000F049FC4FF4E0
:106250004171332000F044FC0421342000F040FC64
:1062600040F20141352000F03BFC3946362000F079
:1062700037FC40F20531372000F032FC4FF4C266A3
:106280003146382000F02CFC3146392000F028FC43
:106290002146012000F024FC4FF44071022000F060
:1062A0001FFC41F23001032000F01AFC40F6080107
:1062B000082000F015FC08210A2000F011FC5946C6
:1062C000602000F00DFC0121612000F009FC4FF47A
:1062D0009F71902000F004FC2146922000F000FC09
:1062E0002146932000F0FCFB4FF44051A02000F029
:1062F000F7FB1021A32000F0F3FB0121072000F0A1
:10630000EFFB2121072000F0EBFB00E00AE0232156
:10631000072000F0E5FB3321072000F0E1FB40F20D
:106320003311EAE5E22000F0C3FB1D2000F0AEFBD4
:10633000022000F0ABFB042000F0A8FB0120FBF7DB
:1063400035FDE02000F0B4FB012000F09FFB0A20A7
:10635000FBF72CFDE02000F0ABFB032000F096FBE8
:106360000C20FBF723FD012000F0A2FB0A20FBF725
:106370001DFDE62000F09CFB2F2000F087FBFF2096
:1063800000F084FBFF2000F081FBB02000F090FBC8
:10639000202000F07BFB002000F078FB032000F0C1
:1063A00075FB40F21F3000F071FB012000F06EFB26
:1063B00040F2DF1000F06AFB002000F067FBB42021
:1063C00000F076FB042000F061FB40F21F4000F07B
:1063D0005DFB002000F05AFB2E2000F057FB002050
:1063E00000F054FB002000F051FB002000F04EFBB9
:1063F000002000F04BFBB62000F05AFB022000F01A
:1064000045FB4FF4037000F041FB002000F03EFB21
:10641000172000F03BFB152000F038FB002000F0B7
:1064200035FB002000F032FBF02000F041FB0320A0
:1064300000F02CFB292000F03BFBD02000F038FBC3
:10644000002000F023FBBE2000F032FB052000F00E
:106450001DFBFE2000F01AFB012000F017FB0020BE
:1064600000F014FB002000F011FB002000F00EFBF8
:10647000B82000F01DFB032000F008FB012000F015
:1064800005FBBA2000F014FB012000F0FFFA6420A5
:1064900000F058F80020FCF77BFB01229102044831
:1064A000FBF711FE2846BDE8F05FFCF73FBB00009C
:1064B000001001400246012000E05043491EC9B2CD
:1064C000FBD270472DE9F047DFF85C904FF0883041
:1064D000C9F8000009F104052860134E00200C36AD
:1064E0003060124CA8152061470067614FF04008EA
:1064F000C4F814800E488088A0F50941893902D17A
:106500000120FBF753FC084808300068C4F81080ED
:1065100080B227614FF03331C9F8001029604FF67F
:10652000FF713160BDE8F087000C014000100140B0
:10653000FC00002010B500F0BBFABDE81040FFF7EA
:10654000C1BF000010B50446BE2000F0B1FA05201E
:1065500000F09CFA204601F03BFB4FF066320B4BFB
:1065600001F04AFB01F0F0FA80B200F08FFA01204E
:1065700000F08CFAFF2000F089FA002000F086FA83
:10658000BDE81040002000F081BA000066660440BB
:10659000F0B57F4D00242946AB79898846F6040280
:1065A00041F66317012B01D02BB11DE091421BD0A6
:1065B000B94202D118E0B94216D1082814D2DFE856
:1065C00000F00406080A0C0E101206200CE007204A
:1065D0000AE0042008E0052006E0012004E0002095
:1065E00002E0032000E00220A1F5134C45F2103335
:1065F00045F21056BCF1410C07D0914205D09942AA
:1066000003D0B14201D0B9427BD1082812D2DFE8D1
:1066100000F0110406080A0C0E1080240AE0402441
:1066200008E0C02406E0202404E0602402E0A02466
:1066300000E0E024B14202D14FF4585000E036208F
:10664000994205D0B14203D0B94201D044F00804C8
:10665000914201D144F00204214600F041FAA98898
:10666000B9420AD0A00628886A8802D5904202D38F
:1066700003E0904201D92A8068806889B14241D103
:1066800000F016FA002000F001FA6889401C80B280
:1066900000F00EFA002000F0F9F96889801C80B241
:1066A00000F006FA2888401EC0F30F2000F0EEF933
:1066B0006889C01C80B200F0FBF92878401EC0B287
:1066C00000F0E4F9A88900F0F3F9002000F0DEF909
:1066D000A889401C80B200F0EBF9002000F0D6F948
:1066E000A889801C80B200F0E3F96888401EC0F3DE
:1066F0000F2000F0CBF9A889C01C80B200F0D8F9B7
:1067000022E028E000F0D4F9002000F0BFF90020DA
:1067100000F0BCF92888401EC0F30F2000F0B6F945
:106720002878401EC0B200F0B1F9A88900F0C0F985
:10673000002000F0ABF9002000F0A8F96888401EA6
:10674000C0F30F2000F0A2F9A878BDE8F040401E89
:10675000C0B200F09BB9082812D2DFE800F00406AE
:1067600008110A0C0E1030240AE0102408E020243E
:1067700006E0382404E0282402E0182400E008247D
:1067800044F48051BDE8F040032000F0A9B90000B6
:10679000FC0000202DE9F0414F4C0E4605464FEA23
:1067A0001128A08821462F0A4A89A0F51343413BAE
:1067B0001AD0A0F5A641103916D02346A0F5D04C2A
:1067C00099791B885B1B5B1EBCF1040C11D0A0F5F2
:1067D000C85CBCF1630C20D0A0F5A04CBCF5A26C49
:1067E00055D001296DD06DE0104600F061F93846B2
:1067F00006E0012900D19DB2104600F059F9280A9F
:1068000000F044F9E8B200F041F9A08900F050F935
:10681000404600F03BF9F0B226E049B3104600F0E4
:1068200047F9384600F032F9E8B200F02FF9208835
:10683000401EC0F30F2000F029F92078401EC0B29E
:1068400000F024F9A08900F033F9404600F01EF969
:10685000F0B200F01BF96088401EC0F30F2000F07A
:1068600015F9A078401EC0B2BDE8F04100F00EB9A5
:106870009DB2104600F01CF9002000F007F900203E
:1068800000F004F9280A00F001F9E8B2D8E7104650
:1068900000F00EF9384600F0F9F86089401C80B22B
:1068A00000F006F9E8B200F0F1F8A08900F000F974
:1068B000404600F0EBF8A089401C80B200F0F8F8E8
:1068C000A9E79DB22946104600F00AF9A089314691
:1068D000BDE8F04100F004B9FC0000202DE9FF4FB5
:1068E0001D460C468A46580700D0012000EBD50013
:1068F00069084843203A00F0FF09D0B20026DFF8CB
:10690000A8B002904BE00C2D11D0102D14D0182DF2
:1069100017D0202D45D12549029801EBC0104FF02A
:106920000008875D380613D52148028814E00298D4
:10693000204900EB400008E01F49029801EB0010DD
:10694000EDE702981D4900EBC00001EB8000E6E78F
:106950000D9828B91648428821460098FCF72AFA73
:106960007806070E641CBBF80200A4B2A04218D936
:10697000A4EB0A00A84209D100985446401C80B2FA
:106980000090BBF8001081420BD906E008F101002D
:1069900000F0FF08B8F1080FC4D3761CF6B24E45DC
:1069A000B1D3BDE8FF8F0000FC0000207E9A0008F4
:1069B00010000020BE82000832870008228D0008E7
:1069C0002DE9FF4F81B00026DDF838A01D46934623
:1069D00081463446B0464FEA5A0727E0281B401E3E
:1069E000C1B20A20FFF766FDBBFBF0F00A21B0FB45
:1069F000F1F201FB120026B9691E8C4201DA48B19E
:106A000001263030C2B207FB049080B25346CDF865
:106A1000008006E007FB049080B253462022CDF8A8
:106A200000800299FFF75AFF641CE4B2AC42D5D350
:106A300005B0BDE8F08F2DE9F84F044600F0FF09DE
:106A400010190D46DDE90AB61FFA80F8581987B209
:106A50004FF0000A12E0444503D305EB0B004C460F
:106A600085B2BD420FD25B4629462046CDF800A034
:106A7000FFF734FF04EB5B0084B2761C3278A2F19E
:106A800020005E28E7D9BDE8F88F000006494FF4E2
:106A900080720A614A154A61044B1860802048617F
:106AA00008610A6170470000001001400C0C0140B1
:106AB00006494FF480724A614A154A61044B1860D6
:106AC0008020486108610A617047000000100140A1
:106AD0000C0C014001480089FFF7EABFFC000020D0
:106AE00010B50C46FFF7E4FF2046BDE81040FFF765
:106AF000CDBF00003EB500211048009101910E4A23
:106B00000291026081600173017501244FF400223B
:106B10000461C2614160FAF74FFE08B1FAF716FD51
:106B200000940194694605480294FAF77DFD002817
:106B300001D0FAF70BFD3EBD0024014040000020CB
:106B4000094808B5416941F00101416140690022ED
:106B500000F00100009001210B20FBF729FBBDE8AC
:106B600008400B20FBF716BB001002402DE9F04F48
:106B700085B00026464800960196029603968169E4
:106B800041F010018161816901F010010491816976
:106B900041F020018161816901F020010491816946
:106BA00041F004018161816901F00401049181696E
:106BB00041F0080181618069DFF8D8A000F0080089
:106BC0004FF6FF750490012229465046FBF77BFAE9
:106BD000DFF8C4B04FF4F868012241465846FBF78D
:106BE00072FA4FF48079002249462C48FBF76BFA81
:106BF0002B480124CDE90040022002906946274835
:106C0000FBF760F9274F2020CDE900076946029481
:106C10005846FBF757F9CDE900540325694650461D
:106C2000CDE90245FBF74EF9CDE9008469465846A7
:106C3000CDE90245FBF746F9CDF800900395CDE983
:106C4000014669461548FBF73DF9E003CDE9000729
:106C5000694602941148FBF735F90022022106200B
:106C6000FBF7A6FA0620FBF795FA0122022117206E
:106C7000FBF79EFA1720FBF78DFA02221146282017
:106C8000FBF796FA2820FBF785FA05B0BDE8F08FF0
:106C900000100240000C01400010014000080140BB
:106CA000000011100000211010B586B00024174814
:106CB0000094019402940394049413490594016090
:106CC0002321C0E901146421C0E9031480218161FA
:106CD000FBF73EFE08B1FAF739FC4FF48050009004
:106CE00069460A48FBF7B6FE08B1FAF72FFC2020E8
:106CF000CDE9040404A90548FBF7ECFD002801D008
:106D0000FAF724FC06B010BD00040040B4000020D7
:106D1000FEE7FEE710B500F063FB00F075FB0C48E2
:106D2000FAF716FC0B4C0C4909482289FAF71EFEAB
:106D30000748006A0068016821F004010160A07939
:106D400000F026FBBDE810400448FBF751BE0000F0
:106D500040000020140000206A0A0020B400002037
:106D60002DE9F8436A4CE06901F02EF902460B4622
:106D700068A16A48F9F75AFA4FF4FC652022674B7C
:106D8000DE211046009500F0DFFA206A01F01CF9C0
:106D900002460B465FA16148F9F748FA5F4B202293
:106DA000DE217020009500F0CFFA606A01F00CF946
:106DB00002460B4657A15948F9F738FA574B20229B
:106DC000DE21C820009500F0BFFA102000900523B6
:106DD000228ADE21F820FFF7F3FD207901287DD1FA
:106DE00060780421B1FBF0F24DA14C48F9F71EFA8E
:106DF0004FF6E075494B322201210520009500F045
:106E0000A3FAA069064600F0E3FE0022464B00F01C
:106E100013FD00F037FC4549A062884204DA06EB16
:106E20008600420042A10FE0B0F17E5F08DA01F077
:106E3000CBF802460B4640A13848F9F7F7F906E0CF
:106E400001F050F9C2B23FA13448F9F7EFF9334BE2
:106E50003C2201212D20009500F076FA3BA3C822A8
:106E600002216C20009500F06FFAE0783B4D4FF660
:106E7000FF76022800D12E8094F9020000F091FEE6
:106E8000DFF8DC80DFF8DC9042464B4600F0B4FED1
:106E90000022354B00F028FC00F056FE012780B29E
:106EA00010237C2202210097FFF718FD94F90200BD
:106EB00000F077FE42464B4600F09EFE00222B4B30
:106EC00000F012FC00F040FE80B210237C22022170
:106ED0000097FFF703FDE078002700E012E098B18B
:106EE0002F800121112328220846FBF747FFE07875
:106EF00001280BD02F8011235F2201212D20FBF7C9
:106F00003DFF2771BDE8F8832E80EAE72E80F2E787
:106F100014000020252E32660000000072110020AF
:106F2000256456200000000000005940CDCCCC3D27
:106F3000202564757320000020252E31666D732096
:106F4000000000002025646D732020005B2D2D2D96
:106F50002D2D2D2D2D2D2D2D5D000000100000203C
:106F6000E17A14AE47E1DA3F0060634000A063407D
:106F70002DE9F84F4B4C00204C4DA08294F90200B3
:106F8000A189DFF82481421808F51663298806E0F4
:106F9000161833F8167028F81070401CA082A08ACA
:106FA0008142F5D800F0CEFA607800F011FE064676
:106FB0000F46B8F9000000F0F4FD3D4A3D4B00F0EB
:106FC0001BFE32463B4600F017FE064668880F4619
:106FD000283800F0E6FD32463B4600F00BFF00F09B
:106FE00083FD06B2A8F800600120A082DFF8C8B0D7
:106FF0003EE0607800F0ECFD81468A4638F91500E5
:1070000000F0CFFD2A4A2B4B00F0F6FD4A465346CE
:1070100000F0F2FD814678888A46283800F0C1FDEC
:107020004A46534600F0E6FE00F05EFD07B228F83F
:107030001570142F02DC152728F8157000200BEBB3
:10704000450100904B88691C8AB23BF81510284610
:1070500000F01EF94FF6E0700090A08ABBB2411C10
:107060008AB2B1B200F014F9A08A3E46401CA08258
:107070000E4FA58A3988881EA842BADC0120A0825A
:1070800043465A4608E000BF03EB400535F8025C72
:1070900022F81050401CA08280B28142F4D8BDE892
:1070A000F88F0000140000200A010020FC000020DE
:1070B000166A4DF38E53A43FBA05002070477047FF
:1070C000FBF70CB830B595B028216846F9F785F97B
:1070D00014210AA8F9F781F918210FA8F9F77DF909
:1070E00001210804CDE90010002502950224049135
:1070F000CDE907404FF4E01009906846FBF746FAE7
:1071000008B172B6FEE70AA90F2081E831004FF4FA
:107110008060CDE90D0502210AA8FBF75BF908B1F3
:1071200072B6FEE74FF4004011900F940FA8FBF7E2
:10713000DBF8002801D072B6FEE715B030BD70470D
:10714000F0B502681C4B1D4D1D4E1E4F1E4C4FF0DE
:10715000804C984209D0A04207D0604505D0A84293
:1071600003D0B04201D0B84204D122F0700E4A6878
:1071700042EA0E02984209D0A04207D0604505D0ED
:10718000A84203D0B04201D0B84203D122F44075E6
:10719000CA682A434D6922F080022A4302608A6845
:1071A000C2620A688262984201D0A04201D1096994
:1071B000016301214161F0BD002C01400004004049
:1071C00000080040000C00400034014010B5846805
:1071D00042EA032224F47F440A432243826010BD22
:1071E000826822F070020A4342F007018160704712
:1071F00010B5036A046A24F001040462846924F06F
:10720000F00444EA021423F00A020A438461026291
:1072100010BD10B5036A23F0100303628369046A8A
:1072200023F4704343EA023224F0A00343EA01113D
:107230008261016210BDFEE7490050EAC12018BF1B
:1072400004204A0D18BF40F0010040F2FF72B2EB7B
:10725000515F08BF40F00200012808BF05207047B9
:107260000907090E002804DB00F1E02080F8001473
:10727000704700F00F0000F1E02080F8141D704707
:1072800030380A2801D201207047002070470000E2
:1072900030B4034D029C2C8030BCFBF713BD0000C2
:1072A00010000020F8B514264AF6AA27244C0EE058
:1072B000142506E03A4629463046FBF77BFD6D1D56
:1072C000ADB260881438A842F4DC1436B6B2208817
:1072D000B042EDD814260DE0002506E03A463146CE
:1072E0002846FBF767FD6D1DADB22088A842F5D892
:1072F0001436B6B260881438B042EDDC114D45F258
:107300004C30288000906088228841080B4600207D
:10731000FFF7BEFF2888009060881421143883B2DC
:10732000208840080246FFF7B3FF6088228801B03A
:107330001438BDE8F04083B214210020FBF71EBDD5
:10734000FC000020100000207CB5054D069C2C8020
:107350001024CDE900432346FFF76DFB7CBD000000
:1073600010000020FAF7C2FEFFF7ACFEFFF7FEFBAD
:10737000FFF7E6FBFFF7BEFBFFF796FCFBF7B4FD5C
:10738000FFF7C8FC014901200870FEE71400002047
:1073900011490A280AD2DFE800F00905070E101289
:1073A0001416191C052000E00A20886188690B4921
:1073B000401E086070471420F7E73220F5E764208C
:1073C000F3E7C820F1E74FF4FA70EEE74FF47A7074
:1073D000EBE74FF4FA60E8E7140000202C040040CB
:1073E00010B50120FBF7D4FB0020FBF79FFB0449FD
:1073F0000020088003494FF6E070088010BD0000AF
:10740000120000201000002038B54FF6E07407A3EA
:107410004822DE21F8200094FFF796FF06A3F02211
:10742000DE2100200094FFF78FFF38BD20202020B0
:10743000202020487A0000006D61783A302E3030EC
:1074400056206D696E3A302E30305620646966667B
:107450003A302E30305600000E494A78042A02D2C3
:1074600008B152004A70D2B2012A02D908B95008B4
:1074700048704878012806D0022807D0042801D196
:1074800080204881704740F2DC50FAE74FF40070EA
:10749000F7E70000140000202DE9F047264C814654
:1074A000002594F90200411C00F1630249B2C72A89
:1074B00006D2B9F1000F01D0A17005E0401E02E034
:1074C0006428F9D16320A0701C4EDFF874804FF45B
:1074D000004720213046FAF7F1FDB8B13946404661
:1074E000FAF7ECFD90B1BDE8F08720213046FAF7BD
:1074F000E5FD012805D139464046FAF7DFFD0128B0
:10750000F1D03220FAF752FC6D1CEDB2042DECD311
:1075100094F9020000F16301C729E4D2B9F1000F28
:1075200001D0401C00E0401EA0701420FAF73EFC81
:1075300001202071CDE70000140000200010014060
:10754000000801402DE9F0411C4B002240F6FF7479
:10755000012019491B880BE031F91050954201DDDB
:1075600031F81020A54201DA31F81040401C80B2F9
:107570008342F1D8104600F02BFBDFF844804FF037
:1075800066373A46434600F037FB00F07BF80D4D76
:107590000646E861204600F01BFB3A46434600F0F1
:1075A0002BFB00F06FF801462862304600F004FE25
:1075B0006862BDE8F08100000A010020FC000020A4
:1075C00066664A3F14000020F0B51F486425014656
:1075D00045824B890A891D4915E000BF31F81460C6
:1075E0009E420ED201EB4406B6889E4209D9184E3F
:1075F000A7B23688961BBE4201DA858106E08481F7
:1076000004E0641C4482448A9442E7D3848925467A
:10761000E41C0BE031F814609E4206D201EB4406F4
:10762000B6889E4201D9C48104E0641C4482A4B29D
:107630009442EFD3C1898269491B5143054AB2FB89
:10764000F1F10182F0BD0000140000206A0A002060
:10765000FC00002080841E0010B500290AD00878A4
:10766000002807D005487844F9F796FA002801D099
:10767000002010BD0248784410BD00004E540000A8
:107680004654000021F00042A2F16052B2F5801F82
:1076900001F0004328BFD2F17F6C0BD95FEA001CD8
:1076A00043EAC20242EB507018BF704728BF20F077
:1076B00001007047B2F5801FBCBF184670474FEA03
:1076C000410C1CF5001F02D2084600F070BD70B5D9
:1076D00000F03CFB00000089FFF7F6BF4FF00040D0
:1076E000A0F580007047000010B591EA030F48BF75
:1076F00083F0004300F18683841A71EB030C05D2FA
:10770000121943EB0C03001B61EB0C01DFF824E1C1
:107710004FEA1154A4EB135C1EEA430F18BF9EEA14
:10772000445F73D023EA0E03DCF1200E21EA0451FA
:1077300043F4801332D322FA0CFE10EB0E0023FA2E
:107740000CFE41EB0E01CCF1200E03FA0EFE10EB05
:107750000E0051F10001B1F5801FCCF1200E32D2A4
:1077600001EB045112FA0EF2BDE8104058BF704709
:10777000401C38BF5FEA420218BF7047002814BFA0
:1077800020F0010041F100014FEA410313F5001F11
:1077900038BF7047A1F1C04100F026BB012A43EB7E
:1077A0000302ACF1200CDCF11F0E32BF4FF0000ED3
:1077B00023FA0CF310EB030041EB0451B4EB115F1F
:1077C000D0D0A1EB045101F5801149085FEA3000E7
:1077D00001EB04510ED350F1000038BF12FA0EFE37
:1077E00008D1BDE81040C9E7401C38BF5FEA42023B
:1077F000CAD1C3E7BDE810404FEA410313F5001FAB
:1078000038BF7047A1F1C04100F0EEBA9EEA445F74
:1078100008D011EA5E0FBDE8104004BF01F000413E
:1078200000207047BDE8104070B500F08FFA00BF2F
:1078300064FBBE3E0000E0FF2DE9C04130B4DFF83C
:10784000A0C23CEA111418BF3CEA131400F0EC800B
:1078500081EA03051CEA111444EAD57418BF1CEA36
:10786000131500F0C780A4EB05044FF0004545EA6E
:10787000C12145EAC32341EA505143EA525304F17E
:107880007F74994204F500344FEAC0204FEAC222C7
:1078900008BF904200F09C804FEA13650FF240163B
:1078A000765D4FEA134506FB05F7C7F1807706FBC7
:1078B00007F74FEAD737A7FB03687642C8F5803849
:1078C000A7FB06CE38BFA8F1010807FB08E64FF07A
:1078D000000EA6FB028CE6FB03CEDCF1000CCEF121
:1078E000004E38BFAEF1010EA6FB0C584FF000075A
:1078F0004FF00005E6FB0E87A1FB08C6A0FB07CEF4
:1079000016EB0E0645F10005E1FB076515F1E04EAB
:107910007EBFA4F580345FEA46066D4116F180070C
:1079200045F100054FEA17274FEA066647EA056763
:10793000A6F1DE46B6F1805F4FEA15251FD938461D
:1079400024F0010C05EBC471BCF1FE6F01EB0C11CE
:1079500002D8F0BCBDE8008124425CBF01F5801E66
:107960009EEAC47F02D4F0BCBDE80081244238D432
:10797000F0BCA1F1C041BDE8004100F035BA4FEACA
:10798000D22242EA43524FEAD323A7FB02864FEAB0
:10799000D02040EA415007FB03661EEA0E0F4FEA73
:1079A000D12105FB026658BFA6EB0056B6EB005688
:1079B0004FEA520E4EEAC37E18EB0E0E56EB530EF4
:1079C000BDD518EB02085E417F1C55F10005B6E7F6
:1079D0004FF480154FF000074FF000064FF00008FD
:1079E000ADE7F0BC4FF0000001F1C04101F00041F3
:1079F000BDE8008111EA0C1F0CEA131500D00CE061
:107A000013EA0C1F00F025804FF00000F0BC81EA63
:107A1000030101F00041BDE80081F0BCBDE8004178
:107A200081EA030100F0E0B9F0BCBDE8004170B5A7
:107A300000F08CF9097EFC3E00F007B881EA0301F2
:107A40004FF0000001F00041704781EA030100F0AF
:107A5000CBB9F0BCBDE800414FF0000021497047B0
:107A6000FFFDFBF9F7F5F4F2F0EEEDEBE9E8E6E403
:107A7000E3E1E0DEDDDBDAD8D7D5D4D3D1D0CFCD8A
:107A8000CCCBCAC8C7C6C5C4C2C1C0BFBEBDBCBBC3
:107A9000BAB9B8B7B6B5B4B3B2B1B0AFAEADACABBE
:107AA000AAA9A8A8A7A6A5A4A3A3A2A1A09F9F9E98
:107AB0009D9C9C9B9A99999897979695959493934A
:107AC000929191908F8F8E8E8D8C8C8B8B8A8989E1
:107AD0008888878786858584848383828281818064
:107AE0000000FF070000F87F4FEA41034FEA5353BD
:107AF000A3F58063D3F11E03C8BFD3F1210C0CDDC5
:107B00004FF0004242EAC12242EA505232FA03FCEC
:107B10008CEAE17CACEBE1707047102BC4BF002015
:107B2000704703F5787CBCF1FF3F04D06FF0004252
:107B300082EA2100704770B500F008F9499224806C
:107B400000207047F2E700004FEA1153A3F580636D
:107B5000D3F11E03A8BFD3F1200C08DB4FF0004285
:107B600042EAC12252EA505232FA03F07047094207
:107B70000BD4102BC4BF0020704703F5787CBCF1F8
:107B8000FF3F05D04FF0FF3070474FF000007047C7
:107B900070B500F0DBF800BF4992248000207047E8
:107BA000F0E710F0004248BF4042B0FA80F310FA0C
:107BB00003F10AD0C3F11D0303F580634FEA41507E
:107BC00002EB035202EBD12170474FF000007047E7
:107BD000B0FA80F310FA03F10AD0C3F11D0303F5E4
:107BE00080634FEA41504FEA035202EBD1217047C4
:107BF0004FF0000070470000DFF848C170B51CEA84
:107C0000111E1EBF1CEA13159EEA0C0F95EA0C0FFD
:107C100000F06F8081EA030423EA4C134EEAD47E1D
:107C200021EA4C1141F4801143F48013AE44A1FBCE
:107C3000024CA0FB0365AEF17F7E361955EB0C05B7
:107C4000A1FB034C4CF10003A0FB021C16EB0C063D
:107C5000654153F10003094218BF46F0010613F4D1
:107C6000007F0BD14FEA03314FEA0530340341EA7C
:107C7000155140EA16506FF003020AE04FEAC321A3
:107C80004FEAC520F40241EA555140EA56506FF0E0
:107C9000020202EB2E4201EB025585EACE710AD0B8
:107CA0005FEA440C18BF24F0004450F1000041F199
:107CB000000120EAD47040F2FE7C624500D270BD23
:107CC000A84214BF4FF080444FF04044002E08BF3C
:107CD0000024BEF1806FA8BFA1F1C041BDE8704093
:107CE00080F282804FF0000001F1C04101F00041BC
:107CF00070479EEA0C0F0CEA131518BF95EA0C0F9B
:107D000006D04FF0000081EA030E0EF0004170BD76
:107D100000F01CF88900013E00F007B800F009B837
:107D20004FEA430C5FEA5C5C08D081EA030100F093
:107D30005BB84FEA410C5FEA5C5CF6D14FF00000A3
:107D4000014970470000FF070000F87F0EF1020EA6
:107D50002EF0030E5EF8046B364205D4012A43EB85
:107D6000030515F5001F12D8012841EB010C1CF585
:107D7000001F0CD80ED14FEAD17C15F5001F0CEB7B
:107D80004C0C0CF1020C08BF4CEBD37C04E04FF020
:107D9000080C01E04FEAD37C0CEB4C0526FA05F603
:107DA00006F00706B6F1040C06D20EEB860CBDE811
:107DB00070404CF0010C6047DFE80CF0090B020248
:107DC0004FF000414FF00000A1F5002170BD1946B1
:107DD0001046012851EB010418BFD4F5001484BFEC
:107DE000002001F0004170BD0808A0F500114FEA25
:107DF0003101704710B591EA030F48BF83F000438B
:107E00003FF57AAC841A71EB030C07D212198CF08F
:107E1000004C43EB0C03001B61EB0C01DFF8A4E109
:107E20004FEA1154A4EB135C1EEA430F18BF9EEAFD
:107E3000445F00F0B08023EA6E03524221EA04510D
:107E4000C3EB6E0338BF5B1EDCF1200E25D322FA94
:107E50000CFE10EB0E0043FA0CFE41EB0E01CCF1D0
:107E6000200E03FA0EFE10EB0E0051F10001CCF1D2
:107E7000200E29D412FA0EF201EB0451BDE8104095
:107E800058BF7047401C1CBFB2F1004F704700281C
:107E90000CBF491C20F00100704712EB020E43EBAF
:107EA000030218BF4FF0010E4EEA4202ACF1200C63
:107EB000DCF11E0E54D943FA0CFE10EB0E0051F10A
:107EC000FF31CCF11E0ED5D50EF1010E12FA0EFEC9
:107ED000404141EB010101EB445C5FEA5C5C10D97D
:107EE00010EBDE7001EB045138BFBEF1004FBDE86E
:107EF000104018BF704700280CBF491C20F001003B
:107F0000704730D24FEAD42C11F5001124F40064EC
:107F10001BD0B1FA81F20B3AA41AA41ED2F12003AD
:107F2000914030FA03F31943904001EBCC71002CDF
:107F300001EB0451BDE81040A8BF704701F1C041FA
:107F40004FF0000001F000417047B0FA80F310FAE2
:107F500003F100D110BDE41A173C4805C90AE4E753
:107F600001EB045110BD491001EB0451BDE8104074
:107F70004FEA300002E04FF0000170474A0008BFAE
:107F80000042F8D0B2F5001F28BF704701F0004151
:107F90004FF0000070479EEA445F07D011EA5E0F81
:107FA000BDE8104004BF002100207047BDE810402C
:107FB00070B5FFF7CBFE00BF40DFF63E83F0004117
:107FC000104670470000E0FF43004FEAD30C4FEA31
:107FD0003C0C43401FBF40070CF1605113F0FE4FB3
:107FE00070471CF0006F03D100200CF00041704777
:107FF0000CF0004343EA507010B540EACC0000F0AA
:1080000090F800BF000000924FEA0001FFF7ECBEBD
:108010004FF000414FF00000A1F500217047000033
:1080200090EA010F48BF81F0004100F1CC80421A74
:108030003CBF801A89184FEAD0524FF07F4C1CEA9F
:10804000410FA2EBD15318BF9CEA026F00F03B80B6
:108050004FF0004C4CEA00204CEA012121FA03FCCD
:1080600010EB0C0C1ED202F1FF325FEA1C2040EB39
:10807000C25038BF70471CF07F0F4FEA400C18BF4A
:10808000BCF17F4F38BF7047C3F12003994008BF50
:1080900020F00100BCF17F4F38BF7047A0F1C04015
:1080A00000F085B84FEA3C00000A40EBC25028BF00
:1080B0001CF0FF0F4FEA400CE6D018BFBCF17F4F19
:1080C00038BF7047EAE79CEA026F05D010EA5C0F00
:1080D00008BF00F00040704710B500F022F800BF64
:1080E00064FBBE3EC10DD1F19E0206DB4FEA0023C8
:1080F00043F0004323FA02F07047004207D54FEAED
:108100004001B1F1FE4F02D24FF00000704710B5B0
:1081100000F007F849922480002070476FEA2000A1
:1081200070470EF1020E2EF0030E5EF8044B24424F
:1081300004D44FEA4102B2F17F4F11D84FEA400315
:10814000B3F17F4F0CD80ED14FEAD07CB2F17F4F04
:108150000CEB4C0C0CF1020C08BF4CEBD17C04E096
:108160004FF0080C01E04FEAD17C0CEB4C0324FAF1
:1081700003F404F00704B4F1040C06D20EEB840CF3
:10818000BDE810404CF0010C6047DFE80CF0070838
:1081900002024FF00040A0F5800010BD08464200EA
:1081A00018BFD2F1807288BF00F0004010BDFF21DF
:1081B00041EAD050C005704790EA010F48BF81F0F6
:1081C00000413FF534AF421A04D882F00042A0EBE0
:1081D000020011444FEAD0524FF07F4C1CEA410F8D
:1081E000A2EBD15318BF9CEA026F4AD04FF0004C6B
:1081F0004CEA00204CEA012121FA03FCB0EB0C0C04
:108200000FD412F0FE0F36D05FEA4C001DD50012DD
:1082100040EBC25038BF70471CF03F0F18BF70478B
:108220000BE0A2F101025FEA1C2040EBC25038BF14
:1082300070471CF07F0F18BF7047C3F120039940AF
:1082400014BF401E20F00100704780084FEA12233F
:1082500008BF7047B0FA80FCA2EB0C02CCF1280CEE
:1082600060FA0CF093EA122F04BF00EBC250704783
:108270004FEAC3707047130A5FEADC1008BF70470B
:10828000F6E79CEA026F04D010EA5C0F08BF0020FA
:10829000704710B5FFF745FF40DFF63E81F0004024
:1082A0007047F8F7F6B90000000000000000010276
:1082B000030406070809000000000102030400008F
:1082C00000000000000000000000000000003F402F
:1082D00000000000000000003000400030004000BE
:1082E000000009000BC03D000BC03D00090018C094
:1082F00024407FE0224031800000180024C01B0091
:108300000D803240018003801C4027401C800740C4
:1083100000401000600000000000000000000000AD
:10832000000000001F80204040200000402020402E
:108330001F8000000000090006001F8006000900E1
:108340000000040004003F8004000400000000104E
:1083500000600000000000000000040004000400B1
:1083600004000400000000000040000000000000C5
:108370000000002001C006003800400000001F80FF
:108380002040204020401F800000000010403FC0DF
:1083900000400000000018C0214022402440184046
:1083A000000010802040244024401B800000020078
:1083B0000D0011003FC0014000003C8024402440DB
:1083C0002440238000001F80244024403440038048
:1083D00000003000200027C03800200000001B8073
:1083E0002440244024401B8000001C0022C0224066
:1083F00022401F8000000000000008400000000034
:108400000000000000000460000000000000000008
:1084100004000A0011002080404009000900090002
:1084200009000900000000004040208011000A00FF
:1084300004001800200023402400180000001F80C2
:108440002040274029401F400000004007C039005D
:108450000F0001C0004020403FC0244024401B804A
:1084600000001F802040204020403080000020403D
:108470003FC0204020401F80000020403FC02440DB
:108480002E4030C0000020403FC024402E0030006D
:1084900000000F0010802040224033800200204066
:1084A0003FC0040004003FC02040204020403FC0A7
:1084B0002040204000000060202020203FC02000FD
:1084C000200020403FC024400B0030C0204020400E
:1084D0003FC020400040004000C03FC03C0003C0FF
:1084E0003C003FC0000020403FC00C4023003FC084
:1084F00020001F802040204020401F80000020409E
:108500003FC024402400180000001F80214021406B
:1085100020E01FA0000020403FC02440260019C0DA
:10852000004018C024402440224031800000300028
:1085300020403FC020403000000020003F8000402D
:1085400000403F80200020003E0001C007003800AE
:108550002000380007C03C0007C038000000204061
:1085600039C0060039C0204000002000384007C054
:10857000384020000000304021C02640384020C054
:108580000000000000007FE04020402000000000CC
:1085900070000C00038000400000000040204020DC
:1085A0007FE00000000000002000400020000000EC
:1085B000000000100010001000100010001000005B
:1085C00000004000000000000000000002800540A4
:1085D000054003C0004020003FC004400440038029
:1085E000000000000380044004400640000000003A
:1085F0000380044024403FC0004000000380054049
:10860000054003400000000004401FC024402440F7
:108610002000000002E005500550065004202040D4
:108620003FC00440040003C000400000044027C0D5
:1086300000400000000000100010041027E00000BF
:10864000000020403FC00140070004C0044020401B
:1086500020403FC000400040000007C0040007C0A9
:10866000040003C00000044007C00440040003C02D
:108670000040000003800440044003800000041018
:1086800007F0045004400380000000000380044011
:10869000045007F00010044007C00240040004002A
:1086A0000000000006400540054004C00000000036
:1086B00004001F80044000400000040007800040C8
:1086C000044007C000400400070004C00180060009
:1086D0000400060001C0070001C0060000000440BD
:1086E00006C0010006C0044000000410071004E0AA
:1086F0000180060004000000044005C0064004405C
:1087000000000000000004007BE0402000000000AA
:1087100000000000FFF000000000000040207BE0AF
:108720000400000000004000800040002000200005
:1087300040000000000000000000000000000000F9
:1087400000000000000000001FCC000C0000000032
:1087500000000000080030006000080030006000E9
:108760000000022003FC1E20022003FC1E20022029
:10877000000000000E1811043FFF10840C78000068
:1087800000000F0010840F3800C0077818840078AC
:10879000000000780F8410C411240E9800E40084B7
:1087A00000080800680070000000000000000000E1
:1087B000000000000000000007E01818200440023C
:1087C0000000000040022004181807E0000000002C
:1087D00000000240024001800FF001800240024090
:1087E00000000080008000800FF800800080008082
:1087F00000000001000D000E00000000000000005D
:108800000000000000800080008000800080008068
:1088100000800000000C000C0000000000000000C0
:10882000000000000006001800600180060018002B
:108830002000000007F0080810041004080807F0E2
:1088400000000000080408041FFC000400040000ED
:10885000000000000E0C10141024104411840E0CA3
:10886000000000000C1810041104110412880C7090
:108870000000000000E00320042408241FFC002462
:10888000000000001F98108411041104108810705B
:108890000000000007F00888110411041888007017
:1088A000000000001C00100010FC13001C00100051
:1088B000000000000E3811441084108411440E385A
:1088C000000000000700088C10441044088807F0DE
:1088D0000000000000000000030C030C000000007A
:1088E0000000000000000001010600000000000080
:1088F000000000000080014002200410080810045D
:108900000000022002200220022002200220022079
:10891000000000001004080804100220014000803C
:10892000000000000E001200100C106C10800F00F0
:10893000000003E00C1813E4142417C4082807D01F
:1089400000000004003C03C41C40074000E4001C7D
:10895000000410041FFC1104110411040E8800709F
:10896000000003E00C1810041004100410081C1080
:10897000000010041FFC100410041004080807F085
:10898000000010041FFC1104110417C4100408187F
:10899000000010041FFC1104110017C01000080093
:1089A000000003E00C181004100410441C78004070
:1089B000000010041FFC10840080008010841FFC45
:1089C00010040000100410041FFC10041004000028
:1089D000000000030001100110011FFE1000100034
:1089E000000010041FFC110403801464181C100400
:1089F000000010041FFC1004000400040004000C1C
:108A0000000010041FFC1F0000FC1F001FFC1004CE
:108A1000000010041FFC0C04030000E010181FFCF1
:108A2000100007F00808100410041004080807F0EC
:108A3000000010041FFC10841080108010800F00B4
:108A4000000007F0081810241024101C080A07F270
:108A5000000010041FFC1104110011C011300E0C95
:108A6000000400000E1C11041084108410441C38F3
:108A700000001800100010041FFC10041000180063
:108A8000000010001FF810040004000410041FF878
:108A9000100010001E0011E0001C007013801C006C
:108AA00010001FC0103C00E01F0000E0103C1FC081
:108AB00000001004180C163401C001C01634180C44
:108AC000100410001C00130400FC13041C00100010
:108AD00000000804101C1064108413041C041018F7
:108AE00000000000000000007FFE40024002400243
:108AF0000000000030000C0003800060001C000338
:108B0000000000004002400240027FFE0000000022
:108B10000000000000002000400040004000200055
:108B2000000000010001000100010001000100013E
:108B30000001000040004000200000000000000094
:108B4000000000000098012401440144014400FC9D
:108B5000000410001FFC008801040104008800705C
:108B60000000000000700088010401040104008876
:108B700000000000007000880104010411081FFCBF
:108B80000004000000F8014401440144014400C80D
:108B900000000000010401040FFC11041104110085
:108BA0001800000000D601290129012901C9010688
:108BB000000010041FFC008401000100010400FCFF
:108BC000000400000104190419FC00040004000062
:108BD00000000000000300010101190119FE00005E
:108BE000000010041FFC0024004001B4010C01042B
:108BF00000000000100410041FFC0004000400002A
:108C00000000010401FC0104010001FC0104010059
:108C100000FC010401FC008401000100010400FCCF
:108C20000004000000F8010401040104010400F83C
:108C30000000010101FF00850104010400880070AB
:108C4000000000000070008801040104010501FF1C
:108C500000010104010401FC008401040100018001
:108C60000000000000CC012401240124012401980B
:108C7000000000000100010007F8010401040000E9
:108C80000000010001F8000400040004010801FCD8
:108C90000004010001800170000C001001600180DF
:108CA000010001F0010C003001C00030010C01F0A6
:108CB000010000000104018C00740170018C0104AA
:108CC0000000010101810171000E001801600180A6
:108CD000010000000184010C013401440184010CF5
:108CE0000000000000000000000001003EFC400207
:108CF00040020000000000000000FFFF0000000034
:108D000000000000400240023EFC010000000000A4
:108D10000000000060008000800040004000200053
:108D20002000000000000000000000000000000023
:108D30000000000000000000000000000000000033
:108D40000000000000000000000000000000000023
:108D500000000000000F80380FFE380F8038000040
:108D60000000000000000000000000000000000003
:108D70000100000600000C00003800003100000671
:108D800000000C000038000030000000000000006F
:108D9000000061800067F807F98000618000618051
:108DA0000061800061800067F807F9800061800041
:108DB000000000000000000001C0E003E0F0063009
:108DC000080418081FFFFE040E080787F00381E05F
:108DD00000000000000001F000060C00040408067A
:108DE0000C7001F9C0000E00003BE000EC18070811
:108DF00008040C180003E00000000001E00007F088
:108E000003F818041C0804170807E1D003C0E000A9
:108E100023B0003C08002008000010000000000003
:108E2000000100003100003200001C0000000000C2
:108E30000000000000000000000000000000000032
:108E40000000000000000000000000000000000022
:108E500000007F0001FFC00780F00C001810000424
:108E60002000020000000000002000021000040C9E
:108E700000180780F001FFC0007F00000000000024
:108E800000000000000000000000000000004200A0
:108E9000006600006600003C0000180003FFC000F0
:108EA0001800003C00006600006600004200000060
:108EB000000008000008000008000008000008008A
:108EC00001FFC000080000080000080000080000C2
:108ED0000800000000000001000031000032000026
:108EE0001C00000000000000000000000000000066
:108EF0000000000000000000000008000008000062
:108F00000800000800000800000800000800000831
:108F10000000080000080000000000000000000041
:108F20000000380000380000380000000000000099
:108F30000000000000000000000000000000000031
:108F40000000000600001C000070000180000E0000
:108F500000380000C0000700001C000030000000C6
:108F60000000000000007F8001FFE0038070060029
:108F70001804000804000806001803807001FFE0D0
:108F8000007F8000000000000000000001000801D8
:108F9000000801000803FFF807FFF80000080000C0
:108FA0000800000800000000000000000001C038B8
:108FB00002C058040098040118040218040418069A
:108FC0001C1803F81801E0F8000000000000000081
:108FD0000001C0E003C0F004000804080804080809
:108FE00006180803F41801E7F00001E00000000093
:108FF0000000000000000300000D000011000061EF
:109000000000810803010807FFF80FFFF8000108BE
:109010000001080000000000000000E007FCD0068E
:109020000808061008061008061008061838060F6B
:10903000F00607C0000000000000000000003F80B4
:1090400001FFE0038430020818041008041008042B
:109050001008071810030FF00007C0000000000000
:109060000000000003C0000700000600000600F832
:109070000607F806180006E00007000006000000DA
:10908000000000000001E1E003F7F00634100418CE
:1090900008041808040C08040C0806161803F3F05A
:1090A00001C1E000000000000000F80003FC3003F4
:1090B0000638040208040208040208040410030825
:1090C000F001FFC0007F0000000000000000000071
:1090D0000000000000000000000070380070380040
:1090E00070380000000000000000000000000000D8
:1090F0000000000000000000000000000000301A26
:1091000000301C0000000000000000000000000013
:109110000000000000000000000800001400002211
:109120000000410000808001004002002004001087
:1091300008000800000000000000210000210000DD
:109140002100002100002100002100002100002159
:1091500000002100002100000000000000000000CD
:109160000800080400100200200100400080800078
:109170004100002200001400000800000000000070
:109180000003C00004C000040000080038080F38C5
:109190000808380810000C300007E00003C0000089
:1091A0000000000000003F8000FFE0038070020F1D
:1091B0001006708804C088048308047F8802C09069
:1091C00003012000FE400000080000180001F80024
:1091D0003E0801C20007020007E20000FE00001F77
:1091E000C80001F800003800000804000807FFF874
:1091F00007FFF8040808040808040808040808061B
:10920000180803F41801E7F00001E0000000000076
:1092100000003F8001FFE003807002001804000896
:109220000400080400080400100600200780C000A5
:10923000000004000807FFF807FFF8040008040016
:109240000804000804001802001003807001FFE009
:10925000007F8000000004000807FFF807FFF80403
:109260000808040808040808040808043E08040064
:109270000806001801006000000004000807FFF85D
:1092800007FFF804080804080004080004080004A4
:109290003E00060000060000018000000000000003
:1092A00000003F8001FFE003807006001804000802
:1092B0000402080402080203F00783F00002000021
:1092C000020004000807FFF807FFF8040808000878
:1092D0000000080000080000080004080807FFF864
:1092E00007FFF80400080000000000000400080464
:1092F000000804000807FFF807FFF804000804004E
:109300000804000800000000000000000000000643
:10931000000007000001040001040001040003072D
:10932000FFFE07FFFC04000004000004000004002E
:109330000807FFF807FFF8040C08001800003E00BB
:1093400004C7800503C80600F804003804001800AC
:10935000000804000807FFF807FFF80400080000F1
:1093600008000008000008000008000008000018BD
:1093700000006000000004000807FFF807800807ED
:10938000FC00007FC00003F80007C00078000780E1
:109390000807FFF807FFF804000804000807FFF8B3
:1093A00007000803C00000E000003800001E0000B5
:1093B00007000001C00400F007FFF80400000000EF
:1093C00000007F8001FFE0038070060018040008A1
:1093D00004000806001803003001FFE0007F800051
:1093E000000004000807FFF807FFF804040804045D
:1093F00000040400040400040400060C0003F80048
:1094000001F000000000000000007F8001FFE00389
:1094100080700600880400880400C806003C030031
:109420003E01FFE6007F8400000004000807FFF80B
:1094300007FFF8040808040800040C00040F0004E7
:109440000BC00610F003F03801E00800000800002F
:109450000001E0F803F03006301004180804180882
:10946000040C08040C080206180207F00781E0004B
:109470000000018000060000040000040000040059
:109480000807FFF807FFF8040008040000040000C4
:1094900006000001800004000007FFE007FFF00461
:1094A0000018000008000008000008000008000084
:1094B0000804001007FFE00400000400000600009C
:1094C00007E00007FE00041FE00001F8000038007C
:1094D00001E0043E0007C000060000040000040094
:1094E0000007E00007FFC0041FF80007C007F800EE
:1094F00007FF80043FF80007C004F80007000004DD
:10950000000000000004000806001807C07805F1FC
:10951000C8003E00001F800463E80780F8060018BA
:109520000400080000000400000600000780000797
:10953000E008047C08001FF80007F800180804E0A1
:1095400008070000060000040000000000010008F9
:109550000600380400F80403E8040F08047C08053A
:10956000F00807C0080700180400600000000000B1
:10957000000000000000000000000000003FFFFEAF
:109580002000022000022000022000022000020031
:10959000000000000000000008000007000000C0FC
:1095A000000038000006000001C000003000000E7E
:1095B0000000010000000000000000002000022068
:1095C00000022000022000022000023FFFFE0000F7
:1095D000000000000000000000000000000000008B
:1095E00000000008000010000030000020000030E3
:1095F0000000100000080000000000000000000053
:109600000100000100000100000100000100000154
:109610000000010000010000010000010000010045
:1096200000010000000000000000002000002000F9
:10963000001000001000000000000000000000000A
:109640000000000000000000000000F00019F80019
:109650001B18002208002608002408002410003FE0
:10966000F8001FF8000008000018000000040000C7
:1096700007FFF80FFFF0001818001008002008007E
:109680002008003018001FF0000FC000000000008C
:10969000000007C0001FF00018300020080020085C
:1096A000002008003C08001C1000006000000000C2
:1096B00000000000000007C0001FF0003818002064
:1096C0000800200800200804101007FFF80FFFF022
:1096D0000000100000000000000000000007C000B3
:1096E0001FF0001230002218002208002208003269
:1096F00008001E10000E20000000000000002000E6
:1097000000200800200801FFF803FFF806200804E5
:1097100020080420080720000300000000000000CB
:109720000000000E000E6E001FF30031B10020B1EA
:109730000020B1003191001F13002E1E00200E00EA
:10974000300000000004000807FFF80FFFF80010C9
:1097500008002000002000002008003FF8001FF84B
:1097600000000800000000000000000000200800C9
:109770002008002008063FF8063FF8000008000017
:1097800008000008000000000000000000000000C9
:109790000000030000030020010020010020030658
:1097A0003FFE063FFC00000000000000000000003B
:1097B0000004000807FFF80FFFF80001880003000D
:1097C000002FC00038F800203800200800000800F2
:1097D000000000000000000004000804000804006D
:1097E0000807FFF80FFFF800000800000800000855
:1097F000000000000000002008003FF8003FF800D3
:109800001008002000003FF8003FF800100800207A
:1098100000003FF8003FF8000008000000002008AA
:10982000003FF8003FF80010080010000020000082
:109830002008003FF8001FF80000080000000000AA
:10984000000007C0000FF0001830003008002008AA
:10985000002008003008001830000FF00007C0009A
:109860000000000000002001003FFF003FFF00104B
:1098700011002009002008002008003038001FF0E7
:10988000000FC00000000000000007C0001FF00033
:109890003818002008002008002009001011001FBF
:1098A000FF003FFF0000010000000020080020082A
:1098B000002008003FF8003FF800080800100800EA
:1098C00020080020000030000030000000000000F0
:1098D00000000000000C78001E1800330800230868
:1098E0000021080021880021980030F00038600035
:1098F000000000000000200000200000200000FF09
:10990000F003FFF8002008002008002008000030C5
:10991000000000000000000000002000003FF000F8
:109920007FF8000018000008000008002010003F29
:10993000F8007FF000001000000000000000200090
:10994000003000003C00003F800023F00000780061
:109950000070002380003C00003000002000002048
:1099600000003C00003FE00023F80000E00027007A
:10997000003E00003FE00021F80001E0003E000052
:109980002000000000002008002008003838003EB9
:10999000680027800003C8002CF800383800201821
:1099A000002008000000000000002000003003003C
:1099B0003C01003F830023EC000070002380003C4A
:1099C0000000200000200000000000000000000057
:1099D0000038080020380020F80023E8002F880015
:1099E0003E08003808002018000070000000000049
:1099F000000000000000000000000000000008005F
:109A00000014001FF7FC30000620000200000000D8
:109A10000000000000000000000000000000000046
:109A200000000000FFFFFF00000000000000000039
:109A300000000000000000000000000020000230D4
:109A400000061FF7FC0014000008000000000000E2
:109A500000000000000000000000000000180000EE
:109A600060000040000040000020000010000008DE
:109A700000000400000400000C00001000000000C2
:109A800000000000000000000000000000000000D6
:109A900000000000000000000000000000000000C6
:109AA00000000000000000000000000000000000B6
:109AB00000000000000000000000000000000000A6
:109AC0000000000000000000000000000000000096
:109AD0000000000000000000000000000000000086
:109AE0000000000000000000000000000000000076
:109AF0000000000000000000000000000000000066
:109B00000000000000000000000000000000000055
:109B100000000000000007F000C007FFE1E007F0D0
:109B200001E0000000C00000000000000000000094
:109B30000000000000000000000000000000000025
:109B40000000000000000000000000000000000015
:109B50000000000000000000000000000000000005
:109B600000000000000000000000000000000000F5
:109B700000000000000000000000000000000000E5
:109B80000000000000000020000001C0000007806D
:109B900000001F0000001E0000001C20000001C08B
:109BA0000000078000001F0000001E0000001C00D5
:109BB00000000000000000000000000000000000A5
:109BC0000000000000000000000000000000000095
:109BD0000000000000000000000000000000000085
:109BE0000000000000000000000000000000000075
:109BF0000000000000000000000000000000000065
:109C0000000000180C0000180C0000180FE0001FE6
:109C1000FC0003F80C0000180C0000180C000018E1
:109C20000C0000180C0000180FE0001FFC0003F8E7
:109C30000C0000180C0000180C00000000000000D0
:109C40000000000000000000000000000000000014
:109C50000000000000000000000000000000000004
:109C600000000000000000000000000000000000F4
:109C700000000000000000000000000000000000E4
:109C800000000000000000000780007807C000FC12
:109C90000640010E002003070020020380200FFF72
:109CA000FFFC0201C0200200E0600130704001F0C2
:109CB0003F8000F01F0000000000000000000000D6
:109CC0000000000000000000000000000000000094
:109CD0000000000000000000000000000000000084
:109CE0000000000000000000000000000000000074
:109CF000000000000000000000000000000000FE66
:109D0000000001FF000003018000020080600301E9
:109D100081C001FF070000FE18000000E000000302
:109D2000BF00000CFFC00071806001C10020030172
:109D300080600000FFC000003F0000000000000045
:109D40000000000000000000000000000000000013
:109D50000000000000000000000000000000000003
:109D600000000000000000000000000000000000F3
:109D700000000000000000000000000000000000E3
:109D80001F0000007FC000FCC0C001FF8060030313
:109D9000E0200202782002061E2003FC074001F0AA
:109DA0000380000103C000011C600001E0200001ED
:109DB00000200001004000000180000000000000C1
:109DC0000000000000000000000000000000000093
:109DD0000000000000000000000000000000000083
:109DE0000000000000000000000000000000000073
:109DF0000000000000000000000000000000000063
:109E00000000002000001C6000001C4000001F80BB
:109E100000000F0000000000000000000000000033
:109E20000000000000000000000000000000000032
:109E30000000000000000000000000000000000022
:109E40000000000000000000000000000000000012
:109E50000000000000000000000000000000000002
:109E600000000000000000000000000000000000F2
:109E700000000000000000000000000000000000E2
:109E800000000000000000000000000000000000D2
:109E9000000000000000000000000007F800003F84
:109EA000FF00007807C001C000E00300003004009C
:109EB000000808000004100000020000000000007C
:109EC0000000000000000000000000000000000092
:109ED0000000000000000000000000000000000082
:109EE0000000000000000000000000000000000072
:109EF0000000000000000000000000000000000062
:109F00000000100000020800000404000008030024
:109F1000003001C000E0007807C0003FFF000007EC
:109F2000F800000000000000000000000000000039
:109F30000000000000000000000000000000000021
:109F40000000000000000000000000000000000011
:109F50000000000000000000000000000000000001
:109F600000000000000000000000000000000000F1
:109F700000000000000000000000000000000000E1
:109F8000000000000000000C1800000E3800000E59
:109F9000380000063000000360000061438000FFCD
:109FA000FF80006143000003600000063000000EE7
:109FB0003800000E3800000C1800000000000000FF
:109FC0000000000000000000000000000000000091
:109FD0000000000000000000000000000000000081
:109FE0000000000000000000000000000000000071
:109FF0000000000000000000000000000000000061
:10A000000000000000000000800000008000000050
:10A010008000000080000000800000008000007FC1
:10A02000FF000000800000008000000080000000B1
:10A0300080000000800000008000000000000000A0
:10A040000000000000000000000000000000000010
:10A050000000000000000000000000000000000000
:10A0600000000000000000000000000000000000F0
:10A0700000000000000000000000000000000000E0
:10A08000000000000001000000E3000000E200000A
:10A0900000FC00000078000000000000000000004C
:10A0A00000000000000000000000000000000000B0
:10A0B00000000000000000000000000000000000A0
:10A0C0000000000000000000000000000000000090
:10A0D0000000000000000000000000000000000080
:10A0E0000000000000000000000000000000000070
:10A0F0000000000000000000000000000000000060
:10A1000000000000800000008000000080000000CF
:10A11000800000008000000080000000800000003F
:10A12000800000008000000080000000800000002F
:10A13000800000008000000080000000000000009F
:10A14000000000000000000000000000000000000F
:10A1500000000000000000000000000000000000FF
:10A1600000000000000000000000000000000000EF
:10A1700000000000000000000000000000000000DF
:10A18000000000000000000000C0000001E000002E
:10A1900001E0000000C0000000000000000000001E
:10A1A00000000000000000000000000000000000AF
:10A1B000000000000000000000000000000000009F
:10A1C000000000000000000000000000000000008F
:10A1D000000000000000000000000000000000007F
:10A1E000000000000000000000000000000000006F
:10A1F000000000000000000000000000000000005F
:10A2000000000000000C00000038000000E000002A
:10A21000038000000E00000038000000E000000392
:10A220008000000E00000038000000E00000038005
:10A2300000000E00000018000000000000000000F8
:10A24000000000000000000000000000000000000E
:10A2500000000000000000000000000000000000FE
:10A2600000000000000000000000000000000000EE
:10A2700000000000000000000000000000000000DE
:10A28000000000000000000FF800007FFF0000F059
:10A290000780018000C0030000600200002002006F
:10A2A00000200200002003000060018000C000E0E8
:10A2B0000380007FFF00000FF80000000000000096
:10A2C000000000000000000000000000000000008E
:10A2D000000000000000000000000000000000007E
:10A2E000000000000000000000000000000000006E
:10A2F000000000000000000000000000000000005E
:10A30000000000000000000000000080002000802D
:10A310000020008000200080006001FFFFE003FFBC
:10A32000FFE00000006000000020000000200000AE
:10A3300000200000000000000000000000000000FD
:10A34000000000000000000000000000000000000D
:10A3500000000000000000000000000000000000FD
:10A3600000000000000000000000000000000000ED
:10A3700000000000000000000000000000000000DD
:10A38000000000000000007800E00098016001007B
:10A390000260020004600200086002001060020017
:10A3A000206002004060030080600183006001FEC5
:10A3B00000E0007C078000000000000000000000BA
:10A3C000000000000000000000000000000000008D
:10A3D000000000000000000000000000000000007D
:10A3E000000000000000000000000000000000006D
:10A3F000000000000000000000000000000000005D
:10A4000000000000000000F0078001F007C001001C
:10A410000040020000200201002002010020020191
:10A420000020030380200186804001FCC0C000782A
:10A430007F8000001E0000000000000000000000FF
:10A44000000000000000000000000000000000000C
:10A4500000000000000000000000000000000000FC
:10A4600000000000000000000000000000000000EC
:10A4700000000000000000000000000000000000DC
:10A480000000000008000000380000004800000143
:10A49000880000060800000C08100030081000407A
:10A4A000081001FFFFF003FFFFF003FFFFF00000C3
:10A4B0000810000008100000081000000000000054
:10A4C000000000000000000000000000000000008C
:10A4D000000000000000000000000000000000007C
:10A4E000000000000000000000000000000000006C
:10A4F000000000000000000000000000000000005C
:10A5000000000000000000000780001F864003E1FB
:10A5100000200302002003040020030400200304A1
:10A5200000200304002003060040030301C00301D0
:10A53000FF8003007E00000000000000000000001B
:10A54000000000000000000000000000000000000B
:10A5500000000000000000000000000000000000FB
:10A5600000000000000000000000000000000000EB
:10A5700000000000000000000000000000000000DB
:10A580000000000000000007FC00003FFF0000701A
:10A59000C380008180C0010100600302002002022C
:10A5A000002002020020020200200203004001C13C
:10A5B00080C000C0FF8000007E000000000000009E
:10A5C000000000000000000000000000000000008B
:10A5D000000000000000000000000000000000007B
:10A5E000000000000000000000000000000000006B
:10A5F000000000000000000000000000000000005B
:10A6000000000000000000F0000003C00000038014
:10A61000000003000000030007E003003FE0030127
:10A62000C000030600000318000003600000038060
:10A630000000030000000000000000000000000017
:10A64000000000000000000000000000000000000A
:10A6500000000000000000000000000000000000FA
:10A6600000000000000000000000000000000000EA
:10A6700000000000000000000000000000000000DA
:10A68000000000001F0000783F8000FC60C0018EC9
:10A69000C040030780200203002002018020020145
:10A6A00080200201C0200301E040018670C000FC50
:10A6B0003F8000781F000000000000000000000044
:10A6C000000000000000000000000000000000008A
:10A6D000000000000000000000000000000000007A
:10A6E000000000000000000000000000000000006A
:10A6F000000000000000000000000000000000005A
:10A700000000003F000000FF81C001C0C1C0010087
:10A7100060200200202002002020020020200200F1
:10A720002060020040C00100C18000C18F00007F96
:10A73000FE00001FF000000000000000000000000C
:10A740000000000000000000000000000000000009
:10A7500000000000000000000000000000000000F9
:10A7600000000000000000000000000000000000E9
:10A7700000000000000000000000000000000000D9
:10A7800000000000000000000000000000000000C9
:10A79000000000000000000300C0000781E0000787
:10A7A00081E0000300C00000000000000000000085
:10A7B0000000000000000000000000000000000099
:10A7C0000000000000000000000000000000000089
:10A7D0000000000000000000000000000000000079
:10A7E0000000000000000000000000000000000069
:10A7F0000000000000000000000000000000000059
:10A800000000000000000000000000000000000048
:10A81000000000000000000600660006007800004E
:10A820000000000000000000000000000000000028
:10A830000000000000000000000000000000000018
:10A840000000000000000000000000000000000008
:10A8500000000000000000000000000000000000F8
:10A8600000000000000000000000000000000000E8
:10A8700000000000000000000000000000000000D8
:10A88000000000000000000080000001C000000384
:10A89000600000063000000C180000180C000030AA
:10A8A00006000060030000C00180010000400200BB
:10A8B0000020040000100000000000000000000064
:10A8C0000000000000000000000000000000000088
:10A8D0000000000000000000000000000000000078
:10A8E0000000000000000000000000000000000068
:10A8F0000000000000000000000000000000000058
:10A900000000000410000004100000041000000407
:10A9100010000004100000041000000410000004E7
:10A9200010000004100000041000000410000004D7
:10A9300010000004100000041000000000000000DF
:10A940000000000000000000000000000000000007
:10A9500000000000000000000000000000000000F7
:10A9600000000000000000000000000000000000E7
:10A9700000000000000000000000000000000000D7
:10A980000000000000000400001002000020010090
:10A99000004000C001800060030000300600001885
:10A9A0000C00000C180000063000000360000001DD
:10A9B000C000000080000000000000000000000057
:10A9C0000000000000000000000000000000000087
:10A9D0000000000000000000000000000000000077
:10A9E0000000000000000000000000000000000067
:10A9F0000000000000000000000000000000000057
:10AA00000000000000000078000001F8000002389B
:10AA1000000002000000040000C0040079E004000F
:10AA200081E0040100C004030000020200000306EC
:10AA3000000001FC000000F8000000000000000021
:10AA40000000000000000000000000000000000006
:10AA500000000000000000000000000000000000F6
:10AA600000000000000000000000000000000000E6
:10AA700000000000000000000000000000000000D6
:10AA80000000000FF800003FFE000070078000C0CB
:10AA900000C00101F8400307FC20021E0420023020
:10AAA000082002203020023FFC20013F04400180AA
:10AAB0000CC000E03180001FC20000000000000058
:10AAC0000000000000000000000000000000000086
:10AAD0000000000000000000000000000000000076
:10AAE0000000000000000000000000000000000066
:10AAF0000000000000000000000000000000000056
:10AB0000002000000060000003E000003E20000381
:10AB1000E020003E200003E020000380200007FC2E
:10AB20002000003FE0000003FE2000003FE00000A6
:10AB300001E00000002000000020000000000000F4
:10AB40000000000000000000000000000000000005
:10AB500000000000000000000000000000000000F5
:10AB600000000000000000000000000000000000E5
:10AB700000000000000000000000000000000000D5
:10AB80000000020000200200002003FFFFE003FF9E
:10AB9000FFE002010020020100200201002002016A
:10ABA000002002010020030300200186806001FCD8
:10ABB000C0C000F87F8000001F00000000000000FF
:10ABC0000000000000000000000000000000000085
:10ABD0000000000000000000000000000000000075
:10ABE0000000000000000000000000000000000065
:10ABF0000000000000000000000000000000000055
:10AC000000000007F800003FFF000070078000C050
:10AC100000C00100004003000020020000200200EC
:10AC200000200200002002000020010000400180FE
:10AC300000C003C0018000300600000000000000DA
:10AC40000000000000000000000000000000000004
:10AC500000000000000000000000000000000000F4
:10AC600000000000000000000000000000000000E4
:10AC700000000000000000000000000000000000D4
:10AC80000000020000200200002003FFFFE003FF9D
:10AC9000FFE002000020020000200200002002006D
:10ACA00000200300006001000040018000C000F0AF
:10ACB0000780007FFE00000FF80000000000000089
:10ACC0000000000000000000000000000000000084
:10ACD0000000000000000000000000000000000074
:10ACE0000000000000000000000000000000000064
:10ACF0000000000000000000000000000000000054
:10AD00000000020000200200002003FFFFE003FF1C
:10AD1000FFE00201002002010020020100200201E8
:10AD200000200201002002038020020FE020030027
:10AD3000006003C000E000600300000000000000AD
:10AD40000000000000000000000000000000000003
:10AD500000000000000000000000000000000000F3
:10AD600000000000000000000000000000000000E3
:10AD700000000000000000000000000000000000D3
:10AD80000000020000200200002003FFFFE003FF9C
:10AD9000FFE0020100200201002002010000020188
:10ADA0000000020100000201000002038000030F06
:10ADB000E0000300000003C000000060000000008D
:10ADC0000000000000000000000000000000000083
:10ADD0000000000000000000000000000000000073
:10ADE0000000000000000000000000000000000063
:10ADF0000000000000000000000000000000000053
:10AE000000000007F800003FFE000070078001C04E
:10AE100001C00100004003000020020000200200E9
:10AE2000002002000020010020200100204003C07B
:10AE30003F8000303F800000200000002000000024
:10AE40000000000000000000000000000000000002
:10AE500000000000000000000000000000000000F2
:10AE600000000000000000000000000000000000E2
:10AE700000000000000000000000000000000200D0
:10AE800000200200002003FFFFE003FFFFE00200BC
:10AE90008020020080200000800000008000000070
:10AEA0008000020080200200802003FFFFE003FFFB
:10AEB000FFE002000020020000200000000000006F
:10AEC0000000000000000000000000000000000082
:10AED0000000000000000000000000000000000072
:10AEE0000000000000000000000000000000000062
:10AEF0000000000000000000000000000000000052
:10AF0000000000000000000000000200002002001D
:10AF10000020020000200200002003FFFFE003FFEA
:10AF2000FFE00200002002000020020000200200DA
:10AF300000200000000000000000000000000000F1
:10AF40000000000000000000000000000000000001
:10AF500000000000000000000000000000000000F1
:10AF600000000000000000000000000000000000E1
:10AF700000000000000000000000000000000000D1
:10AF800000000000000E0000000F0000000F000095
:10AF900000010200000102000001020000030200A3
:10AFA000000603FFFFFC03FFFFF8020000000200A1
:10AFB000000002000000020000000000000000008D
:10AFC0000000000000000000000000000000000081
:10AFD0000000000000000000000000000000000071
:10AFE0000000000000000000000000000000000061
:10AFF0000000000000000000000000000000000051
:10B000000000020000200200002003FFFFE003FF19
:10B01000FFE00200C0200201002000078000000FB6
:10B02000E0000030F80002603E2003800F200300A3
:10B0300003E0020000E00200002000000020000009
:10B040000000000000000000000000000000000000
:10B0500000000000000000000000000000000000F0
:10B0600000000000000000000000000000000000E0
:10B0700000000000000000000000000000000000D0
:10B080000000020000200200002003FFFFE003FF99
:10B09000FFE002000020020000200000002000006D
:10B0A0000020000000200000002000000020000020
:10B0B0000060000000E0000003000000000000004D
:10B0C0000000000000000000000000000000000080
:10B0D0000000000000000000000000000000000070
:10B0E0000000000000000000000000000000000060
:10B0F000000000000000000000000000000002004E
:10B1000000200200002003FFFFE003E0002003FF17
:10B110000020001FF0000001FF8000000FE0000091
:10B120001E000003E000003E002003E0002003FFBB
:10B13000FFE003FFFFE0020000200200002000000B
:10B1400000000000000000000000000000000000FF
:10B1500000000000000000000000000000000000EF
:10B1600000000000000000000000000000000000DF
:10B1700000000000000000000000000000000200CD
:10B1800000200200002003FFFFE00380002003F006
:10B19000002000FC0000001F00000007C0000001AC
:10B1A000F00000007C0002001F80020007E003FFA7
:10B1B000FFE00200000002000000000000000000AC
:10B1C000000000000000000000000000000000007F
:10B1D000000000000000000000000000000000006F
:10B1E000000000000000000000000000000000005F
:10B1F000000000000000000000000000000000004F
:10B200000000000FF800003FFE0000F00780018002
:10B2100000C00100004002000020020000200200E7
:10B2200000200200002001000040018000C000F06A
:10B230000380003FFE00000FF80000000000000047
:10B2400000000000000000000000000000000000FE
:10B2500000000000000000000000000000000000EE
:10B2600000000000000000000000000000000000DE
:10B2700000000000000000000000000000000000CE
:10B280000000020000200200002003FFFFE003FF97
:10B29000FFE0020080200200802002008000020007
:10B2A0008000020080000200800003018000018312
:10B2B000000000FE0000007C000000000000000014
:10B2C000000000000000000000000000000000007E
:10B2D000000000000000000000000000000000006E
:10B2E000000000000000000000000000000000005E
:10B2F000000000000000000000000000000000004E
:10B300000000000FF800007FFF0000F003800180C4
:10B3100001C00100064002000420020004200200D7
:10B320000620020003E0010000F80180005C00E05C
:10B33000038C003FFF0C000FFC1800000000000011
:10B3400000000000000000000000000000000000FD
:10B3500000000000000000000000000000000000ED
:10B3600000000000000000000000000000000000DD
:10B3700000000000000000000000000000000000CD
:10B380000000020000200200002003FFFFE003FF96
:10B39000FFE0020100200201002002018000020102
:10B3A000E0000201FC0003033F80018607E001FC8E
:10B3B00000E000F800200000002000000000000075
:10B3C000000000000000000000000000000000007D
:10B3D000000000000000000000000000000000006D
:10B3E000000000000000000000000000000000005D
:10B3F000000000000000000000000000000000004D
:10B400000000000000000078060000FE01E0018658
:10B4100000C003030040020300200201802002015B
:10B4200080200201C0200200C0200100E0600180F5
:10B4300070C003E03F8000001F000000000000001B
:10B4400000000000000000000000000000000000FC
:10B4500000000000000000000000000000000000EC
:10B4600000000000000000000000000000000000DC
:10B4700000000000000000000000000000000000CC
:10B4800000000060000003800000030000000200D4
:10B490000000020000200200002003FFFFE003FF85
:10B4A000FFE0020000200200002002000000020075
:10B4B00000000380000000E0000000000000000029
:10B4C000000000000000000000000000000000007C
:10B4D000000000000000000000000000000000006C
:10B4E000000000000000000000000000000000005C
:10B4F000000000000000000000000000000002004A
:10B5000000000200000003FFFF0003FFFFC0020075
:10B510000040020000600000002000000020000049
:10B52000002000000020020000400200008003FF15
:10B53000FF00020000000200000000000000000008
:10B5400000000000000000000000000000000000FB
:10B5500000000000000000000000000000000000EB
:10B5600000000000000000000000000000000000DB
:10B5700000000000000000000000000000000000CB
:10B580000000020000000200000003C0000003FCF5
:10B590000000023FC0000003F80000007F800000B0
:10B5A00007E000000780000078000203C000023CB2
:10B5B000000003C0000002000000020000000000C4
:10B5C000000000000000000000000000000000007B
:10B5D000000000000000000000000000000000006B
:10B5E000000000000000000000000000000000005B
:10B5F0000000000000000000000000000000020049
:10B60000000003C0000003FF8000023FFE000200B4
:10B610007FE000000F000200F00003EF000003FFD6
:10B620008000020FFE0000003FE000001F00020744
:10B63000E00003F80000030000000200000000002A
:10B6400000000000000000000000000000000000FA
:10B6500000000000000000000000000000000000EA
:10B6600000000000000000000000000000000000DA
:10B6700000000000000000000000000000000000CA
:10B6800000000200002002000020038000E003F020
:10B69000032002FC0C20021F30000007C00000073E
:10B6A000F00002187C0002601F20038003E002000B
:10B6B00000E0020000200000002000000000000068
:10B6C000000000000000000000000000000000007A
:10B6D000000000000000000000000000000000006A
:10B6E000000000000000000000000000000000005A
:10B6F000000000000000000000000000000000004A
:10B700000000020000000300000003C0000003F876
:10B710000000023E0020020FC0200001FFE00000F8
:10B720007FE000038020021C0020027000000380E4
:10B730000000020000000200000000000000000005
:10B7400000000000000000000000000000000000F9
:10B7500000000000000000000000000000000000E9
:10B7600000000000000000000000000000000000D9
:10B7700000000000000000000000000000000000C9
:10B78000000000000020006000E0038003E00300F0
:10B790000FA002003E200200F8200203E020020F6A
:10B7A0008020023E00200278002003E00060038039
:10B7B00000E00200030000000000000000000000A4
:10B7C0000000000000000000000000000000000079
:10B7D0000000000000000000000000000000000069
:10B7E0000000000000000000000000000000000059
:10B7F0000000000000000000000000000000000049
:10B800000000000000000000000000000000000038
:10B810000000000000001FFFFFFC100000041000EB
:10B8200000041000000410000004100000041000C8
:10B8300000041000000400000000000000000000F0
:10B8400000000000000000000000000000000000F8
:10B8500000000000000000000000000000000000E8
:10B8600000000000000000000000000000000000D8
:10B8700000000000000000000000000000000000C8
:10B88000000000000000000000000700000003C0EE
:10B89000000000780000001E00000003C00000004F
:10B8A000F00000001E0000000780000000F0000013
:10B8B000003C000000060000000000000000000046
:10B8C0000000000000000000000000000000000078
:10B8D0000000000000000000000000000000000068
:10B8E0000000000000000000000000000000000058
:10B8F0000000000000000000000000000000000048
:10B9000000000000000010000004100000041000FF
:10B9100000041000000410000004100000041000D7
:10B9200000041FFFFFFC00000000000000000000FA
:10B930000000000000000000000000000000000007
:10B9400000000000000000000000000000000000F7
:10B9500000000000000000000000000000000000E7
:10B9600000000000000000000000000000000000D7
:10B9700000000000000000000000000000000000C7
:10B9800000000000000000000000000000000200B5
:10B990000000040000000800000018000000100073
:10B9A0000000180000001800000004000000020061
:10B9B0000000000000000000000000000000000087
:10B9C0000000000000000000000000000000000077
:10B9D0000000000000000000000000000000000067
:10B9E0000000000000000000000000000000000057
:10B9F0000000000000000000000000000000000047
:10BA00000001000000010000000100000001000032
:10BA10000001000000010000000100000001000022
:10BA20000001000000010000000100000001000012
:10BA30000001000000010000000100000001000002
:10BA400000000000000000000000000000000000F6
:10BA500000000000000000000000000000000000E6
:10BA600000000000000000000000000000000000D6
:10BA700000000000000000000000000000000000C6
:10BA80000000000000000000000010000000100096
:10BA90000000100000001800000008000000040072
:10BAA0000000000000000000000000000000000096
:10BAB0000000000000000000000000000000000086
:10BAC0000000000000000000000000000000000076
:10BAD0000000000000000000000000000000000066
:10BAE0000000000000000000000000000000000056
:10BAF0000000000000000000000000000000000046
:10BB000000000000038000018FC000038C6000066D
:10BB1000182000041020000410200004202000043D
:10BB20002040000620400003FFC00001FFE00000AD
:10BB3000002000000020000000C000000000000005
:10BB400000000000000000000000000000000000F5
:10BB500000000000000000000000000000000000E5
:10BB600000000000000000000000000000000000D5
:10BB700000000000000000000000000000000000C5
:10BB80000000020000000200000003FFFFE007FFCA
:10BB9000FFC0000180C0000200600002002000041D
:10BBA00000200004002000040020000600400003E4
:10BBB00000C00001FF800000FE0000000000000047
:10BBC0000000000000000000000000000000000075
:10BBD0000000000000000000000000000000000065
:10BBE0000000000000000000000000000000000055
:10BBF0000000000000000000000000000000000045
:10BC000000000000000000007E000001FF80000333
:10BC100081C0000200400006002000040020000453
:10BC2000002000040020000600200003C0400001A6
:10BC3000C0800000030000000000000000000000C1
:10BC400000000000000000000000000000000000F4
:10BC500000000000000000000000000000000000E4
:10BC600000000000000000000000000000000000D4
:10BC700000000000000000000000000000000000C4
:10BC800000000000000000007E000001FF800003B3
:10BC900080C00006006000040020000400200004B2
:10BCA0000020020400400202008003FFFFE007FFC3
:10BCB000FFC0000000400000004000000000000045
:10BCC0000000000000000000000000000000000074
:10BCD0000000000000000000000000000000000064
:10BCE0000000000000000000000000000000000054
:10BCF0000000000000000000000000000000000044
:10BD000000000000000000007E000001FF80000332
:10BD100011C0000210400004106000041020000454
:10BD20001020000410200006102000031040000125
:10BD3000F0C00000710000000000000000000000E2
:10BD400000000000000000000000000000000000F3
:10BD500000000000000000000000000000000000E3
:10BD600000000000000000000000000000000000D3
:10BD700000000000000000000000000000000000C3
:10BD80000000000000000004000000040020000487
:10BD9000002000040020007FFFE001FFFFE001041D
:10BDA00000200304002002040020020400200204FA
:10BDB00000000200000001C0000001C000000000FF
:10BDC0000000000000000000000000000000000073
:10BDD0000000000000000000000000000000000063
:10BDE0000000000000000000000000000000000053
:10BDF0000000000000000000000000000000000043
:10BE00000000000000000000001C0000E33E0003F2
:10BE1000FFC200020CC3000404C1000404C10004FA
:10BE200004C1000404C100060CC10003F8C30005EE
:10BE3000F0620006007E0006003C000000000000EA
:10BE400000000000000000000000000000000000F2
:10BE500000000000000000000000000000000000E2
:10BE600000000000000000000000000000000000D2
:10BE700000000000000000000000000000000000C2
:10BE80000000020000200200002003FFFFE007FF87
:10BE9000FFE0000100200002002000060000000476
:10BEA0000000000400000004002000060020000341
:10BEB000FFE00001FFE00000002000000020000083
:10BEC0000000000000000000000000000000000072
:10BED0000000000000000000000000000000000062
:10BEE0000000000000000000000000000000000052
:10BEF0000000000000000000000000000000000042
:10BF00000000000000000000000000040020000409
:10BF1000002000040020000400200387FFE0038FBE
:10BF2000FFE003800020000000200000002000004F
:10BF300000200000000000000000000000000000E1
:10BF400000000000000000000000000000000000F1
:10BF500000000000000000000000000000000000E1
:10BF600000000000000000000000000000000000D1
:10BF700000000000000000000000000000000000C1
:10BF800000000000000000000000000000060000AB
:10BF9000000700000001000000010004000100048F
:10BFA000000100040003000400060387FFFC038F68
:10BFB000FFF8038000000000000000000000000007
:10BFC0000000000000000000000000000000000071
:10BFD0000000000000000000000000000000000061
:10BFE0000000000000000000000000000000000051
:10BFF0000000000000000000000000000000000041
:10C000000000020000200200002003FFFFE007FF05
:10C01000FFE00000082000001020000030000000B9
:10C02000FC0000058E00000707A0000601E00004E8
:10C0300000E00004002000000020000000000000DC
:10C0400000000000000000000000000000000000F0
:10C0500000000000000000000000000000000000E0
:10C0600000000000000000000000000000000000D0
:10C0700000000000000000000000000000000000C0
:10C08000000000000000000000000200002002008C
:10C090000020020000200200002003FFFFE007FF55
:10C0A000FFE0000000200000002000000020000051
:10C0B0000020000000000000000000000000000060
:10C0C0000000000000000000000000000000000070
:10C0D0000000000000000000000000000000000060
:10C0E0000000000000000000000000000000000050
:10C0F0000000000000000000000000000000000040
:10C100000000000400200007FFE0000FFFE0000235
:10C11000002000040000000400200007FFE00003EE
:10C12000FFE00002002000040000000400200007DF
:10C13000FFE00003FFE0000000200000000000001E
:10C1400000000000000000000000000000000000EF
:10C1500000000000000000000000000000000000DF
:10C1600000000000000000000000000000000000CF
:10C1700000000000000000000000000000000000BF
:10C18000000000040020000400200007FFE0000F72
:10C19000FFE0000100200002002000020000000477
:10C1A000000000040000000400200006002000033E
:10C1B000FFE00001FFE00000002000000020000080
:10C1C000000000000000000000000000000000006F
:10C1D000000000000000000000000000000000005F
:10C1E000000000000000000000000000000000004F
:10C1F000000000000000000000000000000000003F
:10C2000000000000000000007E000000FF8000032E
:10C2100081C000020040000600200004002000044D
:10C22000002000040020000600200002004000035F
:10C2300081C00001FF8000007E00000000000000BF
:10C2400000000000000000000000000000000000EE
:10C2500000000000000000000000000000000000DE
:10C2600000000000000000000000000000000000CE
:10C2700000000000000000000000000000000000BE
:10C28000000000040001000400010007FFFF000F90
:10C29000FFFF000100C10002004100040020000473
:10C2A00000200004002000040020000600400003DD
:10C2B00001C00001FF8000007E00000000000000BF
:10C2C000000000000000000000000000000000006E
:10C2D000000000000000000000000000000000005E
:10C2E000000000000000000000000000000000004E
:10C2F000000000000000000000000000000000003E
:10C3000000000000000000007E000001FF8000032C
:10C3100080C000020060000400200004002000042F
:10C3200000200004002000020041000300C10003BF
:10C33000FFFF0007FFFF00000001000000010000F8
:10C3400000000000000000000000000000000000ED
:10C3500000000000000000000000000000000000DD
:10C3600000000000000000000000000000000000CD
:10C3700000000000000000000000000000000000BD
:10C38000000000040020000400200004002000043D
:10C390000020000FFFE0000FFFE00000C0200001C0
:10C3A000002000020020000600200004000000041D
:10C3B0000000000700000003000000000000000073
:10C3C000000000000000000000000000000000006D
:10C3D000000000000000000000000000000000005D
:10C3E000000000000000000000000000000000004D
:10C3F000000000000000000000000000000000003D
:10C40000000000000000000003E00001C0E00003A5
:10C41000E040000630200004302000041820000412
:10C4200018200004182000040C2000020C600003F7
:10C4300007C000078380000000000000000000002B
:10C4400000000000000000000000000000000000EC
:10C4500000000000000000000000000000000000DC
:10C4600000000000000000000000000000000000CC
:10C4700000000000000000000000000000000000BC
:10C4800000000000000000040000000400000004A0
:10C490000000000C0000001FFF8000FFFFC0000430
:10C4A00000600004002000040020000400200004BC
:10C4B00000400000018000000000000000000000BB
:10C4C000000000000000000000000000000000006C
:10C4D000000000000000000000000000000000005C
:10C4E000000000000000000000000000000000004C
:10C4F000000000000000000000000000000000003C
:10C50000000000040000000400000007FF80000F8E
:10C51000FFC00000006000000020000000200000BC
:10C5200000200000002000040040000400800007FC
:10C53000FFE0000FFFC000000040000000400000CE
:10C5400000000000000000000000000000000000EB
:10C5500000000000000000000000000000000000DB
:10C5600000000000000000000000000000000000CB
:10C5700000000000000000000000000000000000BB
:10C580000000000400000004000000078000000715
:10C59000F0000004FE0000041FC0000003E00000E3
:10C5A000038000001C0000046000000780000006FB
:10C5B0000000000400000000000000000000000077
:10C5C000000000000000000000000000000000006B
:10C5D000000000000000000000000000000000005B
:10C5E000000000000000000000000000000000004B
:10C5F0000000000000000000000000000000000437
:10C600000000000600000007C0000007FC00000456
:10C610003F80000003E000040F800006F0000007E8
:10C62000F0000007FF8000040FE00000038000041A
:10C630003C000007C00000060000000400000000ED
:10C6400000000000000000000000000000000000EA
:10C6500000000000000000000000000000000000DA
:10C6600000000000000000000000000000000000CA
:10C6700000000000000000000000000000000000BA
:10C6800000000000002000040020000400600007FB
:10C6900000E0000783200007E6000004F800000027
:10C6A0003C0000045E20000587A0000601E00004B5
:10C6B00000600004002000000020000000000000D6
:10C6C000000000000000000000000000000000006A
:10C6D000000000000000000000000000000000005A
:10C6E000000000000000000000000000000000004A
:10C6F000000000000000000000000000000000003A
:10C70000000000040000000400030007000300070D
:10C71000E0010004F80100041F02000007FC000013
:10C7200000E000000700000438000007C000000619
:10C7300000000004000000040000000000000000F1
:10C7400000000000000000000000000000000000E9
:10C7500000000000000000000000000000000000D9
:10C7600000000000000000000000000000000000C9
:10C7700000000000000000000000000000000000B9
:10C7800000000000000000078060000600E00004D8
:10C7900003E0000407A000040E2000043C20000475
:10C7A00070200005E02000078020000700600004E2
:10C7B00000E0000003800000000000000000000016
:10C7C0000000000000000000000000000000000069
:10C7D0000000000000000000000000000000000059
:10C7E0000000000000000000000000000000000049
:10C7F0000000000000000000000000000000000039
:10C800000000000000000000000000000000000028
:10C810000000000000000000000000008000000098
:10C8200080000001400007FE3FF8080000041000EF
:10C8300000021000000200000000000000000000E4
:10C8400000000000000000000000000000000000E8
:10C8500000000000000000000000000000000000D8
:10C8600000000000000000000000000000000000C8
:10C8700000000000000000000000000000000000B8
:10C8800000000000000000000000000000000000A8
:10C890000000000000000000000000000000FFFF9A
:10C8A000FFFF00000000000000000000000000008A
:10C8B0000000000000000000000000000000000078
:10C8C0000000000000000000000000000000000068
:10C8D0000000000000000000000000000000000058
:10C8E0000000000000000000000000000000000048
:10C8F0000000000000000000000000000000000038
:10C9000000000000000010000002100000020800FB
:10C91000000407FE3FF80001400000008000000016
:10C920008000000000000000000000000000000087
:10C9300000000000000000000000000000000000F7
:10C9400000000000000000000000000000000000E7
:10C9500000000000000000000000000000000000D7
:10C9600000000000000000000000000000000000C7
:10C9700000000000000000000000000000000000B7
:10C9800000001800000030000000400000004000DF
:10C9900000004000000020000000300000000800FF
:10C9A000000004000000020000000200000002007D
:10C9B00000000C0000001800000000000000000053
:10C9C0000000000000000000000000000000000067
:10C9D0000000000000000000000000000000000057
:10C9E0000000000000000000000000000000000047
:10C9F0000000000000000000000000000000000037
:10CA000002400000000000A00000000005400000FF
:10CA1000000000C8000000000C4000000000409C26
:10CA200000000000194000000020BCBE0000000013
:10CA300034400000BFC91B8E00000004B540000058
:10CA4000504BCFD06607E2CF010000006C410000E0
:10CA50003E8251AADFEEA73401000000D942000057
:10CA6000DCB5A0E23A301F97FFFFFFFFB44500009E
:10CA7000FD25A0C8E9A3C14FFFFFFFFFFF3F000056
:10CA80000000008000000000FF3F00000000008068
:10CA900000000000D0CA0008000000204000000094
:10CAA0006C01000810CB000840000020A017000017
:10CAB000880100081C00000043000000F8FFFFFF91
:10CAC0000C0000000E0000000F0000002E0000000F
:10CAD0000100000010000000000000000024F4002D
:10CAE0000000FFFF000100000100030080020004BD
:10CAF0000000000000000000000000000000000036
:10CB00000000000000000000000000000000000025
:0400000508000131BD
:00000001FF
