:020000040800F2
:10000000C0F20524AD02000823910008F98600081B
:1000100021910008910B000839A60008000000009B
:10002000000000000000000000000000999300089C
:100030005510000800000000259100089B9300085F
:10004000C7020008C7020008C7020008C70200086C
:10005000C7020008C7020008C7020008891000088C
:100060008F100008951000089B100008950B0008E1
:10007000C7020008BD0B0008D50B0008ED0B0008F7
:10008000050C0008110C0008C7020008C702000890
:10009000C7020008C7020008C7020008A110000834
:1000A000C7020008C7020008C7020008C70200080C
:1000B000C702000811950008C7020008C70200081F
:1000C000C7020008C7020008C7020008C7020008EC
:1000D000C70200082DA60008C7020008C7020008D2
:1000E00059100008C702000800000000C7020008FD
:1000F000C7020008C7020008C7020008C7020008BC
:10010000C7020008C70200081D950008C7020008C2
:10011000C7020008C7020008C7020008C70200089B
:10012000290C0008C7020008590C0008C702000883
:10013000710C0008C7020008C7020008C7020008C7
:1001400000000000000000000000000000000000AF
:10015000C7020008C7020008C7020008C70200085B
:10016000C7020008C7020008C7020008C70200084B
:10017000C7020008C7020008C7020008C70200083B
:10018000C7020008C7020008C7020008C70200082B
:10019000C7020008C7020008C7020008C70200081B
:1001A000C7020008C7020008C7020008C70200080B
:1001B000C7020008C7020008C7020008C7020008FB
:1001C000C7020008C7020008C7020008C7020008EB
:1001D000C7020008C7020008C7020008C7020008DB
:1001E000C7020008C7020008C7020008C7020008CB
:1001F000C7020008C7020008C7020008C7020008BB
:10020000C7020008C7020008C7020008C7020008AA
:10021000C7020008C7020008C7020008C70200089A
:10022000C7020008C7020008C7020008000000005B
:10023000C7020008C702000800000000C70200084B
:10024000C7020008C7020008C7020008C70200086A
:10025000C7020008C7020008C7020008C70200085A
:10026000C7020008C7020008C7020008C70200084A
:10027000C7020008C7020008C7020008000000000B
:10028000C7020008C7020008C702000800000000FB
:1002900000000000C7020008DFF80CD000F048FAA8
:1002A00000480047A5B40008C0F20524064880476E
:1002B00006480047FEE7FEE7FEE7FEE7FEE7FEE74B
:1002C000FEE7FEE7FEE7FEE75D94000899020008FE
:1002D0002DE9F05F0546002092469B46884606467B
:1002E000814640241BE0284641464746224600F00E
:1002F00057F853465A46C01A914110D31146184632
:10030000224600F03EF82D1A67EB01084F462246C0
:100310000120002100F035F817EB00094E41201EA6
:10032000A4F10104DFDC484631462A464346BDE8D5
:10033000F09FD2B201E000F8012B491EFBD27047BA
:100340000022F6E710B513460A4604461946FFF7A1
:10035000F0FF204610BD30B50B460146002020229C
:10036000012409E021FA02F59D4205D303FA02F5C2
:10037000491B04FA02F52844151EA2F10102F1DC22
:1003800030BD202A04DB203A00FA02F10020704739
:100390009140C2F1200320FA03F3194390407047C3
:1003A000202A04DB203A21FA02F00021704721FACA
:1003B00002F3D040C2F12002914008431946704731
:1003C0002DE9FE4F804681EA0300C00F0C460090E5
:1003D00021F0004123F00045B8EB0200A94105D20D
:1003E0004046214690461C460B46024623F00040FC
:1003F000104347D0270DC7F30A00C3F30A510290F8
:10040000401A019040286BDAC3F3130040F4801BBC
:100410000098924620B10023D2EB030A63EB0B0B4A
:1004200001985946C0F140025046FFF7AAFF064620
:100430000D4650465946019A00F08CF910EB080021
:100440006141002487EA115284EAE7731A4340D0DD
:10045000009A62B3019A012A4FEA075215DC001B89
:1004600061EB02014FF0004202EA0752CDE900427F
:10047000001C41F5801132462B4600F08CF903B088
:10048000BDE8F08F40462146F9E7001B61EB020111
:10049000001C41F5801300185B412018A2F50017DD
:1004A00047EB030140EAD570B6196D4111E06D08C4
:1004B0004FEA360645EAC0754FEA0752001B61EB6A
:1004C0000201001C41F5801149084FEA3000001973
:1004D000514132462B4603B0BDE8F04F00F04CB915
:1004E0000098012240000023D0EB020263EBE0738E
:1004F000009821464FEAE074B8EB000061EB04017C
:10050000E9E783F000435BE781F0004158E72DE91C
:10051000FE4F81EA030404F0004421F000410094FE
:100520004FF0000B23F0004350EA01045ED052EA82
:1005300003045BD0C3F30A54C1F30A552C44A4F25C
:10054000F3340194A0FB0254C1F3130141F4801170
:10055000C3F3130343F4801301FB024400FB034E77
:10056000840A970A44EA815447EA8357A4FB076840
:1005700002958D0A05FB07854FEA932C04FB0C546A
:100580002705029D4FEA065847EA1637B5EB0805DE
:100590006EEB070C870E920E47EA811742EA831230
:1005A000A7FB0201B6EB0B0164EB00042B0D43EA41
:1005B0000C335E1844EB1C50DA465146E7FB02014F
:1005C000C5F313044FEA0B3343EA14534FEA0432E2
:1005D000019C43EA0603A4F10C040294009CCDE9BB
:1005E00000B400F0D8F803B0BDE8F08F0020014659
:1005F000F9E72DE9F04D81EA030404F0004B21F006
:10060000004514464FF0000A23F0004150EA05026D
:1006100020D054EA01021DD0C5F30A570246C5F3A3
:100620001303C1F31300C1F30A5640F4801543F4D9
:100630008013A7EB0608101BD64608F2FD3873EBB3
:10064000050002D308F1010801E092185B41B8F1FE
:10065000000F03DA00200146BDE8F08D00204FF4C2
:100660008011064684460EE0171B73EB050705D381
:10067000121B63EB050306434CEA010C49084FEAE1
:10068000300092185B4150EA0107EDD152EA0300B5
:1006900012D082EA040083EA0501084305D0101B4A
:1006A000AB4106D20122002306E000224FF00043B6
:1006B00002E06FF0010253101AEB06004CEB0851F8
:1006C00010EB0A0041EB0B01BDE8F04D00F054B80F
:1006D000C1F30A52C1F3130140F2FF3341F4801118
:1006E0009A4202DA00200146704740F233439A42B0
:1006F000A2F2334202DC5242FFF752BEFFF741BE84
:1007000030B5041E71F1000404DB4FF00044404298
:1007100064EB0101141E73F1000405DB1C464FF06D
:100720000043524263EB0403994208BF904230BD3C
:10073000064C074D06E0E06840F0010394E807002E
:1007400098471034AC42F6D3FFF7AAFD20E8000822
:1007500040E80008202A06DBCB17203A41FA02F0D5
:1007600043EAE07306E041FA02F3D040C2F120020E
:10077000914008431946704710B5141E73F10004E8
:1007800008DA401C41F1000192185B411A4301D183
:1007900020F0010010BD2DE9F04D92469B4611B1AD
:1007A000B1FA81F202E0B0FA80F220329046FFF70F
:1007B000E8FD04460F4640EA0A0041EA0B015346B1
:1007C0005A46084313D0114653EA010019D0C8F124
:1007D00040025046FFF7E4FD05460E465046594696
:1007E0004246FFF7CEFD084305D0012004E0204635
:1007F0003946BDE8F08D0020054346EAE0762C43FB
:1008000037430A986305E40AA0EB08000022FD0ABA
:1008100044EA47540A3002D500200146E9E70105C1
:1008200010196941DDE9084500196941BDE8F04D3D
:10083000A2E730B58C1810F8012B12F00F0301D18C
:1008400010F8013B120906D110F8012B03E010F853
:10085000015B01F8015B5B1EF9D101E001F8013B8E
:10086000521EFBD1A142E6D3002030BD2DE9F84352
:10087000DFF85C80174C6FF007070FF25C09454604
:1008800021E0204601F0FEF82046322101F06CF80C
:10089000204600F098FE10F4007F12D0204607F1A9
:1008A000080600F092FE002E286004D1D8F81C2023
:1008B0004846002103E055F8042C484631460BF029
:1008C00033FD04350137002FDBD1BDE8F88300BFCD
:1008D00008060024F0D30324616425643D2564FFE9
:1008E000FFFF0000B0B504462068394940F480702D
:1008F000884214BF38483748006810F4403F10D091
:1009000006F020FA05466068B0F5803F05D0B0F5E6
:10091000403F22D0B0F5003F20D1000CB5FBF0F5F0
:100920001CE04FF40020002105F03CFB0546606808
:10093000A0F580214FEAB1410A290FD8DFE801F084
:100940000606060606063D3F4143450047F6FE7192
:1009500001EA5040B5FBF0F500E0AD0805F020F8E5
:10096000216841F20302904209D888681E4B20F4A6
:1009700080729D4288BF40F480728A60B0BD174883
:10098000854204D851F8080F20F4407013E0144851
:10099000854205D851F8080F012262F309200AE0C8
:1009A00051F8082F0223104663F309200D4B9D4296
:1009B00028BF42F440700860B0BD2D09CEE76D0934
:1009C000CCE7AD09CAE7ED09C8E72D0AC6E700BFC5
:1009D00000210240082302400863025821BCBE00E7
:1009E00041787D0182F0FA02002D31010146886BC9
:1009F000436D426D13F0500F07D0D20648BF00F090
:100A0000E1BDC06CC26C0846104742F400714165FC
:100A100001680B68CA6813F0080F02D1910715D15D
:100A200008E012F4406F18BF00F0CABDC96811F4A5
:100A3000005F0BD1416D21F480714165416D11F46E
:100A4000805F02BF416D41F00101416500F0B8BD1A
:100A5000806B416D41F040014165816D41F00401C1
:100A6000816500F0AFBD806B00F0ABBDB0B5044652
:100A7000002021688B688A6813F0020F2DD112F0D4
:100A8000010208BFB0BD886800F00D0001281BD12D
:100A900088683C4A104040F00200886003200860EB
:100AA00004F084FF05462068806810F0010F04BF41
:100AB0000020B0BD04F07AFF401B0328F3D3206868
:100AC000806810F0010FEED0606D40F0100060659E
:100AD000A06D40F00100A0650120B0BDF8B504464E
:100AE0002068816811F0010F49D18168254E06F117
:100AF0007F02114209D0606D40F010006065A06D6A
:100B000040F00100A06501203AE08168314041F0E9
:100B10000101816004F04AFF054620681A491B4F15
:100B200001F5807201F54073904208BF1F4688426C
:100B3000014608BF1F469042BB6804BF42F2000155
:100B4000C4F2020113F01F0F18BF814217D10168D0
:100B500011F0010F13D1816811F0010F01BF8168FD
:100B6000314041F00101816004F020FF411B206809
:100B70000329ECD3016811F0010FE8D1BBE7002095
:100B800001B0F0BDC0FFFF7F0020024000630258AB
:100B9000FEE7000080B5064801F008FC0548012189
:100BA000016005A00121BDE880400BF0BDBB00BF86
:100BB00010030024E8D303242564000080B5034813
:100BC00001F0F4FB02480121016080BD1002002405
:100BD000B4AC052480B5034801F0E8FB02480121CC
:100BE000016080BD90040024B8AC052480B50348A2
:100BF00001F0DCFB02480121016080BD900300246C
:100C0000BCAC0524014801F0D1BB00BF9002002418
:100C100080B5034801F0CAFB02480021016080BD95
:100C2000100400244800002410B5084801F0BEFB61
:100C30000748084C012101602046002107F010F907
:100C400020460421BDE8104007F00AB91005002431
:100C5000E8D3032494D5032480B5034801F0A6FB10
:100C600002480121016080BD900100249807002402
:100C7000014801F09BBB00BF900500240168254A94
:100C800091422CD0244A91421CBF244A914226D042
:100C9000234A91421CBF234A914220D0224A9142CA
:100CA0001CBF224A91421AD0214A91421CBF214ABC
:100CB000914214D0204A91421CBF204A91420ED04A
:100CC0001F4A91421CBF1F4A914208D01E4A9142BE
:100CD0001CBF1E4A914202D01D4A914217D16FF0AB
:100CE0000F02182352FA81F2B2FBF3F35F2A03F0EA
:100CF000070C18A313F80C30C36540F2FF3321EA48
:100D0000030188BF41F0040181650846704721F066
:100D1000FF01F9E7100002402800024040000240B5
:100D2000580002407000024088000240A0000240CB
:100D3000B80002401004024028040240400402406F
:100D4000580402407004024088040240B804024083
:100D5000A0040240000610160006101610B5026826
:100D60001E4CB44B9A421CBFB34B9A420ED0B34BAD
:100D70009A421CBFB24B9A4208D0B24B9A421CBF57
:100D8000B34B9A4202D0B04B9A4211D1D3B2A3F1E5
:100D900008011422B1FBF2F304EB830104F1800299
:100DA00003F01F030124603004FA03F30EC010BDEA
:100DB000A4F55B71D3B28A42E9D0094CA3F11001CA
:100DC0001823B1FBF3F10B46A24204F1AA0488BF39
:100DD0000833A24228BF0B46024CDDE700580258F8
:100DE0000F0402400008024001790139072988BF39
:100DF0007047B0B502681A4D1A4C8E4B4FF0010C7B
:100E00009A421CBF8C4B9A4216D08C4B9A421CBF04
:100E10008B4B9A4210D08B4B9A421CBF8A4B9A4202
:100E20000AD08B4B9A424FF001031FBF0E4B1A445E
:100E3000B2FA82F2530900E00123002B04F14002D0
:100E400018BF2C46002B04EB810418BF05F14002AB
:100E50000CFA01F1C0E91B424167BDE8B0407047A0
:100E600000590258000902406CABFDA7B0B5D0F89C
:100E700000C0D0F858E05F4CA44544D05E4CA44577
:100E80001CBF5E4CA4453ED05D4CA4451CBF5D4CD0
:100E9000A44538D05C4CA4451CBF5C4CA44532D062
:100EA0005B4CA4451CBF5B4CA4452CD05A4CA445BC
:100EB0001CBF5A4CA44526D0594CA4451CBF594CC4
:100EC000A44520D0584CA4451CBF584CA4451AD06A
:100ED000574CA4451CBF574CA44514D0564CA445B0
:100EE0001CBF564CA4450ED0554CA4451CBF554CB8
:100EF000A44508D0544CA4451CBF544CA44502D072
:100F0000534CA44574D1D0E919456560C46E14B141
:100F1000D0E91C456560374CA44545D0364CA44506
:100F20001CBF364CA4453FD0354CA4451CBF354CA6
:100F3000A44539D0344CA4451CBF344CA44533D00F
:100F4000334CA4451CBF334CA4452DD0324CA44592
:100F50001CBF324CA44527D0314CA4451CBF314C9A
:100F6000A44521D0304CA4451CBF304CA4451BD017
:100F7000364CA4451CBF2F4CA44524D02E4CA44570
:100F80001CBF2E4CA4451ED02D4CA4451CBF2D4C7F
:100F9000A44518D02C4CA4451CBF2D4CA44512D000
:100FA000234CA44518BFB0BDC46D3F2504F01F04F9
:100FB00005FA04F4CEF80840DCF8005025F480254A
:100FC000CCF8005007E0C46D012504F01F0405FAB9
:100FD00004F4CEF80440CCF8043080684028084679
:100FE00008BF1046CCF8080008BF0A46CCF80C2011
:100FF000B0BD00BF10000240280002404000024087
:10100000580002407000024088000240A0000240E8
:10101000B80002401004024028040240400402408C
:10102000580402407004024088040240A0040240B8
:10103000B8040240085402581C5402583054025854
:1010400044540258585402586C540258945402584C
:10105000805402587047000010B51A4C4FF480605D
:10106000A0474FF40060A0474FF48050A0474FF4D2
:101070000050A0474FF48040A0474FF40040214665
:10108000BDE81040084700BF022004F0ADBB0420BB
:1010900004F0AABB082004F0A7BB102004F0A4BBF6
:1010A00010B5084C2020A0474020A0478020A04732
:1010B0004FF48070A0474FF400702146BDE8104007
:1010C000084700BFE9570008EFF3108072B6FEE74B
:1010D0002DE9F8432DED028B05461448B0EE408A09
:1010E0008946970000260FF24808041D13E0206887
:1010F000314600EE100A4046B8EE400A20EE080ADB
:10110000BCEEC00A10EE103AC3F5C0720BF00CF939
:101110003C444E44013D002DE9D13220BDEC028B10
:1011200001B0BDE8F04301F02FBF00BF9C070024D1
:1011300066696C6C2025642C25642C312C25642C6C
:10114000524544FFFFFF0000034804490022C0E964
:101150000021C0E902217047800100240000F0BF97
:101160007CB50446002016460D46019094F85000C8
:10117000012801D1022039E0012084F850002046E6
:10118000FFF774FC616D10B141F010012AE041F2EB
:10119000021021EA000005F4803140F00200606591
:1011A00006F08040014320688268114B1A401143C9
:1011B00041F0004181608168B1F1FF3F0DDC019990
:1011C000013101910B49019A8A42F4D3606D20F0FC
:1011D000120040F01001012004E0616D012060F375
:1011E000010100206165002184F8501002B070BD3B
:1011F000C0FFFE3F00F8C32590F85020012A01D11E
:10120000022132E07CB5012280F8502000220192B8
:1012100000920368E44A93421DD1D2F808519468C1
:1012200025436D0717D4D1F800C0D2F80853224ED9
:1012300025F44044BCF1000F19D04D6843F480738D
:101240002543C2F80853DA4CA3421CD19368D2F864
:101250000861334318E0416D41F0200141650121EF
:10126000002280F85020BDE87C40C8B27047C2F828
:10127000084343F48071CE4B994211D19168D2F862
:10128000083119430DE03368DB0713D1D2F8083376
:10129000896840F61F76B34343EA0C03194307E01D
:1012A0003168C90706D1D2F8081340F61F73994375
:1012B000C2F808130021D3E7086002582DE9FC4169
:1012C000044600200D46019094F85000012801D1F9
:1012D000022331E1012084F850002068816811F078
:1012E000040F40F021812968AA4BB1F1FF3F11DDC5
:1012F00091FAA1F2194298464FF00103B2FA82F234
:1013000008BF8A0E02F01F0203FA02F2C3691A43F1
:10131000C26100E098466A68890E1F2601F01F012D
:1013200002F01F03C2F3012200EB82029E409940AB
:10133000176BB7433943116381688268D20842EA68
:101340009101C9076FD12968AA6807F097FA9248F6
:10135000036820686969C26803F07043B3F1805F75
:1013600002D102F01C0306E0D2064FF0100258BF73
:101370001C22C36813402A69042A27D1026E2B68F5
:1013800002F0F8429906B2EB836F02BF026E22F0C0
:1013900000420266426E02F0F8428A4202BF426E8A
:1013A00022F000424266826E02F0F8428A4202BF98
:1013B000826E22F000428266C26E02F0F8428A42D9
:1013C00002BFC16E21F00041C1662CE0734E06EAF7
:1013D000530399402B6803F0F843194300F160036D
:1013E00053F8227007F00047394343F822102A6966
:1013F000697E53F82270012927F0004708BF47F0A3
:10140000004743F822700022297E012908BF4FF4CB
:101410000062296901F01F0102FA01F1026922F458
:10142000F04211430161816811F0010F41D1D5F8FB
:1014300000C0EB685A4ED0F8C01003F0180746EA17
:101440000C060CEA080228FA07F786EA0806174095
:1014500031403943C0F8C01052498B4226D19CFA22
:10146000ACF1002A4FF08067B1FA81F108BF4FEA72
:101470009C614A1C07EB8161012702F01E0301F009
:10148000F84102F01F020A2B07FA02F728BF41F0C9
:1014900000710A2B28BF0A3A394302EB420241EAA3
:1014A0000251AA6807F0EAF9D5F800C0BCF1FF3F85
:1014B00001DD00233DE02268BC4D3C4805F580710C
:1014C00005F540738A42194618BF00F54071AA42DB
:1014D00008BF19468B68B74E42F48071B14205D1FE
:1014E000A968D5F8087147EA010600E08668F107A7
:1014F0001AD103F0E076190229D42E498C4526D161
:101500008242D6D1D0F8081321F0E071314341F482
:101510000001C0F80813A3480068A349B0FBF1F02C
:10152000022101EB40000DE0606D012340F020003E
:101530006065002084F85000D8B202B0BDE8F081A8
:1015400001980138019001980028F9D1B1E7D9013B
:101550000CD419498C4509D18242AAD1D0F808137C
:1015600021F0E071314341F080710FE059024FF0FA
:101570000003DED411498C4508BF8242D9D1D0F88E
:10158000081321F0E071314341F48001C0F80813E1
:101590008FE700BFFFFF0F000010005CFEFFFF7F22
:1015A0000000F0FF0000FF470020024000600258EA
:1015B00000210240000084CB000052C70000B8CFD9
:1015C000704770477047406D70470068006C704707
:1015D000F8B504460020002C009037D0606D30B97B
:1015E000204600F0F1F80020A06584F85000206843
:1015F00082686B4912F0005F1EBF82680A408260F9
:10160000826812F0805F13D1826801F1805111402D
:1016100041F08051816063490968634AB1FBF2F18E
:10162000013101E000990139009100990029F9D1B7
:10163000816811F0805F0BD1616D012541F01001CF
:101640006165A16D41F00101A16502E00125A3E002
:1016500000258168C1F38001626D02F01002114320
:10166000616D03D041F01000012594E021F48171F7
:1016700041F002016165816811F0010F20D1B54987
:101680004B4AB34E40F48073B34204D18B68D1F817
:101690000861334300E01368DB0711D101F5807363
:1016A00001F540769842334618BF02F53E738842F2
:1016B00008BF33466068996821F47C11084398603C
:1016C00004F06EF9A168226B637D41F203060A43C0
:1016D000102942EA4332237F42EA0342114608BFFF
:1016E00041F00C01B04298BF1146012B01BF206AA6
:1016F000314A02EB40400143606A20B100F4787047
:101700000843A16A01432068C2682C4B1A40114368
:10171000C16081688268D20842EA9101C9072CD170
:10172000217DE26A44F2030342EA8131C2689A43AE
:101730001143C16094F838200169012A10D104F1E5
:101740003C0C9CE84C101E4F07EB02421D4F3940E9
:1017500019431143314341EA0C0141F0010101E019
:1017600021F0010101610169626B21F070411143B7
:1017700001612046FFF7B6F82068E268016B21F0AE
:101780000F01012A02BFA269013A1143016301213D
:10179000606D61F301006065284601B0F0BD00BFD7
:1017A000C0FFFF5FB4000024400D03000020024092
:1017B00008600258002102400000FEFF03C0F0FF55
:1017C0000000FFFF1EF800FC2DE9F04786B08046C0
:1017D00001A81421FEF7B4FDD8F80010594F5A4D56
:1017E0005A485B4A914266D0E04A914240F0A68056
:1017F0005949BA460A68531C002A0B6008D101688F
:1018000041F020010160016801F020010091009980
:101810008168DFF84C9101AE0324002741F00401F8
:101820008160816801F0040100910099816841F0B4
:1018300001018160816801F00101009100998168D6
:1018400041F0020181603146806800F002000090A2
:1018500000983320019005F5006002940397C84773
:10186000C02001A991C128463146C84705F58060CE
:101870003146CDE901440397C8473A4D0AF58660E1
:1018800009214FF480624FF480534FF480464FF4A7
:10189000807485E883002846C5E90372C5E90536EA
:1018A000C5E907476F6201F041F8002840D0FFF713
:1018B0000BFC2C4D3CE028490A68531C002A0B60A5
:1018C00008D1016841F020010160016801F02001A8
:1018D0000091009981680324002641F00101816094
:1018E00001A9806800F00100009000980C20019090
:1018F00028460294039603F081FF184D0A204FF406
:1019000080614FF48072C5E900700420C5E9026669
:10191000C5E90416C5E90662C5E908602846C5E9B7
:101920000A462E6301F002F810B1FFF7CDFB0B4D14
:1019300005F13800C8F84C50C0F8008006B0BDE88A
:10194000F08700BF1000024000000258D84402583F
:1019500000210240002002409C17002410030024B4
:10196000FD570008900100242DE9F84F04460D466C
:101970002068BB4EBB4906F5807906F540724845A4
:1019800008BF1146B04208BF11468A6802F01F081E
:101990002269082A02D1B34608270FE0B8F1090FDF
:1019A00062D8012240F2212302FA08F21A425BD0E7
:1019B000C06810F0010F5BD1B346042703F0F6FFB7
:1019C00082466E1C20680168394215D1002EF9D07C
:1019D00003F0ECFF1DB1A0EB0A00A842F2D9206889
:1019E00000683842EED1606D40F004006065002070
:1019F00084F85000032040E0616D41F4007161659E
:101A0000C16811F4406F11D1617D79B9016811F09D
:101A1000080F0BD0616D21F480716165616D11F467
:101A2000805F02BF616D41F001016165484518BFEB
:101A30008346834518BFDB46B8F1000F08BF8346D5
:101A4000B8F1050F08BF8346B8F1090F08BF8346F8
:101A5000082FDBF80C1001D1082102E0490401D461
:101A60000C210160002008E0886810F4404FA3D0EA
:101A7000606D40F0200060650120C0B201B0BDE89B
:101A8000F08F00BFF8B504462068754D754A05F51E
:101A9000807605F54071B04208BF0A46A84208BFEB
:101AA0000A469768806810F0040F03D194F850003C
:101AB000012802D1022001B0F0BD012084F85000BD
:101AC0002046FFF70BF818B1002184F85010F2E718
:101AD000606D40F6017207F01F01904340F4807082
:101AE00060652068B04218BF054609B1854203D140
:101AF000626D22F480126265636D002213F4805FD0
:101B00004FF000031CBFA36D23F006038542A365BD
:101B10004FF01C03036084F8502008D0092917D81F
:101B2000012202FA01F140F22122114210D0C168D3
:101B300011F0007F1FBF616D012262F30D316165FD
:101B400081684C4A114041F0040181600020B2E7F5
:101B5000606D40F480106065E86810F0007FF5D09B
:101B6000606D012161F30D306065EFE700200240F8
:101B70002DE9F8430446894690462168384F394A92
:101B800007F5807507F54070A94208BF0246B942C3
:101B900008BF02469068896811F0040F03D194F8D9
:101BA0005010012903D1022001B0BDE8F08300F0FC
:101BB0001F060120092E84F850004BD8B04040F297
:101BC0002121084246D02046FEF788FF18B10021A7
:101BD00084F85010E8E7606D40F60171884340F4E6
:101BE000807060652168A94218BF0F460EB18F4210
:101BF00003D1606D20F480106065606D1A4B002287
:101C000010F4805F4FF000001CBFA06D20F00600B4
:101C1000A065E06CC363154B0364154BC3641C23C0
:101C20000B6084F850204A6842F010024A60E26A71
:101C3000CB6823F003031A434346CA6040314A4647
:101C400001F072F821688A680A4B1A4042F00402D7
:101C50008A60A9E7002084F850000120A4E700BFB3
:101C60000020024000630258ED090008670A0008DE
:101C7000510A0008C0FFFF7F2DE9F04104460D46E0
:101C800090460121002C00F09980002D00F09680F4
:101C900060790221012800F091800120607121719A
:101CA000286804282AD103F081FE0746B8F1000F06
:101CB0000FD02168486BB0F1FF3F22DC03F076FEC5
:101CC000C01B0228F5D32068406BB0F1FF3FF0DC69
:101CD0000DE02168486B3B4E304215D003F066FEA4
:101CE000C01B0228F5D32068406B3042F1D0206938
:101CF000032140F00800206121715FE008F010002E
:101D000019E0A869486401E0A86908648B6C08F0D0
:101D1000100040F2FF32824023EA0202EB69834066
:101D20001A438A64FF22CB6C824023EA02022B6AA8
:101D300083401A43CA6429692268012908D1936B38
:101D40001F21814023EA01016B698340194391639C
:101D5000D36BEF680721814023EA010C0021012F9A
:101D600003D0022F03D1012705E0002703E0AF686D
:101D7000B7FA87F77F092E68AB6837433B43834048
:101D800043EA0C03D3634FF480431768834027EA88
:101D90000303136040F6FE731768834027EA0303CA
:101DA0006F6887403B431360C02303FA00F0136859
:101DB00023EA00001060012020716171C8B2BDE803
:101DC000F08100BF0080002010B504466CB120797E
:101DD00020B900206071204600F00AF8022001219D
:101DE000207100202061217110BD012010BD000074
:101DF00010B586B0044601A81421FEF7A1FA2068A8
:101E0000104988421CD11048816841F0005181601E
:101E1000816801F0005100910099016841F00101D1
:101E2000016001A9006800F00100009000983020D6
:101E300001900320029000200390044803F0DEFC90
:101E400006B010BD00740040E04402580000025883
:101E500081B04FF0000C0028CDF800C00CD0006815
:101E6000002900900098104414BF143008300090EE
:101E700000980360002000E0012001B0704708B323
:101E800043790222012B2DD080B54FF0010C01F0D7
:101E9000100E002980F805C002710CFA0EFC0268D1
:101EA000136843EA0C031360D2F800C00CD002217F
:101EB0000CF4781301FA0EF18B420DD1516841F008
:101EC000020108E001220DE00CF03E01022903D1DD
:101ED000516841F0010151600121002201714271FC
:101EE000BDE88040D0B27047F8B5044603F05EFD0F
:101EF0000546002C00F0A08094F83500022840F040
:101F00009D802768A34EA44887421CBFA3488742F0
:101F100027D0A34887421CBFA248874221D0A248AD
:101F200087421CBFA14887421BD0A14887421CBFE3
:101F3000A048874215D0A04887421CBF9F488742CF
:101F40000FD09F4887421CBF9E48874209D09E48B9
:101F500087421CBF9D48874203D09D48874240F07E
:101F60000481386820F01E003946386051F8140F9B
:101F700020F080000860F548874244D0F44887424A
:101F80001CBFF44887423ED0F34887421CBFF34849
:101F9000874238D0F24887421CBFF248874232D08D
:101FA000F14887421CBFF14887422CD0F048874255
:101FB0001CBFF048874226D0EF4887421CBFEF483D
:101FC000874220D0EE4887421CBFEF4887421AD094
:101FD000EC4887421CBFED48874214D0EC4887424A
:101FE0001CBFEC4887420ED0EB4887421CBFEB4831
:101FF000874208D0EA4887421CBFEA48874202D09D
:10200000E948874204D1206E016821F480710160A3
:10201000386820F001003860386810F0010F11D0E6
:1020200003F0C4FC401B0628F6D320206065032083
:1020300084F83500012093E0012094E08020606561
:1020400001208DE02068C14988421CBFC0498842F8
:1020500026D0C04988421CBFBF49884220D0BF4912
:1020600088421CBFBE4988421AD0BE4988421CBF64
:10207000BD49884214D0BD4988421CBFBC49884232
:102080000ED0BC4988421CBFBB49884208D0BB491E
:1020900088421CBFBC49884202D0B94988426CD1F1
:1020A000D4E9161202F01F023F2303FA02F28A60FB
:1020B000A649884244D0A64988421CBFA549884207
:1020C0003ED0A54988421CBFA449884238D0A449C3
:1020D00088421CBFA349884232D0A34988421CBF12
:1020E000A24988422CD0A24988421CBFA1498842FB
:1020F00026D0A14988421CBFA049884220D0A049CF
:1021000088421CBFA04988421AD09E4988421CBF01
:102110009E49884214D09E4988421CBF9D498842EE
:102120000ED09D4988421CBF9C49884208D09C49DA
:1021300088421CBF9B49884202D09B4988420BD1F0
:10214000D4E919014160E06E30B1016821F4807179
:102150000160D4E91C014160012084F835000020B1
:10216000002184F8341001B0F0BD3868B7423FF464
:10217000F9AE20F00E003946FCE6D4E91612B04262
:1021800002F01F023FF490AF012303FA02F24A600B
:102190008EE700BFB8040240100002402800024051
:1021A0004000024058000240700002408800024097
:1021B000A0000240B800024010040240280402407F
:1021C000400402405804024070040240A00402404F
:1021D0008804024000286ED090F83510022968D19A
:1021E00001685A4A91422CD0594A91421CBF594A1F
:1021F000914226D0584A91421CBF584A914220D061
:10220000574A91421CBF574A91421AD0564A9142AE
:102210001CBF564A914214D0554A91421CBF554AA0
:1022200091420ED0544A91421CBF544A914208D068
:10223000534A91421CBF534A914202D0524A9142A2
:102240003CD1042280F83520404881421CBF4048E0
:10225000814228D03F4881421CBF3F48814222D062
:102260003E4881421CBF3E4881421CD03D488142CD
:102270001CBF3D48814216D03C4881421CBF3C48AF
:10228000814210D03B4881421CBF3B4881420AD06A
:102290003A4881421CBF3A48814204D039488142C1
:1022A0001CBF39488142086820F001000860002105
:1022B00002E0802141650121084670470A6822F04A
:1022C0000E020A600A6822F001020A602F4A914257
:1022D00014D02F4A91421CBF2E4A91420ED02E4A52
:1022E00091421CBF2D4A914208D02D4A91421CBFF9
:1022F0002C4A914202D02C4A914218D1016E0123FE
:102300000A6822F480720A60D0E9161202F01F02F5
:1023100003FA02F24A60D0E919124A60C16E31B183
:102320000A6822F480720A60D0E91C124A60012116
:1023300080F83510002180F83410026D002ABBD0DF
:1023400080B590470021BDE88040B5E7100002400D
:102350002800024040000240580002407000024045
:1023600088000240A0000240B80002401004024071
:102370002804024040040240580402407004024015
:1023800088040240B8040240A004024008540258E5
:102390001C5402583054025844540258585402589D
:1023A0006C54025894540258805402582DE9FC4150
:1023B000044600200190DFF83005A56DD0F80080BC
:1023C0002F6829682068D44A904249D0D34A904265
:1023D0001CBFD34A904243D0D24A90421CBFD24A3B
:1023E00090423DD0D14A90421CBFD14A904237D052
:1023F000D04A90421CBFD04A904231D0CF4A90423E
:102400001CBFCF4A90422BD0CE4A90421CBFCE4A2E
:10241000904225D0CD4A90421CBFCD4A90421FD059
:10242000CC4A90421CBFCC4A904200F02581CB4A56
:1024300090421CBFCA4A904200F01E81C94A904295
:102440001CBFC94A904200F01781C84A90421CBF85
:10245000C74A904200F01081C649884240F033825A
:10246000E16D082201F01F018A403A423DD0AA4B9B
:1024700098422DD0A94B98421CBFA94B984227D017
:10248000A84B98421CBFA84B984221D0A74B98421A
:102490001CBFA74B98421BD0A64B98421CBFA64B13
:1024A000984215D0A54B98421CBFA54B98420FD01F
:1024B000A44B98421CBFA44B984209D0A34B98420E
:1024C0001CBFAC4B984203D0A14B984240F0FD8119
:1024D000042306681E4208D0036823F00403036047
:1024E000AA60626D42F00102626501228A403A42AE
:1024F0003BD0894B98422DD0884B98421CBF884BCB
:10250000984227D0874B98421CBF874B984221D0D6
:10251000864B98421CBF864B98421BD0854B9842F5
:102520001CBF854B984215D0844B98421CBF844BEE
:1025300098420FD0834B98421CBF834B984209D0DE
:10254000824B98421CBF8B4B984203D0804B9842E1
:1025500040F0BD8100F11406802336681E421FBF83
:10256000AA60626D42F00202626504228A403A4229
:1025700039D0694B98422DD0684B98421CBF684BAC
:10258000984227D0DC4B98421CBFDC4B984221D0AC
:10259000DB4B98421CBFDB4B98421BD0DA4B984276
:1025A0001CBFDA4B984215D0D94B98421CBFD94B6F
:1025B00098420FD0D84B98421CBFD84B984209D0B4
:1025C000D74B98421CBFD84B984203D0D54B98426A
:1025D00040F08081022306681E421FBFAA60626D20
:1025E00042F004026265102202FA01F1394200F061
:1025F000C780BE4A90422DD0BD4A90421CBFBD4A02
:10260000904227D0BC4A90421CBFBC4A904221D085
:10261000BB4A90421CBFBB4A90421BD0BA4A904270
:102620001CBFBA4A904215D0B94A90421CBFB94A61
:1026300090420FD0B84A90421CBFB84A904209D08D
:10264000B74A90421CBFB84A904203D0B54A904264
:1026500040F0428108220368134200F09180A96093
:102660000268016812F4802F3BD1C9055EBF016882
:1026700021F00801016036E00268E36D03F01F03FA
:1026800012F0040F1EBF04279F4017EA010609D06D
:1026900011046F601FD491065EBF016821F0040130
:1026A00001601CE0970720D502279F4017EA01062A
:1026B0001BD011046F6000F11181910600F11281AD
:1026C000016821F00A010160012084F83500002032
:1026D00084F8340006E1D00301D4A16CEDE0216C54
:1026E000EBE0080348D4216C47E0120740F1EB808F
:1026F00008229A40114000F0E680016821F00E01A6
:1027000001600121E06D00F01F0001FA00F0686037
:10271000616584F83510CCE01000024028000240CA
:102720004000024058000240700002408800024011
:10273000A0000240B80002401004024028040240F9
:1027400040040240580402407004024088040240E1
:10275000A004024094540258085402581C540258D1
:102760003054025844540258585402586C54025879
:1027700080540258B8040240A16C09B12046884731
:10278000E06D00F01F01202000FA01F23A426DD006
:102790002068564E1023B0422DD0554EB0421CBF7B
:1027A000544EB04227D0544EB0421CBF534EB0429C
:1027B00021D0534EB0421CBF524EB0421BD0524E9D
:1027C000B0421CBF514EB04215D0514EB0421CBF5A
:1027D000504EB0420FD0504EB0421CBF4F4EB04290
:1027E00009D04F4EB0421CBF4E4EB04203D04E4EA9
:1027F000B04218BF022307681F4237D0AA6094F87E
:1028000035300268042B19D122F0160202604269A9
:1028100022F080024261226C0AB9A26C1AB10268ED
:1028200022F0080202603F208840A860012084F85E
:102830003500002084F83400216D3EE00168520329
:102840000CD4C9050ED4016821F0100101600120EB
:1028500084F83500002084F8340003E0080301D434
:10286000616C00E0E16B09B120468847606D50B3B0
:10287000606D10F0010F1FD04FF41650B8FBF0F14F
:10288000042084F835002068026822F0010202600A
:10289000019A01328A42019203D8026812F0010FB4
:1028A000F6D10068012100F0010041EA400084F8FF
:1028B0003500002084F83400E16C002908BFBDE831
:1028C000FC8120468847BDE8FC81082301E60023FF
:1028D000064642E600237EE60422BCE6D00301D48D
:1028E000616CEAE7E16BE8E7B40000241000024005
:1028F00028000240400002405800024070000240A0
:1029000088000240A0000240B800024010040240CB
:10291000280402404004024058040240700402406F
:1029200088040240A0040240B80402402DE9F041AE
:10293000044603F03BF80546002C00F006812068B1
:10294000DD49884248D0DD4988421CBFDC498842C5
:1029500042D0DC4988421CBFDB4988423CD0DB497D
:1029600088421CBFDA49884236D0DA4988421CBF07
:10297000D949884230D0D94988421CBFD8498842B9
:102980002AD0D84988421CBFD749884224D0D74989
:1029900088421CBFD64988421ED0D64988421CBFF7
:1029A000D549884200F09280D44988421CBFD4495E
:1029B000884200F08B80D34988421CBFD2498842AC
:1029C00000F08480D14988421CBFD14988427DD023
:1029D000D049884240F0B480022184F835100021AB
:1029E00084F83410B44988421CBFB449884228D0C6
:1029F000B34988421CBFB349884222D0B2498842B9
:102A00001CBFB24988421CD0B14988421CBFB149A1
:102A1000884216D0B04988421CBFB049884210D0C5
:102A2000AF4988421CBFAF4988420AD0AE498842AC
:102A30001CBFAE49884204D0B64988421CBFAC498D
:102A40008842016821F00101016005E002F0AEFF5B
:102A5000401B052872D82068016811F0010FF5D1DC
:102A60000168AE4A04F1100C01EA0208D4E902251B
:102A70009CE84810D4E90771D4F824E042EA08023F
:102A8000BEF1040F42EA050242EA030242EA0602EC
:102A900042EA0C0242EA070241EA020102BFD4E91B
:102AA0000B23114319439E4A1268B2F1005F55D3BC
:102AB0006568A5F13F02132A4AD8012303FA02F2FE
:102AC000984B1A4244D041F4801147E0022184F827
:102AD0003510002184F834100268D4E90237D4E9B3
:102AE0000465D4E906CED4F82080802B6FF3101251
:102AF00008BF4FF48041402B42EAD70208BF1021A3
:102B0000114341EAD60141EAD50141EADC0141EA3B
:102B1000DE0141EA181101607F4908441421B0FB2D
:102B2000F1F08000E0652046FEF7A8F8E16D012293
:102B300001F01F0102FA01F141604CE0202000E0A9
:102B400040206065032084F835000120BDE8F08155
:102B5000A5F12902062A38BF41F480110160BEF1B7
:102B6000040F416921F0070141EA0E0128D1D4E99F
:102B70000A53294323B3BCF5005F08D0BCF1000F12
:102B800011D1022D12D0012D07D07DB118E0032DF7
:102B900016D8DFE805F00E0B0E02A3F1C072B2FAF0
:102BA00082F2520904E0032D03D309D1C3F300627A
:102BB00032B140206065012084F83500BDE8F08125
:102BC00041612046FEF75AF8E16D3F2201F01F01F6
:102BD00002FA01F181602068D349884244D0D34988
:102BE00088421CBFD24988423ED0D24988421CBF8D
:102BF000D149884238D0D14988421CBFD049884247
:102C000032D0D04988421CBFCF4988422CD0CF490E
:102C100088421CBFCE49884226D0CE4988421CBF7C
:102C2000CD49884220D0CE4988421CBFCB4988423A
:102C30001AD0CC4988421CBFCB49884214D0CB491A
:102C400088421CBFCA4988420ED0CA4988421CBF6C
:102C5000C949884208D0C94988421CBFC84988422E
:102C600002D0C84988421FD12046FEF777F8A068F5
:102C7000802806BF002060606068216EC2B2013803
:102C80000A600728D4E919124A6009D82046FEF7DD
:102C9000ABF8E06E00210160D4E91C01416003E063
:102CA0000020C4E91B00606700200121606584F8F2
:102CB0003510BDE8F08100BF10000240280002403E
:102CC000400002405800024070000240880002406C
:102CD000A0000240B8000240100402402804024054
:102CE000400402405804024070040240880402403C
:102CF000A004024094540258085402581C5402582C
:102D00003054025844540258585402586C540258D3
:102D100080540258B8040240F8ABFDA73F8010FE73
:102D20000010005C0F030F00B0B50546002D00F049
:102D3000E78095F83400012801D10220E1E001206C
:102D400085F8340095F83500012840F0D380022042
:102D500085F83500002068652868046824F00104BF
:102D600004602846FEF782F828686F4988421CBF35
:102D70006E49884227D06E4988421CBF6D498842FF
:102D800021D06D4988421CBF6C4988421BD06C49D8
:102D900088421CBF6B49884215D06B4988421CBFD2
:102DA0006A4988420FD06A4988421CBF69498842F3
:102DB00009D0694988421CBF6849884203D06849E4
:102DC000884240F0A08001680B2262F34401016058
:102DD000296C19B1016841F008010160524988422B
:102DE00044D0524988421CBF514988423ED0514983
:102DF00088421CBF5049884238D0504988421CBF85
:102E00004F49884232D04F4988421CBF4E498842C0
:102E10002CD04E4988421CBF4D49884226D04D498E
:102E200088421CBF4C49884220D04D4988421CBF73
:102E30004A4988421AD04B4988421CBF4A498842B5
:102E400014D04A4988421CBF494988420ED049499A
:102E500088421CBF4849884208D0484988421CBF64
:102E60004749884202D0474988423DD1296E0A68C5
:102E700012F4803F1EBF0A6842F480720A60E96E55
:102E800019B10A6842F480720A60274988421CBF5F
:102E90002649884228D0264988421CBF25498842B5
:102EA00022D0254988421CBF244988421CD024498D
:102EB00088421CBF2349884216D0234988421CBF40
:102EC0002249884210D0224988421CBF21498842A9
:102ED0000AD0214988421CBF2149884204D0214997
:102EE00088421CBF1D498842016841F00101016010
:102EF000002006E04FF400606865002085F834008B
:102F00000120C0B2B0BD0168164A90423FF45CAFE8
:102F1000052262F343010160296C00293FF45EAF92
:102F2000016841F0040158E7100002402800024007
:102F300040000240580002407000024088000240F9
:102F4000A0000240B80002401004024028040240E1
:102F5000400402405804024070040240A0040240B1
:102F600088040240B8040240085402581C54025815
:102F70003054025844540258585402586C54025861
:102F8000945402588054025870B505466E1C02F0E5
:102F90000DFD04461EB106480078054401E04FF0DF
:102FA000FF3502F003FD001BA842FAD370BD00BF3D
:102FB000A8000024000000002DE9F8432DED028B4D
:102FC000BE4EBF4D8146B9F5007F5ED0B9F1040F0A
:102FD00000F08380B9F1080F00F0AE80B9F1100F56
:102FE00000F0D880B9F1200F00F01E81B9F1400F38
:102FF00000F04581B9F1800F00F0F182B9F5807FD2
:1030000000F02F83B9F1020F42F002810520FFF793
:10301000BBFF05F540650221284602F0B7FC0028F9
:1030200042F0F6804FF4FA70FFF7AEFF2846022117
:1030300002F0ACFC002800F04083A24D4FF49674DF
:1030400003E0284609F070F9013C002CF9D19E48B4
:1030500009F06AF99D480178102902F2D980DFE869
:1030600011F011000206080618061E0624062A069C
:10307000300636063C063F06450648064B064E0619
:1030800051065406012100F029BE28464FF48071F4
:1030900002F07CFC012842F0BB8028464FF400710E
:1030A00002F074FC002842F0B38089A009F03CF9DA
:1030B0008B480178032900F0AB83022900F070836C
:1030C000012942F0A88087480178012900F0EF82A9
:1030D000002900F0ED8302F0C2B82846082102F072
:1030E00055FC012842F094802846042102F04EFC51
:1030F000002842F08D807CA009F016F97348027810
:103100007D49531E0F2B02F28380DFE813F010007D
:103110001F062F0644064A06500656065C0662063F
:103120008306AA06E106EF06FD0647051C070821EF
:103130000170724800F052BF2846042102F026FCBC
:10314000012842F065802846082102F01FFC002873
:1031500042F05E805EA009F0E7F85C4801784A1E04
:103160000F2A02F25580DFE812F01000FB060D076F
:10317000170721072B0735073F0749076E079907F0
:10318000CA07EE07D30519050308013101705B4832
:1031900000F0F1BD1420FFF7F7FE2846102102F0E1
:1031A000F5FB002842F034804FF4FA70FFF7ECFE94
:1031B0002846102102F0EAFB002800F0AF825048B8
:1031C0000178062902F22480DFE811F007001E04CE
:1031D000260443045C04770491040121494C0170E6
:1031E0004948A0474948A0474948A0474948A047FF
:1031F0004948A0474948A0474948A047494800785E
:10320000002814BF4848494809F08EF8484800781B
:10321000022801F0AB80012801F0AA80002841F0CB
:10322000AA80444801F0A5B82846402102F0AEFB30
:10323000012841F0ED872846202102F0A7FB002855
:1032400041F0E68728A009F06FF82D48017802398F
:10325000042901F2DD87DFE811F0050031034E0398
:1032600060036D03012101702D4809F05DF82D48C0
:103270000078002814BF2C482C4801F0C7BF28460E
:10328000202102F083FB012841F0C287284640211B
:1032900002F07CFB002841F0BB870DA009F044F848
:1032A000174801780139042901F2B287DFE811F0EB
:1032B0008A015303710383039B0300BF280000406E
:1032C0000004025829DF000816E80008ADAC052408
:1032D0007368756E7368697A68656E67FFFFFF00D3
:1032E000E5D3032444D503246E697368697A68655D
:1032F0006E67FFFFFF000000C0FEFFFFB0E30008A5
:10330000ACAC052429C3000848E7000889E7000899
:1033100096E70008B0E70008F1E70008CAE70008F0
:1033200053E300081300002461E1000872E0000884
:103330001A0000244CE000083DE30008A3E7000861
:10334000BDE70008D7E70008E4E700083BE700080E
:1033500055E7000862E700086FE700087CE700080F
:103360003AE500080BE80008FBE20008140000241E
:10337000B9E2000877E200084EE400080CE4000817
:1033800032E200086BE3000890E40008B8E50008AA
:10339000C5E50008DFE5000820E6000877E500083D
:1033A000F9E50008D2E50008ECE5000806E60008AB
:1033B00013E600086AE5000884E5000891E50008C6
:1033C0009EE50008ABE50008E4D30324AADF00086B
:1033D0003EDF00082A0000241001002499E60008BE
:1033E00048E6000893DF000822E5000872E10008C3
:1033F00083E000085EE000087434392E7478743D70
:10340000222D3E464654B9D822FFFFFF000000009F
:103410007434392E7478743D222D3E464654BFAA2A
:1034200022FFFFFF00000000ECD303247435302E90
:103430007478743D222D3EB2E2C6B5B9D822FFFFA2
:10344000FF0000007435302E7478743D222D3EB29A
:10345000E2C6B5BFAA22FFFFFF0000007435372E79
:103460007478743D22C7D0BBBBB2CECAFD22FFFF29
:10347000FF000000FBE400080BE200080EE5000876
:103480001EE2000852E50008E0D30324E2D303243F
:10349000ECD703241100002412000024100500249E
:1034A0001F0000242100002436E00008E0D503249A
:1034B00078D603242CD603241C000024C1DE000887
:1034C000E8DE00080FDF0008CADD0008E4DD0008C0
:1034D0000BDE000832DE000859DE000880DE00083E
:1034E000A7DE0008CEDE0008F5DE00081CDF0008BD
:1034F000D7DD0008F1DD000818DE00083FDE000817
:103500007CDD0008A3DD00089FDC0008C6DC0008A5
:10351000EDDC000807DD00082EDD000855DD0008A1
:103520001700002415000024E8DF0008C1DF0008B0
:103530002E00002420E70008CFE6000855DF000831
:10354000D3E3000826E30008E4E20008A2E2000852
:1035500079E4000837E400085FE2000898E3000817
:10356000BDE4000810E3000826000024CEE20008B5
:1035700083DF000869010024180000244AD90008EC
:10358000E5E1000868010024975900083FE10008C0
:103590003000002434000024190000248CE20008CC
:1035A00063E4000821E4000848E2000881E3000821
:1035B000A6E40008C1E300085BD90008FEDA0008B1
:1035C0007EE60008022101705FF8940208F0ACFE6C
:1035D0005FF8B0020078002840F00C8635E2142035
:1035E000FFF7D2FC2846802102F0D0F9002841F0F4
:1035F0000F864FF4FA70FFF7C7FC2846802102F0CF
:10360000C5F95FF824230028117800F0A78002296B
:1036100000F0E380012900F0F580002941F0FB85EE
:1036200001205FF8204310705FF8F002A0475FF8B8
:10363000F002A0475FF8F402A0475FF8F402A04749
:103640005FF8F802A0475FF8F802A0475FF8FC02B5
:10365000A0475FF8FC02A0475FF80003A04701F015
:10366000D7BD28464FF4007102F090F9012841F0CF
:10367000CF8528464FF4807102F088F9002841F088
:10368000C785AFF29C3008F04FFE5FF8AC030178BD
:10369000032900F0E380022900F08280012941F033
:1036A000BA855FF8C0030178002900F0018100218C
:1036B00001705FF8540301F0A9BD5FF858035FF88B
:1036C000BC43A0475FF8FC03002101705FF8D403FE
:1036D000A0475FF86C03A0475FF87003007818B14B
:1036E0005FF8740308F020FE5FF87803A0475FF8E6
:1036F0007803A0475FF87C03A0475FF87C03A047EE
:103700005FF88003A0475FF88003A04728460221A6
:1037100002F03CF90028F9D001F07ABD5FF894037B
:103720005FF82044A0475FF89803A0475FF89C0328
:10373000A0475FF89C03A0475FF8A003A0475FF88D
:10374000A003A0475FF8480400210170284610211B
:1037500002F01CF90028F9D001F05ABD012927D147
:1037600000205FF8604410705FF8C803A0475FF85E
:10377000C803A0475FF8CC03A0475FF8CC03A0477D
:103780005FF8D003A0475FF8D003A0475FF8D403E9
:10379000A0475FF8D403A0475FF8D803A04714E020
:1037A0005FF8DC03017800297CD0002101702BE058
:1037B0000120002110705FF8D40401705FF8F80355
:1037C00001705FF8640408F0AFFD2846802102F024
:1037D000DDF80028F9D001F01BBD5FF8F8140320D4
:1037E00010705FF81C0409780078002900F0F1815E
:1037F000002800F03482012841F00A855FF8340483
:1038000001F004BD022010705FF83C0401F0FEBC22
:103810005FF830155FF8500409780078002900F04F
:10382000E281002800F0B684012841F0F1845FF8BD
:103830005C4440F289202188814201F2E9845FF8EA
:103840006854288842185FF86C0408F06DFD2188E0
:10385000288842185FF8780400F0BABD5FF87C153C
:103860005FF89C0409780078002900F0DD810028C9
:1038700000F0A384012841F0CB845FF8A84421889C
:10388000002901F0C5845FF8B05428880A1A5FF84F
:10389000B40408F049FD288821880A1A5FF8C0049A
:1038A00000F0ADBD012101705FF8C80401F0AEBCAD
:1038B000012101705FF8D00401F0A8BC0221017061
:1038C0005FF8A0050078002814BF5FF8E0045FF8F7
:1038D000E00408F029FD5FF8A8050078022800F050
:1038E0000F85012800F00F85002841F091845FF8D2
:1038F000BC0501F08BBC032101705FF8CC0500789A
:10390000022800F00385012800F00285002840F01D
:1039100003855FF8200500F0FDBC042101705FF80D
:10392000B405007800280CBFAFF23450AFF220503D
:1039300000F027BD052101705FF81405007800280C
:103940000CBFAFF21850AFF2045008F0EDFCAFF22C
:10395000F44001F05BBC032101705FF8240608F01D
:10396000E3FC5FF840060078002814BF5FF84806C3
:103970005FF8480608F0D8FC5FF84C06007802288B
:1039800000F01385012879D0002800F0068501F0A9
:103990003FBC042101705FF868060078022800F03F
:1039A000C384012800F0C284002840F0C2845FF87C
:1039B0007C0600F0BCBC052101705FF85006007861
:1039C00000280CBF5FF854055FF8540508F0ACFC04
:1039D0005FF8AC05007800280CBFAFF2B050AFF232
:1039E0009C5001F013BC062101705FF8C4050078FB
:1039F00000280CBF5FF87C055FF87C0508F094FC9C
:103A00005FF8800501F002BC5FF884055FF884155B
:103A100006F042FE01F0FCBB5FF8F80601780029D1
:103A200000F0DC8300215FF8982541F2707301708B
:103A30005FF8A005012101705FF8A40501705FF82F
:103A4000A40505F50161FFF76FF95FF85C0601F069
:103A5000DDBB5FF8B405002101705FF8B8050170A7
:103A60005FF834070278022A00F09684012A00F0F9
:103A70009784002A41F0CC83012101705FF8D805BA
:103A800001F0C4BB5FF81C070178002900F0B68381
:103A900000215FF8042641F2707301705FF80C0694
:103AA000012101705FF8100601705FF8100605F53E
:103AB0000161FFF739F900F042BC5FF89406017824
:103AC000002900F0B08300210170AFF2A06008F07F
:103AD0002BFC5FF8280603F0B7FE5FF82C0603F016
:103AE0000DFF5FF8300603F009FF01F091BB5FF8AE
:103AF00038060178002900F0AD8300215FF8FC57FB
:103B000001705FF84806A8475FF84C06A8475FF8C1
:103B10004C06A8475FF85006A8475FF85006A8472C
:103B20005FF85406A8475FF85406A8475FF85806A0
:103B3000A8475FF85806A8475FF85C06A8475FF8F3
:103B40005C06A8475FF86006A8475FF86006A847CC
:103B50005FF86406A8475FF86406A8475FF8680640
:103B6000A8475FF86806A8475FF86C06A8475FF8A3
:103B70006C06A8475FF87006A8475FF87006A8476C
:103B80005FF87406A8475FF87406A8475FF87806E0
:103B9000A8475FF87806A84701F03ABB5FF88006AF
:103BA0000078012800F0CE83002841F031835FF8CF
:103BB0008C060178002900F0D085002101705FF8A3
:103BC000980608F0B1FB05F580604FF4806100F0C5
:103BD000C8BB002800F09183012841F019835FF8E9
:103BE000B40601F013BB002800F0E283012841F085
:103BF0000F835FF8C44621884808C22801F2088371
:103C00005FF82C58288842185FF8D80608F08CFB1B
:103C10002188288842185FF8E00608F085FB208894
:103C20000530208001F0F4BA002800F0D983012883
:103C300041F0EE825FF808472188002901F0E88210
:103C40005FF86C5828880A1A5FF8180708F06CFBB0
:103C5000288821880A1A5FF8200700F0D0BB5FF897
:103C6000240701F0D3BA083101705FF82C0701F086
:103C7000CDBA083101705FF8340708F055FB5FF8E2
:103C800014090078002801F0C3825FF8440701F0AE
:103C9000BDBA083101705FF84C0701F0B7BA0831BE
:103CA00001705FF8540701F0B1BA083101705FF894
:103CB0005C0701F0ABBA083101705FF8640701F0EE
:103CC000A5BA083101705FF86C0701F09FBA08319E
:103CD00001705FF8740701F099BAF831017089E159
:103CE000F83101705FF8840701F090BAF831017083
:103CF00044E1F83101704BE1F831017052E1F831E3
:103D0000017059E1F831017060E1F831017067E14B
:103D10005FF8AC57288805300104B1F5FE0F4FF06D
:103D20008001C8BF7F20288011FA80F05FF810184A
:103D300080B20978002900F02B84022107F0B4FC3E
:103D40002888B0EE408A022100F029BC02F1FF0170
:103D500001705FF8EC0908F0E7FA5FF8F009007805
:103D6000002800F047815FF8F80941E102F1FF0106
:103D700001705FF8000A08F0D7FA5FF8180808F039
:103D8000D3FA5FF8180A0078002801F041825FF842
:103D9000240801F03BBA02F1FF0101705FF8280A24
:103DA000EAE002F1FF0101705FF8300AEEE002F193
:103DB000FF0101705FF8380AF2E002F1FF010170C3
:103DC0005FF8400AF6E002F1FF0101705FF8480A6F
:103DD000FAE05FF8B4080178012900F05D84002959
:103DE00041F01682012101705FF87C0808F09CFA0E
:103DF0005FF8800800780138082800F28B86DFE839
:103E000010F01E0173067606790609067C067F0609
:103E1000820685065FF8A008017803390D2901F2B2
:103E2000F781DFE811F00E004105600575058A0590
:103E3000FA050E069F052206B5053706CB05E105F6
:103E40004C06042101705FF8CC0808F06DFA5FF8A9
:103E5000E40A0078002801F0DB815FF8DC0801F05B
:103E6000D5B95FF844793878002840F06F875FF85B
:103E7000EC8898F80000082801F2CA81DFE810F009
:103E8000090074069206B006CE06EC060A0728075B
:103E900046075FF80C4905F54066202101223046AF
:103EA000A047304610210122A047304608210022B9
:103EB000A04705F580604FF480710022A04798F874
:103EC0000000013088F800005FF8400900F03BBFB7
:103ED0005FF84449228810B28842C2BF4FF6FB7097
:103EE0001044208000B200F5A57114E15FF8D009FC
:103EF0000078002800F06B835FF868494FF6FF7187
:103F0000208801447F3029E15FF8A4594FF6FB7205
:103F100028881044020412F5000FB8BF01F1C00058
:103F20008021288011FA80F05FF80C1A80B209789D
:103F3000002900F05483022107F0B6FB2888B0EE78
:103F4000408A022152E35FF8B00901780139032960
:103F500001F25E81DFE811F06202670219015D0281
:103F6000013101705FF8000C08F0DEF95FF8040C15
:103F7000007818B15FF8080C08F0D6F95FF8E4098A
:103F800001F044B9013101705FF8180C08F0CCF968
:103F90005FF8F40901F03AB9013101705FF8280CBB
:103FA00008F0C2F95FF8040A01F030B9013101707C
:103FB0005FF8380C08F0B8F95FF8140A01F026B978
:103FC000013101705FF8480C08F0AEF95FF8240A7F
:103FD00001F01CB9013101705FF8580C08F0A4F928
:103FE0005FF8340A01F012B9012101705FF8680C22
:103FF00008F09AF95FF8440A01F008B95FF8E00A9E
:104000000178012900F06083002941F0018101213C
:1040100001705FF8A40A08F087F95FF8A80A007831
:104020000138082800F27685DFE810F009005E0507
:1040300061056405F40467056A056D0570055FF8A0
:10404000B40A00F065BD5FF8D00A017806390C2982
:1040500001F2DE80DFE811F00D00B103C603CD03ED
:10406000D403DB03E203EA03F20308041004180498
:104070002004012131600321716001780139017050
:104080005FF8CC0A08F050F95FF8200D007800289E
:1040900001F0BE805FF8DC0A01F0B8B85FF8800B71
:1040A0000078012800F02B83002841F0B1805FF8F0
:1040B0002C6B30780138082801F2AA80DFE810F074
:1040C00009002C074207580769077B079107A707D4
:1040D000BD075FF84C4B05F580604FF480710022FE
:1040E000A04705F54065202101222846A047284623
:1040F00010210022A04728460821002225E35FF86E
:10410000704B218808B2B0F5A07FBCBF481D20804D
:1041100000B200F5A07100F245125FF85C0B08F0E8
:1041200003F9B4F9000007F097FA9FEDC11A20884F
:10413000B4EEC10A00B2F1EE10FA40F3C28007F00B
:1041400067FABC4831E35FF8280C0078002800F0DB
:1041500080825FF8C04B2088411C8130218080B272
:10416000022107F0A1FA2088B0EE408A02217EE207
:104170005FF8DC0B01780139032901F24980DFE89F
:1041800011F0040048014D01520102210170AA48BA
:1041900001F03CB8A94C40F289202188814201F20B
:1041A00037805FF8CC5D28884218A54808F0BCF835
:1041B000218828884218A3480AE1A04C21880029B8
:1041C00001F026805FF8F05D28880A1A9C4808F004
:1041D000ABF8288821880A1A9A4810E10121017059
:1041E0005FF8500D002101705FF8540D0170964882
:1041F00008F09AF85FF80C0E01F008B80121934C12
:1042000001705FF8700D002101705FF8740D01708E
:104210008F4801708F48A047AFF60C60A0478A48CE
:10422000A04700F0F5BF01210170874808F07CF835
:10423000AFF6F05008F078F85FF8900D03F04AFB05
:104240005FF8940D03F000FB5FF8980D03F0FCFAA3
:1042500000F0DEBF01217D4D01707F48A8477F48F7
:10426000A8477F48A8477F48A8477F48A8477F4876
:10427000A8477F48A8477F48A8477F48A8477F4866
:10428000A8477F48A8477F48A8477F48A8477F4856
:10429000A8477F48A8477F48A8477F48A8477F4846
:1042A000A8477F48A8477F48A8477F48A8477F4836
:1042B000A8477F48A8477F48A8477F48A84700F0FD
:1042C000A7BF07F0C9F9B4F90000B0EE408A07F0C3
:1042D000C3F9B5EEC08AF1EE10FA80F298809FED36
:1042E000771A2088B4EEC10A00B2F1EE10FA80F21B
:1042F0004E8207F08DF9724857E2724800F086BF8F
:10430000714800F083BF714800F080BF704801E041
:104310005FF86C0E08F008F86E48007800280CBFB3
:104320006D486E4800F072BF674800E0674807F0CC
:10433000FBFF6848007810B169A000F067BF6EA06D
:1043400000F064BF72480178002900F0118200215A
:1043500001705FF82C0E07F0E7FF05F580604FF461
:104360000061012201F017FB00F052BF564800E047
:10437000564807F0D9FF5748007800280CBF564828
:10438000564807F0D1FF6348007810B1624800F04A
:104390003DBF624800F03ABF0170614800F036BF8F
:1043A000022101705F4801210170494800F02EBFD1
:1043B0005D4C21884808C22800F22A875B4D288876
:1043C00042185B4807F0B0FF2188288842185948F6
:1043D00007F0AAFF288821880844208000F018BF31
:1043E000514C2188002900F01387504D28880A1A63
:1043F0004F4807F099FF288821880A1A4D4807F08E
:1044000093FF28882188081A208000F001BF4A48BD
:10441000CBE103210170494800F0F8BE042101708E
:10442000474800F0F3BE01210170464800F0EEBE9F
:1044300000007A4498E10008D5E400082800002430
:1044400063E600082DE60008FEE7000829C300081F
:104450001300002461E1000862DD000889DD000826
:10446000B0DD00086BDC000885DC0008ACDC00086F
:10447000D3DC0008FADC000821DD000848DD000874
:104480006FDD000896DD0008BDDD000878DC00085F
:1044900092DC0008B9DC0008E0DC0008DBDE000884
:1044A00002DF0008FEDD000825DE00084CDE000803
:1044B00066DE00088DDE0008B4DE000800007AC465
:1044C00085E100086CDF0008F8DF000822E0000842
:1044D0000CE0000814000024FBE400080BE20008D4
:1044E0007434392E7478743D222D3E464654BFAA4A
:1044F00022FFFFFF000000007434392E7478743DF1
:10450000222D3E464654B9D822FFFFFF000000008E
:1045100016000024ECD303241EE200080EE5000878
:104520005EE000081D0000242C000024100100247F
:1045300005E70008B4E60008BFE10008F9E3000859
:10454000E8E40008E6E30008EFD7000890D7000889
:104550000000000000E067403200002400BF00BF00
:1045600000000000002068400000000000006840DB
:10457000EAE60008E5E00008D3E000082EDF0008C6
:10458000680100243FE100086901002497590008F0
:10459000012107F089F82888B0EE408A0121803097
:1045A00080B207F081F8B5EEC08AB7EEC00AF1EE2E
:1045B00010FA53EC102BACBF5FF874005FF8740076
:1045C00007F0B2FEB5F900001FED1F0B25E05FF804
:1045D00078404FF6FF71208801447F303EE0012192
:1045E00007F062F82888B0EE408A0121803080B25E
:1045F00007F05AF8B5EEC08AB7EEC00AF1EE10FA2D
:1046000053EC102BACBF5FF8C0005FF8C00007F0A0
:104610008BFEB5F900001FED2E0B1FED2D1B03EED9
:10462000100AB7EE082B5FF8B800B8EEC33B23EED4
:10463000022B30EE420B31EE421BBDEEC00BBDEE45
:10464000C11B10EE101A11EE102A07F06DFE00F0DB
:10465000DFBD5FF8FC402088411C8130218080B2A2
:10466000012107F021F82088B0EE408A0121803036
:1046700080B207F019F8B5EEC08AB7EEC00AF1EEC5
:1046800010FA53EC102BACBF5FF818015FF818015B
:1046900007F04AFE00F0BCBD002101705FF8240164
:1046A00007F042FE5FF8280100780138082800F280
:1046B0004D82DFE810F021003202350238023B0261
:1046C0003E02410244024702002101705FF854019A
:1046D00007F02AFE5FF8580100780138082800F238
:1046E0003582DFE810F009001A021D0220022302C1
:1046F000260229022C022F025FF8780124E25FF8DB
:10470000786130780138082800F28285DFE810F0FF
:104710000900A704C204DD04F80413052E054905A9
:1047200064055FF8984105F580654FF4007100223B
:104730002846A047284680210122A047284640213C
:104740000022A047284608210122A04730780138DE
:104750003070DFF8D80D00F059BD01210170DFF88D
:10476000D00D07F0E1FD05F580604FF4806109E0B0
:1047700001210170DFF8B80D07F0D6FD05F5806066
:104780004FF40061002201F006F900F041BD06F08F
:1047900063FFB5EEC00AF1EE10FA80F23985B4F984
:1047A000000006F059FFDFF88C0DB7EEC00A53EC9D
:1047B000102B07F0B9FD00F02BBD0121316009215C
:1047C0007160017801390170DFF86C0D07F0ACFD04
:1047D000DFF8E00D0078002800F01A85DFF85C0DA6
:1047E00000F014BD0121316013217160017801399D
:1047F00094E0012131602721716001780139A2E044
:104800000121316063217160017801390BE10121DF
:104810003160C72171600178013918E101213160EF
:1048200040F28F11716001780139A2E001213160FD
:1048300040F2E7317160017801391DE140F2F31176
:10484000316007217160017801390170DFF8F00CE7
:1048500007F06AFDDFF85C0D0078002800F0D884CE
:10486000DFF8E00C00F0D2BC40F2F31131600F2110
:1048700071600178013914E140F2F31131602721B0
:10488000716001780139A0E040F2F31131604F21ED
:10489000716001780139AEE040F2F31131609F217F
:1048A00071600178013911E10121316003217160EA
:1048B000017801310170DFF8900C07F035FDDFF869
:1048C000F40C007818B1DFF8840C07F02DFDDFF848
:1048D000680DDFF8682D05F5016141F27073FEF790
:1048E00023FA00F095BC0121316009217160017843
:1048F00001310170DFF8400C07F016FDDFF8B40C51
:104900000078002800F08484DFF8440C00F07EBCBE
:104910000121316013217160017801310170DFF8EC
:10492000340C07F001FDDFF88C0C0078002800F053
:104930006F84DFF8240C00F069BC0121316027216D
:104940007160017801310170DFF8100C07F0ECFCA8
:10495000DFF8600C0078002800F05A84DFF8000CC3
:1049600000F054BC0121316040F28F117160017878
:1049700001310170DFF8EC0D07F0D6FCDFF8340CE4
:104980000078002800F04484DFF8DC0D00F03EBC25
:1049900040F2F3113160072171600178013101703B
:1049A000DFF8B00D07F0C0FCDFF8080C0078002835
:1049B00000F02E84DFF8A00D00F028BC40F2F311C7
:1049C000316027217160017801310170DFF8740DC9
:1049D00007F0AAFCDFF8DC0B0078002800F0188450
:1049E000DFF8640D00F012BC40F2F31131604F218A
:1049F0007160017801310170DFF8400D07F094FC1F
:104A0000DFF8B00B0078002800F00284DFF8300DEA
:104A100000F0FCBBDFF8040D7AE001213160632176
:104A20007160017801310170DFF8480D07F07CFCFE
:104A3000DFF8800B0078002800F0EA83DFF8380DFB
:104A4000E4E301213160C721716001780131017017
:104A5000DFF8180D07F068FCDFF8580B0078002825
:104A600000F0D683DFF8080DD0E30121316040F279
:104A7000E7317160017801310170DFF8E00C07F077
:104A800053FCDFF8300B0078002800F0C183DFF81A
:104A9000D00CBBE340F2F31131600F21716001785B
:104AA00001310170DFF8A40C07F03EFCDFF8040BC5
:104AB0000078002800F0AC83DFF8940CA6E340F205
:104AC000F31131609F217160017801310170DFF8CD
:104AD000640C07F029FCDFF8DC0A0078002800F0FD
:104AE0009783DFF8540C91E3DFF83C0C10E0DFF81B
:104AF000340C0DE0DFF8280C0AE0DFF81C0C07E0AE
:104B0000DFF8100C04E0DFF8080C01E0DFF8FC0B24
:104B100007F00AFCDFF8D80B1AE0DFF80C0C13E002
:104B2000DFF8000C10E0DFF8F80B0DE0DFF8EC0B1D
:104B30000AE0DFF8E40B07E0DFF8D80B04E0DFF869
:104B4000D00B01E0DFF8C40B07F0EEFBDFF8AC0B95
:104B50000078012805D0002840F05A83DFF8940B34
:104B600054E3DFF8940B51E3DFF89C4B05F5406606
:104B7000202100223046A047304610210022A047C5
:104B8000304608210122A04705F580604FF480716E
:104B90000022A04798F80000013088F80000DFF8F4
:104BA000880BD0E0DFF8604B05F580604FF4807132
:104BB0000022A04705F54066202100223046A0478C
:104BC000304610210122A047304608210122A0478B
:104BD00098F80000013088F80000DFF8480BB2E0D8
:104BE000DFF8244B05F580604FF480710022A04768
:104BF00005F54066202100223046A04730461021AE
:104C00000022A047304608210022A04798F8000063
:104C1000013088F80000DFF8080B94E0DFF8E84A7C
:104C200005F580604FF480710122A04705F54066CC
:104C3000202101223046A047304610210022A04703
:104C4000304608210022A04798F80000013088F87B
:104C50000000DFF8C80A76E0DFF8AC4A05F58060AE
:104C60004FF480710122A04705F540662021012202
:104C70003046A047304610210122A0473046082187
:104C80000022A04798F80000013088F80000DFF803
:104C9000880A58E0DFF8704A05F580604FF48071AB
:104CA0000122A04705F54066202100223046A0479A
:104CB000304610210122A047304608210022A0479B
:104CC00098F80000013088F80000DFF8480A3AE060
:104CD000DFF8344A05F580604FF480710122A04767
:104CE00005F54066202100223046A04730461021BD
:104CF0000122A047304608210122A04798F8000071
:104D0000013088F80000DFF8080A1CE0DFF8F849F5
:104D100005F580604FF480710122A04705F54066DB
:104D2000202100223046A047304610210022A04713
:104D3000304608210022A04798F80000013088F88A
:104D40000000DFF8C80907F0EFFA3878012840F0D2
:104D50005F82DFF8DC693078082800F25982DFE8EA
:104D600000F0051D354D657D95A8C000DFF8984918
:104D700005F580654FF4007100222846A0472846BB
:104D800080210122A047284640210122A047284631
:104D900008210122A0473078013077E1DFF8684927
:104DA00005F58065802100222846A047284640213D
:104DB0000022A047284608210022A04728464FF499
:104DC00000710022A047307801307AE1DFF83849DD
:104DD00005F580654FF4007100222846A04728465B
:104DE00080210122A047284640210022A0472846D2
:104DF00008210022A047307801307DE1DFF8084922
:104E000005F58065802100222846A04728464021DC
:104E10000122A047284608210022A04728464FF437
:104E200000710022A0473078013080E1DFF8D848D7
:104E300005F580654FF4007101222846A0472846F9
:104E400080210122A047284640210022A047284671
:104E500008210122A0473078013083E1DFF8A8481B
:104E600005F580654FF4007101222846A0472846C9
:104E700080210122A047284640210122A047284640
:104E800008210122A0473078013086E1DFF8784818
:104E900005F58065802100222846A047284640214C
:104EA0000122A047284608210122A047307801307E
:104EB0008EE1DFF8544805F580654FF4007101225A
:104EC0002846A047284680210022A04728464021A6
:104ED0000022A047284608210122A047307801304F
:104EE00091E1DFF8244805F580654FF40071012257
:104EF0002846A047284680210022A0472846402176
:104F00000122A047284608210022A047307801301E
:104F10003070DFF8F80779E1DFF8EC4705F58060DD
:104F20004FF480710022A04705F540652021012241
:104F30002846A047284610210122A04728460821DC
:104F40000022A0E0DFF8C04705F580604FF48071D3
:104F50000022A04705F54065202100222846A047F1
:104F6000284610210022A047284608210122A5E05A
:104F7000DFF8944705F580604FF480710022A04768
:104F800005F54065202100222846A047284610212B
:104F9000AAE0DFF8744705F580604FF480710022C5
:104FA000A04705F54065202100222846A047284655
:104FB00010210022B4E0DFF8504705F580604FF47F
:104FC00080710122A04705F5406520210122284675
:104FD000A047284610210022A04728460821002289
:104FE000BDE0DFF8244705F580604FF480710122B1
:104FF000A04705F54065202101222846A047284604
:1050000010210122A047284608210022C2E0DFF833
:10501000F84605F580604FF480710122A04705F540
:105020004065202100222846A04728461021012261
:10503000A047284608210022C7E0DFF8CC4605F546
:1050400080604FF480710122A04705F54065202162
:1050500000222846A047284610210122CCE0DFF894
:10506000A84605F580654FF4007100222846A04748
:10507000284680210122A047284640210122A0473E
:10508000284608210122A047307801383070DFF827
:105090009C06BBE0DFF8704605F5806580210022A4
:1050A0002846A047284640210022A047284608213C
:1050B0000022A04728464FF400710022A047307814
:1050C00001383070DFF86006A0E0DFF83C4605F5F7
:1050D00080654FF4007100222846A04728468021B1
:1050E0000022A047284640210022A0472846082148
:1050F0000122A047307801383070DFF8280685E0BB
:10510000DFF8044605F580654FF40071002228465B
:10511000A047284680210022A0472846402101229E
:10512000A047284608210022A04730780138307077
:10513000DFF8EC056AE0DFF8D04505F580654FF44F
:10514000007101222846A047284680210122A0475D
:10515000284640210022A047284608210122A047D6
:10516000307801383070DFF8B4054FE0DFF898454B
:1051700005F580654FF4007101222846A0472846B6
:1051800080210122A047284640210122A04728462D
:1051900008210122A047307801383070DFF8780507
:1051A00034E0DFF8644505F580654FF400710122B5
:1051B0002846A047284680210022A04728464021B3
:1051C0000122A047284608210122A0473078013853
:1051D0003070DFF8400519E0DFF82C4505F58065F3
:1051E0004FF4007101222846A04728468021002262
:1051F000A047284640210022A04728460821012236
:10520000A047307801383070DFF8040507F08CF8DB
:10521000DFF864040178032970D8DFE801F0022088
:1052200047CDDFF8A404DFF80C44A047DFF89C0466
:10523000A047DFF89C04A047DFF89804A047DFF8F8
:105240009804A047DFF89404A047DFF89404A0472F
:10525000DFF89004A047DFF89004A0474EE0DFF8A5
:105260004404DFF8D043A047DFF83C04A047DFF850
:105270003C04A047DFF83804A047DFF83804A04713
:10528000DFF83404A047DFF83404A047DFF8300427
:10529000A047DFF83004A047DFF8E40300780028D7
:1052A00014BFDFF8EC03DFF8E40325E0DFF8F403D4
:1052B000DFF88043A047DFF8F003A047DFF8EC03F6
:1052C000A047DFF8EC03A047DFF8E803A047DFF8CA
:1052D000E803A047DFF8E403A047DFF8E403A047B2
:1052E000DFF8E003A047DFF894030078002814BF3C
:1052F000DFF89403DFF88C0307F016F8DFF84C03AF
:10530000DFF83053A847DFF84803A847DFF8440325
:10531000A847DFF84403A847DFF82C03A847DFF8C5
:105320003C03A847DFF80803A847DFF8DC723878A9
:10533000002814BFDFF8EC02DFF8EC0206F0F4FFFF
:10534000AB4C2078022805D0012806D040B9DFF800
:10535000CC0203E0DFF8BC0200E0AF4806F0E4FF57
:10536000DFF8508298F8000000280CBFA548A44838
:1053700006F0DAFF7C4E3078002814BF9A489B482C
:1053800006F0D2FF85A006F0CFFF76480078062809
:105390005ED8DFE800F0042F31373F464C00B048BC
:1053A000A847B048A847B048A847B048A847B04861
:1053B000A847B048A8474BE0BA489E4CA047BA4817
:1053C000A047BA48A047BA48A047BA48A047BA4839
:1053D000A047BA48A047BA48A047BA48A047A8493A
:1053E000A6480978007821B358B301287FF486AF26
:1053F000A84881E78A4829E03878002814BF834804
:10540000834823E0207802281DD001281DD0F8B958
:105410007A481BE098F8000000280CBF6CA066A03A
:1054200014E0307800280CBF56A050A00EE07F4852
:105430000CE0002800F0788001287FF45FAF9748E7
:105440005AE7954858E76B4800E06B4806F06CFF58
:10545000CD4806F069FFC94806F066FF98F80000DD
:1054600010B1C74806F060FFD348A847D048A84706
:10547000CD48A847CA48A847C748A847C448A8472E
:105480009A48007801380F2836D8DFE800F0080C79
:105490001416181A1C1E20222A2C2E300A32B94843
:1054A00028E0C94826E0C54806F03EFF98F800000D
:1054B00010B3C3481EE0BF481CE0BC481AE0B9481E
:1054C00018E0B64816E0B34814E0B04812E0C5480A
:1054D00010E0C24806F028FF98F8000060B1C0480C
:1054E00008E0BD4806E0BB4804E0B94802E0B74820
:1054F00000E0B44806F018FF824851490088098846
:10550000084400B206F084FE7D484E4900880988B0
:10551000084400B206F0A0FEB748C0F80090BDEC09
:10552000028B01B0BDE8F0835D48E5E62EE100089E
:10553000D8DF0008ACE100086CD900087BDA00086D
:105540004FD800088DDA00085BD90008D3E10008C5
:10555000F8E1000814D90008D8DA000826D90008B4
:10556000C4DA0008ACAC0524ECD303247435302E27
:105570007478743D222D3EB2E2C6B5BFAA22FFFF69
:10558000FF0000007435302E7478743D222D3EB239
:10559000E2C6B5B9D822FFFFFF0000007435372EF0
:1055A0007478743D22C7D0BBBBB2CECAFD22FFFFC8
:1055B000FF000000140000247434392E7478743D08
:1055C000222D3E464654BFAA22FFFFFF00000000E6
:1055D0007434392E7478743D222D3E464654B9D821
:1055E00022FFFFFF000000001EE200080EE5000899
:1055F0001A0000240CE0000836E000085EE0000815
:105600000BE20008FBE400081300002472E100082C
:1056100083E00008F8DF000822E000084CE0000802
:1056200053E3000861E1000872E0000852E5000859
:105630003DE3000829C3000810050024ECD703242B
:10564000E0D30324E2D3032448E7000889E70008F5
:1056500096E70008B0E70008F1E70008CAE700088D
:10566000B8E50008C5E50008DFE5000820E6000809
:1056700077E50008F9E50008E5D30324E4D3032423
:1056800044D503243EDF000893DF00083AE5000814
:1056900022E50008AADF000855DF0008C1DF000886
:1056A0006CDF0008A3E70008BDE70008D7E70008A3
:1056B000E4E700083BE7000855E7000862E7000858
:1056C0006FE700087CE70008D2E50008ECE5000879
:1056D00006E6000813E600086AE5000884E500080D
:1056E00091E500089EE50008ABE50008ADAC052497
:1056F00016000024E8DF0008D8DF000815000024A9
:1057000034000024320000249759000896E0000875
:10571000C4E00008B5E00008A6E000081CE10008AD
:105720000AE10008F8E0000850E100083FE1000845
:10573000690100243DD8000832DA00082BD800089F
:1057400045DA000871D800080FDA000860D80008B0
:1057500056DA00084FD8000820DA0008A2D800085E
:10576000FDD9000892D80008EADA000882D80008BB
:10577000B1DA000838D90008A0DA0008FBE2000816
:10578000B9E20008C1E30008B0E30008A6E400089D
:1057900090E4000881E300086BE3000848E2000899
:1057A00032E2000821E400080CE4000863E4000889
:1057B0004EE400088CE2000877E2000810E30008DD
:1057C000CEE20008BDE4000898E300085FE20008AC
:1057D00037E4000879E40008A2E2000826E30008A4
:1057E000E4E20008D3E3000803490A6802421CBF50
:1057F0000860FDF7E1BB7047880000582DE9FC4FB9
:105800005D4A0A274FF0000B4FF0010E4FF0030ADC
:105810004FF00F094FF0000C904208BF0927574A7C
:1058200002444FEAB223092B38BF4FEAB227009750
:1058300000270A6832FA07F308BFBDE8FC8F0EFAAA
:1058400007F312EA030400F090804D6805F00302AC
:10585000A2F10108B8F1010F18D8D0F80890CE686D
:105860000AFA0CF829EA080806FA0CF64FF00F09B4
:1058700046EA08068660C5F3001606FA07F8466889
:1058800026EA030343EA0803436001E0032A1DD02C
:10589000C6680AFA0CF3022A26EA03038E6806FA9F
:1058A0000CF643EA0603C36010D1354D0BF01C0221
:1058B00009FA02F305EA570505442E6A26EA0303AE
:1058C0000E6906FA02F21A432A624D68066805F06C
:1058D00003020AFA0CF315F4403F02FA0CF226EA2E
:1058E000030342EA030202603FD06B4A0BF00C064E
:1058F00009FA06F5136843F002031360126802F018
:1059000002020192019A1F4B27F0030252F8038012
:1059100028EA0508009D05FA06F648EA0605D5506E
:105920004FF0B0452A684B68A24313F4801F18BF9C
:10593000224313F4001F2A60134A156825EA040560
:1059400018BF254313F4003F1560D2F8805025EAB4
:10595000040518BF254313F4803FC2F88050D56F6B
:1059600025EA040518BF2543D5670BF1040B0CF19C
:10597000020C01375DE700BF002402580000FEA7BB
:10598000FCFFFF7F0804005804000058006908402D
:1059900018BF01207047002A08BF090481617047C1
:1059A00001480068000C70470010005C29488068BE
:1059B000704700BF274801788268114481607047B2
:1059C00080B5032000F0A4F801F0FCF90F49734BF7
:1059D0000A68C2F3032209689A5C01F00F01595C5E
:1059E00002F01F02D0400A4A01F01F0120FA01F123
:1059F000116019490860002000F00CF808B101207E
:105A000080BD00F02BF8002080BD00BF1844025874
:105A1000B800002470B50F4E04463078B0B14FF492
:105A20007A71B1FBF0F00C490968B1FBF0F001F0BC
:105A300011FD01250F2C0AD848B94FF0FF3021463F
:105A40000022002500F038F8746000E001252846A7
:105A500070BD00BFA8000024B40000241CB50E4C8B
:105A6000206840F002002060206800F002000190F1
:105A70000198042000F04CF8206840F400402060B9
:105A8000206800F400400090009801F0D3FC022050
:105A9000BDE81C4001F0D4BCF4440258002808DBE7
:105AA00000F01F010122400902FA01F1014A42F807
:105AB0002010704700E100E0B0B5144C1A4D00F022
:105AC0000F03B0F1FF3FA3F104032B4403F10C03D8
:105AD000C8BF03192868C0F30220051DC41E80F04A
:105AE0000700072D4FF0010538BF0024042828BF08
:105AF000042005FA00F00138084005FA04F10F31DE
:105B0000A0401140084300011870B0BD00E400E05F
:105B100005494FF6FF030A681A4060F30A2203485A
:105B200010430860704700BF0CED00E00000FA056C
:105B3000B0B5114D2A68296812F0040F05D101F0A3
:105B40000701081A18BF0120B0BD21F00701084362
:105B50002860FFF72BFF044655F8080C10F4005F8F
:105B60001CBF0020B0BDFFF721FF001BB0F57A7FFE
:105B700084BF0120B0BDEFE70C48025880B501F0AA
:105B8000E1F80549054A0968C1F30211515C01F0C9
:105B90001F01C84080BD00BF2044025868D70008DC
:105BA00010B5504CD4F828C0A26AE36A616B03F0C8
:105BB0000103C2F305125B42002A03EAD1016FF32D
:105BC0005F3100EE101AB8EE400A20D00CF003034B
:105BD000022B20D0012B22D02BBB02EE102A9FEDEE
:105BE000431AB8EE422A216820EE010A11F0200F74
:105BF00061D1216B9FED401A6FF35F2181EE022A84
:105C000003EE101AB8EE433A30EE031A1EE00021FC
:105C1000C0E900114DE0216B9FED332A06E0216BB6
:105C20009FED332A02E0216B9FED332A01EE102A0B
:105C30006FF35F219FED2D3AB8EE414A01EE101A45
:105C4000B8EE411A82EE042A00EE031A216BB7EE79
:105C5000000A31EE001A22EE011AC1F3462103EECA
:105C6000101AB8EE433A33EE002A81EE022ABCEE57
:105C7000C22A80ED002A216BC1F3064102EE101A00
:105C8000B8EE422A32EE002A81EE022ABCEEC22A87
:105C900080ED012A216BC1F3066102EE101AB8EE05
:105CA000422A32EE000A81EE000ABCEEC00A10EE73
:105CB000101A816010BD2168C1F3C1010D4A22FA9A
:105CC00001F1226B03EE101A6FF35F2201EE102A2E
:105CD000B8EE411AB8EE433A30EE011A83EE022ACA
:105CE000B4E700BF0044025820BCBE4B000000399E
:105CF0000024744A0090D0030024744C10B54E4C1C
:105D0000D4F828C0A26AE36AE16BC3F30013C2F3BC
:105D100005325B42002A03EAD1016FF35F3100EEE6
:105D2000101AB8EE400A20D00CF00303022B24D046
:105D3000012B1ED0EBB902EE102A9FED411AB8EEEE
:105D4000422A216820EE010A11F0200F5DD1A16BDB
:105D50009FED3E1A6FF35F2181EE022A03EE101AC7
:105D6000B8EE433A30EE031A1AE00021C0E9001100
:105D700049E0A16B9FED332A02E0A16B9FED2F2A32
:105D800001EE102A6FF35F219FED2D3AB8EE414AE4
:105D900001EE101AB8EE411A82EE042A00EE031A40
:105DA000A16BB7EE000A31EE001A22EE011AC1F320
:105DB000462103EE101AB8EE433A33EE002A81EE84
:105DC000022ABCEEC22A80ED002AA16BC1F3064173
:105DD00002EE101AB8EE422A32EE002A81EE022AB2
:105DE000BCEEC22A80ED012AA16BC1F3066102EE6E
:105DF000101AB8EE422A32EE000A81EE000ABCEE1A
:105E0000C00A10EE101A816010BD2168C1F3C101F3
:105E10000D4A22FA01F1A26B03EE101A6FF35F2212
:105E200001EE102AB8EE411AB8EE433A30EE011AEC
:105E300083EE022AB4E700BF0044025820BCBE4BE8
:105E4000000000390024744A0090D0030024744CF0
:105E500010B54E4CD4F828C0A26AE36A616CC3F353
:105E60000023C2F305525B42002A03EAD1016FF31B
:105E70005F3100EE101AB8EE400A20D00CF0030398
:105E8000022B24D0012B1ED0EBB902EE102A9FED7D
:105E9000411AB8EE422A216820EE010A11F0200FC3
:105EA0005DD1216C9FED3E1A6FF35F2181EE022AD6
:105EB00003EE101AB8EE433A30EE031A1AE000214E
:105EC000C0E9001149E0216C9FED332A02E0216C0A
:105ED0009FED2F2A01EE102A6FF35F219FED2D3ADF
:105EE000B8EE414A01EE101AB8EE411A82EE042AC9
:105EF00000EE031A216CB7EE000A31EE001A22EE12
:105F0000011AC1F3462103EE101AB8EE433A33EEFC
:105F1000002A81EE022ABCEEC22A80ED002A216C02
:105F2000C1F3064102EE101AB8EE422A32EE002A00
:105F300081EE022ABCEEC22A80ED012A216CC1F357
:105F4000066102EE101AB8EE422A32EE000A81EE25
:105F5000000ABCEEC00A10EE101A816010BD216864
:105F6000C1F3C1010D4A22FA01F1226C03EE101AAD
:105F70006FF35F2201EE102AB8EE411AB8EE433AF1
:105F800030EE011A83EE022AB4E700BF0044025843
:105F900020BCBE4B000000390024744A0090D0039E
:105FA0000024744CF0B589B002468C4D82F4002078
:105FB00008438B488B4F8C4E8C4B00F0728082F4E0
:105FC00000740C4330D082F480640C4300F0758080
:105FD00082F400640C4334D082F480540C4300F00B
:105FE000778082F400540C4300F0A98082F480444E
:105FF0000C4331D082F400440C433BD082F4803413
:106000000C4345D082F48072114340F0DF80196D5B
:1060100001F00701042900F2D980DFE811F06400E3
:106020006D009D00D8007600196DC1F3821104291E
:1060300000F2CC80DFE811F0570060009000CB0048
:106040006900996DC1F30261042900F2BF80DFE8A5
:1060500001F04A5383BE5C00986DC0F302700528BE
:1060600000F2B480DFE800F00381969FA98AFFF771
:1060700085FDACE0186D00F04050B0F1005F00F01D
:106080007480B0F1805F2ED0002800F077809DE012
:10609000D96C186811F4803F40F07580800126D4D7
:1060A00094E0986D00F44030B0F5003F2DD0B0F58D
:1060B000803F00F08780F8B188E0996DC1F34251CC
:1060C000042900F28380DFE801F00E1747822000E8
:1060D000196DC1F30231042900F27880DFE801F084
:1060E000030C3C771500186810F0007F6ED006A8EE
:1060F000FFF756FD07986AE0186810F0006F65D04A
:1061000003A8FFF7FBFD039861E0D96C1A681868D3
:1061100011F0405102D112F0040249D1B1F1805F77
:1061200003D110F48070284651D1186810F4003063
:1061300018BF3846B1F1005F18BF002047E0186D66
:10614000C0F30240052841D8DFE800F0030F242DFA
:10615000371800F017FE3AE0186810F0005F35D0ED
:106160006846FFF775FE009831E0186810F0006F80
:106170002CD003A8FFF7C2FD049828E0186880031C
:1061800007EAE07023E0000120D503A8FFF7B6FD81
:1061900005981CE0186810F0005F17D06846FFF7FC
:1061A00057FE019813E0186810F0040F0ED018681D
:1061B000C0F3C10026FA00F009E01868C00505EA3E
:1061C000E07004E0186810F0005F02D1002009B010
:1061D000F0BD6846FFF73CFE0298F8E700093D0075
:1061E0000080BB0040787D010090D003004402583D
:1061F0002DE9F0470446E078A84F000722D5A06EAD
:106200004FEA3051032908D8DFE801F002090F17DF
:10621000F96941F40031F9610FE0012613E004F15E
:106220000800022102F0ACFF04E004F12800022182
:1062300003F02CF8064636B9A06E396C21F44011F3
:106240000843386400266078BA46C00701D1354655
:1062500028E0A06D04280BD83546DFE800F0030CD9
:1062600012181800F869354640F40030F8610EE065
:106270000125012717E004F10800002102F080FF4A
:1062800004E004F12800002103F000F80546002D89
:106290002F4608D152460025106CA16D20F0070052
:1062A0000843106437466078800729D5E06D4FEACF
:1062B000B01004280AD8DFE800F0030C1218180008
:1062C0005146C86940F40030C8610EE0012501263E
:1062D00017E004F10800002102F052FF04E004F18D
:1062E0002800002102F0D2FF0546002D2E4608D1DD
:1062F00052460025106CE16D20F4E07008431064F4
:106300003E466078400702D4B04657462CE0D4F8A9
:10631000A80057464FEA7050042809D8DFE800F07B
:10632000030C12181800F86940F40030F8610FE00F
:1063300001254FF0010817E004F10800002102F0E8
:106340001FFF04E004F12800002102F09FFF054632
:10635000002DA84608D1B86CD4F8A8100025B04686
:1063600020F460000843B864607800072AD5D4F8A8
:10637000AC004FEA3060042809D8DFE800F0030BD6
:1063800011171700F86940F40030F8610EE001259C
:10639000012718E004F10800002102F0F1FE04E0FA
:1063A00004F12800002102F071FF0546002D2F4660
:1063B00009D152460025906CD4F8AC1020F0E06072
:1063C000084390644746E078800722D5E06C4FEAA6
:1063D0003010032809D8DFE800F011020B115146F4
:1063E000C86940F40030C86108E00125012611E0C9
:1063F00004F10800022102F0C3FE0546002D2E46DE
:1064000008D152460025D06BE16C20F030000843E3
:10641000D0633E466078C00629D5206E4FEA303002
:1064200004280AD8DFE800F0030C121818005146BF
:10643000C86940F40030C8610EE00125012717E06B
:1064400004F10800002102F09BFE04E004F12800A2
:10645000002102F01BFF0546002D2F4608D15246B1
:106460000025106C216E20F4E0400843106437468C
:106470006078800625D5606E4FEA304005280AD83E
:10648000DFE800F014030E14141404F108000121D5
:1064900002F076FE09E00125012613E010440258BF
:1064A00004F12800012102F0F1FE0546002D2E46E0
:1064B00008D152460025106C616E20F4E02008439C
:1064C00010643E466078400625D5D4F8B0004FEA07
:1064D000307005280AD8DFE800F012030C121212FF
:1064E00004F10800012102F04BFE07E0012501271D
:1064F00012E004F12800012102F0C8FE0546002D3B
:106500002F4609D152460025906CD4F8B01020F0E7
:10651000E040084390643746607800061ED5206F3F
:1065200088B1B0F1005F08D0B0F1805F2AD1514648
:10653000C86940F40030C86105E004F10800012199
:1065400002F01EFE0546002D2E4608D152460025BB
:10655000106C216F20F04050084310643E46E078F4
:10656000C00702D1B046574624E0A06C5746032826
:106570000BD8DFE800F014020E14F86940F4003084
:10658000F8610CE001250126E9E701254FF001083B
:1065900010E004F10800022102F0F2FD0546002D92
:1065A000A84607D1F86BA16C0025B04620F0030087
:1065B0000843F863A078400601D4474618E0D7F8AE
:1065C000F00340F48070C7F8F003FFF7EFF90646D8
:1065D000D7F8F00310F4807F07D1FFF7E7F9801BAD
:1065E0006428F5D90325032702E0002D2F4612D099
:1065F0002078C0074ED0E06F4FEAF000052835D86C
:10660000DFE800F03D03373D3D3D04F10800012186
:1066100002F0B6FD32E05346196ED4F8B4004140A2
:1066200011F4407F0BD0196E1A6E42F4803221F4BF
:1066300040711A661A6E22F480321A661966B0F535
:10664000807F40F05A82FFF7B1F9064641F288395F
:10665000032503275346186E10F0020F40F04B82BB
:10666000FFF7A4F9801B4845F4D9C1E701250126AD
:1066700011E004F12800012102F008FE0546002D7A
:106680002E4608D152460025506CE16F20F03800AC
:10669000084350643E462078800721D5A06F052826
:1066A0000AD8DFE800F012030C12121204F10800FD
:1066B000012102F065FD07E00125012711E004F149
:1066C0002800012102F0E2FD0546002D2F4608D1E9
:1066D00052460025506CA16F20F00700084350641B
:1066E00037462078400723D5D4F8940005280AD8E7
:1066F000DFE800F012030C12121204F1080001216D
:1067000002F03EFD07E00125012612E004F1280019
:10671000012102F0BBFD0546002D2E4609D152464F
:106720000025906CD4F8941020F007000843906482
:106730003E462078800625D5D4F890004FEA307088
:1067400005280AD8DFE800F012030C12121204F137
:106750000800002102F014FD07E00125012712E0E6
:1067600004F12800022102F091FD0546002D2F467C
:1067700009D152460025506CD4F8901020F0E0402A
:106780000843506437462078400625D5D4F89C004D
:106790004FEAB02005280AD8DFE800F012030C12F7
:1067A000121204F10800002102F0EAFC07E00125C2
:1067B000012612E004F12800022102F067FD0546DF
:1067C000002D2E4609D152460025906CD4F89C101D
:1067D00020F4E050084390643E462078000625D51A
:1067E000D4F8A0004FEA703005280AD8DFE800F09E
:1067F00012030C12121204F10800002102F0C0FC76
:1068000007E00125012712E004F12800022102F02F
:106810003DFD0546002D2F4609D152460025906CBE
:10682000D4F8A01020F460400843906437462068F4
:1068300010F0080F15D0D4F88410B1F5805F0AD19C
:1068400004F12800022102F021FD002818BF0127D1
:106850002068D4F8841053465A6C22F440521143F5
:106860005964C10615D5D4F89810B1F5807F0AD1C6
:1068700004F12800022102F009FD002818BF0127B9
:106880002068D4F8981053469A6C22F44072114351
:106890009964000320D5D4F8A400B0F5003F0FD0D0
:1068A000B0F5803F06D068BB04F10800002102F07B
:1068B00067FC04E004F12800022102F0E7FC054631
:1068C000002D2E4609D152460025906CD4F8A41014
:1068D00020F44030084390643E46A078400726D517
:1068E000D4F88800B0F5401F15D0B0F5001F0CD0CB
:1068F000B0F5801F40F0FA805146C86940F400307E
:10690000C86108E001250126E7E704F1280001211C
:1069100002F0BCFC0546002D2F4609D15246002549
:10692000506CD4F8881020F4401008435064374667
:10693000A078C00701D13E461EE0206DB0F5803F33
:1069400006D0B8B95146C86940F40030C86105E0C6
:1069500004F10800022102F013FC0546002D2E462A
:106960000AD152460025D06B216D20F480300843B7
:10697000D063E0E701250126216811F0005F01D115
:10698000606809E004F12800022102F07FFC002881
:1069900018BF0126D4E900108A031BD5D4F8802043
:1069A0006FF0010303EB3223022B0BD34FEA3223A8
:1069B00043B1012B40F09D80DAF81C3043F40033E2
:1069C000CAF81C303DB9DAF8443023F440731A4356
:1069D000CAF844203546CA0207D5DAF84020636F6A
:1069E00022F000421A43CAF84020CA0008D5DAF85B
:1069F0000020D4F8B83022F480421A43CAF80020AC
:106A00008A0207D5DAF84020E36E22F080721A433A
:106A1000CAF840204A000CD5DAF8002022F40042DF
:106A2000CAF80020D4F8BC20DAF800301A43CAF8BB
:106A30000020B1F1FF3F07DCDAF83C20636D22F063
:106A400040521A43CAF83C20090208D5DAF844102B
:106A5000D4F88C2021F440011143CAF84410C10736
:106A600008D004F10800002102F08AFB002818BFBA
:106A700005466068810708D504F10800012102F08D
:106A80007FFB002818BF05466068410708D504F160
:106A90000800022102F074FB002818BF0546606858
:106AA000010708D504F12800002102F0EFFB0028BF
:106AB00018BF05466068C10608D504F12800012109
:106AC00002F0E4FB002818BF05466068800607D581
:106AD00004F12800022102F0D9FB002818BF054666
:106AE000002D18BF01252846BDE8F08701250127A4
:106AF0001EE701256FE7D4F8B400196800F440726E
:106B00000025B2F5407F21F47C5102BF054A02EA1C
:106B1000101211436FF31F301960196E0843186685
:106B20004BE500BFCFFFFF002DE9F8430446884640
:106B3000002C00F0FE80814B186800F00F004045EB
:106B40000BD2186820F00F0040EA0800186018689F
:106B500000F00F00404540F0EC802068E44F10F05A
:106B6000040F0AD02169BA6902F07002914281BF14
:106B7000BA6922F070021143B96101070AD561694F
:106B8000FA6902F07002914281BFFA6922F0700244
:106B90001143F961C1060AD5A169FA6902F4E062FC
:106BA000914281BFFA6922F4E0621143F9618106E2
:106BB0000AD5E1693A6A02F07002914281BF3A6AED
:106BC00022F070021143396281070AD5E168BA697F
:106BD00002F00F02914281BFBA6922F00F02114305
:106BE000B961C10738D0B869A16820F47060084362
:106BF000B8616068032806D0022809D1396811F409
:106C0000003F0ED195E0396811F0007F09D190E086
:106C10003968012802D1C90503D48AE0490740F147
:106C200088803969994621F0070108433861FEF7E9
:106C3000BDFE064641F288353869616800F03800CB
:106C4000B0EBC10F06D0FEF7B1FE801BA842F3D90E
:106C500003206FE020684B4681070AD5E168BA69D6
:106C600002F00F0291423FBFBA6922F00F021143B6
:106C7000B961196801F00F0141450AD9196821F07D
:106C80000F0141EA08011960196801F00F0141453F
:106C90004FD141070AD52169BA6902F070029142C9
:106CA0003FBFBA6922F070021143B96101070AD5EA
:106CB0006169FA6902F0700291423FBFFA6922F0FD
:106CC00070021143F961C1060AD5A169FA6902F49B
:106CD000E06291423FBFFA6922F4E0621143F96138
:106CE00080060AD5E069396A01F0700188423FBF29
:106CF000396A21F070010843386200F063F8B9691D
:106D00002F4AC1F30321515C01F01F01C840B9694A
:106D100001F00F01515C194A01F01F0120FA01F145
:106D200011601749086006480068BDE8F443FEF7A3
:106D300071BE0120C0B201B0BDE8F0830020005256
:106D4000AC00002480B500F03DF80B491C4B0A68EC
:106D5000C2F303229A5C02F01F0220FA02F20868D2
:106D6000064900F00F00185C00F01F0022FA00F046
:106D7000086003490A6080BD18440258B800002426
:106D8000B400002480B5FFF7DDFF0C490C4A096808
:106D9000C1F30211515C01F01F01C84080BD00BF6A
:106DA00080B5FFF7CFFF0549054A0968C1F3022105
:106DB000515C01F01F01C84080BD00BF1C44025857
:106DC00068D700084A490869C0F3C20349484A4ADB
:106DD000032B10D0022B04BF4848704753B90868F2
:106DE00010F0200F10461FBF0868C0F3C10022FA40
:106DF00000F07047704780B5D1F828C0D1F828E07E
:106E0000CB6A486B03F001035B4203EAD003CEF385
:106E100005106FF35F33002800EE103AB8EE400A19
:106E2000BDE8804004BF002070470CF00303022B34
:106E300020D0012B1AD0CBB902EE100A9FED311AE7
:106E4000B8EE422A086820EE010A10F0200F39D16E
:106E5000086B9FED2E1A6FF35F2081EE022A03EE7E
:106E6000100AB8EE433A30EE031A16E00A6B9FEDB3
:106E7000262A02E00A6B9FED222A01EE100A6FF328
:106E80005F229FED203AB8EE414A01EE102AB8EE9B
:106E9000411A82EE042A00EE031A086BB7EE000ACC
:106EA00031EE000A22EE000AC0F34620013001EE66
:106EB000100AB8EE411A80EE010ABCEEC00A10EECC
:106EC000100A70470868C0F3C10022FA00F00A6B8C
:106ED00003EE100A6FF35F2201EE102AB8EE411A9A
:106EE000B8EE433A30EE011A83EE022AD5E700BF2E
:106EF0000044025800093D000090D00340787D0115
:106F000020BCBE4B000000390024744A0024744C9D
:106F1000F8B50446002C00F09D812078CE4EC007C5
:106F20004CD03169B06A01F03801102915D0182908
:106F300004BF00F0030002280FD06068A0B1B0F5D4
:106F4000803F06D03168B0F5A02F23D141F48020D6
:106F50003060306840F4803022E0306810F4003F48
:106F60002CD0606850BB75E1306820F48030306010
:106F7000306820F480203060FEF718FD0546306848
:106F800010F4003F1AD0FEF711FD411B03206429C5
:106F9000F5D94BE221F480303060306820F4802055
:106FA0003060FEF703FD0546306810F4003F05D160
:106FB000FEF7FCFC401B6428F6D962E120788007CC
:106FC00060D53169B06A11F0380118D0182908BFAE
:106FD0005FEA807013D0E0683168E0B321F01901F6
:106FE00008433060FEF7E2FC0546306810F0040FFD
:106FF00020D1FEF7DBFC401B0228F6D941E13168C5
:10700000E06811F0040F02D0002800F023813168FD
:1070100021F0190108433060FEF7C8FC05463068CE
:1070200010F0040F06D1FEF7C1FC411B032002291A
:10703000F5D9FBE1FEF7B4FC216941F2030290426D
:107040001AD80803402908BF4FF40030716821F4B2
:107050007C31084315E021F001003060FEF7A6FC0A
:107060000546306810F0040F0CD0FEF79FFC411B62
:1070700003200229F5D9D9E1706820F0FE4040EAEA
:10708000016070602078C00644D53169B06A01F0B3
:10709000380108291BD0182904BF00F0030001287B
:1070A00015D0E1693068002900F01C8140F08000B3
:1070B0003060FEF77BFC0546306810F4807F0ED10F
:1070C000FEF774FC411B03200229F5D9AEE13068BC
:1070D00010F4807F1CBFE069802840F0BB80FEF781
:1070E0005FFC216A41F2030290420BD88A062029F4
:1070F000304608BF4FF0804250F8041F21F0F8419D
:10710000114306E0304650F80C2F22F07C5242EA40
:10711000016101602078000723D56169706F79B142
:1071200040F001007067FEF741FC0546706F10F0FB
:10713000020F16D1FEF73AFC401B0228F6D9A0E058
:1071400020F001007067FEF731FC0546706F10F00B
:10715000020F06D0FEF72AFC411B03200229F5D9B5
:1071600064E12078800623D5A169306879B140F4C4
:1071700080503060FEF71AFC0546306810F4005F5E
:1071800016D1FEF713FC401B0228F6D979E020F453
:1071900080503060FEF70AFC0546306810F4005F4E
:1071A00006D0FEF703FC411B03200229F5D93DE17F
:1071B0002078400752D4676A002F00F01E813069A2
:1071C00000F0380018286DD1B16A306B012F41D022
:1071D000A26A01F0030393423CD1E26AC1F30511B4
:1071E000914237D1226B01466FF35F21013A914200
:1071F00030D1C0F34621626B013A91422AD1C0F3EB
:107200000641A26B013A914224D1C0F30660E16BC2
:10721000013988421ED1706BA16CC0F3CC00814251
:1072200000F0EB80F06A20F00100F062FEF7BEFB98
:107230000546FEF7BBFBA842FBD0706B4FF6F8711A
:107240008843A16C40EAC1007063F06A40F001001D
:10725000F062D2E00120E9E000440258D6F80004D0
:1072600040F48070C6F80004FEF7A0FB0546D6F88F
:10727000000410F4807F06D1FEF798FB401B6428C1
:10728000F5D90320D2E0A068F0B3012806D0316F11
:10729000052840F0B48041F004003067306F40F0C2
:1072A0000100B2E0306820F080703060FEF77EFBB5
:1072B0000546022F0AD1306810F0007F3DD0FEF75E
:1072C00075FB411B03200229F5D9AFE0306810F0AF
:1072D000007F00F09280FEF769FB411B032002292A
:1072E000F4D9A3E020F080003060FEF75FFB054694
:1072F000306810F4807F3FF40DAFFEF757FB411B61
:1073000003200229F4D991E0306F20F001003067AA
:10731000306F20F004003067FEF748FB054641F26D
:107320008837306F10F0020F3FF445AFFEF73EFB99
:10733000411B0320B942F4D978E0B06A40F2F3313E
:1073400004F130034FF47E478843D4E90A1208431E
:1073500040EA0210B0620FCB07EB412100F2FF10B0
:1073600089B26FF35F2008434FF4FE0101EB024145
:1073700001F4FE0108434FF0FE4101EB036101F00F
:10738000FE4108434FF6F8713063F06A20F00100C7
:10739000F062706B8843A16C40EAC1007063F06AD0
:1073A000216C20F00C000843F062F06A616C20F060
:1073B00002000843F062F06A40F48030F062F06A44
:1073C00040F40030F062F06A40F48020F062F06A2D
:1073D00040F00100F062306840F080703060FEF7ED
:1073E000E5FA0446306810F0007F06D1FEF7DEFAB9
:1073F000011B03200229F5D918E0002016E021F036
:1074000001003067306F20F004003067FEF7CEFADD
:10741000054641F28837306F10F0020F7FF4CBAE93
:10742000FEF7C4FA411B0320B942F4D9C0B201B03F
:10743000F0BD00000648016821F0010101607047BD
:1074400003490A6822F0020210430860704700BF37
:10745000003C0058411E0020B0EB116F1CBF012002
:107460007047044AF023516003490B700721906074
:107470001160704710E000E023ED00E070477047B6
:107480007047000090F83C20012A01D102213BE026
:1074900070B5012280F83C20D1E900C3D1E902E2B5
:1074A0001A4C234022F47C522EF4705422431A4387
:1074B0002CF477231A430B6923F476231A434B6980
:1074C0001A438B6A22F4742223F470231A438B69C3
:1074D00042EA03430268324D42F48064AC420DD16B
:1074E000D1E90754496A0A4E23F07C7306EA015138
:1074F000194325F00073194341EA04030021536442
:1075000080F83C10BDE87040C8B27047FF87F0FFBC
:107510000000F0FC90F83C300222012B3DD010B569
:10752000012380F83C3080F83D2002685368D2F88F
:1075300008C0E64C42F4806EA64502BF4C6823F4B6
:1075400070032343B2F1804F0C6823F0700343EAC9
:1075500004035360BDE8104014D0D64B9A421CBFC0
:10756000D54B9A420ED0D54B9A421CBFD44B9A426F
:1075700008D0D44B9A421CBFD34B9A4202D0D34B73
:107580009A4204D189682CF080031943916001214B
:10759000002280F83D1080F83C20D0B2704700BF38
:1075A0000004014090F83C20012A01D1022108E0AA
:1075B0000268136E23F4703319431166002180F8BA
:1075C0003C10C8B2704710B5044654B394F83D005F
:1075D00028B9002084F83C00204600F025F802205D
:1075E000211D84F83D00206801F09EFF012084F8F1
:1075F000480084F83E0084F83F0084F8400084F896
:10760000410084F8420084F8430084F8440084F880
:10761000450084F8460084F8470084F83D000020C7
:1076200010BD012010BD00002DE9F04786B00446D2
:1076300001A81421F8F784FE20687B4E7B4FB0F13F
:10764000804F66D09B49884200F0A7809A498842C3
:1076500000F0B3809949884200F0D180994988426E
:1076600040F0DE80B868754D4FF480684FF40069D3
:107670004FF4005A40F00100B860B868002700F0ED
:107680000100009000980C20C5E9006005F1100091
:10769000C5E9027780E800072846C5E907776F62E9
:1076A000FBF744F908B1F9F70FFDA562AC63644D2F
:1076B00006F130000E2185E8830005F10C0080E81A
:1076C00080072846C5E907776F62FBF72FF908B1F5
:1076D000F9F7FAFC2563AC635A4D06F118000D2149
:1076E00000224FF480634FF400674FF4005685E8A2
:1076F000070005F10C008CC0C5E90662C5E9082247
:107700002846FBF713F908B1F9F7DEFCE562AC6334
:1077100086E0484D502105F12800F8F711FE386841
:1077200012214FF480684FF400624FF4005340F090
:10773000010038603868002700F0010000900098D0
:1077400006F5747085E8830005F11400C5E9037837
:107750008CC0C5E908772846FBF7E8F808B1F9F7C7
:10776000B3FC6562AC63344D06F5866016214FF4B8
:1077700080524FF4804385E8830005F11400C5E989
:1077800003788CC0C5E908772846FBF7CFF808B125
:10779000F9F79AFC2562AC6342E0386802210122C5
:1077A00040F002003860386800F002000090009855
:1077B0001D20FEF781F91D2030E03868002140F0DF
:1077C00004003860386800F004000090009857F812
:1077D000080C40F0100047F8080C57F8080C00F0AF
:1077E0001000009000980120019002200290CDE945
:1077F0000311059001A90E48FEF700F810E0386863
:107800000421002240F008003860386800F00800C9
:10781000009000983220FEF74FF93220FEF73EF933
:1078200006B0BDE8F08700BF40000240E8440258BF
:1078300000100258100500249005002410020024B6
:10784000900300249004002490F83D1001291CBFEF
:1078500001207047022180F83D100168C868B1F12D
:10786000804F40F00100C86014D0124881421CBF14
:10787000114881420ED0114881421CBF10488142FC
:1078800008D0E04881421CBF0F48814202D00F4817
:10789000814208D188680E4A02400020062A18BF9B
:1078A000B2F5803F04D0086840F001000860002075
:1078B000704700BF0004004000080040000C00407A
:1078C0000018004000000140004001400004014059
:1078D00007000100016841F211130A6A1A4208D137
:1078E0000A6A40F244431A4202BF0A6822F00102C7
:1078F0000A60012180F83D1000207047016841F2C4
:107900001113CA6822F00102CA600A6A1A4208D139
:107910000A6A40F244431A4202BF0A6822F0010296
:107920000A60012180F83D1000207047B0B5044680
:10793000022094F83C20012A4BD0012284F83C20FC
:1079400084F83D00206882683C4B1A4082600A68D7
:107950003B4D8AB3102A2FD0202A18BF302A2BD0B3
:10796000402A3AD0502A43D0602A4CD0354B9A4214
:1079700022D0B2F5805F25D0B2F5005F4ED0B2F5CF
:10798000801F18BFB2F1101F16D02F4B9A421CBF98
:107990002E4B9A4210D0702A1DD1D1E90123C9681B
:1079A0001A4342EA0121826822F47F421143816036
:1079B000816841F0770104E081682940114341F07A
:1079C000070181600020012184F83D10002184F826
:1079D0003C10C0B2B0BD0120F5E74B68CA6819463B
:1079E00001F07AFF20688168294041F04701E8E70B
:1079F0004B68CA68194601F06FFF2068816829400A
:107A000041F05701DDE74B68CA68194601F075FF80
:107A100020688168294041F06701D2E7D1E901235C
:107A2000C9681A4342EA0121826822F47F42114365
:107A30008160816841F48041C3E700BF8800CEFFC8
:107A400088FFCFFF40001000200010003000100021
:107A500070470000F8B504462068C768066907EA61
:107A60000605A90714D56FF00201016101212177F4
:107A7000806910F0030F03D02046FFF7E9FF05E00F
:107A8000204600F0C1F8204600F04FF90020207792
:107A9000680715D520686FF0040101610221217784
:107AA000806910F4407F03D02046FFF7D1FF05E046
:107AB000204600F0A9F8204600F037F90020207792
:107AC000280715D520686FF008010161042121778E
:107AD000C06910F0030F03D02046FFF7B9FF05E09F
:107AE000204600F091F8204600F01FF90020207792
:107AF000E80615D520686FF0100101610821217793
:107B0000C06910F4407F03D02046FFF7A1FF05E0D5
:107B1000204600F079F8204600F007F90020207791
:107B2000E80706D020686FF001010161204600F0EF
:107B300003FA17F0800718BF16F4025005D020682A
:107B4000114901612046FFF79AFC47B116F4807095
:107B500005D020680D4901612046FFF78FFC6806BB
:107B600006D520686FF040010161204600F076FAEA
:107B7000A80658BFF8BD20686FF0200101612046BB
:107B8000BDE8F840FFF77CBC7FDFFFFFFFFEFFFF93
:107B900010B586B0044601A81421F8F7D1FB22687D
:107BA00016481749B2F1804F10D0DE4B9A4222D1CD
:107BB0000A6800F5805042F010020A60096801F07E
:107BC0001001009100994FF4006109E00A6842F049
:107BD00001020A60096801F0010100910099032186
:107BE0000191022102910021CDE9031101210591AA
:107BF00001A9FDF703FE06B010BD00BF000002584A
:107C0000E04402580000014070470000B0B504464F
:107C10000D4694F83C00012801D1022052E04FEAC1
:107C2000B2010120052984F83C0048D8DFE801F0C2
:107C3000030B131B23332068294601F0D7FC20686F
:107C400050F8181F1EE02068294601F017FD206833
:107C500050F8181F26E02068294601F051FD2068E1
:107C600050F81C1F0EE02068294601F08DFD2068A9
:107C700050F81C1F16E02068294601F0B9FD206865
:107C800050F8541F41F008010160016821F004011F
:107C9000016029690FE02068294601F0DFFD2068B6
:107CA00050F8541F41F400610160016821F48061C3
:107CB0000160296909020268114301600020002166
:107CC00084F83C10C0B2B0BD10B5044654B394F86B
:107CD0003D0028B9002084F83C00204600F024F83C
:107CE0000220211D84F83D00206801F01DFC0120C8
:107CF00084F8480084F83E0084F83F0084F840008F
:107D000084F8410084F8420084F8430084F8440079
:107D100084F8450084F8460084F8470084F83D0064
:107D2000002010BD012010BD7047704771B180B5B3
:107D30000B1F4FF0010C05224FEAB30EBEF1040FEA
:107D400038BF0CEBB302BDE8804000E000220244E3
:107D500092F83E20012A1CBF0120704761B10A1F22
:107D60004FEAB202032A0BD8DFE802F0020E121625
:107D7000022280F83F2012E0022280F83E200EE02E
:107D8000022280F843200AE0022280F8402006E028
:107D9000022280F8412002E0022280F8422001F015
:107DA0001F0101228A400168086AB1F1804F20EA70
:107DB00002000862086A40EA0200086236D02348DE
:107DC00081421CBF2248814230D0224881421CBFE0
:107DD000214881422AD0534881421CBF52488142E7
:107DE00008D0524881421CBF5148814202D05148BC
:107DF000814224D1486CB1F1804F40F40040486486
:107E000014D0124881421CBF114881420ED0114843
:107E100081421CBF1048814208D0424881421CBFA9
:107E20004248814202D04048814208D188680B4ACA
:107E300002400020062A18BFB2F5803F04D008682F
:107E400040F0010008600020704700BF00040040BF
:107E500000080040000C004000180040070001002E
:107E600001F01F02012303FA02FC0268136A23EAED
:107E70000C031362136A13622A4B9A421CBF2A4BEB
:107E80009A4208D0294B9A421CBF294B9A4202D0F1
:107E9000284B9A4211D1D2F820C041F211131CEAAA
:107EA000030F0AD1D2F820C040F244431CEA030F6A
:107EB00002BF536C23F400435364D2F820C041F254
:107EC00011131CEA030F0AD1D2F820C040F2444338
:107ED0001CEA030F02BF136823F0010313604FEA8B
:107EE000B101042908D8DFE801F0030B0F131700D4
:107EF000012180F83E1012E0012180F843100EE0CD
:107F0000012180F83F100AE0012180F8401006E0CE
:107F1000012180F8411002E0012180F84210002088
:107F2000704700BF000001400004014000400140D4
:107F3000004801400044014070B5354904462068BE
:107F4000096888422AD133A004F0EEF9354D28465D
:107F5000FFF7D4FC3448354E4CF250330168B1651C
:107F6000F26D02FB0311490031660021F1650160E9
:107F70002846FFF769FC01209FED230BB074306E9B
:107F800001EE100A2AA0B8EE411B21EE000BBDEE57
:107F9000C00B10EE101A04F0C7F9206821490968D7
:107FA000884203D12149CA6D0132CA652449096852
:107FB000884218BF70BD1D4D0822686E05F1780417
:107FC000214601306866A86E0130A8661D4800F0A1
:107FD00067FB1DA0214604F0A7F9A86EC82803D1AD
:107FE00003F0E8FB0020A86602F0F6FB686E642848
:107FF00003D102F005FD00206866BDE87040F8F787
:1080000035BC00BF00BF00BF82734694F606F03F48
:1080100078D60324636C6520312C323535FFFFFFA1
:10802000000000002CD60324240800401000002487
:108030007434382E7478743D22256422FFFFFF00CB
:10804000E0D50324C4D603247434382E7478743DE8
:10805000222573487A22FFFFFF000000704790F846
:108060008410012901D1022112E02421C0F88810D6
:1080700002681368116821F0010123F000531160B8
:108080000021416613602022C0F8882080F8841007
:10809000C8B2704770477047B0B5044694F8840082
:1080A000012801D102201BE0012084F88400242053
:1080B000C4F8880020680568026822F001020260A6
:1080C000826822F0606211438160204601F028FC42
:1080D000206805602020C4F88800002084F884000F
:1080E000C0B2B0BDB0B5044694F88400012801D1F7
:1080F00002201BE0012084F884002420C4F88800BA
:1081000020680568026822F001020260826822F09D
:10811000604211438160204601F002FC2068056046
:108120002020C4F88800002084F88400C0B2B0BDCC
:108130007047704770470000B0B5044640F62F0105
:108140002068C26902EA01030168D0F808E0202B28
:108150000DD101F020030EF080552B4307D0616F45
:10816000002900F0AA812046BDE8B040084740F64B
:108170000F0313401FBFD14B0B40D14D0EEA050C2E
:1081800018BF53EA0C0344D0D3070BD011F480730B
:108190001FBF01230362D4F8903043F0010318BFDE
:1081A000C4F890300EF00105930708D53DB10223C5
:1081B0000362D4F8903043F00403C4F890305307BE
:1081C00008D53DB104230362D4F8903043F0020394
:1081D000C4F8903013070DD501F0200353EA0C03C7
:1081E0001FBF08230362D4F8903043F0080318BF80
:1081F000C4F8903013054ED511F080634BD04FF486
:1082000000632546036255F8903F43F020032B603E
:1082100043E002EA0105EB06E36E7CD5012B7AD13F
:1082200010210162816811F0400F40F08680B4F89F
:108230005C10B4F85E20B4F85E30002B00F03D8195
:10824000891A89B209B938E1206850E8000F22681C
:1082500020F4907042E80003002BF5D1206850E82C
:10826000020FA84A1040226842E80203002BF5D111
:108270002020C4F88C000020E0666067206850E889
:10828000000F226820F0100042E80003002BF5D117
:1082900002202067E2E004F190052B68002B00F03B
:1082A0000C8112F020020BD001F020010EF0805260
:1082B00011431CBF616F002902D020468847206807
:1082C0002968806801F0280100F04000084374D05C
:1082D000204601F023FC2068816811F0400F01D195
:1082E00026E0206850E8020F216820F0400041E8B5
:1082F0000202002AF5D1D4F88000C8B171490165A5
:10830000F9F768FF002800F0D880D4F88000016DEC
:10831000BDE8B0400847D30244D51EF4800341D0E5
:108320004FF4801101622046BDE8B040FFF701BF65
:108330002046BDE8B040FFF7FDBED4F880100A68C3
:10834000614B9A4240D0614B9A421CBF604B9A42AB
:108350003AD0604B9A421CBF5F4B9A4234D0CE4B0E
:108360009A421CBF5D4B9A422ED05D4B9A421CBF75
:108370005C4B9A4228D05C4B9A421CBF5B4B9A42A2
:1083800022D05B4B9A421CBF5A4B9A421CD05A4B8C
:108390009A421CBF594B9A4216D0594B9A4208BF79
:1083A0000A6812E013065ED501F0800C0EF400039B
:1083B00053EA0C0357D0A16FD2E62046FFF7BAFE6E
:1083C0000020C4F8900078E00A68043213689DB277
:1083D000002D72D0B4F85C2095426ED2A4F85E30C5
:1083E000C969B1F5807F01D132E0206850E8000F03
:1083F000216820F4807041E80002002AF5D120684D
:1084000050E8020F216820F0010041E80202002A32
:10841000F5D1206850E8020F216820F0400041E8C3
:108420000202002AF5D12020C4F88C000020E0666A
:10843000206850E8000F216820F0100041E8000299
:10844000002AF5D1D4F88000F9F74EFDB4F85C208D
:1084500002202067B4F85E00101A81B22046BDE801
:10846000B040FFF717BE6B060AD410021BD511F0FF
:10847000804018D02046BDE8B040FFF759BE2068C4
:1084800050E8000F216820F0400041E80002002A77
:10849000F5D12020C4F888000020A0672046BDE860
:1084A000B04000F028B9D00107D5B1F1FF3F04DC9E
:1084B0002046BDE8B040FFF7EEBDB0BD200100048E
:1084C000010000100D9B000810000240280002402F
:1084D000400002405800024070000240A0000240EC
:1084E000B800024010040240280402404004024048
:1084F000580402407004024088040240B80402405C
:10850000A0040240FEFFFFEF10B50446D4B1D4F83A
:10851000880028B9002084F88400204600F026F85E
:108520002420C4F888002068016821F0010101605E
:10853000A06A10B1204601F021FA204601F0A4FD06
:10854000012801D1012010BD2068416821F490412B
:108550004160816821F02A018160016841F00101D8
:1085600001602046BDE8104001F072BA2DE9F047E5
:1085700086B0044601A81421F7F7E2FE22684148BC
:108580004149424B9A4222D0414B9A4276D18A6865
:1085900042F400228A608A6802F400220092009A63
:1085A0000A6842F001020A60096801F001010091C5
:1085B00000994FF4C0510191022102910021CDE9AF
:1085C00003110621059101A9FDF718F956E00A6982
:1085D000002642F010020A610A6902F010020092BD
:1085E000009A0A6842F001020A60096801F001017C
:1085F000009100994FF4C06101910221029107217D
:10860000CDE90366059101A9FDF7F8F8214D224F48
:1086100029204FF4806A4FF400684FF40059C5E9EF
:1086200000702846C5E90266C5E904A8C5E90696B2
:10863000C5E90866FAF77AF908B1F8F745FDC4F814
:108640008050AC63154D07F118002A21402285E8BF
:1086500047042846C5E90589C5E907666E62FAF749
:1086600065F908B1F8F730FD252000210022E56703
:10867000AC63FDF721FA2520FDF710FA06B0BDE83E
:10868000F08700BF00000258E0440258001001408B
:10869000004C004090020024880002401004002496
:1086A000D0F88C30202B1FD10123F1B1EAB110B5E5
:1086B0000023C36603680E4CA3421CBF5C6814F41D
:1086C000000F0BD000E0036853E8003FD0F800C073
:1086D00043F080634CE80034002CF4D101F0C0FE7C
:1086E0000023BDE8104000E00223D8B2704700BF6D
:1086F000000C005870477047FEE700002DE9F84372
:10870000F8F722FDB14C002140F2FF722046F8F745
:1087100027FD4D4920466422F9F72AFA4B4C4C4D6F
:1087200000212046A84720460421A8474948FFF7D2
:108730008BF84948DFF828876FF001010068016174
:1087400040460421A847454DB5F9220003F060FDDD
:10875000B5F9240003F080FDF34E00213046F9F70F
:108760008EFB30461021F9F78AFB3D4E3D4D8021AE
:1087700001224FF0010906F500673846A847384640
:108780004FF480710022A84730464FF480610122E7
:10879000A84730464FF480710122A84730464FF475
:1087A00000610122A84730464FF400710122A8471A
:1087B000384620210122A847384610210122A84727
:1087C000384608210022A847304680210122A847C8
:1087D000304640210122A847304608210122A847FF
:1087E0002068224A4EF66023C16841F40071C160DE
:1087F000D8F80000C16841F40071C160C16841F45B
:108800008061C160C16841F40061C160C16841F428
:108810008051C160144806F58261FAF785FA144860
:10882000022140F28F12C0F8009041601148C0F858
:1088300000904260C16001616321C0F80014C7214B
:108840000D480160BDE8F4830806002494D5032494
:108850002D7D0008E0D503242CD60324100000242D
:10886000000802589759000810050024ECD703248B
:1088700028000140280000402C040040C1F3045CA3
:10888000C1F34061072300EB810003FA0CF302FA05
:108890000CF241699943114341617047B0B58AB008
:1088A000002568461C210995CDE90755F7F748FDD5
:1088B000464C47484FF4E0110122042384E823008A
:1088C0000820C4E90323257565751521A06104F10D
:1088D000240022772262F7F733FD2046F8F778FE6E
:1088E00008B1F8F7F1FB394807A90795F8F784FCB8
:1088F00008B1F8F7E9FB3748694600900620CDE952
:10890000010040F2FF7003900420049000200590C5
:108910008DF819002D48F8F7D1FC08B1F8F7D4FB11
:108920002D48694600900C2001902848F8F7C6FCB5
:1089300008B1F8F7C9FB2948694600901220019058
:108940002248F8F7BBFC08B1F8F7BEFB244869469B
:10895000009018200190002002901C48F8F7AEFC0F
:1089600008B1F8F7B1FB1F48694600904FF48070DA
:1089700001901648F8F7A2FC08B1F8F7A5FB1A48D1
:10898000694600904FF4837001901048F8F796FC08
:1089900008B1F8F799FB1548694600904FF48670C6
:1089A00001900A48F8F78AFC08B1F8F78DFB1048E7
:1089B000694600904FF4897001900448F8F77EFCF6
:1089C00008B1F8F781FB0AB0B0BD00BFF0D30324B3
:1089D000002002400800900C1000C0102000F0148D
:1089E0008000501D000180210002B0250004002AF3
:1089F0000008302E70B588B001A81C21F7F7A0FC44
:108A00001E481F494FF4E0121023012404260025BC
:108A100080E85E000221057544754FF4805200F134
:108A20002C03816103210577C0E9095526C380F82D
:108A30003850F8F7CDFD08B1F8F746FB114801A909
:108A400001900620CDE9020540F2FF70CDE9040651
:108A50000A4806958DF81D50F8F730FC08B1F8F774
:108A600033FB094801A901900C2002900348F8F754
:108A700025FC08B1F8F728FB08B070BD54D40324D6
:108A8000002102400040C03A0080F03EE0B5AA4814
:108A90004FF48062016841F400110160006800F445
:108AA0000010019001980B490948016001214160C3
:108AB0000021C0E902110162C0E90611C0E90421E8
:108AC000F9F734FF18B1BDE88C40F8F7FDBA8CBD5A
:108AD000CCD403240854025880B58AB001A82421BC
:108AE000F7F72EFC104811490160F9F76DF908B14C
:108AF000F8F7EAFA002001210022CDE901000390F5
:108B0000CDE90410084801A9F9F7B6F808B1F8F75B
:108B1000DBFA054801A91022F9F7AEF808B1F8F719
:108B2000D3FA0AB080BD00BFB8D40324007400405B
:108B3000BCB52748834C0022016841F00101016067
:108B4000016801F0010101910199016841F0020100
:108B500001600021006800F00200009000980B20E6
:108B6000A047794D0B20A8470D2000210022A047E7
:108B70000D20A8470E2000210022A0470E20A84764
:108B80000F2000210022A0470F20A847102000211D
:108B90000022A0471020A847112000210022A04752
:108BA0001120A847382000210022A0473820A847DC
:108BB0003A2000210022A0473A20A8473C2000216B
:108BC0000022A0473C202946BDE8BC40084700BF22
:108BD000D84402582DE9F04F87B04FF0000800222A
:108BE0004FF4DC74CDF818805348016841F010014F
:108BF0000160016801F0100101910199016841F0E3
:108C000080010160016801F0800101910199016812
:108C100041F004010160016801F004010191019932
:108C2000016841F001010160016801F00101019159
:108C30000199016841F002010160016801F002013F
:108C400001910199016841F0080101604FF4DC7164
:108C5000006800F0080001900198384D05F5406A61
:108C60005046FCF798FE05F5806740F6C871002273
:108C700040F6C87B3846FCF78EFE0294304C02AEBC
:108C80004FF0010950463146CDE90398CDF81480E4
:108C9000A04738463146CDE902B9CDE90488A0475E
:108CA0004FF6FC704FF4041B314602902846CDE984
:108CB00003B9A0474FF6777005F5006502273146E6
:108CC000CDE9020828460497A047882002A981E838
:108CD000010328463146A04750463146CDE9027B84
:108CE000CDF81090A047174C072002210122A04781
:108CF000154D0720A847082002210122A04708207F
:108D0000A847092002210122A0470920A8470A20DC
:108D100002210122A0470A20A84717200221012290
:108D2000A0471720A847282002210122A047282079
:108D3000A84707B0BDE8F08FE0440258000402588D
:108D4000FD570008B95A00089D5A0008B0B59AB0FE
:108D50000CAC00251C2120461995CDE91755CDE90D
:108D60001555CDE91355F7F7EBFA01A82C21F7F7C4
:108D7000E7FA3B483B490122032380E82600C0E98B
:108D80000335C0E90555FEF71EFC08B1F8F79CF95C
:108D90004FF4005016A9CDE916053148CDE9185514
:108DA000FEF7C4FD08B1F8F78FF92D48FEF78CFFE8
:108DB00008B1F8F789F9102013A913904FF4801027
:108DC0001490802015902648FEF7A4FB08B1F8F710
:108DD0007BF923484FF44041FEF7E4FB08B1F8F774
:108DE00073F9602014210C9001200D9004F108000B
:108DF000F7F7A6FA1A4821460422FEF707FF08B142
:108E0000F8F762F900200CA908220D901448FEF72B
:108E1000FDFE08B1F8F758F911480CA90C22FEF72D
:108E2000F5FE08B1F8F750F901AC14212046F7F728
:108E300087FA4FF400504FF0007106900020CDE902
:108E40000700CDE909100B9005482146FEF71AFBF3
:108E500008B1F8F739F90248FEF79AFE1AB0B0BD2A
:108E600048D503240000014010B58EB000246846A8
:108E70001C210D94CDE90B44CDE90944CDE907440B
:108E8000F7F75EFA22484FF08041012280E8160091
:108E90008021C0E903248161FEF795FB08B1F8F752
:108EA00013F94FF480500AA90A901948FEF73EFDC5
:108EB00008B1F8F709F91648FEF706FF08B1F8F708
:108EC00003F9102007A90790802009901048FEF7A9
:108ED00021FB08B1F8F7F8F86020694600220090FD
:108EE000012001900020029004900948FEF78EFEB8
:108EF00008B1F8F7E9F8064869460422FEF786FE4D
:108F000008B1F8F7E1F80248FEF742FE0EB010BDD6
:108F100094D5032480B588B00021174844F61F6318
:108F200040F2CF7C0791CDE90511CDE90311CDE9E0
:108F30000111124AC0E90023C0E9021C01618161EC
:108F4000FEF741FB08B1F8F7BFF84FF4805004A9D1
:108F500004900948FEF7EAFC08B1F8F7B5F80020DC
:108F600001A9019003900448FEF7D4FA08B1F8F77C
:108F7000ABF808B080BD00BFE0D50324000400407A
:108F800010B588B0002417484CF24F320794CDE951
:108F90000544CDE90344CDE901441349C0E9001477
:108FA000C0E9024204618461FEF70DFB08B1F8F7E5
:108FB0008BF84FF4005004A9CDE904040948CDE929
:108FC0000644FEF7B3FC08B1F8F77EF8002001A9CB
:108FD000019003900348FEF79DFA08B1F8F774F882
:108FE00008B010BD2CD603240008004080B588B01E
:108FF0000021174840F2CF734CF24F3C0791CDE966
:109000000511CDE90311CDE90111124AC0E9002390
:10901000C0E9021C01618161FEF7D5FA08B1F8F7D9
:1090200053F84FF4805004A904900948FEF77EFCE1
:1090300008B1F8F749F8002001A90190039004480D
:10904000FEF768FA08B1F8F73FF808B080BD00BF36
:1090500078D60324000C004010B5164C16484FF487
:10906000612100220C2384E8070004F11800142178
:10907000C4E903226361F7F763F92046FFF744FA76
:1090800008B1F8F721F80B480021FFF72BF808B1D9
:10909000F8F71AF807480021FEF7FEFF08B1F8F7C5
:1090A00013F80448FEF7DBFF18B1BDE81040F8F7ED
:1090B0000BB810BD58D70324004C004010B5164C17
:1090C00016484FF4E13100220C2384E8070004F134
:1090D00018001421C4E903226361F7F731F920462F
:1090E000FFF712FA08B1F7F7EFFF0B480021FEF780
:1090F000F9FF08B1F7F7E8FF07480021FEF7CCFFBA
:1091000008B1F7F7E1FF0448FEF7A9FF18B1BDE881
:109110001040F7F7D9BF10BDC4D60324001001409A
:10912000FEE7FEE77047000010B5B0B06C4698212E
:1091300004F12800F7F704F9002001900F4900918D
:1091400004210291092103910221CDE90411069124
:10915000C0210791202108914FF44061099101211C
:109160001E9108211F9129902046FDF741F818B162
:10917000EFF3108072B6FEE730B010BD03000800B8
:10918000F8B5DC4F05460C46B86A00F0030003282A
:1091900001D1012076E0386820F080603860FCF76B
:1091A00005FC0646386810F0006F05D0FCF7FEFBA2
:1091B000801B0228F6D962E0B86A29682B1D4FF49B
:1091C0007E46002C20F47C3040EA0130B8620FCBA0
:1091D00006EB412100F2FF1089B26FF35F2040EAF5
:1091E00001004FF4FE0101EB024101F4FE0140EAEF
:1091F00001004FF0FE4101EB036101F0FE4140EA46
:109200000100B863F86A696920F0C00040EA010013
:10921000F862F86AA96920F0200040EA01004FF6E0
:10922000F871F862F86A20F01000F862F86B20EA32
:109230000100E96940EAC100F863F86A40F01000F3
:10924000F86208D04FF40010012C08BF4FF48010D2
:10925000F96A084302E0F86A40F40020F8623868CE
:1092600040F080603860FCF7A1FB0446386810F0DD
:10927000006F06D1FCF79AFB001B0328F6D30320EE
:1092800000E00020C0B201B0F0BD00BFF8B5994FBA
:1092900005460C46B86A00F00300032801D10120FE
:1092A00076E0386820F080503860FCF77FFB064697
:1092B000386810F0005F05D0FCF778FB801B0228AF
:1092C000F6D962E0B86A29682B1D4FF47E46002C5F
:1092D00020F07C7040EA0150B8620FCB06EB4121D0
:1092E00000F2FF1089B26FF35F2040EA01004FF4F3
:1092F000FE0101EB024101F4FE0140EA01004FF0E2
:10930000FE4101EB036101F0FE4140EA01003864D7
:10931000F86A696920F4406040EA0100F862F86A7E
:10932000A96920F4007040EA01004FF6F871F86274
:10933000F86A20F48070F862786C20EA0100E9692C
:1093400040EAC1007864F86A40F48070F86208D09E
:109350004FF08070012C08BF4FF40000F96A0843F9
:1093600002E0F86A40F48000F862386840F080500B
:109370003860FCF71BFB0446386810F0005F06D12C
:10938000FCF714FB001B0328F6D3032000E00020A9
:10939000C0B201B0F0BD00BF7047FCF70BBB0000CE
:1093A000B0B59CB009A84C21F6F7CAFF01A820214E
:1093B000F6F7C6FF0220FCF7BBFB00200090254813
:1093C000016821F001010160006800F001000090D7
:1093D0002148016841F440410160016801F44041C5
:1093E00000910099016811F4005FFBD00220012177
:1093F0004024002509900C9104210D94129013959E
:1094000014913221CDE91510CDE917000C20CDE9DA
:10941000190509A81B95FDF77BFD18B1EFF3108026
:1094200072B6FEE73F20022101900320CDE902053C
:109430000820CDE904044FF480600694CDE90704C8
:1094400001A8FDF771FB18B1EFF3108072B6FEE7CB
:109450001CB0B0BD2C0400581848025823480168BD
:1094600041F4700101602248016801F00F010629F2
:109470009FBF0168072262F30301016010B51D4917
:109480000A6842F001020A6000220A610B681A4C65
:1094900023400B60036813F0080F1FBF0368072405
:1094A00064F3030303608A61CA610A62134B8B622F
:1094B000134BCB62134B0B634A638B63CA630B641E
:1094C0004A640B6823F480230B600A660E4909681E
:1094D000B2EB517FBDE8104002BF0C4901220A6087
:1094E0004FF4005143F2D2024250704788ED00E041
:1094F00000200052004402587FEDF6EA000202020A
:109500000000FF01800201010010005C0881005191
:109510000148FEF79FBA00BFE0D503240148FEF7DB
:1095200099BA00BF78D603240268B0F1804F0ED0FC
:109530002B4B98421CBF2B4B984208D02A4B984289
:109540001CBFC54B984202D0DE4B984203D14B68FA
:1095500022F070021A43B0F1804F1CBF204B98429A
:1095600014D0204B98421CBF1F4B98420ED0D54BB5
:1095700098421CBFD44B984208D0D44B98421CBF91
:10958000D34B984202D0D34B984203D1CB6822F4FC
:1095900040721A434B6922F080021A4302608A68C3
:1095A000C2620A688262C74A90421CBFC64A9042A1
:1095B00008D0C64A90421CBFC54A904202D0C54A54
:1095C000904201D10969016301214161016911F0F2
:1095D000010F1EBF016921F001010161704700BF49
:1095E0000004004000080040000C0040B0B5D0F876
:1095F00020C0026A22F0010202622CF00202D0F8BE
:1096000004E085698C680B6814435E4A2A4042EA8C
:10961000030CAC4A90421CBFAB4A904208D0AB4A04
:1096200090421CBFAA4A904202D0AA4A904206D158
:10963000CB6824F00C0223F0040343EA0204A14A9D
:1096400090421CBFA04A904208D0A04A90421CBF42
:109650009F4A904202D09F4A904206D1D1E9052309
:109660002EF440752A4342EA030EC0F804E0C0F825
:1096700018C0496841630462B0BD00BFB0B5D0F8FE
:1096800020C0036A23F010032CF020020362D0F8FC
:1096900004E083698C680D6842EA0414534A1A4056
:1096A000894B42EA052C40F480629A4201BFCA68A5
:1096B0006FF04F0303EA021224F0C00308BF42EA2E
:1096C0000304804A90421CBF7F4A904208D07F4AE0
:1096D00090421CBF7E4A904202D07E4A904207D1FF
:1096E000D1E905232EF4406545EA820242EA830E61
:1096F000C0F804E0C0F818C0496881630462B0BDD6
:10970000B0B5D0F820C0036A23F480732CF4007243
:109710000362D0F804E0C3698C680D6842EA04244F
:10972000184A1A40684B42EA050C40F480629A429B
:1097300008D1CA6840F2FF4312029A4324F44063FE
:1097400042EA03045F4A90421CBF5F4A904208D03D
:109750005E4A90421CBF5E4A904202D05D4A9042EF
:1097600007D1D1E905232EF4405545EA021242EA19
:10977000031EC0F804E0C0F81CC04968C16304625D
:10978000B0BD00BF8CFFFEFFB0B5D0F820C0036AAB
:1097900023F4805303622CF40053D0F804E0C5692D
:1097A0008A680C6843EA023C104A464B984202EA37
:1097B00005021CBF444B984242EA042208D0434BA6
:1097C00098421CBF424B984202D0424B984204D16F
:1097D0004B692EF4804545EA831EC0F804E0C2615F
:1097E00049680164C0F820C0B0BD00BFFF8CFFFE17
:1097F000B0B5D0F820C0036A23F4803303622CF4A0
:109800000033D0F804E0456D8A680C6843EA024CE6
:10981000104A2C4B984202EA05021CBF2A4B984280
:1098200042EA040208D0294B98421CBF284B9842B8
:1098300002D0284B984204D14B692EF4803545EA7A
:10984000032EC0F804E0426549688165C0F820C075
:10985000B0BD00BF8FFFFEFF00040140B0B5D0F8DF
:1098600020C0036A23F4801303622CF40013D0F8A1
:1098700004E0456D8A680C6843EA025C104A114BAB
:10988000984202EA05021CBF0F4B984242EA0422AA
:1098900008D00E4B98421CBF0D4B984202D00D4B86
:1098A000984204D14B692EF4802545EA832EC0F8F6
:1098B00004E042654968C165C0F820C0B0BD00BF82
:1098C000FF8FFFFE00000140000401400040014006
:1098D0000048014000440140D0F820C0036A23F052
:1098E00001030362836923F0F00343EA02128261F9
:1098F0002CF00A02114301627047D0F820C0036ABD
:1099000023F010030362836923F4704343EA0232B5
:1099100082612CF0A00242EA01110162704700004E
:10992000416ED9B180B502680FF2400C0FF2440EBF
:109930009168C1F3426192681CF801301EF8011071
:10994000520F0901B1FBF3F11CF802301EF802209E
:109950001201B2FBF3F2BDE8804001E001220121D7
:10996000A0F86A20A0F86810704700BF080402043D
:10997000080101010101010307010000816A11F0E2
:10998000080F08D002685368D0F838C023F40043A9
:1099900043EA0C035360CA0708D002685368D0F842
:1099A0002CC023F4003343EA0C0353608A0708D524
:1099B00002685368D0F830C023F4803343EA0C03C4
:1099C00053604A0708D502685368D0F834C023F4BE
:1099D000802343EA0C035360CA0608D502689368E3
:1099E000D0F83CC023F4805343EA0C0393608A060A
:1099F00008D502689368D0F840C023F4005343EAC6
:109A00000C03936080B54A0615D5D0F800E0DEF867
:109A100004C0436C2CF48012B3F5801F42EA0302A9
:109A2000CEF8042007D1DEF80420836C22F4C002B3
:109A30001A43CEF804200906BDE8804058BF70479D
:109A400001684A68C06C22F40022104348607047E5
:109A5000BCB504460020C4F89000FBF7A7FF0546FC
:109A60002068016811F0080F18D027484FF4001142
:109A700000222B460090204600F088FD68B1206847
:109A800050E8000F216820F0800041E80002002A21
:109A9000F5D12020C4F8880025E02068006810F087
:109AA000040F22D018484FF4800100222B4600906A
:109AB000204600F06BFDC0B1206850E8000F21681F
:109AC00020F4907041E80002002AF5D1206850E8A7
:109AD000020F216820F0010041E80202002AF5D1BE
:109AE0002020C4F88C00032007E02020C4F8880060
:109AF000C4F88C000020E06620670021C0B284F822
:109B0000841002B0B0BD00BFFFFFFF01806B0021D9
:109B1000A0F85E10A0F85610FEF70CBB016851E8E3
:109B2000001F026821F4907142E80013002BF5D168
:109B3000016851E8021FAE4A1140026842E8021370
:109B4000002BF5D1C16E012909D1016851E8001F30
:109B5000026821F0100142E80013002BF5D120210A
:109B6000C0F88C100021C16641677047B0F86020D2
:109B7000D0F88C300168222B59D14B6A1A40836D82
:109B800023F8022B8365B0F85E20013AA0F85E202E
:109B9000B0F85E20002A18BF704700E0016851E865
:109BA000001F026821F4907142E80013002BF5D1E8
:109BB000016851E8021F026821F0010142E8021326
:109BC000002BF5D12021C0F88C10002141670167DE
:109BD0000168BB4A91421CBF4A6812F4000F0AD0C8
:109BE00000E0016851E8001F026821F0806142E84E
:109BF0000013002BF5D1C16E012918BFFEF77ABD05
:109C00000021C166016851E8001F026821F01001BF
:109C100042E80013002BF5D10168CA6912F0100F59
:109C20001CBF10220A62B0F85C10FEF733BA8869D4
:109C300040F00800886170472DE9F84F044620681D
:109C4000B4F86050D0F81CB001688268D4F88C3049
:109C5000222B40F0C580B4F8687002F0010601F4D0
:109C600080784FF020094FF0000A95E01BF02000AB
:109C700000F095802068416AA26D294022F8021BFD
:109C8000A265B4F85E100139A4F85E10D0F81CB0DB
:109C90001BF0070F30D0B8F1000F0BD01BF0010103
:109CA0001FBF01210162D4F8901041F0010118BFDB
:109CB000C4F890105EB11BF002011FBF02210162C7
:109CC000D4F8901041F0040118BFC4F890105EB1B0
:109CD0001BF004011FBF04210162D4F8900040F082
:109CE000020018BFC4F89000D4F8900020B12046BC
:109CF000FEF720FAC4F890A0B4F85E0000284BD11B
:109D0000206850E8000F216820F4807041E80002CC
:109D1000002AF5D1206850E8020FD949084021688F
:109D200041E80202002AF5D1C4F88C90C4F874A06E
:109D3000C4F870A02068D34988421CBF416811F460
:109D4000000F0AD000E0206850E8000F216820F0E2
:109D5000806041E80002002AF5D1E06E012818D1A8
:109D6000C4F86CA0206850E8000F216820F01000B3
:109D700041E80002002AF5D12068C16911F0100FF6
:109D80001CBF102101622046B4F85C10FEF782F976
:109D900002E02046FEF7AEFC002F7FF467AFB4F878
:109DA0005E00D8B1B4F86810884228BFBDE8F88FCB
:109DB000206850E8020F216820F0805041E802023C
:109DC000002AF5D109486067206850E8000F216833
:109DD00040F0200041E80002002AF5D1BDE8F88FEC
:109DE000816941F008018161BDE8F88F6D9B000831
:109DF000FEFFFFEFB0F86020D0F88C300168222B16
:109E000059D1496A1140826D1170816D01318165AE
:109E1000B0F85E100139A0F85E10B0F85E100029AD
:109E200018BF7047016851E8001F026821F4907163
:109E300042E80013002BF5D1016851E8021F0268C7
:109E400021F0010142E80213002BF5D12021C0F8D6
:109E50008C1000214167016701688A4A91421CBF4A
:109E60004A6812F4000F0AD000E0016851E8001FB0
:109E7000026821F0806142E80013002BF5D1C16E29
:109E8000012918BFFEF736BC0021C166016851E800
:109E9000001F026821F0100142E80013002BF5D1E9
:109EA0000168CA6912F0100F1CBF10220A62B0F8D4
:109EB0005C10FEF7EFB8886940F0080088617047D1
:109EC000000C00582DE9F84F04462068B4F86050A3
:109ED000D0F81CB001688268D4F88C30222B40F096
:109EE000C780B4F8687002F0010601F480784FF082
:109EF00020094FF0000A97E01BF0200000F0978047
:109F00002068406AA16D28400870A06D0130A065EE
:109F1000B4F85E000138A4F85E002068D0F81CB0E8
:109F20001BF0070F30D0B8F1000F0BD01BF0010170
:109F30001FBF01210162D4F8901041F0010118BF48
:109F4000C4F890105EB11BF002011FBF0221016234
:109F5000D4F8901041F0040118BFC4F890105EB11D
:109F60001BF004011FBF04210162D4F8900040F0EF
:109F7000020018BFC4F89000D4F8900020B1204629
:109F8000FEF7D8F8C4F890A0B4F85E0000284BD1D2
:109F9000206850E8000F216820F4807041E800023A
:109FA000002AF5D1206850E8020F354908402168A1
:109FB00041E80202002AF5D1C4F88C90C4F874A0DC
:109FC000C4F870A02068E44988421CBF416811F4BD
:109FD000000F0AD000E0206850E8000F216820F050
:109FE000806041E80002002AF5D1E06E012818D116
:109FF000C4F86CA0206850E8000F216820F0100021
:10A0000041E80002002AF5D12068C16911F0100F63
:10A010001CBF102101622046B4F85C10FEF73AF82C
:10A0200002E02046FEF766FB002F7FF465AFB4F830
:10A030005E00D8B1B4F86810884228BFBDE8F88F38
:10A04000206850E8020F216820F0805041E80202A9
:10A05000002AF5D109486067206850E8000F2168A0
:10A0600040F0200041E80002002AF5D1BDE8F88F59
:10A07000816941F008018161BDE8F88FF59D000814
:10A08000FEFFFFEF000C00582DE9F04186B00446BA
:10A090002168A068D4E90423E56910430A681843DD
:10A0A000A14B28431A40104308604868E26820F436
:10A0B0004050104348609D48A0F50E368646A06982
:10A0C0009B4FB1421CBF226A10438A68994B1A40C9
:10A0D00010438860C86AD4F824C020F00F0040EA1A
:10A0E0000C00C862944880469448954B994228D009
:10A0F000944B994231D0944B99423AD0934B994228
:10A1000043D0934B994200F04B80924B994200F020
:10A110005280914B994200F05980904B994200F047
:10A1200060808F4B994240F069803B68C3F3C20363
:10A13000052B00F263800127DFE803F0695E6264AB
:10A1400066683A6802F00703052B00F25780002783
:10A15000DFE803F05D5256585A5C3A6802F0070394
:10A16000052B00F24B800027DFE803F051464A4CF4
:10A170004E503A6802F00703052B00F23F8000279B
:10A18000DFE803F0453A3E4042443A6802F00703F4
:10A19000052B33D80027DFE803F03A2F3335373962
:10A1A0003A6802F00703052B28D80027DFE803F000
:10A1B0002F24282A2C2E3A6802F00703052B1DD8DD
:10A1C0000027DFE803F024191D1F21237A6802F01D
:10A1D0000703052B12D80227DFE803F0190E12142B
:10A1E00016183A68C2F3C203052B07D80127DFE827
:10A1F00003F00E0307090B0D042708E0802706E093
:10A20000082704E0102702E0202700E04027B142A1
:10A2100013D00121B5F5004F20D1082F2AD8DFE84F
:10A2200017F009005800000100015B000001000167
:10A2300000016000FCF7A6FD57E0402F30D0042F4E
:10A2400031D0082F34D0102F3CD0202F00F0C18007
:10A25000022F40F0E580FBF791FC2DE0082F14D889
:10A26000DFE807F00580DFDF83DFDFDF8800FCF752
:10A2700089FD83E0102F00F09880202F3AD0402FE6
:10A2800040F0CF804FF4004034E0102F00F0948075
:10A29000202F77D0402F40F0C4804FF4004071E071
:10A2A0004FF4004095E003A8FBF728FD049803E075
:10A2B0006846FBF7CDFD0198002800F0AF80D4F888
:10A2C00024C086E0DEF8000010F0200F7BD140466D
:10A2D0007FE0FCF765FD08E003A8FBF70FFD04989D
:10A2E00003E06846FBF7B4FD0198002800F0968073
:10A2F000D4F824C0584931F81C10B0FBF1F0616863
:10A300004A0802EB40004FF6EF72B0FBF1F0A0F10B
:10A310001001914200F284804FF6F0710140C0F3C9
:10A320004200084378E000BFF369FFCF00440258C1
:10A3300054440258FFF4FF110090D00300093D007F
:10A340000044004000480040004C004000500040E5
:10A3500000780040007C0040000C005800140140D0
:10A3600000100140FCF71CFD08E003A8FBF7C6FC49
:10A37000049803E06846FBF76BFD019800284DD078
:10A38000D4F824C034494FF6EF7231F81C10B0FBFA
:10A39000F1F0616800EB5100B0FBF1F0A0F11001A9
:10A3A00091423DD8216880B237E0DEF8000010F01D
:10A3B000200F42D140469DE7DEF8000010F0200F4C
:10A3C00042D14046DEE7DEF80000C0F3C10028FAC3
:10A3D00000F02149656831F81C2005EB4507012193
:10A3E000B0FBF2F3BB421CD32F03BB4219D80021B0
:10A3F0000023F5F76DFF09022A46002341EA1061A8
:10A40000000210EB550041F10001F5F761FF134A1E
:10A41000A0F54071914203D82168C860002100E096
:10A4200001210120A4F86A00A4F868000020C4E912
:10A430001D00084606B0BDE8F081DEF80000C0F35C
:10A44000C10028FA00F055E7DEF80000C0F3C100B3
:10A4500028FA00F096E700BF78D70008FFFC0F004D
:10A4600081650021A0F85C20A0F85E20416781682A
:10A4700071B1B1F1805F13D0B1F5805F18D101697E
:10A48000FF23002908BF40F2FF13A0F8603012E05C
:10A4900001697F23002908BFFF23A0F860300AE08C
:10A4A00001693F23002908BF7F23A0F8603002E044
:10A4B0000021A0F860100021C0F890102221C0F8FF
:10A4C0008C10016851E8021FD0F800C041F0010172
:10A4D0004CE80213002BF4D1436E8168B3F1005FA6
:10A4E00003D1B0F86830934216D90269B1F5805FA4
:10A4F00003D1CAB12349416703E02249002A4167D9
:10A5000014D0016851E8001F026841F4907142E8DC
:10A510000013002BF5D12FE00269B1F5805F10D157
:10A52000F2B11649416710E017494167016851E8E7
:10A53000001F026841F0200142E80013002BF5D112
:10A540001AE00E49002A41670CD0016851E8001F4B
:10A55000026841F4807142E80013002BF5D101E05C
:10A5600007494167016851E8021F026841F08051C4
:10A5700042E80213002BF5D100207047C59E000869
:10A58000399C0008F59D00086D9B00082DE9F843F3
:10A590000446DDF82090984616460F46206809F1DB
:10A5A0000105C1693940C91BB1FA81F14909B142BC
:10A5B0002AD1002DF5D0FBF7F9F90321B9F1000FED
:10A5C00023D0A0EB080048451FD82068016811F08F
:10A5D000040FE6D0402F18BF802FE2D0C16911F0E0
:10A5E000080F16D1C16911F4006FDAD04FF4006181
:10A5F00001622046FFF792FA20200321C4F8900060
:10A60000002084F8840000E00021C8B201B0BDE859
:10A61000F083082505622046FFF780FA0020C4F881
:10A620009050012184F88400EFE700000148FDF715
:10A6300083BD00BFC4D60324FEE700000000000075
:10A6400090ED000A9FED121B0022B8EEC00BB0EE99
:10A65000402B0CE000EB8203013293ED003AB8EEA0
:10A66000C33B82FE432B80FE030B31EE031B8A4269
:10A67000F0DB31EE421B881E31EE400B01EE100A7A
:10A68000B8EEC11B80EE010B704700BF00BF00BFDA
:10A690000000000000000000B0B5DFF8E8CDDFF8F2
:10A6A00038ED0022002400230AE00CEB4205B5F946
:10A6B00060592B440EEB42050132B5F960592C4428
:10A6C0001BB224B2C82AF0D102886FF0C70C94FBE9
:10A6D000FCF422448032028093FBFCF00A88104490
:10A6E00080300880B0BD00BF2DE9F8432DED086B28
:10A6F000DFF89C8B9FED268BDFF8989B0024BFEE44
:10A70000009B3BE000EE100AB8EEC00B01F08CFE9F
:10A71000002280EE080B214607E001F0010230EE36
:10A72000090BC1F34E0160F34F02B5EEC00B90B2BE
:10A73000F1EE10FAF1DCB8421FD909EB07113F0125
:10A740000D1D2CCD59F80760CDE90235CDE9006229
:10A7500009EB00120001D2E901C6D56859F80030B2
:10A7600049F80730C1E901C6CD609DE88A00039E23
:10A7700049F80010C2E90137D6600134D8F800006A
:10A78000A7B2B842BEDCBDEC086B01B0BDE8F083F7
:10A79000EF39FAFE422EE63FC0F5C070B7EE080B67
:10A7A00001EE100AB8EEC11B81EE000BBCEEC00B2F
:10A7B00010EE100A00F078BFC0F5C070B7EE080BBD
:10A7C00001EE100AB8EEC11B81EE000BBCEEC00B0F
:10A7D00010EE100A00F090BFB0B52DED0A8B684C5A
:10A7E0006849694B60688A6843F820204A69674B6A
:10A7F000896943F82020664A42F8201001306060E1
:10A80000B0F5C87F216801F10101216004BF00207B
:10A8100060604FF4C8715C48FFF712FF9FED4A9BE0
:10A820009FED4B8B9FED4C2BBDEEC01B9FED4C3B2A
:10A83000584D9FED4DAB58A0B8EEC11BBDEEC00BFF
:10A8400021EE091B85ED150A01EE082B82FE031B84
:10A8500021EE0A0B85ED1C1B53EC102B01F064FD5F
:10A860002068C82808D195ED1C0B4FA020EE0A0BDC
:10A8700053EC102B01F058FD45484FF4C871FFF719
:10A88000DFFEBDEEC01B9FED3ABBB9EE0CABB0EEE8
:10A8900008CB4AA0B8EEC11BBDEEC00B21EE091BD0
:10A8A00085ED150A21EE081B21EE0A2B85ED1C1BF8
:10A8B00082EE0C2B22EE0B0B53EC102B01F034FD2F
:10A8C0002068C82810D19FED2C0B95ED1C1B3EA0D5
:10A8D00031EE000B20EE0A0B80EE0C0B20EE0B0B82
:10A8E00053EC102B01F020FD28484FF4C871FFF7FE
:10A8F000A7FEBDEEC01B39A0B8EEC11BBDEEC00B5C
:10A9000021EE091BB1EE009B85ED150A21EE081B17
:10A9100021EE090B85ED1C1B53EC102B01F004FDFF
:10A920002068C8280DD195ED1C0B30A020EE090B36
:10A9300053EC102B01F0F8FC2068C82804BF00205D
:10A940002060BDEC0A8BB0BD000000000000F03EAE
:10A950006666666666660A409A999999999989BF6A
:10A960000000000000000000000000000040AF40B8
:10A970000000000000408F40CDCCCCCCCCCC08C037
:10A980008804002408060024E01D0024202400245C
:10A99000A0170024100000244C4344593D252E32BA
:10A9A00066FFFFFF000000007435342E7478743D9C
:10A9B00022252E30666D4122FFFFFF0048544A3D9C
:10A9C000252E3166FFFFFF007435362E7478743DF6
:10A9D00022252E30666D5422FFFFFF00535046445F
:10A9E0003D252E3266FFFFFF000000007435352E36
:10A9F0007478743D22252E32665622FFFFFF000038
:10AA00002DE9F843DFF85816DFF85826DFF85836F6
:10AA1000DFF858564EF660204FF0800CB7EE040B6E
:10AA200046E01F8807F180060CEB1727FFB2F4B24F
:10AA3000E52FC5E90C4701D9E52702E0192F01D818
:10AA400019276F63803FE52C01EE107AB8EEC11B29
:10AA500021EE001BBDEEC11B11EE107A07F180073D
:10AA60004FEAE77607EB166606F47F46A7EB060784
:10AA7000178001D9E52402E0192C01D819242C6390
:10AA8000A4F1800702330232013801EE107AB8EEE9
:10AA9000C11B21EE001BBDEEC11B11EE107A8037E9
:10AAA000FE1707EB166626F0FF06BF1B21F8027B98
:10AAB0000028B6D1DFF8A8E5DFF8A885002041F22C
:10AAC000707C4FF00A094246714632E000260027AA
:10AAD0000023C5E90C6608E032F91340264431F939
:10AAE000134001336E6327442F630A2BF4D196FB86
:10AAF000F9F697FBF9F328F8106036042EF81030B9
:10AB0000B6F57F0F01DDFF2603E0B6F1FF3F02DC63
:10AB1000002628F810601BB2FF2B01DDFF2303E0A5
:10AB2000B3F1FF3F02DC00232EF810301432143151
:10AB300001306045CAD1687A0138042800F2B28039
:10AB4000DFE800F0032C547CA5002878B5F9161036
:10AB500040F2DB5340F6B7344FF0000C4FF0010EDB
:10AB60000844DFF8001501F6B83240F2FA5110E05F
:10AB7000B2F90060B04204DCB2F93C60B04200F3CC
:10AB80008A801BB985F80BC085F80DE00232013BC5
:10AB90000131A1F11E07A742EAD976E02878B5F97C
:10ABA000161040F2DB5340F6B7344FF0000C4FF074
:10ABB000010E0844DFF8AC1401F6B83240F2FA5145
:10ABC0000FE0B2F90060B04203DBB2F93C60B04282
:10ABD00061DB1BB985F80BC085F80DE00232013B43
:10ABE0000131A1F11E07A742EBD94EE02878B5F953
:10ABF000161040F2645240F2716340F6B7344FF0E1
:10AC0000000C4FF0010E0844DFF8541401F68C21BB
:10AC10000FE0B1F90060B04203DAB1F93C60B04234
:10AC20003CDA1BB985F80BC085F80DE00231013B19
:10AC30000132A2F11E07A742EBD926E02878B5F928
:10AC4000161040F2645240F2716340F6B7344FF090
:10AC5000000C4FF0010E0844DFF8041401F68C21BB
:10AC60000FE0B1F90060B04203DDB1F93C60B042E1
:10AC700014DD1BB985F80BC085F80DE00231013BEE
:10AC80000132A2F11E07A742EBD9EF840AE040F29D
:10AC9000DC50A88206E0EF84A98201E0EF84AF8255
:10ACA0000120E8726878002800F08680A86B0028F0
:10ACB00040F08280A87A022828D0012854D00028A9
:10ACC0007AD10120A8730FF2A83001F02DFB3220B9
:10ACD000F8F75AF9288CA98ADFF8886340F28A24A9
:10ACE000081A0021E88429850CE0DC4980B206EBD3
:10ACF0004000405E02F082FC288D411C2985E88CD2
:10AD00000130E88489B2A142EFD952E0E87A012803
:10AD100004BF687B01284FD1E87B012800F09C81AB
:10AD200040F20110E881D2A001F0FEFA3220F8F7DB
:10AD30002BF9288CA98ACB4E40F28A24081A0021CC
:10AD4000E88429850CE0D04980B206EB4000405EE3
:10AD500002F054FC288D411C2985E88C0130E884E0
:10AD600089B2A142EFD924E0E87A012824D1012058
:10AD7000A873BFA001F0D8FA3220F8F705F9288CA3
:10AD8000A98AB84E40F28A24081A0021E88429854D
:10AD90000CE0BD4980B206EB4000405E02F02EFCA4
:10ADA000288D411C2985E88C0130E88489B2A142B4
:10ADB000EFD9B3A001F0B8FA3220F8F7E5F8A87897
:10ADC000002800F08680A86B002840F08280A87AD6
:10ADD000022826D0012854D000287AD101202874D6
:10ADE000AAA001F0A1FA4620F8F7CEF8288CA98A8B
:10ADF0009B4E40F28A24081A0021E88429850CE041
:10AE0000A14980B206EB4000405E02F0F7FB288DBE
:10AE1000411C2985E88C0130E88489B2A142EFD930
:10AE200054E0E87A012804BF687B012851D1687C8E
:10AE3000012808BFBDE8F8830120002468746C7302
:10AE4000287492A001F070FA3220F8F79DF8288C4F
:10AE5000A98A834F40F28A26081AE8842C850CE0E0
:10AE6000894980B207EB4000405E02F0C7FB288DA5
:10AE7000441C2C85E88C0130E884A1B2B142EFD9A2
:10AE800024E0E87A012824D1012028747FA001F071
:10AE90004BFA3220F8F778F8288CA98A704E40F2E5
:10AEA0008A24081A0021E88429850CE0764980B2BA
:10AEB00006EB4000405E02F0A1FB288D411C298575
:10AEC000E88C0130E88489B2A142EFD96CA001F08E
:10AED0002BFA0520F8F758F8E878002800F0A7804A
:10AEE000A87A022830D001286AD0002840F09F803C
:10AEF000A88A298CDFF868815A4E40F2811771A424
:10AF000008440021E88429851AE05F4980B201EBFA
:10AF1000400038F90010305E01EB410100EB4000C9
:10AF200001EBD17100EBD070A7EB6102411020461C
:10AF300001F0FAF9288D411C2985E88C0130E8845C
:10AF400089B26329E1D969E0E87A012804BF687B06
:10AF500001286CD1002751A06F7301F0E5F956A0CC
:10AF600001F0E2F9A88A298CDFF8F4803D4E40F226
:10AF7000811954A40844E8842F851AE0424980B21C
:10AF800001EB400038F90010305E01EB410100EBAD
:10AF9000400001EBD17100EBD070A9EB61024110D0
:10AFA000204601F0C1F9288D471C2F85E88C01301F
:10AFB000E884B9B26329E1D96420F7F7E5FF36E008
:10AFC000E87A012833D1A88A298CDFF89480254EAD
:10AFD00040F281173BA408440021E88429851AE047
:10AFE000294980B201EB400038F90010305E01EBD6
:10AFF000410100EB400001EBD17100EBD070A7EBF9
:10B0000061024110204601F08FF9288D411C2985ED
:10B01000E88C0130E88489B26329E1D96420F7F72C
:10B02000B3FF1EA001F080F923A001F07DF928797B
:10B0300010B1E87900F058F8284C00212046FCF7C0
:10B0400075FE20460421FCF771FE25482549064A75
:10B050004EF66023F7F768FEBDE8F88376FDFFFF44
:10B0600020FF0124602A0024ECD7032410000024D0
:10B070006164647420312C302C363531FFFFFF00C1
:10B0800001FFFFFF0000000076FDFFFF61646474B4
:10B0900020312C312C363531FFFFFF0066696C6C96
:10B0A00020302C302C3635312C3338352C424C4165
:10B0B000434BFFFFFF0000007265662031FFFFFF7A
:10B0C0000000000066696C6C2025642C25642C311E
:10B0D0002C312C524544FFFFFF00000094D503247F
:10B0E00010050024100C025829494FF40072002862
:10B0F0000A602849284AB1F90010B2F900201BD093
:10B10000881826490022002301EB40002449A0F2C0
:10B110008A2C08310CE03CF913000133803800EE32
:10B12000100AB8EEC00B01ED020BC1E9002210318C
:10B13000B3F5007FEFD11AE088181A4900220023E6
:10B1400001EB40001649A0F28A2C08310CE03CF9D2
:10B1500013000133803800EE100AB8EEC00B01ED89
:10B16000020BC1E900221031B3F5007FEFD180B5A9
:10B1700001F098F800F01CF800F0E8FA9FED0A0AD8
:10B180004FF4807002210122BDE88040F5F7A0BF96
:10B1900098000024300000242400002420FF012413
:10B1A000C0AC0524602A00244260653C0000000019
:10B1B0002DE9F84F2DED067BFFF796FA34489FED09
:10B1C000328B0024006846E00120DFF8DCB54FF048
:10B1D000000A019400FA04F12D484FEA411C0B01CA
:10B1E0004FEA410ED0E9000631E000225D464FF003
:10B1F000000828E002EBD279EC18024408F10108BB
:10B200004FEA690794EC040B97FBF1F706EB07177D
:10B21000B7EC042B95EC044B20EE026B20EE030BF5
:10B2200001EE436B01EE020B35EE002B34EE061BF4
:10B2300034EE463B35EE400B85EC041B84ED003BC1
:10B2400084ED020B10358845D4DBE344F24482459B
:10B25000CBDB019C013400EE100A01EE104AB8EE7F
:10B26000C00BB8EEC19B01F0DFF880EE080BB4EE26
:10B27000C90BF1EE10FAA7DCBDEC067B01B0BDE80E
:10B28000F08F00BF00BF00BFEF39FAFE422EE63F4D
:10B2900098000024C0AC0524DFF83CC10020002247
:10B2A000B0F5487F04BFD0B270470CEB4003D1B279
:10B2B0000130B3F960398B42C8BF1A46F0E700BFCE
:10B2C000DFF8C0C100200022B0F5487F04BFD0B233
:10B2D00070470CEB4003D1B20130B3F960398B42B7
:10B2E000C8BF1A46F0E700BFDFF8ECC0FF2000211E
:10B2F000B1F5487F04BFC0B270470CEB4103C2B246
:10B300000131B3F960399342B8BF1846F0E700BF86
:10B31000DFF870C1FF200021B1F5487F04BFC0B243
:10B3200070470CEB4103C2B20131B3F9603993426B
:10B33000B8BF1846F0E700BF2DE9F047DFF848C175
:10B34000DFF848A1244A4FF0000E40F6B73840F627
:10B350008B29002614E09CF80040BAF900502C44D8
:10B3600002EB4605B5F958329C4203DBB5F95C3275
:10B370009C420ADB4E4506F1010608BFA0F800E03A
:10B3800006F596774745E6DD00E00780B0F9004016
:10B3900040F6B73E40F6B2394FF0000805E04C45A4
:10B3A00004F1010408BFA0F80080671D7745C8BFFD
:10B3B000BDE8F0879CF80030BAF90050EE1802EBB7
:10B3C0004405B5F90A309E42E9DBB5F90E309E42DC
:10B3D000E5DA0F80BDE8F087602A00242DE9F04708
:10B3E000274C284ADFF8A0C0DFF8A0E040F2DC5389
:10B3F00040F6B73A4FF0000941F2967814E09CF815
:10B400000070BEF9005032F913602F44B74204DBDC
:10B41000151935F90850AF4209DB1CB9A1F80090A5
:10B42000A0F80090023401335345E8DD00E00380CA
:10B43000B0F9003040F6B73A40F6B2384FF00009A4
:10B4400007E0434503F1010304BFA1F80090A0F811
:10B4500000905F1D5745C8BFBDE8F0879CF80050BD
:10B46000BEF90060354402EB4306B6F90A40A54236
:10B47000E7DBB6F93240A542E3DA0F80BDE8F0879A
:10B480004AF4FFFF20FF01241000002426000024BE
:10B490000349C2B2CA600A6812F0400FFBD070477D
:10B4A0001C4C004080B5FAF78BFAFDF779FFFDF7E9
:10B4B0003BFEFDF78FFBFDF73BFBFDF7E7FAFDF7E2
:10B4C00029FDFDF7FBFDFDF707FBFDF7E7F9FDF7AC
:10B4D000C3FDFDF78FFAFDF739FCFDF7C5FCFDF75D
:10B4E0004FFDFDF783FDFDF709F9FEE700000000C1
:10B4F0006B4A6C4B081A9FED0A0B9FED0B1B1278E1
:10B5000053F82220504302EE100AB8EE422B82EE8E
:10B51000000B80EE010BB7EEC00B704700BF00BF01
:10B5200000000000000049400000000080842E411F
:10B530005B4A5C4B081A9FED0A0B9FED0B1B1278C0
:10B5400053F82220504302EE100AB8EE422B82EE4E
:10B55000000B80EE010BB7EEC00B704700BF00BFC1
:10B5600000000000000049400000000000408F4043
:10B5700080B5FFF7BDFF9FED021A81EE000A80BD86
:10B5800000007A440000000045491B4A9FED080B6B
:10B59000097852F82110484301EE100AB8EE411B19
:10B5A00081EE000BB7EEC00B704700BF00BF00BFBD
:10B5B000000000000000494039490F4A9FED0A0B86
:10B5C0009FED0B1B097852F82110484302EE100A38
:10B5D000B8EE422B82EE000B80EE010BB7EEC00BF3
:10B5E000704700BF00BF00BF0000000000004940DE
:10B5F0000000000000408F40BC00002480B5FFF731
:10B6000097FF9FED021A81EE000A80BD00007A4488
:10B610002349244A01EE100A9FED0B2B9FED0C3BB2
:10B62000097802EB810191ED000AB8EEC11AB8EE7B
:10B63000400A21EE000AB7EEC00A80EE020B80EE4F
:10B64000030BB7EEC00B704700000000000049403C
:10B650000000000080842E411149124A01EE100AB8
:10B660009FED0B2B9FED0C3B097802EB810191EDD7
:10B67000000AB8EEC11AB8EE400A21EE000AB7EE91
:10B68000C00A80EE020B80EE030BB7EEC00B7047D2
:10B6900000000000000049400000000000408F4012
:10B6A0001800002414010024022904D0012918BF25
:10B6B0007047244900E022490978234A80389FEDE9
:10B6C0000A0B9FED0B1B32F81110484302EE100AD3
:10B6D000B8EEC22B82EE000B20EE010BB7EEC00BD2
:10B6E000704700BF00BF00BF0000000000408F4057
:10B6F000000000000000A03F022904D0012918BF6B
:10B700007047104900E00E4909780F4A9FED080B79
:10B710009FED091B32F81110484302EE100AB8EEF3
:10B72000C22B82EE000B20EE010BB7EEC00B704770
:10B730000000000000408F40000000000000A03F1B
:10B7400069010024680100246A010024F8B52DED88
:10B75000028B1548154E164F002500F108041CE019
:10B7600094ED001B14ED020B21EE018B00EE008B1B
:10B77000B0EE480B00F0C4FFB4EE400BF1EE10FA4F
:10B7800003D0B0EE480B00F0BBFFBDEEC00B103491
:10B7900010EE100A47F82500013530688542DFDBDE
:10B7A000BDEC028B01B0F0BDC0AC052498000024B4
:10B7B0009C07002470B52DED048BDFF8C8670020CE
:10B7C000B0733074B6F92000FFF746FF9FEDC59ABD
:10B7D000308CB4EEC90A00B2F1EE10FA06DDFFF7C4
:10B7E00017FFB7EEC00A0FF2DC7021E0FFF734FF5D
:10B7F000B6F92000B0EE408AFFF72EFFB5EEC08A02
:10B80000F1EE10FA10DA9FEDB81A308CB4EEC10ADE
:10B8100000B2F1EE10FA80F2B580FFF7F9FEB7EE54
:10B82000C00A0FF28C7003E0B7EEC00A0FF2587036
:10B8300053EC102B00F078FDF079AC4C30B3B08CA9
:10B840000221803080B2FFF72FFFB08C0221B0EED2
:10B85000408A803080B2FFF727FFB5EEC08AB7EE8E
:10B86000C00AF1EE10FA53EC102BACBF0FF2687067
:10B870000FF2787000F058FDB07978B30FF2807055
:10B8800000F052FD20464FF4006125E0708C01214C
:10B89000803080B2FFF708FF708C0121B0EE408A43
:10B8A000803080B2FFF700FFB5EEC08AB7EEC00A65
:10B8B000F1EE10FA53EC102BACBF0FF21C700FF22C
:10B8C0002C7000F031FD707980B10FF2347000F00F
:10B8D0002BFD20464FF4806100220FE00FF2307004
:10B8E00000F022FD20464FF4006106E00FF22070C8
:10B8F00000F01AFD20464FF480610122FAF74BF860
:10B90000F08AF1798030002980B207D00221FFF758
:10B91000CBFEF08AB0EE408A022106E00121FFF75B
:10B92000C3FEF08AB0EE408A0121803080B2FFF77A
:10B93000BBFEB5EEC08AB7EEC00AF1EE10FA53ECCA
:10B94000102BACBFDFF8D806DFF8D80600F0ECFC0F
:10B95000307A112800F2D680DFE800F00925303B6C
:10B9600046515B656F79838D97A0A9B2BBCADFF89A
:10B97000400700F0D9FC3079002800F0C380DFF8E0
:10B980003407BDE0FFF768FEB5EEC00AF1EE10FA2D
:10B99000BFF652AFB6F92000FFF75EFEB7EEC00A61
:10B9A0000FF2F85044E7DFF8000700F0BDFC3079F3
:10B9B000002800F0A780DFF8F406A1E0DFF8E00639
:10B9C00000F0B2FC3079002800F09C80DFF8D4064B
:10B9D00096E0DFF8C40600F0A7FC3079002800F0FC
:10B9E0009180DFF8B8068BE0DFF8A40600F09CFC3D
:10B9F0003079002800F08680DFF8980680E0DFF8D4
:10BA0000880600F091FC307900287BD0DFF87C06B6
:10BA100076E0DFF86C0600F087FC3079002871D002
:10BA2000DFF860066CE0DFF8500600F07DFC30794E
:10BA3000002867D0DFF8440662E0DFF8340600F043
:10BA400073FC307900285DD0DFF8280658E0DFF875
:10BA5000180600F069FC3079002853D0DFF80C0696
:10BA60004EE0DFF8FC0500F05FFC3079002849D09B
:10BA7000DFF8F00544E0DFF8E00500F055FC307930
:10BA800000283FD0DFF8D4053AE0DFF8C40500F025
:10BA90004BFC3079B0B3DFF8BC0531E0DFF8A80526
:10BAA00000F042FC307968B3DFF8A00528E0DFF849
:10BAB000900500F039FC307920B3DFF888051FE0ED
:10BAC000DFF8740500F030FC3079D8B1DFF86C0590
:10BAD00016E0DFF85C0500F027FC307990B1DFF864
:10BAE00054050DE000007A4400007AC400080258B2
:10BAF000DFF8340500F018FC307918B1DFF82C05B8
:10BB000000F012FC307B01284CD1DFF81406DFF87E
:10BB1000AC45A047DFF80C06A047DFF80C06A047AD
:10BB2000DFF80806A047DFF80806A047DFF804069C
:10BB3000A047DFF80406A047DFF80006A047DFF8BB
:10BB40000006A047DFF8FC05A047DFF8FC05A0478A
:10BB5000DFF8F805A047DFF8F805A047DFF8F4059F
:10BB6000A047DFF8F405A047DFF8F005A047DFF8AD
:10BB7000F005A047DFF8EC05A047DFF8EC05A0478B
:10BB8000DFF8E805A047DFF8E805A047DFF8E4059F
:10BB9000A047DFF8E405A047DFF8E005A047DFF89D
:10BBA000E0054BE0DFF81005DFF81045A047DFF8AF
:10BBB0001005A047DFF80C05A047DFF80C05A047EB
:10BBC000DFF80805A047DFF80805A047DFF80405FF
:10BBD000A047DFF80405A047DFF80005A047DFF81D
:10BBE0000005A047DFF8FC04A047DFF8FC04A047ED
:10BBF000DFF8F804A047DFF8F804A047DFF8F40402
:10BC0000A047DFF8F404A047DFF8F004A047DFF80E
:10BC1000F004A047DFF8EC04A047DFF8EC04A047ED
:10BC2000DFF8E804A047DFF8E804A047DFF8E40401
:10BC3000A047DFF8E404A047DFF8E004A047DFF8FE
:10BC40004405DFF87844A047DFF83C05A047DFF85B
:10BC50003C05A047DFF83805A047DFF83805A047C6
:10BC6000DFF83405A047B08B0121FEF795FDB08BBE
:10BC70000121B0EE408AFEF78FFDB5EEC08AB7EE27
:10BC8000C00AF1EE10FA53EC102BACBFDFF80C0534
:10BC9000DFF80C0500F048FBF08B0221FEF77CFD7D
:10BCA000F08B0221B0EE408AFEF776FDB5EEC08A39
:10BCB000B7EEC00AF1EE10FA53EC102BACBFDFF870
:10BCC000E404DFF8E40400F02FFB307908B3DFF878
:10BCD000DC04A047DFF8D804A047DFF8D804A04769
:10BCE000DFF8D404A047B08B0121FEF765FDDFF833
:10BCF000AC04B7EEC00A53EC102BA047F08B022126
:10BD0000FEF75AFDDFF89C04B7EEC00A53EC102B87
:10BD1000A047B6F91800FFF79FFC308BB4EEC90AB4
:10BD2000F1EE10FA00B204DDFFF772FCDFF89004C8
:10BD300003E0FFF791FCDFF88404B7EEC00A53EC90
:10BD4000102B00F0F1FAB6F91A00FFF785FC708BA2
:10BD5000B4EEC90AF1EE10FA00B204DDFFF758FCA8
:10BD6000DFF8640403E0FFF777FCDFF85804B7EE70
:10BD7000C00A53EC102B00F0D7FA307998B3B6F91B
:10BD80001800FFF701FC308BB4EEC90AF1EE10FA8F
:10BD900000B204DAFFF7F8FBDFF8340403E0FFF742
:10BDA0000BFCDFF82804B7EEC00A53EC102B00F0B0
:10BDB000BBFAB6F91A00FFF7E7FB708BB4EEC90ABD
:10BDC000F1EE10FA00B204DAFFF7DEFBDFF8080448
:10BDD00003E0FFF7F1FBDFF8FC03B7EEC00A53EC1A
:10BDE000102B00F0A1FA06F12A0406F12C052046DA
:10BDF0002946FFF7A1FAB6F92A00B6F92C10FFF789
:10BE000097FBB18D708DB4EEC90AF1EE10FA00B255
:10BE100009B203DAFFF78CFBF14802E0FFF768FB99
:10BE2000EE48B7EEC00A53EC102B00F07DFAB6F9DD
:10BE30002A00B6F92C10FFF7E1FBB18D708DB4EE3E
:10BE4000C90AF1EE10FA00B209B203DAFFF7D6FB25
:10BE5000E54802E0FFF78CFBE248B7EEC00A53EC7E
:10BE6000102B00F061FA20462946FFF7B7FAB6F921
:10BE70002A00B6F92C10FFF75BFBB18D708DB4EE84
:10BE8000C90AF1EE10FA00B209B203DAFFF750FB6B
:10BE9000D74802E0FFF72CFBD448B7EEC00A53ECBA
:10BEA000102B00F041FAB6F92A00B6F92C10FFF772
:10BEB000A5FBB18D708DB4EEC90AF1EE10FA00B297
:10BEC00009B203DAFFF79AFBCB4802E0FFF750FB19
:10BED000C848B7EEC00A53EC102B00F025FAFFF764
:10BEE000DBF9C64C0121A04786ED0F0AFFF7FCF9EC
:10BEF0000121A04786ED100AFFF7E2F90221A047D1
:10BF000086ED110AFFF704FA0221A04786ED120A16
:10BF1000BB4896ED0F1A96ED102A96ED133A01687C
:10BF200031EE421A33EE011A86ED131A96ED112AFC
:10BF300096ED143A01311429016032EE400A33EED5
:10BF4000000A86ED140A19D10024B3EE048A0460B5
:10BF5000AC4881EE080AB7EEC00A53EC102B00F093
:10BF6000E3F996ED140AA84880EE080AB7EEC00A75
:10BF700053EC102B00F0D8F9C6E91344BDEC048B48
:10BF800070BD00BF1000002474372E7478743D22F9
:10BF90002B252E3266757322FFFFFF0074372E7437
:10BFA00078743D22252E3266757322FFFFFF000054
:10BFB00074372E7478743D22252E32666D7322FFFD
:10BFC000FFFF000074372E7478743D222B252E322B
:10BFD000666D7322FFFFFF0074392E7478743D2262
:10BFE0002B252E32665622FFFFFF000074392E7477
:10BFF00078743D22252E32665622FFFFFF00000096
:10C000007431332E7478743D22414322FFFFFF00C8
:10C010007431332E7478743D22444322FFFFFF00B5
:10C02000EFD7000890D700083DD8000832DA0008A2
:10C030002BD8000845DA000871D800080FDA00088C
:10C0400060D8000856DA00084FD8000820DA000847
:10C05000A2D80008FDD9000892D80008EADA000842
:10C0600082D80008B1DA000838D90008A0DA000840
:10C0700026D90008C4DA000814D90008D8DA000864
:10C080006CD900087BDA00085BD90008FEDA0008EA
:10C090004AD900088DDA00089DD9000868DA00083E
:10C0A0008DD9000889DB00087DD9000876DB0008FF
:10C0B00002D9000865DB0008C1DE000829C30008BA
:10C0C000E8DE00080FDF0008CADD0008E4DD000834
:10C0D0000BDE000832DE000859DE000880DE0008B2
:10C0E000A7DE0008CEDE0008F5DE00081CDF000831
:10C0F000D7DD0008F1DD000818DE00083FDE00088B
:10C100007CDD0008A3DD00089FDC0008C6DC000819
:10C11000EDDC000807DD00082EDD000855DD000815
:10C1200062DD000889DD0008B0DD00086BDC000876
:10C1300085DC0008ACDC0008D3DC0008FADC000871
:10C1400021DD000848DD00086FDD000896DD0008ED
:10C15000BDDD000878DC000892DC0008B9DC0008CE
:10C16000E0DC0008DBDE000802DF0008FEDD00087E
:10C1700025DE00084CDE000866DE00088DDE0008C3
:10C18000B4DE0008EDDB00082CDC000817DC00083A
:10C1900056DC000873DE00089ADE000803D80008A9
:10C1A000A3D7000817D80008B6D7000814DD000888
:10C1B0003BDD000802DC000841DC0008ADD90008C6
:10C1C000B2D80008C1D90008C6D8000811DB0008A1
:10C1D0009DDB000826DB0008B1DB0008DAD8000888
:10C1E000D5D90008D9DB000850DB0008EED80008DC
:10C1F000E9D90008C5DB00083BDB0008A9B6000848
:10C20000B0AC0524C9D70008DCD700080000000046
:10C210009FED0B0B9FED0C1B9FED0D2B03EE100AFA
:10C220001F4800210822B8EEC33B03EE001B21EE9D
:10C23000020BBCEEC00B10EE103AF5F709BE00BFC2
:10C24000FCA9F1D24D62703FCDCCCCCCCCCCF43F2C
:10C25000D245175D745153409FED0B0B9FED0C1BA6
:10C260009FED0D2B03EE100A0D4810210822B8EEA9
:10C27000C33B03EE001B21EE020BBCEEC00B10EE25
:10C28000103AF5F7E5BD00BFFCA9F1D24D62703F51
:10C29000CDCCCCCCCCCCF43FD245175D74515340BF
:10C2A000B8D40324F8B52DED028B1E4C2768380155
:10C2B00001F06EF90025082660602CE094ED020B79
:10C2C00001EE107A02EE105AB8EEC11BB8EEC28B26
:10C2D00030EE000B80EE010B20EE080B00F04CF866
:10C2E0006068304400ED020B94ED021B94ED000AEF
:10C2F000B8EEC00B31EE011B81EE000B20EE080BF7
:10C3000000F0A6F96068B1EE400B013530441036FC
:10C3100080ED000B2768BD42D0DBBDEC028B01B085
:10C32000F0BD00BF980000240FB4054B10B503A961
:10C33000044A029800F088FD10BC5DF814FB000070
:10C3400091B400080000002403B401984100009853
:10C3500050EAC12018BF04204A0D18BF40F0010068
:10C3600040F2FF72B2EB515F08BF40F002000128BB
:10C3700008BF052002B0704710B529499FED261B64
:10C380002DED020B84B0059820F000408842D8BF04
:10C390009DED040B2DDD2349884209D1049840B955
:10C3A0004FF0010000F088FC00F05EFC06B010BD0C
:10C3B00005DB9DED040B30EE000B06B010BD6846AA
:10C3C0009DED040B00F0D0F910F0030004BF9DEDCB
:10C3D000021B9DED000B0CD001280ED09DED021B21
:10C3E0009DED000B022810D0012000F0DDFB06B00F
:10C3F00010BD00F03DFB06B010BD9DED021B9DED94
:10C40000000B012000F0D0FB01E000F031FBB1EEA9
:10C41000400B06B010BD000000000000000000004E
:10C42000FB21E93F0000F07F70B5DFF8DCC100229E
:10C430002DED020B2DED108BDDE91010604505DAB6
:10C4400020F00043634501D809D141B19DED100BA7
:10C45000BDEC108B02B0BDE8704000F001BCB0F53F
:10C46000801F24DA19430BD0002814DA012000F0D1
:10C4700023FCBDEC108B02B0BDE8704000F0F4BBB3
:10C48000022000F019FC00F0DFFBB1EE400BBDEC28
:10C49000108B02B070BD9DED100B6FF035029FED5B
:10C4A0005C1B20EE010B10EE900A8DED100B02EBE1
:10C4B0002051A1F2FF325849C0F31300014401F4A6
:10C4C000801181F07F6383F04053034311939DED0E
:10C4D000100B02EB2154B7EE001B30EE418B811C98
:10C4E000C1F313019FED4EBB9FED4FCB032931D21A
:10C4F0004F48784490ED000BB4EE408BF1EE10FA0B
:10C500000ED1002C02BFBDEC108B02B070BD00EE4E
:10C51000104AB8EEC01B21EE0B0B01EE0C0BB6E778
:10C5200028EE081B9FED442BB6EE000B08EE420BE5
:10C5300021EE000B002C08BF38EE400BA7D001EE17
:10C54000104AB8EEC11B01EE4C0B30EE480B11EE59
:10C550000B0B9CE7B0EE000B38EE000B88EE009B57
:10C5600000EE104AB8EEC0AB29EE09DB344945189D
:10C570002DEE0DEBC0F1510606F5D726B0EE4E0BB1
:10C5800030480321784400F0D5FA20EE0EFBB0EEDF
:10C590004E0B2D480421784400F0CCFA20EE0D0B10
:10C5A00045EA060030EE0F1B00281ADDB6EE000B40
:10C5B00028EE000B20EE080B002C30EE011B04BF10
:10C5C00009EE410B38EE400B3FF461AF21EE091B41
:10C5D0000AEE0C1B30EE410B30EE480B1AEE0B0B43
:10C5E00055E754B138EE410B20EE090B0AEE4C0B27
:10C5F00030EE480B1AEE0B0B49E738EE411BB0EE5C
:10C60000480B09EE410B42E70000F07F00000000FC
:10C610000000000000005043645F090000000000BB
:10C620000000E0FE422EE63F763C7935EF39EA3DE8
:10C630007A11000000000000555555555555D53F5D
:10C6400086EBF9FF8010000086100000000000005B
:10C6500010B529499FED261B2DED020B84B00598DE
:10C6600020F000408842DCBF00209DED040B2EDD51
:10C670002249884209D1049840B94FF0010000F0E6
:10C680001BFB00F0F1FA06B010BD05DB9DED040BBD
:10C6900030EE000B06B010BD68469DED040B00F0B7
:10C6A00063F810F003000DD0012814D09DED021B9B
:10C6B0009DED000B022816D000F0DAF9B1EE400B28
:10C6C00006B010BD9DED021B9DED000B012000F09A
:10C6D0006BFA06B010BD9DED021B9DED000B00F046
:10C6E000C7F906B010BD012000F05EFAE6E70000D1
:10C6F0000000000000000000FB21E93F0000F07F87
:10C7000000B52DED028B83B0B1EEC08B18EE100A90
:10C7100018EE901A8DED008B002818BF01200843F9
:10C7200020F00040C0F17F6000F1E040C00F14D065
:10C7300010EE101A10EE900A8DED000B002918BFB4
:10C740000121084320F00040C0F17F6000F1E0408B
:10C75000C00F04BF012000F0AFFAB0EE480B03B0E9
:10C76000BDEC028B00BD00002DE9F14F04462DED1C
:10C77000020B2DED048B94B09FED9D0B80ED020B11
:10C78000199E9D4826F0004585420ADC9DED180B58
:10C79000002084ED000B14B0BDEC048B03B0BDE8A9
:10C7A000F08F96489FED969B9FED978BA84225DDD5
:10C7B00097489FED991B9FED9A2B9DED180B002E2E
:10C7C0000DDD30EE490B854212BF30EE480B30EEE6
:10C7D000410B30EE420B84ED000B0120DBE730EE25
:10C7E000090B854212BF30EE080B30EE010B30EE24
:10C7F000020B84ED000B4FF0FF30CCE78A48A842D3
:10C8000053DB9DED180B51EC100B00F0B4FE41EC26
:10C81000100BB0EE401B9FED862BB6EE000B01EE29
:10C82000020BFDEEC00B10EE903A00EE903AB8EE1F
:10C83000E02BB0EE410B02EE490B22EE081BDFF8B5
:10C84000F8C1290D0120FC4430EE411B84ED001B92
:10C8500003281DD011EE902A00EB4015113DC2F3C4
:10C860000A528A1A954213DAB0EE403B0CEB0012E2
:10C8700092ED000B20EE021B33EE410B33EE403BFA
:10C8800033EE411B92ED023B12EE031B401CDBE733
:10C89000002EA8BF1846BFF67EAF94ED000BB1EE98
:10C8A000400B84ED000B584275E7C6F3130040F4CB
:10C8B000801EC6F30A50A0F2F530471100F01F05A4
:10C8C000C5F12000DDF860B01390002008900990B9
:10C8D00005200DF1080C5949002D07EB00027944A1
:10C8E00008BF51F8221009D051F8223001EB820123
:10C8F000AB404A68139922FA01F11943A1FB0E26B5
:10C90000A1FB0B131A449A4234BF0123002303EB0B
:10C9100006080CEB8003D3E901A60E448E4234BF17
:10C920000121002192448A4411B1924502D903E0C9
:10C93000924501D2012100E00021C3E901A6414452
:10C940004CF82010011EA0F10100C4DC04989DEDFC
:10C95000050A00F10050810F0498DDED060A800001
:10C960009DED072A01EE100AB8EEC13BB8EE401B60
:10C970009FED334B21EE041BB8EE600B9FED324B65
:10C9800020EE040BB8EE422B9FED314B22EE042B30
:10C9900030EE024B34EE014B34EE034B8DED004B89
:10C9A000002000909DED004B34EE433B33EE411BE5
:10C9B00031EE400B32EE401B9DED000B9FED262B20
:10C9C00020EE020B9FED262B01EE020B9DED001BCE
:10C9D0009FED252B01EE020B199810F0004F1CBFA4
:10C9E0004942B1EE400B84ED000B0846D3E600004F
:10C9F0000000000000000000FB21E93F7CD902405C
:10CA000000004054FB21F93F3163621A61B4D03D0C
:10CA1000FB21F93F000000000000601A61B4D03D26
:10CA20007370032E8A19A33BFB21394100000000DB
:10CA300083C8C96D305FE43F2E0E0000C60D0000B4
:10CA4000000000000000103E000000000000103C4C
:10CA5000000000000000103A3326A611460B113CDE
:10CA6000182D4454FB21F93D00000054FB21F93DF1
:10CA700010B52DED040B2DED048B82B0B0EE419B73
:10CA8000079820F00044B4F1795F0FDA9DED060BB2
:10CA9000BDEEC00B10EE100A002801BFB7EE000B70
:10CAA00002B0BDEC048B04B008BF10BD9DED060BB9
:10CAB00020EE008BB0EE480B1B480621784400F0B6
:10CAC00039F820EE080B28EE000B9DED061B01EE59
:10CAD000490BB6EE001B28EE011B1448B7EE002BE5
:10CAE0008442BCBF31EE400B32EE400B16DB1048E7
:10CAF000A042BCBFB5EE023B8DED003B06DBA4F5CA
:10CB000000100190002000909DED003B31EE431B92
:10CB100032EE432B31EE400B32EE400B02B0BDEC57
:10CB2000048B04B010BD0000800B00003333D33FF2
:10CB30000000E93FB0EE401B491E00EBC10292ED40
:10CB4000000B31F006020DD0491E00EBC10292ED40
:10CB5000002BB0EE403BB0EE420B03EE010B31F088
:10CB60000602F1D1022914D004290AD0062918BFDF
:10CB7000704790ED0A2B00EE012B90ED080B02EEB2
:10CB8000010B90ED062B00EE012B90ED040B02EE55
:10CB9000010B90ED022B00EE012B90ED000B02EE4D
:10CBA000010B70470000000031B504462DED040B69
:10CBB0002DED068BB0EE419B07989DED060B20F006
:10CBC0000040B0F1795F0DDA51EC100BFFF7BCFBC0
:10CBD000042808BF00F054F89DED060BBDEC068B51
:10CBE00005B030BD20EE008B28EE00ABB0EE480B58
:10CBF000114805217844FFF79DFF9FED111B8CB173
:10CC0000B6EE002B29EE022B0AEE402B18EE029B0B
:10CC10000AEE419B9DED060B30EE490BBDEC068BF9
:10CC200005B030BD08EE001B9DED060B0AEE010BB2
:10CC3000BDEC068B05B030BD480B000000000000C5
:10CC4000495555555555C5BF9FED031BB7EE002BF4
:10CC500082EE010B704700000000000000000000A1
:10CC600030EE000B704700009FED031B81EE010BBF
:10CC700070470000000000000000000000000000FD
:10CC80009FED030B20EE000B70470000000000003A
:10CC9000000000000000001002E008C8121F08C1D8
:10CCA000002AFAD170477047002001E001C1121F2D
:10CCB000002AFBD17047000001490860704700005E
:10CCC0000C0000242DE9FF5F82B00021DDE9043073
:10CCD000020DDDF840B0034318D044F61050A2F224
:10CCE000FF3242431514119801281FD0A5EB0B0009
:10CCF000401C5FEA000A4FF000064E4FDFF8389103
:10CD0000B046504615D5CAF1000413E0119801242D
:10CD10004AA3012801D16FEA0B010298119AC0E9D8
:10CD20000031C0E9024206B0BDE8F09FCBF100003F
:10CD3000DFE704460021404A491842EB0450CDE9A0
:10CD4000001012E0E00707D032463B464046494615
:10CD5000F3F7DDFB8046894632463B4610461946CE
:10CD6000F3F7D5FB06460F466410002CEAD1DDE947
:10CD70000401DDE90023BAF1000F06DAF3F7C7FB7F
:10CD800042464B46F3F7C3FB05E0F3F732FC42465D
:10CD90004B46F3F72EFC04460E460022284BF3F7D1
:10CDA000AFFC03D84FF0FF30014607E00022254BCF
:10CDB00020463146F3F704FBF3F78AFC102409E020
:10CDC000002C0ADB0A220023F3F782FA039B30329D
:10CDD0001A55641E50EA0102F2D1641C039AC4F190
:10CDE00011031444119A012A03D0012208430DD1E2
:10CDF0000AE0084304D000204FF0110B119072E7B5
:10CE0000A3EB0B056D1E0DE05B4504DD4FF000024A
:10CE100005F1010504E003DA4FF00002A5F1010578
:10CE2000002AECD002981199C0E90231C0E900450E
:10CE300079E70000000014400000F03F30000000DF
:10CE40000000F0430000E03F2DE9FF4F95B09B4606
:10CE50008946064600250FE2252877D1002427467B
:10CE6000F84A0121059400E0044316F8013F203BF5
:10CE700001FA03F01042F7D130782A2811D06FF070
:10CE80002F033078A0F13002092A16D8059A44F011
:10CE9000020402EB820203EB42021044761C05906E
:10CEA000EFE759F8042B0592002A03DA504244F4C4
:10CEB0000054059044F00204761C30782E2816D1D8
:10CEC00016F8010F44F004042A280DD06FF02F0249
:10CED0003078A0F13003092B09D807EB870302EB68
:10CEE0004303C718761CF3E759F8047B761C3078A7
:10CEF0006C280FD006DC4C2817D068280DD06A2883
:10CF000014D104E0742810D07A280FD10DE044F435
:10CF100000140AE044F4801401E044F440147278F0
:10CF2000824202D104F58014761C761C3078662883
:10CF30000BD013DC582877D009DC002875D04528A1
:10CF4000F6D04628F4D047281AD19DE118E063288E
:10CF500035D0642879D0652812D195E1702873D036
:10CF600008DC6728F1D069286FD06E280DD06F28B3
:10CF700006D1B5E073282CD0752875D0782874D0E8
:10CF80005A46179990476D1C75E1C4F30250022868
:10CF900009D003280DD0D9F8001004280DD00D6059
:10CFA00009F1040967E1D9F80010EA17C1E9005254
:10CFB000F6E7D9F800100D80F2E70D70F0E719F8E8
:10CFC000041B8DF8001000208DF80100EA460120B6
:10CFD00003E059F804AB4FF0FF3061074FF0000158
:10CFE00002D40DE008F101018846B9420FDA80450C
:10CFF000F8DB1AF808100029F4D108E008F1010163
:10D0000088468142FADB1AF808100029F6D1059803
:10D010005B46A0EB080721463846179A00F094FAC1
:10D02000284400EB080507E04DE029E10DE01AF87F
:10D03000010B5A4617999047B8F10108F7D25B46A1
:10D0400021463846179A13E142E00A220092C4F3BF
:10D0500002524FF0000A022A08D059F804CB032AE2
:10D060004FEAEC710AD00DE029E02AE009F107014E
:10D0700021F00702F2E802C1914609E00FFA8CFCA8
:10D080004FEAEC71042A03D14FFA8CFC4FEAEC71A1
:10D09000002907DA0A460021DCF1000C61EB0201ED
:10D0A0002D2202E0220504D52B228DF80420012236
:10D0B00003E0E20701D02022F7E7904659E00A2179
:10D0C00002E010220DE010214FF0000A00910BE069
:10D0D00010224FF0000A44F004040827009203E0F5
:10D0E00008224FF0000A0092C4F30252022A05D02F
:10D0F00059F804CB0021032A08D009E009F10701FF
:10D1000021F00702F2E802C1914605E01FFA8CFC0B
:10D11000042A01D10CF0FF0C4FF00008220728D59B
:10D12000702806D0009B83F0100353EA0A0305D051
:10D130000EE040228DF80420012208E05CEA0102A2
:10D1400006D030228DF804208DF80500022290468A
:10D15000009B83F0080353EA0A030AD15CEA010248
:10D1600001D1620705D530228DF804204FF0010867
:10D170007F1E582804D034A003900EA802900DE022
:10D1800036A0F9E753466046009AF3F7A1F88446C3
:10D190000398825C0298401E029002705CEA0100D3
:10D1A000F0D1029806A9081A00F1200A600702D5FA
:10D1B00024F4803400E00127574502DDA7EB0A0084
:10D1C00000E0002000EB0A01009005984144401A5D
:10D1D0000590E00306D45B462146179A059800F0B7
:10D1E000B3F90544002706E001A85A46C05D179927
:10D1F00090476D1C7F1C4745F6DBE0030CD55B4672
:10D200002146179A059800F09FF9054404E0302064
:10D210005A46179990476D1C0099481E00900029A6
:10D22000F5DC08E0029802995A460078491C029100
:10D23000179990476D1CBAF10001AAF1010AF1DCBF
:10D2400065E10000092801003031323334353637CA
:10D250003839616263646566000000003031323342
:10D2600034353637383941424344454600000000E2
:10D2700000F058F90544761C307800287FF4ECADB6
:10D2800019B02846BDE8F08F620700D4062709F1DF
:10D29000070222F0070CFCE80223E14603F00048F5
:10D2A0005FEA080C02D00FF2702C0DE05FEA045C1C
:10D2B00002D50FF2682C07E05FEAC47C02D00FF2BF
:10D2C000602C01E0AFF2700C4FF0FF3823F0004308
:10D2D000CDF850C065280CD006DC452809D046287A
:10D2E0001DD047283DD13DE0662818D067287ED163
:10D2F00038E00021112F01DB112000E0781CCDE97E
:10D30000000106A90EA8FFF7DDFCDDE90F010E9A6A
:10D3100003910021009207F1010A04914DE04FF0C2
:10D3200000400097CDE9011006A90EA8FFF7CAFC3E
:10D33000DDE90F0203920E9B11990022DDF80CA08B
:10D340000093049211B9791C00EB010AB7EB0A00B3
:10D3500004D4C0F1FF3007F1010A0490AAEB0700E2
:10D36000019044E0012F00DA01270021112F01DD97
:10D37000112000E03846CDE9000106A90EA8FFF70C
:10D38000A1FCDDE90F010E9A0391002104910092A6
:10D39000BA4621070CD40399514500DA8A46BAF1FE
:10D3A000010F05DD009AAAF10101515C302908D076
:10D3B000B84202DA10F1040F06DA0121CDE90110BA
:10D3C00015E0AAF10101E9E7002805DC0499014410
:10D3D0000491AAEB000102E0411C514500DD8A46A0
:10D3E0000499401A401C01904FF000400290200721
:10D3F00004D40198504501DBCDF8048000208DF85D
:10D400004F0002980DF14F07B0F1004F25D02B20AF
:10D410000E9002984FF0020800280CDA4042029069
:10D420002D200E9007E00A210298F2F794FF303188
:10D43000029007F8011DB8F10001A8F10108F2DC23
:10D4400002980028EFD1791E0E980870307800F00D
:10D45000200040F0450007F8020D12A8C01B00F1A3
:10D4600007081498007800B1012000EB0A01019828
:10D4700001EBE07105984144401A401E0590E0031D
:10D4800006D45B462146179A059800F05DF80544DE
:10D490001498007818B15A46179990476D1CE0030C
:10D4A00024D55B462146179A059800F04DF80544AF
:10D4B0001CE00498002807DBDDE90301884203DD56
:10D4C0000098405C179901E0179930205A46904720
:10D4D000049805F10105401C04900198401E01903C
:10D4E00004D12E205A46179990476D1CBAF10001BD
:10D4F000AAF1010ADDDC05E017F8010B5A4617997D
:10D5000090476D1CB8F10001A8F10108F4DC5B46FE
:10D510002146179A0598ABE62D0000002B0000006D
:10D52000200000002DE9F041044600251E46174664
:10D53000880404D405E039462020B0476D1C641EE1
:10D54000F9D52846BDE8F0812DE9F04104460025D3
:10D550001E469046C80301D5302700E020278804E6
:10D5600004D505E041463846B0476D1C641EF9D528
:10D570002846BDE8F08182B0CDE9000121F00040ED
:10D5800001909DED000B02B051EC100B70470000B4
:10D59000F0B50B30154D20F007010024144A0FE0C0
:10D5A00003688B420BD38B4205D95E1A4318476838
:10D5B000C3E9006700E04368136002C004E0021D95
:10D5C00010680028ECD12046002802D1286808B154
:10D5D0000020F0BD064A07481060074A121A22F0E0
:10D5E0000702C0E9002401202860D7E708000024D2
:10D5F00004000024C4EC0524C0EE05240149FDF715
:10D6000047BF00000000002404FA97999999D93F78
:10D61000AF788E1DC571CC3F9FC678D0099AC33FA5
:10D62000935555555555E53F599322942449D23F7A
:10D63000DE03CB966446C73F44523EDF12F1C23F41
:10D640004C5555555555A53F7751C1166CC156BF20
:10D650009015CB19A001FA3EAD529C804F7E92BE30
:10D66000C4B1B4BD9EEE213ED43888BEE9FAA8BD4F
:10D67000000000000000000000004054FB21F93FC2
:10D680003163621A61B4D03D0000601A61B4D03DCC
:10D690007370032E8A19A33B0000002E8A19A33B46
:10D6A000C14920259A837B3900000000000000005A
:10D6B0006E83F9A22915444ED15727FCC0DD34F5FD
:10D6C000999562DB4190433CAB6351FE61C5BBDE83
:10D6D0003A6E24B7E0D24D42EA2E49061C92D10997
:10D6E0001CEB1DFE3EA729B1F53582E88444BB2E14
:10D6F00026709CE9417E5FB439D69139F439538361
:10D700008B5F849C3B28F9BDFF97F81F0F9805DEBF
:10D710008B112FEF1F6D0A5ACF7E366DB709CB27BD
:10D72000663F464F2DEA5F9EC7BA27757BF1E5EB52
:10D73000F739073DEA92528AB15FFB6B085D8D1F96
:10D74000A6F810111111813FD561C119A0012ABF9E
:10D750007DFEB157E31DC73EEB9C2B8AE6E55ABE22
:10D760007CD5CF5A3AD9E53D000000000102030400
:10D770000102030406070809010002000400060074
:10D7800008000A000C00100020004000800000018A
:10D790007431312E7478743D22252E32665622FF64
:10D7A000FFFF007433312E7478743D22252E3266CB
:10D7B0005622FFFFFF007433322E7478743D222509
:10D7C0002E32665622FFFFFF007434322E747874B6
:10D7D0003D22252E32665622FFFFFF007434332E81
:10D7E0007478743D22252E32665622FFFFFF0074A6
:10D7F00031312E7478743D222B252E32665622FF4D
:10D80000FFFF007433312E7478743D222B252E32A5
:10D81000665622FFFFFF007433322E7478743D2267
:10D820002B252E32665622FFFFFF0074332E7478AC
:10D83000743D223130306D7322FFFFFF0074332EB0
:10D840007478743D223230306D7322FFFFFF007414
:10D85000332E7478743D2231306D7322FFFFFF0048
:10D8600074332E7478743D2232306D7322FFFFFFC3
:10D870000074332E7478743D2235306D7322FFFFAF
:10D88000FF0074332E7478743D22316D7322FFFFD4
:10D89000FF0074332E7478743D22326D7322FFFFC3
:10D8A000FF0074332E7478743D22356D7322FFFFB0
:10D8B000FF007433332E7478743D22252E32666D4A
:10D8C0007322FFFFFF007433342E7478743D2225D9
:10D8D0002E32666D7322FFFFFF007433372E74788B
:10D8E000743D22252E32666D7322FFFFFF007433D4
:10D8F000392E7478743D22252E32666D7322FFFF17
:10D90000FF0074332E7478743D223530306E7322EC
:10D91000FFFFFF0074332E7478743D223130307570
:10D920007322FFFFFF0074332E7478743D2232306F
:10D9300030757322FFFFFF0074332E7478743D221C
:10D94000353030757322FFFFFF0074332E74787406
:10D950003D223130757322FFFFFF0074332E74783F
:10D96000743D223230757322FFFFFF0074332E7432
:10D9700078743D223530757322FFFFFF0074332E1B
:10D980007478743D2231757322FFFFFF0074332ECB
:10D990007478743D2232757322FFFFFF0074332EBA
:10D9A0007478743D2235757322FFFFFF00743333A2
:10D9B0002E7478743D22252E3266757322FFFFFF88
:10D9C000007433342E7478743D22252E32667573BC
:10D9D00022FFFFFF007433372E7478743D22252E0A
:10D9E0003266757322FFFFFF007433392E7478742A
:10D9F0003D22252E3266757322FFFFFF0074332E01
:10DA00007478743D22353030487A22FFFFFF00746D
:10DA1000332E7478743D223530487A22FFFFFF00A0
:10DA200074332E7478743D22323530487A22FFFFE9
:10DA3000FF0074332E7478743D2231322E35487ACB
:10DA400022FFFFFF0074332E7478743D2232354874
:10DA50007A22FFFFFF0074332E7478743D22313236
:10DA600035487A22FFFFFF0074332E7478743D220C
:10DA70003530304B487A22FFFFFF0074332E747824
:10DA8000743D2235304B487A22FFFFFF0074332E5D
:10DA90007478743D223235304B487A22FFFFFF0004
:10DAA00074332E7478743D22354B487A22FFFFFF81
:10DAB0000074332E7478743D22322E354B487A220E
:10DAC000FFFFFF0074332E7478743D2231322E35FF
:10DAD0004B487A22FFFFFF0074332E7478743D2286
:10DAE00032354B487A22FFFFFF0074332E7478746E
:10DAF0003D22312E32354B487A22FFFFFF0074332E
:10DB00002E7478743D223132354B487A22FFFFFF64
:10DB1000007433332E7478743D22252E30664B48C2
:10DB20007A22FFFFFF007433342E7478743D22256F
:10DB30002E30664B487A22FFFFFF007434302E747B
:10DB400078743D22252E32664B487A22FFFFFF0073
:10DB50007433382E7478743D22252E32664B487A01
:10DB600022FFFFFF0074332E7478743D22354D4838
:10DB70007A22FFFFFF0074332E7478743D22322E18
:10DB8000354D487A22FFFFFF0074332E7478743DC0
:10DB900022312E32354D487A22FFFFFF0074333395
:10DBA0002E7478743D22252E3066487A22FFFFFFBE
:10DBB000007433342E7478743D22252E3066487AF2
:10DBC00022FFFFFF007434302E7478743D22252E1E
:10DBD0003266487A22FFFFFF007433382E7478745F
:10DBE0003D22252E3266487A22FFFFFF007432372D
:10DBF0002E7478743D22B5E7D1B931A3BA22FFFF64
:10DC0000FF007432392E7478743D22C6B5C2CA3111
:10DC1000A3BA22FFFFFF007432392E7478743D22BC
:10DC2000CAB1BCE431A3BA22FFFFFF007432382E20
:10DC30007478743D22B5E7D1B932A3BA22FFFFFF51
:10DC4000007433302E7478743D22C6B5C2CA32A334
:10DC5000BA22FFFFFF007433302E7478743D22CA5D
:10DC6000B1BCE432A3BA22FFFFFF007669732074CF
:10DC700033302C30FFFFFF00766973207434302C72
:10DC800030FFFFFF00766973207433312C30FFFFC3
:10DC9000FF00766973207434312C30FFFFFF00766B
:10DCA0006973207435312C30FFFFFF0076697320D3
:10DCB0007433322C30FFFFFF0076697320743432E6
:10DCC0002C30FFFFFF00766973207435322C30FF53
:10DCD000FFFF00766973207433332C30FFFFFF00A1
:10DCE000766973207434332C30FFFFFF007669733C
:10DCF000207435332C30FFFFFF00766973207433B6
:10DD0000342C30FFFFFF00766973207435342C30DB
:10DD1000FFFFFF00766973207432352C30FFFFFF60
:10DD200000766973207433352C30FFFFFF0076696D
:10DD300073207435352C30FFFFFF00766973207433
:10DD400032362C30FFFFFF00766973207433362C97
:10DD500030FFFFFF00766973207435362C30FFFFEB
:10DD6000FF00766973207432372C30FFFFFF007696
:10DD70006973207433372C30FFFFFF0076697320FE
:10DD80007434372C30FFFFFF00766973207432380B
:10DD90002C30FFFFFF00766973207433382C30FF7E
:10DDA000FFFF00766973207434382C30FFFFFF00CA
:10DDB000766973207432392C30FFFFFF0076697367
:10DDC000207433392C30FFFFFF00766973207433E1
:10DDD000302C31FFFFFF00766973207434302C3112
:10DDE000FFFFFF00766973207433312C31FFFFFF92
:10DDF00000766973207434312C31FFFFFF0076699F
:10DE000073207435312C31FFFFFF00766973207465
:10DE100033322C31FFFFFF00766973207434322CCB
:10DE200031FFFFFF00766973207435322C31FFFF1C
:10DE3000FF00766973207433332C31FFFFFF0076C7
:10DE40006973207434332C31FFFFFF00766973202F
:10DE50007435332C31FFFFFF00766973207433343F
:10DE60002C31FFFFFF00766973207435342C31FFAD
:10DE7000FFFF00766973207432352C31FFFFFF00FD
:10DE8000766973207433352C31FFFFFF0076697398
:10DE9000207435352C31FFFFFF0076697320743212
:10DEA000362C31FFFFFF00766973207433362C3136
:10DEB000FFFFFF00766973207435362C31FFFFFFBA
:10DEC00000766973207432372C31FFFFFF007669CA
:10DED00073207433372C31FFFFFF00766973207491
:10DEE00034372C31FFFFFF00766973207432382CF1
:10DEF00031FFFFFF00766973207433382C31FFFF48
:10DF0000FF00766973207434382C31FFFFFF0076F0
:10DF10006973207432392C31FFFFFF00766973205A
:10DF20007433392C31FFFFFF0001FFFFFF00743114
:10DF30002E7478743D2243483122FFFFFF00743273
:10DF4000342E7478743D22D1A1CDA8B5C0A3BA31C6
:10DF500022FFFFFF007432342E7478743D22D1A169
:10DF6000D6D0A3BAD7DD3122FFFFFF007432342EA2
:10DF70007478743D22D1A1D6D0A3BABAE13122FF80
:10DF8000FFFF0074312E7478743D2243483222FF23
:10DF9000FFFF007432342E7478743D22D1A1CDA8D5
:10DFA000B5C0A3BA3222FFFFFF007432342E74785A
:10DFB000743D22D1A1D6D0A3BAD7DD3222FFFFFF14
:10DFC000007432342E7478743D22D1A1D6D0A3BA15
:10DFD000BAE13222FFFFFF007431332E7478743DB2
:10DFE00022414322FFFFFF007431332E7478743DC9
:10DFF00022444322FFFFFF007434362E7478743DB0
:10E000002253494E474C4522FFFFFF007434362E01
:10E010007478743D222D3E53494E474C4522FFFFF4
:10E02000FF007434362E7478743D224E524F4D41A9
:10E030004C22FFFFFF007434362E7478743D222D7D
:10E040003E4E524F4D414C22FFFFFF007434362E9E
:10E050007478743D224155544F22FFFFFF00743401
:10E06000362E7478743D222D3E4155544F22FFFFC9
:10E07000FF007434352E7478743D22592D5422FFDC
:10E08000FFFF007434352E7478743D222D3E592DD7
:10E090005422FFFFFF0074352E7478743D22313016
:10E0A0005622FFFFFF0074352E7478743D223156DE
:10E0B00022FFFFFF0074352E7478743D2232562201
:10E0C000FFFFFF0074352E7478743D22355622FF11
:10E0D000FFFF0074392E7478743D22252E32665667
:10E0E00022FFFFFF0074392E7478743D222B252EF9
:10E0F00032665622FFFFFF0074352E7478743D227D
:10E100003130306D5622FFFFFF0074352E74787465
:10E110003D223230306D5622FFFFFF0074352E74E1
:10E1200078743D223530306D5622FFFFFF00743584
:10E130002E7478743D2231306D5622FFFFFF00743B
:10E14000352E7478743D2232306D5622FFFFFF0069
:10E1500074352E7478743D2235306D5622FFFFFFE2
:10E16000007434352E7478743D22582D5922FFFFE7
:10E17000FF007434352E7478743D222D3E582D598D
:10E1800022FFFFFF0074372E7478743D22252E3253
:10E19000666D7322FFFFFF0074372E7478743D2282
:10E1A0002B252E32666D7322FFFFFF0074372E740D
:10E1B00078743D22252E3266757322FFFFFF0074AE
:10E1C000372E7478743D222B252E3266757322FF0C
:10E1D000FFFF0074332E7478743D22313030487A5A
:10E1E00022FFFFFF0074332E7478743D22323530E5
:10E1F0004D487A22FFFFFF0074332E7478743D225D
:10E2000035304B4D487A22FFFFFF007434392E74AD
:10E2100078743D22464654BFAA22FFFFFF007435A2
:10E22000302E7478743D22B2E2C6B5BFAA22FFFF39
:10E23000FF007431302E7478743D22B4A5B7A2E388
:10E24000D0D6B522FFFFFF007431302E7478743DB4
:10E25000222AB4A5B7A2E3D0D6B522FFFFFF0074EF
:10E2600031302E7478743D222D3EB4A5B7A2E3D090
:10E27000D6B522FFFFFF0074342E7478743D22B4AB
:10E28000B9D6B1B5B5CEBB22FFFFFF0074342E74F2
:10E2900078743D222AB4B9D6B1B5B5CEBB22FFFF02
:10E2A000FF0074342E7478743D222D3EB4B9D6B17B
:10E2B000B5B5CEBB22FFFFFF0074322E7478743DDB
:10E2C00022C6B5C2CAB5B5CEBB22FFFFFF0074326D
:10E2D0002E7478743D222AC6B5C2CAB5B5CEBB220B
:10E2E000FFFFFF0074322E7478743D222D3EC6B5B8
:10E2F000C2CAB5B5CEBB22FFFFFF0074322E7478C0
:10E30000743D22CAB1BCE4B5B5CEBB22FFFFFF000D
:10E3100074322E7478743D222ACAB1BCE4B5B5CEED
:10E32000BB22FFFFFF0074322E7478743D222D3E15
:10E33000CAB1BCE4B5B5CEBB22FFFFFF00743434D4
:10E340002E7478743D22C1E3B5E3D0A3D7BC22FF7D
:10E35000FFFF007434342E7478743D222D3EC1E3E7
:10E36000B5E3D0A3D7BC22FFFFFF007431322E7477
:10E3700078743D22F1EEBACFB7BDCABD22FFFFFFD0
:10E38000007431322E7478743D222AF1EEBACFB780
:10E39000BDCABD22FFFFFF007431322E7478743D78
:10E3A000222D3EF1EEBACFB7BDCABD22FFFFFF005E
:10E3B00074302E7478743D22CDA8B5C022FFFFFFC3
:10E3C0000074302E7478743D222ACDA8B5C022FF87
:10E3D000FFFF0074302E7478743D222D3ECDA8B519
:10E3E000C022FFFFFF007431352E7478743D224344
:10E3F0004831CFC222FFFFFF007431352E7478748C
:10E400003D22434832CFC222FFFFFF0074382E74F2
:10E4100078743D22B4B9D6B1C6ABD2C622FFFFFF95
:10E420000074382E7478743D222AB4B9D6B1C6ABC4
:10E43000D2C622FFFFFF0074382E7478743D222D5F
:10E440003EB4B9D6B1C6ABD2C622FFFFFF007436C8
:10E450002E7478743D22CBAEC6BDC6ABD2C622FFA9
:10E46000FFFF0074362E7478743D222ACBAEC6BDF1
:10E47000C6ABD2C622FFFFFF0074362E7478743DFF
:10E48000222D3ECBAEC6BDC6ABD2C622FFFFFF00DB
:10E490007431342E7478743D22B4A5B7A2C0E0D094
:10E4A000CD22FFFFFF007431342E7478743D222A90
:10E4B000B4A5B7A2C0E0D0CD22FFFFFF0074313475
:10E4C0002E7478743D222D3EB4A5B7A2C0E0D0CD05
:10E4D00022FFFFFF007431352E7478743D224348CB
:10E4E00031C9CF22FFFFFF007431352E7478743D9F
:10E4F00022434832C9CF22FFFFFF007434392E7403
:10E5000078743D22464654B9D822FFFFFF00743587
:10E51000302E7478743D22B2E2C6B5B9D822FFFF1E
:10E52000FF007432342E7478743D22D1A1BAE1D741
:10E53000DDA3BAD7DD22FFFFFF007432342E7478DA
:10E54000743D22D1A1BAE1D7DDA3BABAE122FFFF1F
:10E55000FF007435372E7478743D222D3EC7D0BB32
:10E56000BBB2CECAFD22FFFFFF0076697320743272
:10E57000302C30FFFFFF00766973207435302C306B
:10E58000FFFFFF00766973207432312C30FFFFFFEC
:10E5900000766973207432322C30FFFFFF007669F9
:10E5A00073207432332C30FFFFFF007669732074C0
:10E5B00032342C30FFFFFF00766973207434342C22
:10E5C00030FFFFFF00766973207434352C30FFFF75
:10E5D000FF00766973207431362C30FFFFFF007620
:10E5E0006973207434362C30FFFFFF007669732086
:10E5F0007431372C30FFFFFF007669732074353794
:10E600002C30FFFFFF00766973207431382C30FF07
:10E61000FFFF00766973207431392C30FFFFFF0053
:10E62000766973207434392C30FFFFFF006D6F76EC
:10E6300065207432322C25642C302C25642C302C2F
:10E64000302C3330FFFFFF006D6F7665207432335E
:10E650002C25642C302C25642C302C302C3330FFAE
:10E66000FFFF006D6F7665207431362C25642C30E9
:10E670002C25642C302C302C3330FFFFFF006D6FC5
:10E680007665207432362C25642C302C25642C3091
:10E690002C302C3330FFFFFF006D6F766520743116
:10E6A000372C25642C302C25642C302C302C333026
:10E6B000FFFFFF006D6F7665207432302C302C2503
:10E6C000642C302C25642C302C3330FFFFFF006D80
:10E6D0006F7665207432312C302C25642C302C253B
:10E6E000642C302C3330FFFFFF006D6F7665207493
:10E6F00032352C302C25642C302C25642C302C33D6
:10E7000030FFFFFF006D6F7665207431382C302CA0
:10E7100025642C302C25642C302C3330FFFFFF0077
:10E720006D6F7665207431392C302C25642C302C9B
:10E7300025642C302C3330FFFFFF00766973207482
:10E7400032302C31FFFFFF00766973207435302C96
:10E7500031FFFFFF00766973207432312C31FFFFE7
:10E76000FF00766973207432322C31FFFFFF007690
:10E770006973207432332C31FFFFFF0076697320F8
:10E780007432342C31FFFFFF007669732074343407
:10E790002C31FFFFFF00766973207434352C31FF74
:10E7A000FFFF00766973207431362C31FFFFFF00C4
:10E7B000766973207434362C31FFFFFF007669735D
:10E7C000207431372C31FFFFFF00766973207435D8
:10E7D000372C31FFFFFF00766973207431382C31FC
:10E7E000FFFFFF00766973207431392C31FFFFFF82
:10E7F00000766973207434392C31FFFFFF00636C9D
:10E800006520312C323535FFFFFF006368616E678C
:10E81000616EFFFFFF006475616EFFFFFF00000087
:10E8200040E80008000000248001000032080008D1
:10E8300000E900088001002440F10500A8CC000890
:10E84000011164800101330B01820133E803097176
:10E85000C800900164002C014A6F1283C0CA2109CC
:10E86000400192109890D0030090D0032CD0121346
:10E870000020A1070090D0033748E8010050C333BF
:10E88000A86133D43033881333C40933E20433F43A
:10E890000142FA427D4232421902100C420A33F41C
:10E8A0000133E80333D00733881333102733204E66
:10E8B0003350C32CA0860100400D030020A1072C7B
:10E8C00040420F0080841E00404B4C348096982CB0
:10E8D0002D310180F0FA0200E1F505D4C2EB0B2CDA
:10E8E00006060A00140032006400C83BF401E80385
:10E8F000D00788131027000000000000000000006F
:040000050800029954
:00000001FF
